SMILES,Calculated density at 300K (g/cc)
*CC(*)Cl,0.913013763942733
*NCCCCCC(*)=O,1.0697311793045
*CC(*)c1cc(C(C)(C)C)ccc1C,1.28890197929513
*O[Si](*)(CC)CC,0.954614133314522
*CC(*)(C)C(=O)OCC(CC)CC,0.984582576269695
*CCC[Si](*)(c1ccc(C)cc1)c1ccc(C)cc1,1.01850944264903
*CC(*)c1c(F)c(F)c(F)c(F)c1F,1.49243237044806
*CC(*)CCCCC,0.834624463219398
*NCCCCCCC(*)=O,0.998861540610524
*CC(C)S*,1.13044663254041
*CC(*)CC1CCCCC1,1.37316571995152
*O[Si](*)(C)c1ccccc1,1.12311676478221
*CC(*)c1ccc(Cl)c(Cl)c1,1.25126503727381
*CC(*)c1ccc(CCCC)cc1,0.950425392201325
*Nc1cccc(NC(=O)c2cccc(C(*)=O)c2)c1,1.26788034899849
*CC(*)c1ccc(Cl)c(F)c1,1.28268558620155
*CC(*)c1cccc2ccccc12,1.07343312375822
*CC(*)C(=O)OC,1.1648629432436
*[Si](*)(C)c1ccccc1,1.92902487264749
*CC(*)(Cl)C(=O)OCCC,1.24429655145779
*CC(*)CC1CCCC1,1.05496271088775
*CC(*)c1ccc(C(C)CC)cc1,0.93858345744422
*CC(*)(Cl)C(=O)OCCCC,0.98649445610129
*CC(*)c1ccc(Cl)c(C)c1,1.1373447500861
*CCC[Si](*)(C)C,0.861389145858834
*CC(*)(Cl)C(=O)OC(C)CC,1.18406028072591
*CC(*)(C)C(=O)OCCCC,1.01862476604723
*CC(*)OCCCC,0.871915430224894
*CCCCCCCCO*,0.886887127546462
*CC(*)(C)C(=O)OCCCCCCCCCCCC,1.29871102671152
*CO*,0.933459198542532
*CC(*)c1ccccn1,1.0761577023322
*NCCCCCCCCCCC(*)=O,0.970207821322705
*CC=C(Br)C*,1.77198658486036
*CC(*)(C)C(=O)OC(C)(C)C,0.961572770651919
*C(=O)Nc1ccc(Oc2ccc(NC(=O)c3ccc(C4(c5ccc(*)cc5)OC(=O)c5ccccc54)cc3)cc2)cc1,1.21974401645706
*C/C=C\C*,0.88742931382377
*CC(*)C(C)C=O,1.00863552029186
*OC(=O)Oc1ccc(C(c2ccc(*)cc2)(C(F)(F)F)C(F)(F)F)cc1,1.17858250541797
*c1ccc(N2C(=O)c3ccc(Oc4ccc5c(c4)C(=O)N(*)C5=O)cc3C2=O)cc1,1.29802687921241
*CC(*)OC=O,1.24574983050856
*Oc1ccc(C(C)(C)c2ccc(Oc3ccc4c(c3)C(=O)N(c3cccc(N5C(=O)c6ccc(*)cc6C5=O)c3)C4=O)cc2)cc1,1.24832349965137
*CC(*)c1ccccc1,2.04900066503261
*c1ccc(-c2ccc(-c3nc4ccc(Oc5ccc6nc(*)c(-c7ccccc7)c(-c7ccccc7)c6c5)cc4c(-c4ccccc4)c3-c3ccccc3)cc2)cc1,1.04305810536289
*O[Si](*)(C)C,0.961513453072118
*CC(*)c1ccc(-c2ccccc2)cc1,1.21129182958437
*OC(=O)Oc1ccc(C(C)(CC)c2ccc(*)cc2)cc1,1.15264535538803
*CC*,0.841803436105798
*CC(*)c1ccc(C)cc1,0.975547323763247
*OC(=O)Oc1ccc(C(C)(CC)c2ccc(*)cc2Cl)c(Cl)c1,1.08123331679135
*CCC[Si](*)(C)c1ccc(N(C)C)cc1,1.00145854185981
*CC(*)(C)C(=O)OCC(C)(C)C,0.954322955554638
*CC(*)(C)C(=O)Oc1ccccc1,1.3372650463618
*c1cccc(C(=O)c2cccc(N3C(=O)c4ccc(C(c5ccc6c(c5)C(=O)N(*)C6=O)(C(F)(F)F)C(F)(F)F)cc4C3=O)c2)c1,1.36258956734198
*Cc1ccc(C*)c(C)c1,1.01756675800468
*Oc1ccc(S(=O)(=O)c2ccc(Oc3ccc(C(C)(C)c4ccc(*)cc4)cc3)cc2)cc1,1.20099771773418
*CC(*)C(=O)OC(C)(C)C,0.995074185293416
*CC(*)C(F)(F)C(F)(F)F,1.61777627420139
*OC(=O)Oc1ccc(C2(c3ccc(*)cc3)CCCC2)cc1,1.19099303041211
*Oc1c(-c2ccccc2)cc(*)cc1-c1ccccc1,1.0960330920139
*N[Si](*)(C)C,1.06211724269242
*CC(*)c1ccc(COC)cc1,1.04987178091726
*c1ccc(C(=O)c2ccccc2N2C(=O)c3ccc(Oc4ccc(Sc5ccc(Oc6ccc7c(c6)C(=O)N(*)C7=O)cc5)cc4)cc3C2=O)cc1,1.2621592951896
*C(F)(F)C(*)(F)c1ccccc1,1.32843467689285
*O[Si](*)(C)CCC(F)(F)F,0.881919372599928
*Oc1ccc(Oc2ccc(Oc3ccc4c(c3)C(=O)N(CCCCCCN3C(=O)c5ccc(*)cc5C3=O)C4=O)cc2)cc1,1.33303263938496
*CC(*)OC(C)CC,0.963014672297055
*CC(*)c1ccccc1Cl,1.09748242656441
*CC(*)OCCCCC,0.886507865611722
*C(=O)c1ccc(-n2c(=O)c3cc4c(=O)n(-c5ccc(*)cc5)c(=O)c4cc3c2=O)cc1,1.26801287782886
*C(F)(F)C1(F)C(F)(F)C(*)(F)C(F)(F)C1(F)F,1.04748116397534
*c1ccc(C(=O)c2ccccc2N2C(=O)c3ccc(C(c4ccc5c(c4)C(=O)N(*)C5=O)(C(F)(F)F)C(F)(F)F)cc3C2=O)cc1,1.33073245143099
*CC(COCCCC)O*,0.969657623219765
*CC(*)CC,0.843530686985376
*OC(=O)Oc1c(Cl)cc(C(C)(C)c2ccc(*)cc2)cc1Cl,1.29569641236078
*CC(*)C1CCCC1,0.899125546900085
*c1ccc(-c2nc3ccc(Oc4ccc5nc(*)c(-c6ccccc6)c(-c6ccccc6)c5c4)cc3c(-c3ccccc3)c2-c2ccccc2)cc1,1.0948748632069
*CC(*)CCCC(C)C,0.835796418762847
*CC(*)OC(=O)CCl,1.41712088367741
*OC(=O)Oc1ccc(C(CCC)(CCC)c2ccc(*)cc2)cc1,1.07311824729107
*Oc1ccc(S(=O)(=O)c2ccc(Oc3ccc(S(=O)(=O)c4ccc(*)cc4)cc3)cc2)cc1,1.22045460880152
*CC(*)(C)C(=O)OCCC,1.03943086633933
*CC(*)c1ccccc1C,0.989674517458671
*OCC1CCC(COC(=O)c2ccc(C(*)=O)cc2)CC1,1.15640403781475
*NCCCCCCNC(=O)CCCCCCCCC(*)=O,0.901045915087942
*OCCOC(=O)CCC(*)=O,1.13952546544086
*OC(=O)Oc1ccc(C(C)(C)c2ccc(*)c(C)c2)cc1Cl,1.28089046463174
*NCc1ccc(CNC(=O)CCCCCCCCC(*)=O)cc1,1.08970647537823
*CC(*)C(=O)OC(CC)CC,1.00390518093063
*CC=C(C*)CC,0.876146733524316
*CC(*)c1ccc(C(C)C)cc1,0.941785517010943
*[Si](*)(C)C1CCCCC1,1.3124255764775
*Cc1ccc(C*)cc1,1.02029882395672
*OC(=O)Oc1ccc(Sc2ccc(*)cc2)cc1,1.32157813518822
*c1cccc(-c2nc3ccccc3c(-c3ccc(Oc4ccc(-c5c(-c6ccccc6)c(*)nc6ccccc56)cc4)cc3)c2-c2ccccc2)c1,1.07633059651258
*CC(*)CCC1CCCCC1,1.01551180425536
*C(F)(F)C(*)(F)C(F)(F)F,1.88632622773104
*CC(*)c1cc(C)ccc1C,0.95394542756917
*Nc1ccc(NC(=O)c2ccc(C(*)=O)cc2)cc1,1.3192388035851
*c1cccc(C(=O)c2cccc(N3C(=O)c4ccc(C(=O)c5ccc6c(c5)C(=O)N(*)C6=O)cc4C3=O)c2)c1,1.28909956482974
*CC(*)(C)C(=O)OCCO,1.20891804541701
*Oc1c(C)cc(*)cc1C,1.04011207259394
*OC(=O)Oc1ccc(Cc2ccc(*)cc2)cc1,1.24237741448465
*Cc1ccc(C*)c(C#N)c1,0.87662474102907
*NCCCCCCCC(*)=O,1.05277152975589
*CC(C)O*,1.11034521905386
*CC(*)(C#N)C(=O)OC,1.21362660944302
*CC(*)C(=O)OCCCCCCCC,0.958225245513223
*CC(*)C(=O)O,1.13023071134361
*NCCCCCCCCC(*)=O,0.997214550845525
*CC(*)c1cccc(CO)c1,1.10798309547692
*CC(*)CCC,0.834294550900851
*c1ccc(-c2nnc(-c3cccc(-c4nnc(*)n4-c4ccccc4)c3)n2-c2ccccc2)cc1,1.14839243833336
*c1ccc(Oc2ccc(-c3cc(-c4ccc(Oc5ccc(-c6cc(*)nc7ccccc67)cc5)cc4)c4ccccc4n3)cc2)cc1,1.14437968547634
*CCCCCCO*,0.924639808193608
*CC(*)c1cc(Cl)ccc1Cl,1.02385330115105
*CC(*)c1ccc(Cl)cc1,1.18856323161678
*CC(*)c1ccc(C(C)(C)C)cc1,0.90951026744027
*CC(*)(C)C(=O)OCCOC,1.12686672169798
*OC(=O)Oc1ccc(C2(c3ccc(*)cc3)CCCCC2)cc1,1.16181263044089
*CC=C(C*)CCC,0.868620171431636
*c1cccc(C(=O)c2cccc(N3C(=O)c4ccc(Oc5ccc(Sc6ccc(Oc7ccc8c(c7)C(=O)N(*)C8=O)cc6)cc5)cc4C3=O)c2)c1,1.28092000031137
*CC(*)C(F)(F)C(F)(F)C(F)(F)F,1.14481651011672
*CCOC(=O)CCCCCCCC(=O)O*,0.95396388331623
*CC(*)SC,1.30039536324196
*OC(=O)Oc1ccc(C(CCC)c2ccc(*)cc2)cc1,1.1561103248124
*CC(*)C(=O)OCCCCCCCCC,0.947696286562711
*CC=C(C*)C(C)(C)C,0.865622768043139
*Oc1ccc(-c2ccc(Oc3ccc(S(=O)(=O)c4ccc(*)cc4)cc3)cc2)cc1,1.3231442768645
*CC(*)c1ccc(Br)cc1,1.5479965510603
*CC(*)C(=O)OCC,1.09999008169614
*Cc1ccc(C*)c(CC)c1,0.995462593221912
*OC(=O)c1ccc(C(=O)Oc2ccc(C(C)(C)c3ccc(*)cc3)cc2)cc1,1.16728035568999
*CC(*)c1cccc(Cl)c1,1.48694233238918
*CCOC(=O)c1ccc(O*)cc1,1.24619087680625
*CC(*)CC(C)C,0.824079457634344
*CC(*)c1cc(C)cc(C)c1,0.953187695769124
*CCC(C)CCC(=O)O*,1.0556901278994
*c1ccc(-c2nc3cc4nc(*)c(-c5ccccc5)nc4cc3nc2-c2ccccc2)cc1,1.09951203808384
*CCOC(=O)c1cccc(C(=O)O*)c1,1.0714747404767
*CCC[Si](*)(c1ccccc1)c1ccc(N(C)C)cc1,1.04813828992696
*CC(*)C(=O)OCCC,1.06026035796531
*CC(*)(C)C(=O)OC1CCCCC1,1.02252692864046
*c1ccc(C(=O)c2cccc(N3C(=O)c4ccc(Oc5ccc(Sc6ccc(Oc7ccc8c(c7)C(=O)N(*)C8=O)cc6)cc5)cc4C3=O)c2)cc1,1.28108955360954
*c1ccc(Oc2ccc(-c3cc(-c4ccccc4)c4cc(Oc5ccc6nc(*)cc(-c7ccccc7)c6c5)ccc4n3)cc2)cc1,1.14116421069561
*CC(*)(Cl)C(=O)OC1CCCCC1,1.18020775346268
*NCc1cccc(CNC(=O)CCCCC(*)=O)c1,1.07154775721638
*OC(=O)Oc1cc(C)c(C(C)(C)c2c(C)cc(*)cc2C)c(C)c1,1.09921461147897
*CC(*)C(=O)OCCCCCC,0.985249996371261
*Cc1ccc(C*)c(Cl)c1,1.22461871345249
*CC(*)C1CCCCC1,1.21862496703525
*CC(*)C(C)C,0.820400518959879
*CC(*)(C)C,1.29428668450518
*CC(*)c1ccc(OCCCC)cc1,1.00131167183742
*Oc1ccc(Sc2ccc(Oc3ccc4c(c3)C(=O)N(c3cccc(N5C(=O)c6ccc(*)cc6C5=O)c3)C4=O)cc2)cc1,1.29132494288355
*Cc1cc(C)c(C*)cc1C,0.973675771654108
*CC(*)OC(=O)CC,1.09409760178529
*C(=O)Nc1ccc(C2(c3ccc(NC(=O)c4ccc(C5(c6ccc(*)cc6)OC(=O)c6ccccc65)cc4)cc3)OC(=O)c3ccccc32)cc1,1.19765106604167
*CC(*)c1ccc(COCCCCCC)cc1,1.05879923484596
*CC(*)(C)C(=O)OCC,1.287588942326
*c1ccc(-c2cc(-c3ccccc3)c3cc(Oc4ccc5nc(*)cc(-c6ccccc6)c5c4)ccc3n2)cc1,1.12112454299624
*Oc1cccc(Oc2cccc(-n3c(=O)c4cc5c(=O)n(-c6cccc(*)c6)c(=O)c5cc4c3=O)c2)c1,1.31751603361654
*CC(*)c1ccccc1OCCCCCCCC,0.958983985352863
*CC(*)CCCC,0.832354496265873
*CC(*)(Cl)C(=O)OC(C)C,1.16000045288587
*Oc1ccc(C(*)=O)cc1,1.32200569449021
*CC(*)(C)C(=O)OCCC(C)(C)C,1.24253978054746
*c1nc(C(F)(F)C(F)(F)OC(F)(F)F)nc(C(F)(F)C(F)(F)C(F)(F)C(*)(F)F)n1,1.85828131280645
*CC(*)(C)C(=O)OCC(C)C,1.0035634952532
*c1ccc(N2C(=O)c3ccc(C(=O)c4ccc5c(c4)C(=O)N(*)C5=O)cc3C2=O)cc1,1.28839583498607
*OC(=O)Oc1ccc(C(C)(c2ccccc2)c2ccc(*)cc2)cc1,1.47671649942663
*OC(=O)Oc1ccc(C(=C(Cl)Cl)c2ccc(*)cc2)cc1,1.36546689307601
*Oc1cccc(*)c1,0.968880643607946
*C(=O)Nc1ccc(C2(c3ccc(NC(=O)c4ccc(C5(c6ccc(*)cc6)OC(=O)c6ccccc65)cc4)cc3)NC(=O)c3ccccc32)cc1,1.19046346477197
*CC1CC(*)OCO1,1.16478550940714
*OC(=O)Oc1c(Br)cc(C(C)(C)c2cc(Br)c(*)c(Br)c2)cc1Br,1.93181996403834
*Oc1cccc(OC(=O)c2cccc(C(*)=O)c2)c1,1.06042770168296
*NC(=O)c1ccc2c(c1)C(=O)N(c1ccc(Cc3ccc(*)cc3)cc1)C2=O,1.24404760826269
*CC(*)(C)C(=O)OCCCl,1.26846035331391
*c1ccc(C(=O)c2ccc(N3C(=O)c4ccc(Oc5ccc(Sc6ccc(Oc7ccc8c(c7)C(=O)N(*)C8=O)cc6)cc5)cc4C3=O)cc2)cc1,1.27951364691581
*Cc1ccc(C*)c(Br)c1,1.5845327014969
*CC(*)C(=O)OCCCC,1.02725959912552
*C(=O)Oc1ccc(-c2ccc(OC(=O)c3ccc(C4(c5ccc(*)cc5)OC(=O)c5ccccc54)cc3)cc2)cc1,1.20763917844954
*CC(*)OC(=O)C(F)(F)F,1.54678923955107
*CC(*)OCCCCCC,0.894875961966443
*CC(*)(C)C#N,1.15114268531013
*CC(*)CCC(C)C,0.833444684643874
*CC(*)c1ccc(F)cc1,1.35545316975024
*c1nc(C(F)(F)F)nc(C(F)(OC(F)(F)C(F)(F)C(F)(F)C(F)(F)C(F)(F)C(F)(F)OC(*)(F)C(F)(F)F)C(F)(F)F)n1,1.85352596007999
*CC(*)c1ccc(OCCC(C)C)cc1,1.20110420016681
*CC(*)OCCCCCCCCCC,0.879234995869072
*CCOC(=O)c1cccc2c(C(=O)O*)cccc12,1.30155438987989
*CC(*)c1ccc(OCCC)cc1,1.01226044439111
*c1ccc(-c2cnc3ccc(Oc4ccc5ncc(*)nc5c4)cc3n2)cc1,1.23870274527369
*CC(*)C(=O)OC(C)CCCCCC,1.10746308649845
*CC(*)c1ccc(C)cc1C,0.955885804989063
*OC(=O)Oc1ccc(C(C)(CC)c2ccc(*)cc2C)c(C)c1,1.20365338373099
*CC(*)C(=O)OC(C)CCCCC,0.965459540208533
*CC(COCCCCCC)O*,0.939580882664612
*C[Si](*)(C)C,0.930084758590588
*OC(=O)c1ccc(C(=O)Oc2ccc(C(C)(C)c3ccc(*)c(C)c3)cc2C)cc1,1.11461215170875
*CC(*)OC(=O)CCC,0.970379422825704
*CC(COc1ccccc1)O*,1.15143777471025
*CC(*)(C)C(=O)OCCCCCCCC,0.912958969502965
*CC(*)(F)C(F)(F)F,1.68747004806483
*CCC[Si](*)(C)c1ccccc1,1.08532237309052
*CC(*)C(=O)OC(C)CC,1.02226597371281
*Oc1ccc(-c2ccc(Oc3ccc4c(c3)C(=O)N(c3cccc(N5C(=O)c6ccc(*)cc6C5=O)c3)C4=O)cc2)cc1,1.26088155233305
*CCCCOC(=O)CCCCC(=O)O*,1.13093028891606
*CC(*)C,0.840785084465656
*CC(*)(C)C(=O)OCCCCCC,0.987942498889689
*CC(*)c1ccc(C)c(C)c1,0.955422552703623
*CC(*)c1ccc(C(=O)OC)cc1,1.13063882265245
*OC(=O)Oc1c(Cl)cc(C(C)(C)c2cc(Cl)c(*)c(Cl)c2)cc1Cl,1.37704918973247
*CCCCO*,0.964877420910301
*CC(*)c1ccc(COCCC)cc1,1.00750789457592
*CC(*)(C)C(=O)OCC(C)O,1.15501164457513
*CCCCCCCCCCOC(=O)CCCCC(=O)O*,1.0235548491819
*CC(*)Cc1ccccc1,0.91063778400483
*CCOC(=O)c1ccc(C(=O)O*)cc1,1.27886091536047
*c1ccc(-c2nc3cc(-c4ccc5nc(-c6ccccc6)c(*)nc5c4)ccc3nc2-c2ccccc2)cc1,1.08525202567832
*CC=C(Cl)C*,1.21663050851177
*CC(*)O,1.21941919980961
*CC(*)OCC(CC)CCCC,0.903580680717478
*c1ccc(C(=O)c2cccc(N3C(=O)c4ccc(C(c5ccc6c(c5)C(=O)N(*)C6=O)(C(F)(F)F)C(F)(F)F)cc4C3=O)c2)cc1,1.35922263937021
*CC(*)(C)c1ccc(C)cc1,0.952775223421251
*C(F)(F)C(*)(F)Cl,1.12805579661136
*Oc1ccc(C(C)(C)c2ccc(OC(*)=O)cc2)cc1,1.1137881292898
*OCCOC(=O)c1ccc2cc(C(*)=O)ccc2c1,1.26461469473909
*OC(=O)Oc1ccc(C(C)(CCC)c2ccc(*)cc2)cc1,1.12824922998415
*CC(*)c1cc(F)ccc1F,1.24282909412085
*CCO*,0.996620900270346
*NCCCCCCCCCCCC(*)=O,0.958694295549184
*CC(*)C(=O)NCCCC,1.01100752817499
*CC(*)(Cl)C(=O)OCC,0.924175683959178
*CC(*)N1CCCC1=O,1.14490892912441
*CC(*)(Cl)Cl,1.73384071739786
*CC=C(C*)CCCC,0.864194429651711
*Oc1ccc(C(=O)c2ccc(Oc3ccc4c(c3)C(=O)N(c3cccc(N5C(=O)c6ccc(*)cc6C5=O)c3)C4=O)cc2)cc1,1.27999491509169
*CC(*)OC(C)C,0.927469206699786
*CC(*)(C)C(=O)OC,1.07825741872805
*CC(*)c1ccc(OCC)cc1,1.03374252424747
*CC(*)c1ccc2ccccc2c1,1.05721395759633
*c1ccc(-c2cnc3ccc(-c4ccc5ncc(*)nc5c4)cc3n2)cc1,1.17783730687649
*CC(*)n1c2ccccc2c2ccccc21,1.18200340351296
*CC(*)C=C,0.890493720768229
*CC(*)(C)C(=O)OC(C)C,1.01255798289497
*NCCCCCCNC(=O)c1cccc(C(*)=O)c1,1.14857781754905
*CC(*)(C)c1ccccc1,0.992293323389793
*NCCCCCCNC(=O)CCCCC(*)=O,1.06946910568417
*CC(*)c1ccc(Cl)cc1Cl,1.33989832104078
*CC1CC(*)OC(CCC)O1,1.01484846863901
*CC(CCl)(CCl)CO*,1.32761272153515
*CC(*)OCCCCCCCC,0.883741180644881
*c1ccc(Oc2ccc(-c3nc4ccc(Oc5ccc6nc(*)c(-c7ccccc7)c(-c7ccccc7)c6c5)cc4c(-c4ccccc4)c3-c3ccccc3)cc2)cc1,1.08490283209747
*Oc1ccc(Oc2ccc(C(=O)c3ccc(*)cc3)cc2)cc1,1.30735839630319
*NCCCCCCCCCCNC(=O)CCCCCCCCC(*)=O,0.983107436365325
*CCOC(=O)c1ccc(C(=O)O*)c2ccccc12,1.29187148623053
*c1ccc(C(=O)c2ccc(N3C(=O)c4ccc(C(c5ccc6c(c5)C(=O)N(*)C6=O)(C(F)(F)F)C(F)(F)F)cc4C3=O)cc2)cc1,1.34232843162134
*CC(*)c1ccc(OC)cc1C,1.03920366672038
*CCCO*,1.00586619702628
*CC(*)(C)C(=O)OC(C)CC,1.03899789965244
*c1cccc(-c2nc3cc4nc(*)c(-c5ccccc5)nc4cc3nc2-c2ccccc2)c1,1.07713573762476
*CC(*)OC(C)=O,1.149446094605415
*CC(*)(F)F,1.19936825344596
*CC(*)c1ccc(Cl)cc1C,1.11563128525216
*OC(=O)Oc1ccc(C(C)c2ccc(*)cc2)cc1,1.20905497477416
*OCCCCCC(*)=O,1.08327808600727
*CC(*)c1cccc(C)c1,0.977090203697013
*CC(*)c1ccccc1CO,1.11398093934738
*O[Si](O[Si](C)(C)c1ccc([Si](*)(C)C)cc1)(c1ccccc1)c1ccccc1,1.07630965605783
*c1ccc(Oc2ccc(-c3nc4ccccc4c(-c4ccc(Oc5ccc(-c6c(-c7ccccc7)c(*)nc7ccccc67)cc5)cc4)c3-c3ccccc3)cc2)cc1,1.05276681950878
*CC(*)OCC(C)C,0.901931034942913
*OC(=O)Oc1ccc(C(c2ccc(*)cc2)C(C)C)cc1,1.14059405210458
*C(=O)Oc1ccc(C2(c3ccc(OC(=O)c4ccc(C5(c6ccc(*)cc6)OC(=O)c6ccccc65)cc4)cc3)OC(=O)c3ccccc32)cc1,1.21453964912789
*O[Si](c1ccccc1)(c1ccccc1)c1cccc(*)c1,1.65003701363892
*CC(*)c1ccc(OC)cc1,1.06529431965507
*CC(*)C(F)(F)F,1.5200770356042
*Oc1ccc(Oc2ccc(Oc3ccc4c(c3)C(=O)N(c3cccc(N5C(=O)c6ccc(*)cc6C5=O)c3)C4=O)cc2)cc1,1.28297687248718
*C(F)(F)c1ccc(C(*)(F)F)cc1,1.18805780798948
*CC(*)OCC,0.949009651657428
*C(F)(F)C(*)(F)c1c(F)c(F)c(F)c(F)c1F,1.6909793587326
*Oc1ccc(*)cc1,1.24274989509257
*c1cccc(-c2cc(-c3ccc(Oc4ccc(-c5cc(*)nc6ccccc56)cc4)cc3)c3ccccc3n2)c1,1.1275135863322
*CC=C(C*)C(C)C,0.912142422285399
*OC(=O)Oc1ccc(C(C)(C)c2ccc(*)cc2)cc1Cl,1.25229814475862
*c1ccc(Oc2ccc(-c3cnc4cc5ncc(*)nc5cc4n3)cc2)cc1,1.22297213731333
*c1ccc(-c2cnc3ccc(C(=O)c4ccc5ncc(*)nc5c4)cc3n2)cc1,1.21908180119139
*CC(*)c1ccncc1,1.2761634664377
*OC(=O)Oc1ccc(C(C)(C)c2ccc(*)cc2Cl)c(Cl)c1,1.22531876795062
*CC(*)C=CC,0.85123510264957
*CC(*)C(=O)OCC(C)C,1.02650676588256
*CC(COC)O*,1.08342747109085
*OC(=O)Oc1ccc(C(c2ccc(*)cc2)(C(F)(F)Cl)C(F)(F)Cl)cc1,1.48636056102712
*Sc1ccc(*)cc1,0.911710335482572
*Oc1ccc(-n2c(=O)c3cc4c(=O)n(-c5ccc(*)cc5)c(=O)c4cc3c2=O)cc1,1.28528865595221
*CC(*)c1cc(C)ccc1F,1.07768598254486
*CCOC(=O)CCCCCCCCC(=O)O*,0.999098096327427
*CC(*)c1ccccc1CC,0.982009567859
*CCOC(=O)CCCCC(=O)O*,1.61114506806886
*CC(*)C#N,1.11777673581947
*OC(=O)Oc1ccc(C2(c3ccc(*)cc3)CC3CC2C2CCCC32)cc1,1.13671383004026
*CC=C(C)C*,0.903157981662005
*OC(=O)Oc1ccc(C2(c3ccc(*)cc3)CC3CCC2C3)cc1,1.16234073739869
*CC(*)C(=O)OCCCCCCC,0.971211104447466
*CC(*)c1ccccc1F,1.13436599456361
*c1ccc(-c2ccc(-c3ccc(-c4cnc5ccc(-c6ccc7ncc(*)nc7c6)cc5n4)cc3)cc2)cc1,1.14015361951373
*OCC(O)COc1cccc(NC(=O)CCCC(=O)Nc2cccc(*)c2)c1,1.23696308415336
*CC(*)c1ccc(CO)cc1,1.10348735286967
*NCCCCCCCCCC(*)=O,0.980401388465335
*c1ccc(-c2ccc(-c3cc(-c4ccccc4)c4cc(Oc5ccc6nc(*)cc(-c7ccccc7)c6c5)ccc4n3)cc2)cc1,1.10704471509279
*CC(*)C(=O)C(C)C,0.980977057319205
*OCC(O)COc1ccc(C(C)(C)c2ccc(*)cc2)cc1,1.01430684505738
*c1ccc(-c2cnc3ccc(S(=O)c4ccc5ncc(*)nc5c4)cc3n2)cc1,1.25130225018404
