SMILES,Experiment density at 300K (g/cc)
*CC(*)(C)C(=O)OCC,1.34
*CC(*)C(=O)OC(C)CC,1.052
*OC(=O)Oc1c(Br)cc(C(C)(C)c2cc(Br)c(*)c(Br)c2)cc1Br,1.953
*CC(*)(C)C(=O)OC1CCCCC1,1.09799999999999
*CCOC(=O)c1cccc(C(=O)O*)c1,1.119
*NCCCCCCCC(*)=O,1.083
*CC(*)c1ccccc1C,1.027
*[Si](*)(C)C1CCCCC1,1.39
*O[Si](*)(C)CCC(F)(F)F,0.84
*CC(*)(C)C#N,1.21
*CC(*)(Cl)C(=O)OC1CCCCC1,1.25
*CC(*)C=CC,0.89
*CC(*)(C)C(=O)OCCCC,1.055
*Oc1ccc(S(=O)(=O)c2ccc(Oc3ccc(S(=O)(=O)c4ccc(*)cc4)cc3)cc2)cc1,1.27
*CC(*)(C)C(=O)OC(C)(C)C,1.02
*CC(*)CCCC,0.85
*CC(*)(Cl)C(=O)OC(C)CC,1.24
*CC(*)(C#N)C(=O)OC,1.1
*CC(*)C(=O)OCCC,1.08
*CC(*)c1ccc(Cl)cc1C,1.25
*CC(*)(C)C(=O)OCCCCCCCC,0.92
*CC(*)C(=O)OC(C)(C)C,1.0
*CC(*)(Cl)Cl,1.63
*CC(*)OCCCCC,0.904
*CCOC(=O)c1ccc(C(=O)O*)cc1,1.385
*Oc1cccc(*)c1,1.001
*CC(*)SC,1.175
*CC(*)C#N,1.17
*CC(*)CC(C)C,0.838
*CC(*)(C)C,1.3
*NCCCCCC(*)=O,1.084
*OCC1CCC(COC(=O)c2ccc(C(*)=O)cc2)CC1,1.196
*NCCCCCCCCCCCC(*)=O,0.99
*CC(*)OCCCCCCCC,0.914
*OCCOC(=O)CCC(*)=O,1.18
*CCCCOC(=O)CCCCC(=O)O*,1.219
*NCCCCCCCCCCC(*)=O,1.01
*CC(*)C1CCCCC1,1.27
*CC(*)OC(C)CC,0.971
*CC(*)c1ccc(F)cc1,1.15
*CCCCCCO*,0.932
*CC(*)(C)c1ccccc1,1.065
*CC(*)C(=O)OC,1.22
*CCOC(=O)c1ccc(C(=O)O*)c2ccccc12,1.33
*CC(*)c1ccccc1,1.92
*Oc1c(-c2ccccc2)cc(*)cc1-c1ccccc1,1.14
*CC(*)(Cl)C(=O)OCCC,1.3
*C[Si](*)(C)C,0.892
*CC(*)(C)C(=O)OCCCl,1.32
*CC(*)(C)C(=O)OC,1.184
*CC(*)(C)C(=O)OCC(C)C,1.045
*OC(=O)Oc1ccc(Sc2ccc(*)cc2)cc1,1.355
*CC(*)c1ccc(C)cc1,1.04
*Oc1ccc(C(C)(C)c2ccc(OC(*)=O)cc2)cc1,1.2
*CC(*)CC,0.86
*CC(*)(C)C(=O)OCC(CC)CC,1.04
*CC(*)CC1CCCCC1,1.385
*CC(*)C=C,0.909
*Oc1ccc(-c2ccc(Oc3ccc(S(=O)(=O)c4ccc(*)cc4)cc3)cc2)cc1,1.37
*OC(=O)Oc1ccc(C(c2ccc(*)cc2)(C(F)(F)F)C(F)(F)F)cc1,1.2
*c1ccc(C(=O)c2ccc(N3C(=O)c4ccc(Oc5ccc(Sc6ccc(Oc7ccc8c(c7)C(=O)N(*)C8=O)cc6)cc5)cc4C3=O)cc2)cc1,1.27
*CC1CC(*)OC(CCC)O1,1.04
*CC=C(Cl)C*,1.24299999999999
*CC(*)n1c2ccccc2c2ccccc21,1.2
*OCCCCCC(*)=O,1.095
*CC(*)C,0.85
*CC(*)(C)C(=O)OCC(C)(C)C,0.993
*CC(C)O*,1.125
*CC(*)O,1.19
*OC(=O)Oc1ccc(Cc2ccc(*)cc2)cc1,1.24
*CC(*)(C)C(=O)OCCC,1.08
*C/C=C\C*,0.89
*CC(*)(C)C(=O)OC(C)C,1.033
*CC=C(C*)CC,0.883
*CC(*)OC(C)C,0.924
*CCCCO*,0.98
*CCO*,1.0
*CC(*)OCC(CC)CCCC,0.917999999999999
*CCC[Si](*)(C)c1ccccc1,1.085
*NCCCCCCC(*)=O,1.052
*CC(*)CCC,0.86
*CC=C(C*)C(C)C,0.927
*CC(*)c1cc(Cl)ccc1Cl,1.1
*CC(*)OCC,0.94
*CO*,0.929
*CC(*)OCC(C)C,0.93
*CC(*)C(=O)OCCCCCCCC,0.971
*CC(*)OC(=O)CCl,1.45
*CC(*)C(=O)OCCCC,1.087
*CC(*)(C)C(=O)OCCCCCC,1.01
*CC(*)(C)C(=O)OCCO,1.15
*CC(*)C(=O)OCC(C)C,1.06
*Cc1ccc(C*)c(C#N)c1,0.95
*CC(CCl)(CCl)CO*,1.386
*NCCCCCCNC(=O)CCCCC(*)=O,1.07
*CC(*)OCCCCCC,0.925
*CC(*)c1ccc(C(C)(C)C)cc1,0.95
*Oc1ccc(C(C)(C)c2ccc(Oc3ccc4c(c3)C(=O)N(c3cccc(N5C(=O)c6ccc(*)cc6C5=O)c3)C4=O)cc2)cc1,1.29
*CCOC(=O)CCCCC(=O)O*,1.6
*CC(*)OC(=O)CC,1.02
*CC(*)C(=O)OCC,1.12
*CC(*)C(=O)OC(C)CCCCCC,1.183
*CC*,0.85
*CC(*)OC(C)=O,1.19
*CC(*)(F)F,1.188
*Oc1ccc(S(=O)(=O)c2ccc(Oc3ccc(C(C)(C)c4ccc(*)cc4)cc3)cc2)cc1,1.24
*OCC(O)COc1ccc(C(C)(C)c2ccc(*)cc2)cc1,1.05
*CC(*)(C)C(=O)OCCCCCCCCCCCC,1.25
*CC1CC(*)OCO1,1.23
*O[Si](*)(C)C,0.965
*Cc1ccc(C*)cc1,1.046
*O[Si](*)(C)c1ccccc1,1.11
*OC(=O)Oc1ccc(C2(c3ccc(*)cc3)CC3CCC2C3)cc1,1.2
*CC(*)C(F)(F)F,1.58
*CCCCCCCCO*,0.905999999999999
*CC(*)c1ccc(OCCC(C)C)cc1,1.24
*CC(*)CCC1CCCCC1,1.04
