SMILES,CH4 permeability (barrer)
*c1ccc(Cc2ccc(N3C(=O)c4ccc(Oc5ccc(Oc6ccc7c(c6)C(=O)N(*)C7=O)cc5)cc4C3=O)c(C)c2C)c(C)c1C,-1.393618634889395
*OC(=O)Oc1ccc2c(c1)CC(C)(C)C21Cc2cc(*)ccc2C1(C)C,-0.6989700043360187
*Nc1ccc(Cc2ccc(NC(=O)CN3C(=O)c4ccc(C(*)=O)cc4C3=O)cc2)cc1,-2.0
*CC[Si](C)(C)CC[Si](C)(C)c1ccc([Si](*)(C)C)cc1,-0.27572413039921095
*c1cccc(C(c2cccc(N3C(=O)c4ccc(C(=O)c5ccc6c(c5)C(=O)N(*)C6=O)cc4C3=O)c2)(C(F)(F)F)C(F)(F)F)c1,-1.853871964321762
*C(=C(*)c1ccc2c(c1)C(C)(C)c1ccccc1-2)c1ccc(C(C)(C)C)cc1,3.8195439355418688
*c1ccc(C(=O)c2ccc(-c3nc4cc(C(C)(C)c5ccc6oc(*)nc6c5)ccc4o3)cc2)cc1,-1.0655015487564323
*Oc1ccc(C(c2ccc(Oc3ccc(S(=O)(=O)c4ccc(*)cc4)cc3)cc2)c2ccccc2C(=O)O)cc1,-1.4034029043735399
*Oc1ccc(Oc2ccc(Oc3ccc(S(=O)(=O)c4ccc(*)cc4)cc3)cc2)cc1,-0.745935547085662
*Oc1ccc(Cc2ccc(Oc3c(F)c(F)c(COC(c4cccc(C(OCc5c(F)c(F)c(*)c(F)c5F)(C(F)(F)F)C(F)(F)F)c4)(C(F)(F)F)C(F)(F)F)c(F)c3F)cc2)cc1,-0.4814860601221125
*CC(*)(F)F,-1.6989700043360187
*c1c(C)cc(Cc2cc(C)c(N3C(=O)c4ccc(C(c5ccc6c(c5)C(=O)N(*)C6=O)(C(F)(F)F)C(F)(F)F)cc4C3=O)c(C)c2)cc1C,0.16136800223497488
*c1cc(C)c2c(c1)CN1CN2Cc2c1ccc(-n1c(=O)c3cc4oc5cc6c(cc5oc4cc3c1=O)C1(CC(C)(C)c3cc4oc5cc7c(=O)n(*)c(=O)c7cc5oc4cc31)CC6(C)C)c2C,1.6532125137753437
*C(=C(*)c1ccc2c(c1)C(C)(C)CCC2(C)C)c1ccccc1,3.8195439355418688
*Oc1c(C)cc(Cc2cc(C)c(Oc3ccc(S(=O)(=O)c4ccc(*)cc4)cc3)c(C)c2)cc1C,-0.2388241868442686
*N=C1C=CC(=Nc2ccc(Nc3ccc(Nc4ccc(*)cc4)cc3)cc2)C=C1,-2.036212172654445
*C(=C(*)c1ccc2c(c1)C(C)(C)CC2(C)C)c1ccc(Br)cc1,4.350248018334163
*Nc1cccc(NC(=O)c2ccc(C(c3ccc(C(*)=O)cc3)(C(F)(F)F)C(F)(F)F)cc2)c1,-0.619788758288394
*=CC1CC(C=*)C2C(=O)N(C34CC5CC(CC(C5)C3)C4)C(=O)C12,-0.23657200643706275
*c1cccc(N2C(=O)c3ccc(C(c4ccc5c(c4)C(=O)N(*)C5=O)(C(F)(F)F)C(F)(F)F)cc3C2=O)c1C,-0.05774384958053509
*c1ccc(N(c2ccc(OC)cc2)c2ccc(N3C(=O)c4ccc(C(c5ccc6c(c5)C(=O)N(*)C6=O)(C(F)(F)F)C(F)(F)F)cc4C3=O)cc2)cc1,-0.3010299956639812
*Oc1c(C)cc(C(C)(C)c2cc(C)c(OC(=O)c3cccc(C(*)=O)c3)c(Br)c2)cc1Br,-0.8210230527068306
*Nc1ccc(Oc2ccc(NC(=O)c3ccc4c(c3)C(C)(C)CC4(C)c3ccc(C(*)=O)cc3)cc2)cc1,-0.6777807052660807
*CC*,0.722016588411524
*Nc1cccc2c(NC(=O)c3ccc4c(c3)C(C)(C)CC4(C)c3ccc(C(*)=O)cc3)cccc12,-1.0457574905606752
*c1cccc(Oc2ccc(C(c3ccc(Oc4cccc(N5C(=O)c6ccc(C(c7ccc8c(c7)C(=O)N(*)C8=O)(C(F)(F)F)C(F)(F)F)cc6C5=O)c4)cc3)(C(F)(F)F)C(F)(F)F)cc2)c1,-0.8860566476931632
*c1ccc(C(c2ccc(-c3nc4ccc(-c5ccc6nc(*)oc6c5)cc4o3)cc2)(C(F)(F)F)C(F)(F)F)cc1,0.7801732436425942
*Nc1ccc(C2(c3ccc(NC(=O)c4cccc(C(*)=O)c4)cc3)c3ccccc3-c3ccccc32)cc1,-0.8927900303521317
*C(=C(*)c1ccc2c(c1)C(C)(C)CC2(C)C)c1cccc(F)c1,4.444044795918076
*CC(*)c1ccc(OC)cc1,-0.040958607678906384
*Oc1ccc(C(=O)c2ccc(Oc3ccc(*)cc3)cc2)cc1,-1.5072396109731625
*Oc1ccc(Oc2ccc(C(=O)c3ccc(*)cc3)cc2)c(-c2cc(C(F)(F)F)cc(C(F)(F)F)c2)c1,-0.42021640338318983
*/C(C)=C(/*)[Si](C)(C)C,4.176091259055681
*c1cc2c(cc1C)-c1cc(C)c(N3C(=O)c4ccc(-c5ccc6c(c5)C(=O)N(*)C6=O)cc4C3=O)cc1S2(=O)=O,-1.031517051446065
*/C(=C(/*)c1ccc([Si](C)(C)C)cc1)c1ccccc1,3.2041199826559246
*OC1OC(COCC)C(*)C(O)C1OCC,0.9566485792052033
*C1C(*)C2CC1C1CC([Si](O[Si](C)(C)C)(O[Si](C)(C)C)O[Si](C)(C)C)C21,3.0969100130080562
*c1cc2c(cc1Br)-c1ccccc1C21c2ccccc2-c2cc(Br)c(-n3c(=O)c4cc5c(=O)n(*)c(=O)c5cc4c3=O)cc21,1.5622928644564746
*Oc1ccc(C2(c3ccc(Oc4ccc(C(=O)c5ccc(*)cc5)cc4)cc3)c3ccccc3C(=O)N2CCC)cc1,-0.8068754016455384
*Oc1ccc(C(c2ccc(Oc3ccc(C(=O)c4ccc(C(c5ccc(C(=O)c6ccc(*)cc6)cc5)(C(F)(F)F)C(F)(F)F)cc4)cc3)cc2)(C(F)(F)F)C(F)(F)F)cc1,-0.26760624017703144
*Oc1c(C)cc(C(C)(C)c2cc(C)c(OC(=O)c3cc(C(*)=O)cc(C(C)(C)C)c3)c(C)c2)cc1C,0.437803393485486
*C(=C(*)c1ccc2c(c1)CCC2)c1ccccc1,1.7781512503836436
*Oc1ccc(C2(c3ccc(OC(=O)c4cccc(C(*)=O)c4)cc3)OC(=O)c3ccccc32)cc1C(C)(C)C,0.06445798922691845
*N=P(*)(Oc1cccc(C(C)(C)C)c1)Oc1cccc(C(C)(C)C)c1,0.2304489213782739
*C(=C(*)c1ccccc1)c1ccccc1,3.568201724066995
*CC=C(C)C*,1.481442628502305
*Oc1ccc(-c2ccc(-c3ccc(Oc4ccc(C5(c6ccc(*)cc6)c6ccccc6-c6ccccc65)cc4)c(C(F)(F)F)c3)s2)cc1C(F)(F)F,0.2013971243204515
*Oc1ccc2c(c1)C1(CC2(C)C)CC(C)(C)c2ccc(OC(=O)c3cccc(C(*)=O)c3)cc21,0.05690485133647256
*CC(*)c1ccc(C(C)(C)C)cc1,1.2227164711475833
*c1ccc2c(c1)C1(c3ccccc3-2)c2ccccc2-c2ccc(N3C(=O)c4ccc(C(c5ccc6c(c5)C(=O)N(*)C6=O)(C(F)(F)F)C(F)(F)F)cc4C3=O)cc21,0.8061799739838872
*Nc1ccc(C2(c3ccc(NC(=O)c4cc(C(*)=O)cc(C(C)(C)C)c4)cc3)c3ccccc3-c3ccccc32)cc1,0.18892848376085342
*NC(=O)c1ccc(C(c2ccc(C(=O)O)c(C(=O)Nc3c(C)cc(C)c(*)c3C)c2)(C(F)(F)F)C(F)(F)F)cc1C(=O)O,1.3891660843645324
*c1ccc(Oc2ccc(C(c3ccc(Oc4ccc(N5C(=O)c6ccc(C(c7ccc8c(c7)C(=O)N(*)C8=O)(C(F)(F)F)C(F)(F)F)cc6C5=O)cc4)cc3)(C(F)(F)F)C(F)(F)F)cc2)cc1,-0.2896005338831994
*CC(*)(C)C(=O)OCC,-0.4596705252091263
*Oc1ccc(Oc2cccc(*)c2C#N)c(-c2cccc(C)c2)c1,-1.3010299956639813
*Oc1c(Br)cc(C(c2cc(Br)c(OC(*)=O)c(Br)c2)(C(F)(F)F)C(F)(F)F)cc1Br,-0.05085404758005617
*c1c(C)cc(-c2cc(C)c(N3C(=O)c4cc5c(cc4C3=O)C3(C(C)C)c4ccccc4C5(C(C)C)c4cc5c(cc43)C(=O)N(*)C5=O)c3ccccc23)c2ccccc12,2.2952004520032574
*C(=C(*)c1ccc([Si](C(C)C)(C(C)C)C(C)C)cc1)c1ccccc1,2.4983105537896004
*c1ccc(S(=O)(=O)c2ccc(N3C(=O)c4ccc(-c5ccc6c(c5)C(=O)N(*)C6=O)cc4C3=O)cc2)cc1,-1.4559319556497243
*c1cccc(C(c2cccc(N3C(=O)c4ccc(C(c5ccc6c(c5)C(=O)N(*)C6=O)(C(F)(F)F)C(F)(F)F)cc4C3=O)c2)(C(F)(F)F)C(F)(F)F)c1,-1.0969100130080565
*C(C)=C(*)SCCCCCC,1.6532125137753437
*Nc1cc(C(c2ccc(O)c(NC(=O)c3ccc(C(c4ccc(C(*)=O)cc4)(C(F)(F)F)C(F)(F)F)cc3)c2)(C(F)(F)F)C(F)(F)F)ccc1O,-0.638272163982407
*C=C(C*)C(=O)OCCOCCOCC,1.0569048513364727
*c1c(C)c(C)c(N2C(=O)c3ccc(Oc4c(C)ccc(C)c4Oc4ccc5c(c4)C(=O)N(*)C5=O)cc3C2=O)c(C)c1C,0.2787536009528289
*=CC1CC(C=*)C([Si](C)(C)C)C1,1.1445742076096164
*c1ccc(Cc2ccc(N3C(=O)c4ccc(C(c5ccc6c(c5)C(=O)N(*)C6=O)(C(F)(F)F)C(F)(F)F)cc4C3=O)cc2)cc1,-0.431211787684653
*CC(*)OC(=O)c1ccccc1C,-0.9393021596463883
*c1ccc(Oc2ccc(C(c3ccc(Oc4ccc(N5C(=O)c6ccc(-c7ccc8c(c7)C(=O)N(*)C8=O)cc6C5=O)cc4C(F)(F)F)cc3)(C(F)(F)F)C(F)(F)F)cc2)c(C(F)(F)F)c1,-0.5543957967264024
*Oc1ccc(C(C)(C)c2ccc(Oc3ccc4c(c3)C(=O)N(c3cccc(N5C(=O)c6ccc(*)cc6C5=O)c3)C4=O)cc2)cc1,-1.4259687322722812
*c1ccc(-c2ccc(Oc3ccc4c(c3)C3(CC4(C)C)CC(C)(C)c4ccc(Oc5ccc(-c6ccc(N7C(=O)c8ccc(Oc9ccc(C(C)(C)c%10ccc(Oc%11ccc%12c(=C)n(*)c(=C)c%12c%11)cc%10)cc9)cc8C7=O)cc6)cc5C(F)(F)F)cc43)c(C(F)(F)F)c2)cc1,-0.4559319556497244
*c1ccc(C(c2ccc(-c3nc4ccc(C(c5ccc6oc(*)nc6c5)(C(F)(F)F)C(F)(F)F)cc4o3)cc2)(C(F)(F)F)C(F)(F)F)cc1,0.38021124171160603
*=CC1CC[C@@H](/C=C/C2CCC(/C=C/[C@@H]3CCC(C=*)C3)C2)C1,0.3424226808222063
*C(=C(*)c1ccc([Si](C)(C)C)cc1)c1ccc(-c2ccc(C(C)(C)C)cc2)cc1,2.863322860120456
*c1cc2c(cc1Br)-c1ccccc1C21c2ccccc2-c2cc(Br)c(N3C(=O)c4cc5c(cc4C3=O)OC3C=C4C(=CC3O5)C(C)(C)CC43CC(C)(C)c4cc5oc6cc7c(=O)n(*)c(=O)c7cc6oc5cc43)cc21,2.0086001717619175
*c1ccc(Cc2ccc(N3C(=O)c4ccc(-c5ccc6c(c5)C(=O)N(*)C6=O)cc4C3=O)cc2Cl)c(Cl)c1,-2.2596373105057563
*Oc1c(C)cc(C2(c3ccc(Oc4ccc(S(=O)(=O)c5ccc(*)cc5)cc4)cc3)CCCCC2)cc1C,-1.3925449767853315
*c1cc(C(=O)OCCC(F)(F)C(F)(F)C(F)(F)C(F)(F)C(F)(F)C(F)(F)F)cc(N2C(=O)c3ccc(C(c4ccc5c(c4)C(=O)N(*)C5=O)(C(F)(F)F)C(F)(F)F)cc3C2=O)c1,-0.3565473235138126
*Nc1ccc(C2(c3ccc(NC(=O)c4ccc(C(*)=O)cc4)cc3)c3ccccc3-c3ccccc32)cc1,-0.2612194415156308
*c1c(C)cc2c(c1C)CN1CN2Cc2c1cc(C)c(N1C(=O)c3ccc(C(c4ccc5c(c4)C(=O)N(*)C5=O)(C(F)(F)F)C(F)(F)F)cc3C1=O)c2C,1.9444826721501687
*c1c(C)c(C)c(N2C(=O)c3ccc(Oc4cc(C(C)(C)C)cc(C)c4Oc4ccc5c(c4)C(=O)N(*)C5=O)cc3C2=O)c(C)c1C,0.3424226808222063
*c1cc2c(c(N3C(=O)c4ccc(C(c5ccc6c(c5)C(=O)N(*)C6=O)(C(F)(F)F)C(F)(F)F)cc4C3=O)c1C)C(C)(C)CC2,1.7032913781186614
*c1c(C)c2c(c(C)c1Br)N1Cc3c(C)c(N4C(=O)c5ccc(C(c6ccc7c(c6)C(=O)N(*)C7=O)(C(F)(F)F)C(F)(F)F)cc5C4=O)c(Br)c(C)c3N(C2)C1,1.4771212547196624
*c1ccc2c(c1)C(C)(c1ccc(-c3nnc(*)o3)cc1)CC2(C)C,0.5538830266438743
*c1ccc(C(C)(C)c2ccc(Oc3ccc(S(=O)(=O)c4ccc(*)cc4)cc3)cc2)cc1,-0.585026652029182
*c1ccc(Oc2ccc(C(c3ccc(Oc4ccc(-n5c(=O)c6cc7c(=O)n(*)c(=O)c7cc6c5=O)cc4C(F)(F)F)cc3)(C(F)(F)F)C(F)(F)F)cc2)c(C(F)(F)F)c1,-0.02826040911222171
*c1ccc2c(c1)c1cc(N3C(=O)c4ccc(C(c5ccc6c(c5)C(=O)N(*)C6=O)(C(F)(F)F)C(F)(F)F)cc4C3=O)ccc1n2CC,0.012837224705172217
*c1ccc(-c2ccc(Oc3ccc(C4(c5cccc(Oc6ccc(-c7ccc(N8C(=O)c9ccc(C(=O)c%10ccc%11c(c%10)C(=O)N(*)C%11=O)cc9C8=O)cc7)cc6C(F)(F)F)c5)c5ccccc5C(=O)N4c4ccccc4)cc3)c(C(F)(F)F)c2)cc1,-0.20760831050174613
*c1ccc(-c2ccc(Oc3ccc4c(c3)C(C)(c3ccc(Oc5ccc(-c6ccc(N7C(=O)c8ccc(C(=O)c9ccc%10c(c9)C(=O)N(*)C%10=O)cc8C7=O)cc6)cc5C(F)(F)F)cc3)CC4(C)C)c(C(F)(F)F)c2)cc1,-0.05551732784983137
*C(=C(*)c1ccc([Si](C)(C)C)cc1)c1ccc(O[Si](C)(C)C(C)(C)C)cc1,3.041392685158225
*c1cc(C(c2ccc(O)c(N3C(=O)c4ccc(Oc5ccc6c(c5)C(=O)N(*)C6=O)cc4C3=O)c2)(C(F)(F)F)C(F)(F)F)ccc1O,-1.6989700043360187
*c1ccc(Oc2ccc(C(c3ccc(Oc4ccc(N5C(=O)c6ccc(C(=O)c7ccc8c(c7)C(=O)N(*)C8=O)cc6C5=O)cc4C(F)(F)F)cc3)(C(F)(F)F)C(F)(F)F)cc2)c(C(F)(F)F)c1,-0.7235381958267558
*c1ccc(Cc2ccc(N3C(=O)c4ccc(Oc5ccc(Oc6ccc7c(c6)C(=O)N(*)C7=O)cc5)cc4C3=O)cc2C)c(C)c1,-1.679853713888946
*C(=C(*)c1ccc2c(c1)C(C)(C)CC2(C)C)c1ccc(Cl)cc1,4.3560258571931225
*Oc1ccc(C(c2ccc(Oc3ccc(C(=O)c4ccc(*)cc4)cc3)cc2)c2ccccc2C(=O)O)cc1,-1.3819519032879073
*=CC1CC(C=*)C2C(=O)N(c3ccccc3)C(=O)C12,-0.26760624017703144
*c1ccc2c(c1)C(=O)N(c1ccc(*)cc1C(F)(F)F)C2=O,-0.44369749923271273
*Oc1ccc(C(=O)c2ccc(-c3ccc(C(=C)c4ccc(Oc5ccc(C(C)(C)c6ccc(*)cc6)cc5)cc4)cc3)cc2)cc1,-0.8538719643217619
*NC(=O)c1ccc2c(c1)C(=O)N(c1c(C)cc(C)c(*)c1C)C2=O,-0.45717457304082015
*C(=C(*)c1cccc([Si](C)(C)C)c1)c1ccccc1,3.1760912590556813
*c1ccc(-c2ccc(Oc3ccc4c(c3)C(C)(c3ccc(Oc5ccc(-c6ccc(N7C(=O)c8ccc(Oc9ccc%10c(c9)C(=O)N(*)C%10=O)cc8C7=O)cc6)cc5C(F)(F)F)cc3)CC4(C)C)c(C(F)(F)F)c2)cc1,-0.00877392430750515
*OC(=O)Oc1ccc(C(C)(C)c2ccc(*)cc2)cc1,-0.5003129173815962
*c1ccc(Oc2ccc(N3C(=O)c4ccc(C(=O)c5ccc6c(c5)C(=O)N(*)C6=O)cc4C3=O)cc2)cc1,-1.9625735020593764
*Nc1ccc(C2(c3ccc(NC(=O)CN4C(=O)c5ccc(C(*)=O)cc5C4=O)cc3)c3ccccc3-c3ccccc32)cc1,-1.7695510786217261
*CC(*)c1ccc(OC(C)=O)cc1,-0.004364805402450088
*c1ccc(-c2ccc(C(*)(c3ccccc3)C(F)(F)F)cc2)cc1,1.0
*CC(*)[Si](C)(C)C,1.255272505103306
*C(C)=C(*)[Si](C)(C)CCC,1.6434526764861874
*O[Si](*)(C)C,3.5593978556437884
*C(C)=C(*)c1ccc([Si](C)(C)C)cc1,2.3010299956639813
*C1C(*)C2CC1C1CC([Ge](C)(C)C)C21,2.792391689498254
*c1c(C)cc(-c2cc(C)c(-n3c(=O)c4cc5oc6cc7c(cc6oc5cc4c3=O)C3(CC(C)(C)c4cc5oc6cc8c(=O)n(*)c(=O)c8cc6oc5cc43)CC7(C)C)c3ccccc23)c2ccccc12,2.3324384599156054
*C(C)=C(*)c1ccccc1,0.7160033436347992
*c1ccc(C(C)(C)c2ccc(-n3c(=O)c4cc5c(=O)n(*)c(=O)c5cc4c3=O)cc2)cc1,-0.045757490560675115
*O[Si](C)(C)CCCCCC[Si](*)(C)C,2.59659709562646
*Nc1cccc(S(=O)(=O)c2cccc(NC(=O)c3ccc4c(c3)C(C)(C)CC4(C)c3ccc(C(*)=O)cc3)c2)c1,-1.3979400086720375
*/C=C(/C*)C(=O)OCCOCCOCCOCC,0.6812412373755872
*c1cc(-c2nc3cc(-c4ccc5[nH]c(*)nc5c4)ccc3[nH]2)cc(C(C)(C)C)c1,-1.3010299956639813
*Oc1c(Br)cc(C(c2cc(Br)c(OC(=O)c3cccc(C(*)=O)c3)c(Br)c2)(C(F)(F)F)C(F)(F)F)cc1Br,-0.22402566887063094
*c1ccc(Oc2ccc(Oc3ccc(Oc4ccc(N5C(=O)c6ccc(-c7ccc8c(c7)C(=O)N(*)C8=O)cc6C5=O)cc4)cc3)cc2)cc1,-1.5157001606532141
*c1ccc(-c2ccc(Oc3ccc(C4(c5cccc(Oc6ccc(-c7ccc(N8C(=O)c9ccc(C(c%10ccc%11c(c%10)C(=O)N(*)C%11=O)(C(F)(F)F)C(F)(F)F)cc9C8=O)cc7)cc6C(F)(F)F)c5)c5ccccc5C(=O)N4c4ccccc4)cc3)c(C(F)(F)F)c2)cc1,0.004321373782642578
*c1ccc(C(C)(C)c2ccc(N3C(=O)c4ccc(C(c5ccc6c(c5)C(=O)N(*)C6=O)(C(F)(F)F)C(F)(F)F)cc4C3=O)cc2)cc1,-0.1549019599857432
*Oc1ccc(C(C)(C)c2ccc(Oc3ccc(C(=O)c4ccc(*)cc4)cc3)cc2)cc1,-0.744727494896694
*Oc1ccc(C(C)(C)c2ccc(Oc3ccc(S(=O)(=O)c4ccc(*)cc4)cc3)cc2)cc1,-0.6882461389442457
*C(C)=C(*)[Si](C)(C)CCCCCCCC,1.1139433523068367
*C=C(*)c1cccc(O[Si](C)(C)C(C)(C)C)c1,1.0791812460476249
*C(=C(*)c1ccc2c(c1)C(C)(C)c1ccccc1-2)c1ccc(F)cc1,4.041392685158225
*Oc1ccc(C(=O)c2cccc(-c3cccc(C(=O)c4ccc(Oc5ccc(C6(c7ccc(*)cc7)c7ccccc7-c7ccccc76)cc5)cc4)c3)c2)cc1,-1.2596373105057561
*c1cc(N2C(=O)c3ccc(C(c4ccc5c(c4)C(=O)N(*)C5=O)(C(F)(F)F)C(F)(F)F)cc3C2=O)cc(C(F)(F)F)c1,-0.3467874862246563
*Oc1ccc(S(=O)(=O)c2ccc(Oc3ccc(C(C)(C)c4cccc(C(C)(C)c5ccc(*)cc5)c4)cc3)cc2)cc1,-0.9507819773298184
*OC(=O)Oc1c(Br)cc(C(C)(C)c2cc(Br)c(*)c(Br)c2)cc1Br,-0.8996294548824371
*Oc1ccc(C2(c3ccc(Oc4ccc(C(=O)c5ccc(*)cc5)cc4)c(C)c3)OC(=O)c3ccccc32)cc1C,-1.1542819820333414
*C(=O)c1ccc(C2(c3ccc(C(=O)c4ccc(Oc5ccc(C(=O)c6ccc(C(=O)c7ccc(Oc8ccc(*)cc8)cc7)cc6)cc5)cc4)cc3)OC(=O)c3ccccc32)cc1,-1.1611509092627446
*Oc1ccc(C(=O)c2ccccc2-c2ccccc2C(=O)c2ccc(Oc3ccc(C4(c5ccc(*)cc5)c5ccccc5-c5ccccc54)cc3)cc2)cc1,-1.1079053973095196
*CC(*)C(=O)OC,-0.5808706922580245
*c1cc(C)c2c(c1)CN1CN2Cc2cc(N3C(=O)c4ccc(Oc5ccc6c(c5)C(=O)N(*)C6=O)cc4C3=O)cc(C)c21,-0.431798275933005
*c1c(C)cc(-c2cc(C)c(N3C(=O)c4cc5c(cc4C3=O)C3CC(C5=O)c4cc5c(cc4C3=O)C(=O)N(*)C5=O)c3ccccc23)c2ccccc12,1.4720246977002813
*C(=C(*)c1ccc2c(c1)C1(CC1)c1ccccc1-2)c1ccccc1,3.116164812300795
*=CC1CC[C@@H](/C=C/C2CCC(/C=C/[C@H]3CCC(C=*)C3)C2)C1,0.6720978579357175
*c1c(C)cc(-c2cc(C)c(N3C(=O)c4cc5c(cc4C3=O)C3Cc4cc6c(cc4C(C5)C3)C(=O)N(*)C6=O)c3ccccc23)c2ccccc12,1.8192147998823842
*c1ccc(-c2ccc(N3C(=O)c4ccc(C(c5ccc6c(c5)C(=O)N(*)C6=O)(C(F)(F)F)C(F)(F)F)cc4C3=O)c(C)c2)cc1C,-0.4788619162959637
*Oc1c(C)cc(C(C)(C)c2cc(C)c(Oc3ccc(C(=O)c4ccc(*)cc4)cc3)c(C)c2)cc1C,0.04139268515822508
*c1ccc(C)c(N2C(=O)c3ccc(C(c4ccc5c(c4)C(=O)N(*)C5=O)(C(F)(F)F)C(F)(F)F)cc3C2=O)c1,-0.14874165128092473
*Oc1ccc(C(c2ccc(Oc3c(F)c(F)c(COC(c4cccc(C(OCc5c(F)c(F)c(*)c(F)c5F)(C(F)(F)F)C(F)(F)F)c4)(C(F)(F)F)C(F)(F)F)c(F)c3F)cc2)(C(F)(F)F)C(F)(F)F)cc1,-0.2596373105057561
*c1ccc(N(c2ccccc2)c2ccc(N3C(=O)c4ccc(C(c5ccc6c(c5)C(=O)N(*)C6=O)(C(F)(F)F)C(F)(F)F)cc4C3=O)cc2)cc1,-0.42021640338318983
*Oc1ccc(C(=O)c2ccccc2-c2ccccc2C(=O)c2ccc(Oc3c(C)cc(-c4cc(C)c(*)c(C)c4)cc3C)cc2)cc1,-0.5783960731301689
*C(=C(*)c1ccc2c(c1)C(C)(C)CC2(C)C)c1ccccc1,4.463892988985907
*C1=CCC(*)=[NH+]1.O=[N+]([O-])[O-],-0.769551078621726
*C(=C(*)c1ccc2c(c1)C(C)(C)c1ccccc1-2)c1ccc(Br)cc1,3.9684829485539352
*c1ccc(C(c2ccc(-c3nc4cc(C(c5ccc6oc(*)nc6c5)(C(F)(F)F)C(F)(F)F)ccc4o3)cc2)(C(F)(F)F)C(F)(F)F)cc1,0.9558480361547432
*c1cccc(N2C(=O)c3ccc(Oc4ccc5c(c4)C(=O)N(*)C5=O)cc3C2=O)c1,-2.193820026016113
*c1ccc(Cc2ccc(N3C(=O)c4ccc(-c5ccc6c(c5)C(=O)N(*)C6=O)cc4C3=O)c(C)c2)cc1C,-1.5559552040819238
*C(=C(*)c1ccc(-c2ccc(C(C)(C)C)cc2)cc1)c1ccccc1,2.278753600952829
*CCO*,-0.2218487496163564
*C(=C(*)c1ccc(C[Si](C)(C)C)cc1)c1ccccc1,2.0791812460476247
*=CC1CC(C=*)C2C(=O)N(c3c(F)c(F)c(F)c(F)c3F)C(=O)C12,0.1367205671564068
*C(=C(*)c1ccc(O[Si](C)(C)C(C)(C)C)cc1)c1ccc(F)cc1,2.146128035678238
*C/C=C(/C*)[Si](C)(OC(C)C)OC(C)C,1.8007170782823851
*Oc1c(Br)cc(C(C)(C)c2cc(Br)c(OC(*)=O)c(Br)c2)cc1Br,-0.9208187539523752
*c1ccc(Cc2ccc(N3C(=O)c4ccc(C(c5ccc6c(c5)C(=O)N(*)C6=O)(C(F)(F)F)C(F)(F)F)cc4C3=O)c(Cl)c2)cc1Cl,-0.9172146296835499
*C(C)=C(*)CCC,1.3222192947339193
*c1ccc(C(C)(C)c2cccc(N3C(=O)c4ccc(C(c5ccc6c(c5)C(=O)N(*)C6=O)(C(F)(F)F)C(F)(F)F)cc4C3=O)c2)cc1,-0.6635402661514705
*C(C)=C(*)[Si](C)(C)C,4.1609069677098285
*c1cc(N2C(=O)c3ccc(C(c4ccc5c(c4)C(=O)N(*)C5=O)(C(F)(F)F)C(F)(F)F)cc3C2=O)ccc1O,-0.9393021596463887
*c1ccc(Oc2ccc(C(c3ccc(Oc4ccc(-n5c(=O)c6cc7c(=O)n(*)c(=O)c7cc6c5=O)cc4)cc3)(C(F)(F)F)C(F)(F)F)cc2)cc1,-0.3442214847751795
*Oc1ccc(C(C)(C)c2ccc(OC(*)=O)cc2)cc1,-0.5023793502187123
*O[Si](*)(C)CCC,2.7558748556724915
*c1cc2c(cc1Br)-c1ccccc1C21c2ccccc2-c2cc(Br)c(N3C(=O)c4ccc(C(c5ccc6c(c5)C(=O)N(*)C6=O)(C(F)(F)F)C(F)(F)F)cc4C3=O)cc21,1.3961993470957363
*Oc1ccc(C2(c3ccc(OC(*)=O)cc3)CC3CCC2C3)cc1,-0.3196644865854368
*N=P(*)(C)c1ccccc1,-0.1549019599857432
*c1cccc(Oc2cccc(-n3c(=O)c4cc5c(=O)n(*)c(=O)c5cc4c3=O)c2)c1,-2.0969100130080562
*Oc1c(C)cc(C(C)(C)c2ccc(Oc3ccc(S(=O)(=O)c4ccc(*)cc4)cc3)cc2)cc1C,-1.154901959985743
*C1C(*)C2CC1C1C2C([Si](C)(C)C)C1[Si](C)(C)C,3.5211380837040362
*c1c(C)cc(-c2cc(C)c(N3C(=O)c4cc5c(cc4C3=O)C3(C)CCC5(C)C4C=C5C(=O)N(*)C(=O)C5=CC43)c3ccccc23)c2ccccc12,2.486430478854434
*Oc1ccc(S(=O)(=O)c2ccc(Oc3ccc(C4(c5ccc(*)cc5)c5ccccc5-c5ccccc54)cc3)cc2)cc1,-0.2749054789185309
*c1ccc(-c2ccc(C(*)(C(F)(F)F)C(F)(F)F)cc2)cc1,1.5314789170422551
*c1cc(N2C(=O)c3ccc(C(c4ccc5c(c4)C(=O)N(*)C5=O)(C(F)(F)F)C(F)(F)F)cc3C2=O)c(O)cc1O,-1.083546051450075
*c1cc2c(cc1C)-c1cc(C)c(N3C(=O)c4ccc(C(c5ccc6c(c5)C(=O)N(*)C6=O)(C(F)(F)F)C(F)(F)F)cc4C3=O)cc1S2(=O)=O,0.3364597338485295
*Oc1ccc(C(C)(CC(C)C)c2ccc(OC(=O)c3cccc(C(*)=O)c3)cc2)cc1,-0.21467016498923297
*Oc1ccc(C2(c3ccc(OC(=O)c4cc(C(*)=O)cc(C(C)(C)C)c4)cc3)c3ccccc3-c3ccccc32)cc1,0.37602918172818023
*Oc1ccc(C(C)(C)c2ccc(OCCCC(*)O)cc2)cc1,-1.6989700043360187
*c1ccc(C(c2ccc(-c3nc4cc(-c5ccc6[nH]c(*)nc6c5)ccc4[nH]3)cc2)(C(F)(F)F)C(F)(F)F)cc1,-1.154901959985743
*C(=C(*)c1ccc2c(c1)C(C)(C)CC2(C)C)c1cc(F)cc(F)c1,4.463892988985907
*CC(*)(C)C(=O)OC,-2.3306831194338877
*c1ccc2c(c1C)N1Cc3cc(C)c(N4C(=O)c5ccc(Oc6ccc7c(c6)C(=O)N(*)C7=O)cc5C4=O)cc3N(C2)C1,0.3424226808222063
*c1c(C)cc2c(c1C)CN1CN2Cc2c1cc(C)c(-n1c(=O)c3cc4c(=O)n(*)c(=O)c4cc3c1=O)c2C,2.401400540781544
*C(=C(*)c1ccc2c(c1)C(C)(C)c1ccccc1-2)c1ccc(F)c(F)c1,4.079181246047625
*c1cc(C(c2ccc(O)c(N3C(=O)c4ccc(C(=O)c5ccc6c(c5)C(=O)N(*)C6=O)cc4C3=O)c2)(C(F)(F)F)C(F)(F)F)ccc1O,-1.6989700043360187
*c1ccc2c(c1C)N1Cc3ccc(-n4c(=O)c5cc6oc7cc8c(cc7oc6cc5c4=O)C4(CC(C)(C)c5cc6oc7cc9c(=O)n(*)c(=O)c9cc7oc6cc54)CC8(C)C)c(C)c3N(C2)C1,1.8129133566428555
*C(=C(*)c1ccc2c(c1)C(C)(C)c1ccccc1-2)c1ccc([Si](C)(C)C)cc1,2.720159303405957
*C(=C(*)c1ccc2c(c1)C(C)(C)c1ccccc1-2)c1cc(F)cc(F)c1,3.6232492903979003
*Oc1ccc(Oc2ccc(C(=O)c3ccc(*)cc3)cc2)c(-c2cccc(C(F)(F)F)c2)c1,-1.3872161432802645
*c1ccc(Oc2ccc(N3C(=O)c4ccc(-c5ccc6c(c5)C(=O)N(*)C6=O)cc4C3=O)cc2)cc1,-1.585026652029182
*C(C)=C(*)[Ge](C)(C)C,3.4313637641589874
*c1c(C)cc(C)c(N2C(=O)c3ccc(C(=O)c4ccc5c(c4)C(=O)N(*)C5=O)cc3C2=O)c1C,0.09691001300805642
*Oc1ccc(C2(c3ccc(Oc4ccc(S(=O)(=O)c5ccc(*)cc5)cc4)cc3)OC(=O)c3ccccc32)cc1,-0.7544873321858502
*Nc1ccc(Oc2c(F)c(F)c(Oc3ccc(NC(=O)CN4C(=O)c5ccc(C(*)=O)cc5C4=O)cc3)c(F)c2F)cc1,-1.8860566476931633
*CC(*)(C)C(=O)OCC(F)(F)C(F)(F)C(F)(F)C(F)(F)C(F)(F)C(F)(F)C(F)(F)F,1.146128035678238
*c1ccc(Oc2ccc(-c3ccc(-c4ccc(Oc5ccc(N6C(=O)c7ccc(C(c8ccc9c(c8)C(=O)N(*)C9=O)(C(F)(F)F)C(F)(F)F)cc7C6=O)cc5)c(C(F)(F)F)c4)cc3)cc2C(F)(F)F)cc1,0.07554696139253074
*c1cccc(NC(=O)C(F)(F)C(F)(F)C(F)(F)C(F)(F)C(=O)Nc2cccc(N3C(=O)c4ccc(C(c5ccc6c(c5)C(=O)N(*)C6=O)(C(F)(F)F)C(F)(F)F)cc4C3=O)c2)c1,-1.3979400086720375
*c1ccc(Oc2ccc(C(c3ccc(Oc4ccc(N5C(=O)c6ccc7c8c(ccc(c68)C5=O)C(=O)N(*)C7=O)cc4)cc3)(C(F)(F)F)C(F)(F)F)cc2)cc1,-0.3187587626244128
*c1cc(C)c(Oc2cc(C)c(*)c(C)c2)c(C)c1C(=O)c1ccc(C)cc1,0.17318626841227402
*Oc1c(C)cc(C2(c3cc(C)c(OC(=O)c4cc(C(*)=O)cc(C(C)(C)C)c4)c(Br)c3)c3ccccc3-c3ccccc32)cc1Br,0.5185139398778874
*c1ccc2[nH]c3ccc(N4C(=O)c5ccc(C(c6ccc7c(c6)C(=O)N(*)C7=O)(C(F)(F)F)C(F)(F)F)cc5C4=O)cc3c2c1,-0.518557371497695
*Nc1cccc(NC(=O)c2ccc3c(c2)C(C)(C)CC3(C)c2ccc(C(*)=O)cc2)c1,-1.0457574905606752
*C/C=C(/C*)[Si](C)(C)OC(C)C,0.4913616938342727
*c1ccc(-c2ccc(N3C(=O)c4ccc(-c5ccc6c(c5)C(=O)N(*)C6=O)cc4C3=O)c(O)c2)cc1O,-3.3872161432802645
*c1ccc(N(c2ccc(N3C(=O)c4ccc(C(c5ccc6c(c5)C(=O)N(*)C6=O)(C(F)(F)F)C(F)(F)F)cc4C3=O)cc2)c2ccc(N(c3ccc(OC)cc3)c3ccc(OC)cc3)cc2)cc1,-0.3979400086720376
*Oc1ccc(S(=O)(=O)c2ccc(Oc3c(C)cc(C(C)(C)c4ccc(C(C)(C)c5cc(C)c(*)c(C)c5)cc4)cc3C)cc2)cc1,-0.2218487496163564
*c1ccc(Cc2ccc(N3C(=O)c4ccc(C(c5ccc6c(c5)C(=O)N(*)C6=O)(C(F)(F)F)C(F)(F)F)cc4C3=O)c(C)c2)cc1C,-0.7033348097384688
*c1ccc(Oc2ccc(-c3ccc(-c4ccc(Oc5ccc(N6C(=O)c7ccc(C(c8ccc9c(c8)C(=O)N(*)C9=O)(C(F)(F)F)C(F)(F)F)cc7C6=O)cc5)c(C(F)(F)F)c4)s3)cc2C(F)(F)F)cc1,0.22530928172586284
*Nc1ccc(C(c2ccc(NC(=O)c3ccc4c(c3)C(C)(C)CC4(C)c3ccc(C(*)=O)cc3)cc2)(C(F)(F)F)C(F)(F)F)cc1,-0.040958607678906384
*OC(=O)Oc1ccc(C(C)(c2ccccc2)c2ccc(*)cc2)cc1,-0.3777859770337047
*c1c(C)cc(-c2cc(C)c(-n3c(=O)c4cc5oc6cc7c(cc6oc5cc4c3=O)C3(C)CCC7(C)c4cc5oc6cc7c(=O)n(*)c(=O)c7cc6oc5cc43)c3ccccc23)c2ccccc12,2.311156415758002
*Oc1ccc(Oc2cccc(*)c2C#N)c(-c2cc(C)cc(C)c2)c1,-1.2218487496163564
*c1cccc(-c2nc3cc(C(c4ccc5oc(*)nc5c4)(C(F)(F)F)C(F)(F)F)ccc3o2)c1,-0.3010299956639812
*Oc1ccc(C(C)(C)c2ccc(OC(=O)c3cccc(C(=O)c4ccc5ccccc5c4-c4c(*)ccc5ccccc45)c3)cc2)cc1,-0.8297382846050426
*CC(*)c1ccc(Cl)cc1,-0.585026652029182
*C/C=C(/C*)[Si](OC(C)C)(OC(C)C)OC(C)C,2.419955748489758
*Oc1ccc(C(C)(CC)c2ccc(OC(=O)c3cccc(C(*)=O)c3)cc2)cc1,-0.769551078621726
*c1c(C)cc(C)c(N2C(=O)c3ccc(-c4ccc5c(c4)C(=O)N(*)C5=O)cc3C2=O)c1C,0.9052560487484512
*Oc1c(C)cc(C(c2cc(C)c(OC(*)=O)c(C)c2)(C(F)(F)F)C(F)(F)F)cc1C,0.6720978579357175
*c1ccc(N(c2ccccc2)c2ccc(N3C(=O)c4ccc(Oc5ccc6c(c5)C(=O)N(*)C6=O)cc4C3=O)cc2)cc1,-1.0705810742857071
*c1c(C)c(C)c(-n2c(=O)c3cc4oc5cc6c(cc5oc4cc3c2=O)C2(CC(C)(C)c3cc4oc5cc7c(=O)n(*)c(=O)c7cc5oc4cc32)CC6(C)C)c(C)c1C,1.8864907251724818
*c1cccc(N2C(=O)c3ccc(C(c4ccc5c(c4)C(=O)N(*)C5=O)(C(F)(F)F)C(F)(F)F)cc3C2=O)c1,-0.8279811905754435
*CC(*)C(=O)OCCCCCCCCCCCCCCCCCCCCCC,1.9703468762300933
*OC1OC(COCC)C(OC2OC(COCC)C(*)C(OCC)C2OCC)C(OCC)C1O,0.921686475483602
*c1ccc(-c2ccc(Oc3ccc(C4(c5cccc(Oc6ccc(-c7ccc(-n8c(=O)c9cc%10c(=O)n(*)c(=O)c%10cc9c8=O)cc7)cc6C(F)(F)F)c5)c5ccccc5C(=O)N4c4ccccc4)cc3)c(C(F)(F)F)c2)cc1,-0.10237290870955855
*Oc1c(C)cc(C(C)(C)c2ccc(C(C)(C)c3cc(C)c(Oc4ccc(S(=O)(=O)c5ccc(*)cc5)cc4)c(C)c3)cc2)cc1C,-0.2218487496163564
*/C=C/C1CC(*)CC1[Si](C)(C)C,1.2304489213782739
*Oc1ccc(S(=O)(=O)c2ccc(Oc3ccc(C(C)(C)c4cccc(*)c4)cc3)cc2)cc1,-1.2924298239020637
*Oc1c(C)cc(*)cc1C,1.156952770767806
*C(=C(*)c1ccc2c(c1)Cc1ccccc1-2)c1ccc([Si](C)(C)C)cc1,3.3010299956639813
*C(C)=C(*)SCC,1.3010299956639813
*c1ccc(Cc2ccc(N3C(=O)c4ccc(-c5ccc6c(c5)C(=O)N(*)C6=O)cc4C3=O)cc2)cc1,-1.6882461389442456
*c1cccc2c(-n3c(=O)c4cc5oc6cc7c(cc6oc5cc4c3=O)C3(CC(C)(C)c4cc5oc6cc8c(=O)n(*)c(=O)c8cc6oc5cc43)CC7(C)C)cccc12,1.4313637641589874
*Oc1cc(C)c(C2(c3cc(C)c(Oc4ccc(C(=O)c5ccc(*)cc5)cc4)cc3C)OC(=O)c3ccccc32)cc1C,-0.769551078621726
*c1cc2c(c(N3C(=O)c4ccc(Oc5ccc6c(c5)C(=O)N(*)C6=O)cc4C3=O)c1C)C(C)(C)CC2,1.0128372247051722
*Oc1ccc(-c2ccc(-c3ccc(OC(=O)c4cc(C(*)=O)cc(C(C)(C)C)c4)cc3)c3c2C(=O)OC3(C)C)cc1,0.06445798922691845
*=CC1CC(C=*)C2C1C([Si](O[Si](C)(C)C)(O[Si](C)(C)C)O[Si](C)(C)C)C2[Si](O[Si](C)(C)C)(O[Si](C)(C)C)O[Si](C)(C)C,2.4771212547196626
*/C=C/C1CC(*)CC1[Si](C)(C)C[Si](C)(C)C,0.9294189257142927
*c1c(C)c(C)c(N2C(=O)c3ccc(Oc4cc(C(C)(C)C)ccc4Oc4ccc5c(c4)C(=O)N(*)C5=O)cc3C2=O)c(C)c1C,0.4913616938342727
*c1ccc(-c2ccc(Oc3ccc(C4(c5cccc(Oc6ccc(-c7ccc(N8C(=O)c9ccc(Oc%10ccc%11c(c%10)C(=O)N(*)C%11=O)cc9C8=O)cc7)cc6C(F)(F)F)c5)c5ccccc5C(=O)N4c4ccccc4)cc3)c(C(F)(F)F)c2)cc1,-0.07572071393811836
*Oc1ccc(S(=O)(=O)c2ccc(*)cc2)cc1,-1.00436480540245
*OCCCCCCC(*)=O,1.354108439147401
*Nc1ccc(Oc2ccc(C(C)(C)c3ccc(Oc4ccc(NC(=O)c5ccc6c(c5)C(C)(C)CC6(C)c5ccc(C(*)=O)cc5)cc4)cc3)cc2)cc1,-0.4814860601221125
*C(C)=C(*)SCCCCCCCC,1.6812412373755872
*Oc1ccc(C(=O)c2ccc(Oc3ccc(*)c(C(C)(C)C)c3)cc2)cc1,-0.6556077263148893
*Cc1ccc(C2(c3ccc(*)cc3)OC(=O)c3ccccc32)cc1,0.45939248775923086
*C(=C(*)c1ccc2c(c1)CCC2)c1ccc([Si](C)(C)C)cc1,2.6720978579357175
*CCOC(=O)c1ccc(C(=O)O*)cc1,0.47712125471966244
*c1cc(C(=O)OCCC(F)(F)C(F)(F)C(F)(F)C(F)(F)C(F)(F)C(F)(F)F)cc(N2C(=O)c3ccc(Oc4ccc5c(c4)C(=O)N(*)C5=O)cc3C2=O)c1,-0.44369749923271273
*c1ccc(C(c2ccc(N3C(=O)c4ccc(Oc5cc(C)c(Oc6ccc7c(c6)C(=O)N(*)C7=O)c(C)c5C)cc4C3=O)cc2)(C(F)(F)F)C(F)(F)F)cc1,0.2304489213782739
*CC(*)(C)c1ccccc1,-0.8538719643217619
*c1cccc(-c2nc3cc(-c4ccc5[nH]c(*)nc5c4)ccc3[nH]2)c1,-2.744727494896694
*Oc1ccc(C2(c3ccc(Oc4ccc(C(=O)c5ccc(*)cc5)cc4)cc3)NC(=O)c3ccccc32)cc1,-1.1611509092627446
*CC(*)Cl,-1.5800442515102422
*OC1OC(COC(C)=O)C(*)C(OC(C)=O)C1OC(C)=O,-1.0109953843014632
*c1cc(C(c2ccc(O)c(-n3c(=O)c4cc5c(=O)n(*)c(=O)c5cc4c3=O)c2)(C(F)(F)F)C(F)(F)F)ccc1O,-1.0969100130080565
*c1cccc(-c2nc3cc(C(c4ccc5oc(-c6cccc(*)c6)nc5c4)(C(F)(F)F)C(F)(F)F)ccc3o2)c1,1.6127838567197355
*c1ccc(Oc2c3c(c(ON4C(=O)c5ccc(C(c6ccc7c(c6)C(=O)N(*)C7=O)(C(F)(F)F)C(F)(F)F)cc5C4=O)c4c2C2c5ccccc5C4c4ccccc42)C2c4ccccc4C3c3ccccc32)cc1C(F)(F)F,0.7403626894942439
*Oc1cc(C)c(C(c2cc(C(C)C)c(Oc3ccc(S(=O)(=O)c4ccc(*)cc4)cc3)cc2C)c2ccccc2C(=O)O)cc1C(C)C,0.05307844348341968
*C=CCCC*,2.6334684555795866
*C(C)=C(*)C(C)C,3.3191060593097763
*c1ccc(Oc2ccc(C(*)(c3ccccc3)C(F)(F)F)cc2)cc1,-0.18708664335714442
*C=C(C*)C(=O)OCCOCC,0.08990511143939793
*c1ccc(S(=O)c2ccc(N3C(=O)c4ccc(-c5ccc6c(c5)C(=O)N(*)C6=O)cc4C3=O)cc2)cc1,-1.3990271043132518
*Oc1c(Br)cc(C2(c3cc(Br)c(OC(=O)c4cc(C(*)=O)cc(C(C)(C)C)c4)c(Br)c3)c3ccccc3-c3ccccc32)cc1Br,0.4424797690644486
*c1ccc(Oc2ccc(-c3nc4cc(C(c5ccc6oc(*)nc6c5)(C(F)(F)F)C(F)(F)F)ccc4o3)cc2)cc1,-0.37675070960209955
*Oc1ccc(C2(c3ccc(Oc4ccc(S(=O)(=O)c5ccc(*)cc5)cc4)cc3)c3ccccc3-c3ccccc32)cc1,-0.2749054789185309
*c1ccc(NC(=O)C(F)(F)C(F)(F)C(F)(F)C(F)(F)C(=O)Nc2ccc(N3C(=O)c4ccc(C(c5ccc6c(c5)C(=O)N(*)C6=O)(C(F)(F)F)C(F)(F)F)cc4C3=O)cc2)cc1,-0.9208187539523752
*c1ccc2cc(-c3nc4cc(C(c5ccc6oc(*)nc6c5)(C(F)(F)F)C(F)(F)F)ccc4o3)ccc2c1,-1.0132282657337552
*c1ccc2c(c1)C1c3cc(N4C(=O)c5ccc(C(c6ccc7c(c6)C(=O)N(*)C7=O)(C(F)(F)F)C(F)(F)F)cc5C4=O)ccc3C2c2cc3ccccc3cc21,0.7923916894982538
*Nc1ccc(C(c2ccc(NC(=O)c3cc(C(*)=O)cc(-c4ccccc4)c3)cc2)(C(F)(F)F)C(F)(F)F)cc1,-0.10790539730951958
*Oc1c(C)cc(-c2cc(C)c(Oc3ccc(S(=O)(=O)c4ccc(*)cc4)cc3)c(C)c2)cc1C,0.10414555055400815
*OC(=O)OC1C(C)(C)C(*)C1(C)C,0.6127838567197355
*/C(C)=C(/*)C(C)C,3.462397997898956
*c1c(C)cc(-c2cc(C)c(N3C(=O)c4cc5c(cc4C3=O)S(=O)(=O)c3cc4c(cc3S5(=O)=O)C(=O)N(*)C4=O)c(C)c2)cc1C,0.08278537031645007
*c1ccc(Oc2ccc(-n3c(=O)c4cc5c(=O)n(*)c(=O)c5cc4c3=O)cc2)cc1,-1.290306130272208
*Oc1ccc(C(C)(C)c2ccc(Oc3ccc(C(=O)c4ccc(C(C)(C)c5ccc(C(=O)c6ccc(*)cc6)cc5)cc4)cc3)cc2)cc1,-0.638272163982407
*Nc1ccc(C(C)(C)c2ccc(NC(=O)c3ccc(Oc4cc(C(C)(C)C)c(Oc5ccc(C(*)=O)cc5)cc4C(C)(C)C)cc3)cc2)cc1,-0.3279021420642826
*C(C)=C(*)[Si](C)(C)C(C)C,2.5563025007672873
*c1cccc(N2C(=O)c3ccc(C(=O)c4ccc5c(c4)C(=O)N(*)C5=O)cc3C2=O)c1,-2.065501548756432
*Oc1ccc(C2(c3ccc(OC(=O)c4ccc(C(*)=O)cc4)cc3)OC(=O)c3ccccc32)cc1,-0.3279021420642826
*C(=C(*)c1ccc2c(c1)C1(CC1)c1ccccc1-2)c1ccc([Si](C)(C)C)cc1,3.1760912590556813
*c1c(C)cc(-c2cc(C)c(N3C(=O)c4cc5c(cc4C3=O)C3(c4ccccc4-c4cc6c(cc43)C(=O)N(*)C6=O)c3ccccc3-5)c3ccccc23)c2ccccc12,2.457124626303409
*CC(*)c1ccc(C[Si](C)(C)C)cc1,0.8920946026904804
*c1ccc(Oc2ccc(N3C(=O)c4cc(Oc5ccccc5)c(-c5cc6c(cc5Oc5ccccc5)C(=O)N(*)C6=O)cc4C3=O)cc2)cc1,-0.07058107428570728
*c1ccc2c(c1)Cc1cc(N3C(=O)c4ccc(C(c5ccc6c(c5)C(=O)N(*)C6=O)(C(F)(F)F)C(F)(F)F)cc4C3=O)ccc1-2,-0.3103951991396108
*c1ccc(Cc2ccc(N3C(=O)c4ccc(-c5ccc6c(c5)C(=O)N(*)C6=O)cc4C3=O)cc2Br)c(Br)c1,-2.2676062401770314
*C(=C(*)c1ccc2c(c1)C(C)(C)c1cc([Si](C)(C)C)ccc1-2)c1ccccc1,4.0
*c1cc2c(c(N3C(=O)c4ccc(C(=O)c5ccc6c(c5)C(=O)N(*)C6=O)cc4C3=O)c1C)C(C)(C)CC2,0.9084850188786497
*OC1OC(COC(C)=O)C(*)C(O)C1OC(C)=O,-0.6882461389442457
*c1c(C)cc(-c2cc(C)c(-c3cc(C)c(N4C(=O)c5ccc(C(c6ccc7c(c6)C(=O)N(*)C7=O)(C(F)(F)F)C(F)(F)F)cc5C4=O)c(C)c3)cc2C)cc1C,1.089905111439398
*c1cc(C)c(C)c(N2C(=O)c3ccc(Oc4cc(C(C)(C)C)ccc4Oc4ccc5c(c4)C(=O)N(*)C5=O)cc3C2=O)c1C,0.3979400086720376
*O[Si](C)(C)c1ccc([Si](*)(C)C)cc1,1.0791812460476249
*C(=C(*)c1ccc2c(ccc3ccccc32)c1)c1ccccc1,3.161368002234975
*c1ccc(Oc2c3c(c(ON4C(=O)c5ccc(C(c6ccc7c(c6)C(=O)N(*)C7=O)(C(F)(F)F)C(F)(F)F)cc5C4=O)c4c2C2c5ccccc5C4c4ccccc42)C2c4ccccc4C3c3ccccc32)cc1C,0.3010299956639812
*c1cccc(Oc2ccc(C(c3ccc(Oc4cccc(-n5c(=O)c6cc7c(=O)n(*)c(=O)c7cc6c5=O)c4)cc3)(C(F)(F)F)C(F)(F)F)cc2)c1,-0.769551078621726
*Oc1ccc(C2(c3ccc(Oc4ccc(C(=O)c5ccc(*)cc5)cc4)cc3)OC(=O)c3ccccc32)cc1,-1.089020053149146
*Oc1ccc(S(=O)(=O)c2ccc(Oc3ccc(C(C)(C)c4ccc(*)cc4)cc3)cc2)cc1,-0.6689102817954404
*c1cc(C)c(N2C(=O)c3ccc(C(c4ccc5c(c4)C(=O)N(*)C5=O)(C(F)(F)F)C(F)(F)F)cc3C2=O)cc1C,0.029383777685209667
*Oc1ccc(C(C)(C)c2cccc(C(C)(C)c3ccc(Oc4ccc(S(=O)(=O)c5ccc(*)cc5)cc4)cc3)c2)cc1,-0.958607314841775
*c1ccc(Oc2ccc(ON3C(=O)c4ccc(C(c5ccc6c(c5)C(=O)N(*)C6=O)(C(F)(F)F)C(F)(F)F)cc4C3=O)c3c2C2c4ccccc4C3c3ccccc32)cc1C(F)(F)F,-0.27572413039921095
*c1ccc(-c2nnc(-c3ccc(-c4nnc(*)n4-c4ccccc4)cc3)n2-c2ccccc2)cc1,-1.0457574905606752
*C(F)(F)C(F)(F)C1(F)OC(C(F)(F)F)(C(F)(F)F)OC1(*)F,2.694605198933569
*Oc1ccc(C(C)(C)c2ccc(Oc3ccc(C(=O)c4ccc(C(=O)c5ccc(*)cc5)cc4)cc3)cc2)cc1,-1.0757207139381184
*Oc1ccc(C2(c3ccc(OC(=O)c4cccc(C(*)=O)c4)cc3)c3ccccc3-c3ccccc32)cc1,-0.18864845411987988
*Oc1ccc(S(=O)(=O)c2ccc(-c3ccc(S(=O)(=O)c4ccc(Oc5ccc(C(C)(C)c6ccc(*)cc6)cc5)cc4)cc3)cc2)cc1,-0.3010299956639812
*Oc1ccc2c(c1)C1(CC2(C)C)CC(C)(C)c2ccc(OC(=O)c3ccc(C(*)=O)cc3)cc21,0.6242820958356683
*Nc1ccc(C(c2ccc(NC(=O)c3cc(C(*)=O)cc(C(C)(C)C)c3)cc2)(C(F)(F)F)C(F)(F)F)cc1,-0.14266750356873156
*c1ccc(Oc2ccc(-c3ccc(-c4ccc(-c5ccc(Oc6ccc(N7C(=O)c8ccc(C(c9ccc%10c(c9)C(=O)N(*)C%10=O)(C(F)(F)F)C(F)(F)F)cc8C7=O)cc6)c(C(F)(F)F)c5)cc4)cc3)cc2C(F)(F)F)cc1,0.17897694729316943
*Oc1ccc(C(C)(C)c2ccc(OC(=O)c3cccc(C(*)=O)c3)c(C(C)C)c2)cc1C(C)C,-0.5157001606532142
*Oc1cccc2c(Oc3ccc(S(=O)(=O)c4ccc(*)cc4)cc3)cccc12,-1.4412914294668355
*Oc1ccc(C(C)(c2ccccc2)c2ccc(OC(=O)c3cccc(C(*)=O)c3)cc2)cc1,-0.27164621797877164
*OC(=O)c1ccc(C(=O)Oc2ccc(C3(c4ccc(O*)c(C)c4)OC(=O)c4ccccc43)cc2C)cc1,-0.744727494896694
*c1ccc(-c2ccc(-n3c(=O)c4cc5oc6cc7c(cc6oc5cc4c3=O)C3(CC(C)(C)c4cc5oc6cc8c(=O)n(*)c(=O)c8cc6oc5cc43)CC7(C)C)cc2C(F)(F)F)c(C(F)(F)F)c1,1.3010299956639813
*CC(*)C(=O)OCC(F)(F)C(F)(F)C(F)(F)C(F)(F)C(F)(F)C(F)(F)C(F)(F)F,1.7558748556724915
*Oc1ccc(C(c2ccc(OC(=O)c3cccc(C(*)=O)c3)cc2)(C(F)(F)F)C(F)(F)F)cc1,-0.09745322068600858
*Oc1ccc(C2(c3ccc(Oc4ccc(C(=O)c5ccc(C(=O)c6ccc(*)cc6)cc5)cc4)cc3)OC(=O)c3ccccc32)cc1,-1.2487208960166578
*N=P(*)(OCC(C)(C)C)OCC(C)(C)C,0.8756399370041684
*c1ccc(Oc2ccc(C(C)(C)c3ccc(Oc4ccc(N5C(=O)c6ccc(-c7ccc8c(c7)C(=O)N(*)C8=O)cc6C5=O)cc4)cc3)cc2)cc1,-1.0726296369609765
*C(=C(*)c1cccc(O[Si](C)(C)C(C)(C)C)c1)c1ccc(C(C)(C)C)cc1,3.5185139398778875
*Oc1c(C)cc(C(C)(C)c2cc(C)c(Oc3ccc(S(=O)(=O)c4ccc(*)cc4)cc3)c(C)c2)cc1C,-0.022276394711152253
*Oc1ccc(C2(c3ccc(OC(*)=O)cc3)c3ccccc3-c3ccccc32)cc1,-0.2358238676096693
*c1cc(C(=O)OCCC(F)(F)C(F)(F)C(F)(F)C(F)(F)C(F)(F)C(F)(F)F)cc(N2C(=O)c3ccc(C(=O)c4ccc5c(c4)C(=O)N(*)C5=O)cc3C2=O)c1,-0.5376020021010439
*C1C2CC(C)C(C2)C1*,1.481442628502305
*c1c(C)cc(-c2cc(C)c(N3C(=O)c4ccc(Oc5cc(C)c(Oc6ccc7c(c6)C(=O)N(*)C7=O)c(C)c5C)cc4C3=O)c(C)c2)cc1C,0.07918124604762482
*c1ccc2c(c1)C(=O)N(c1cc(C(c3ccc(O)c(N4C(=O)c5ccc(C(*)(C(F)(F)F)C(F)(F)F)cc5C4=O)c3)(C(F)(F)F)C(F)(F)F)ccc1O)C2=O,-1.0969100130080565
*c1cc(C(c2ccc(O)c(N3C(=O)c4ccc(C(c5ccc6c(c5)C(=O)N(*)C6=O)(C(F)(F)F)C(F)(F)F)cc4C3=O)c2)(C(F)(F)F)C(F)(F)F)ccc1O,-0.8143634230380885
*O[Si](*)(C)CC,2.6757783416740852
*Oc1ccc(Oc2ccc(C(=O)c3ccc(*)cc3)cc2)c(-c2cccc(C)c2)c1,-1.6197887582883939
*O[Si](*)(C)CCC(F)(F)F,2.230448921378274
*=CC1CC(C=*)C2C(=O)N(C3CCCCC3)C(=O)C12,-0.09691001300805639
*c1cc(C(c2ccc(O)c(N3C(=O)c4ccc(-c5ccc6c(c5)C(=O)N(*)C6=O)cc4C3=O)c2)(C(F)(F)F)C(F)(F)F)ccc1O,-1.5228787452803376
*c1ccc(Cc2ccc(N3C(=O)c4cc(Oc5ccccc5)c(-c5cc6c(cc5Oc5ccccc5)C(=O)N(*)C6=O)cc4C3=O)cc2)cc1,-0.07058107428570728
*Oc1ccc(C(c2ccc(OC(*)=O)cc2)(C(F)(F)F)C(F)(F)F)cc1,0.01911629044707278
*CC(*)c1ccc([Si](C)(C)CCC(F)(F)F)cc1,1.3424226808222062
*CCCCCC(=O)O*,0.19589965240923377
*c1ccc(Oc2ccc(N3C(=O)c4cc5c(cc4C3=O)S(=O)(=O)c3cc4c(cc3S5(=O)=O)C(=O)N(*)C4=O)cc2)cc1,-0.744727494896694
*Oc1ccc2ccc(Oc3ccc(S(=O)(=O)c4ccc(*)cc4)cc3)cc2c1,-1.3010299956639813
*c1cc2c(cc1C)S(=O)(=O)c1cc(C)c(N3C(=O)c4cc5c(cc4C3=O)S(=O)(=O)c3cc4c(cc3S5(=O)=O)C(=O)N(*)C4=O)cc1-2,-0.22914798835785583
*c1ccc(Oc2ccc(N3C(=O)c4cc(Oc5ccc(C)cc5)c(-c5cc6c(cc5Oc5ccc(C)cc5)C(=O)N(*)C6=O)cc4C3=O)cc2)cc1,0.16136800223497488
*CC(*)c1ccc(Br)cc1,-0.3187587626244128
*Oc1ccc(C(C)(C)c2ccc(OC(=O)c3cc(C(*)=O)cc(C(C)(C)C)c3)c(C)c2)cc1C,-0.3979400086720376
*c1ccc(Cc2ccc(-n3c(=O)c4cc5c(=O)n(*)c(=O)c5cc4c3=O)cc2)cc1,-1.239200688369282
*Nc1ccc(C2(c3ccc(NC(=O)Cn4c(=O)c5cc6c(=O)n(CC(*)=O)c(=O)c6cc5c4=O)cc3)c3ccccc3-c3ccccc32)cc1,-1.1191864077192086
*/C=C/C1CCC(*)C1,0.3979400086720376
*Nc1ccc(-c2ccc(NC(=O)c3ccc4c(c3)C(C)(C)CC4(C)c3ccc(C(*)=O)cc3)cc2C(F)(F)F)c(C(F)(F)F)c1,-0.045757490560675115
*c1ccc(C(c2ccc(N3C(=O)c4ccc(-c5ccc6c(c5)C(=O)N(*)C6=O)cc4C3=O)cc2)(C(F)(F)F)C(F)(F)F)cc1,-0.17587416608345094
*c1cccc(-c2cc(C)c(-c3cccc(*)c3C)cc2C)c1C,0.7481880270062004
*c1cc(C)c(Oc2cc(C)c(*)c(C)c2)c(C)c1C(=O)c1ccc([N+](=O)[O-])cc1,-0.11918640771920865
*Oc1ccc(C(C)(C)c2ccc(OC(=O)c3ccc(C(=O)c4ccc5ccccc5c4-c4c(*)ccc5ccccc45)cc3)cc2)cc1,-0.3269790928711038
*c1cc(C(c2ccc(C)c(-n3c(=O)c4cc5oc6cc7c(cc6oc5cc4c3=O)C3(CC(C)(C)c4cc5oc6cc8c(=O)n(*)c(=O)c8cc6oc5cc43)CC7(C)C)c2)(C(F)(F)F)C(F)(F)F)ccc1C,0.9542425094393249
*C(C)=C(*)CC(C)C,2.278753600952829
*c1ccc(-c2ccc(-c3ccc(C(*)(c4ccccc4)C(F)(F)F)cc3)cc2)cc1,1.1139433523068367
*c1cccc(NC(=O)C(F)(F)C(F)(F)C(F)(F)C(F)(F)C(F)(F)C(F)(F)C(=O)Nc2cccc(N3C(=O)c4ccc(C(c5ccc6c(c5)C(=O)N(*)C6=O)(C(F)(F)F)C(F)(F)F)cc4C3=O)c2)c1,-1.0457574905606752
*c1ccc(Oc2ccc(S(=O)c3ccc(Oc4ccc(N5C(=O)c6ccc(-c7ccc8c(c7)C(=O)N(*)C8=O)cc6C5=O)cc4)cc3)cc2)cc1,-1.401209493236885
*Nc1ccc(Oc2ccc(Oc3ccc(NC(=O)CN4C(=O)c5ccc(C(*)=O)cc5C4=O)cc3)cc2)cc1,-1.8239087409443189
*c1ccc(Sc2ccc(Sc3ccc(N4C(=O)c5ccc(C(c6ccc7c(c6)C(=O)N(*)C7=O)(C(F)(F)F)C(F)(F)F)cc5C4=O)cc3)cc2)cc1,-0.5528419686577808
*c1ccc(-c2ccc(Oc3ccc4c(c3)C3(CC4(C)C)CC(C)(C)c4ccc(Oc5ccc(-c6ccc(N7C(=O)c8ccc(Oc9ccc%10c(c9)C(=O)N(*)C%10=O)cc8C7=O)cc6)cc5C(F)(F)F)cc43)c(C(F)(F)F)c2)cc1,-0.38721614328026455
*c1ccc2c(c1)C(=O)N(c1cccc(N3C(=O)c4ccc(*)cc4C3=O)c1)C2=O,-1.4509967379742121
*c1ccc(Sc2ccc(Sc3ccc(Sc4ccc(N5C(=O)c6ccc(C(c7ccc8c(c7)C(=O)N(*)C8=O)(C(F)(F)F)C(F)(F)F)cc6C5=O)cc4)cc3)cc2)cc1,-0.6575773191777937
*Oc1c(Br)cc(C(C)(C)c2cc(Br)c(OC(=O)c3cc(C(*)=O)cc(C(C)(C)C)c3)c(Br)c2)cc1Br,-0.0728863880662395
*c1ccc(C(c2ccc(-n3c(=O)c4cc5oc6cc7c(cc6oc5cc4c3=O)C3(CC(C)(C)c4cc5oc6cc8c(=O)n(*)c(=O)c8cc6oc5cc43)CC7(C)C)cc2)(C(F)(F)F)C(F)(F)F)cc1,1.4313637641589874
*c1ccc(-c2ccc(*)cc2)cc1,-0.6020599913279624
*c1ccc(Oc2ccc(C(c3ccc(Oc4ccc(N5C(=O)c6ccc(C(c7ccc8c(c7)C(=O)N(*)C8=O)(C(F)(F)F)C(F)(F)F)cc6C5=O)cc4C(F)(F)F)cc3)(C(F)(F)F)C(F)(F)F)cc2)c(C(F)(F)F)c1,-0.15304467498017607
*Oc1ccc(Oc2cccc(*)c2C#N)c(-c2cc(C(F)(F)F)cc(C(F)(F)F)c2)c1,-0.08092190762392612
*C1C(*)C2CC1C1CC([Si](C)(C)C)C21,3.0043213737826426
*c1cc(C)c(Oc2cc(C)c(*)c(C)c2)c(C)c1C(=O)c1ccc(Cl)cc1,-0.00877392430750515
*Oc1c(-c2ccccc2)cc(*)cc1-c1ccccc1,0.32633586092875144
*C(=C(*)c1ccc2c(c1)Cc1ccccc1-2)c1ccccc1,3.380211241711606
*CC1CC(C*)C2C1C([Si](O[Si](C)(C)C)(O[Si](C)(C)C)O[Si](C)(C)C)C2[Si](O[Si](C)(C)C)(O[Si](C)(C)C)O[Si](C)(C)C,2.3324384599156054
*c1ccc(Oc2ccc(-n3c(=O)c4cc5sc6cc7c(=O)n(*)c(=O)c7cc6sc5cc4c3=O)cc2)cc1,-1.0861861476162833
*c1c(C)cc2c(c1C)CN1CN2Cc2c1cc(C)c(N1C(=O)c3cc4c(cc3C1=O)C1(c3ccccc3-c3cc5c(cc31)C(=O)N(*)C5=O)c1ccccc1-4)c2C,2.3944516808262164
*C(=O)c1ccc(C2(c3ccc(C(=O)c4ccc(Oc5ccc(C(=O)c6cccc(C(=O)c7ccc(Oc8ccc(*)cc8)cc7)c6)cc5)cc4)cc3)OC(=O)c3ccccc32)cc1,-1.5590909179347823
*O[Si](C)(C)CC[Si](*)(C)C,2.775974331129369
*C(C)=C(*)CCCCCCCC,1.919078092376074
*c1ccc(C(=O)c2ccc(-c3nc4cc(C(c5ccc6oc(*)nc6c5)(C(F)(F)F)C(F)(F)F)ccc4o3)cc2)cc1,-0.5528419686577808
*c1cc(C(c2ccc(O)c(N3C(=O)c4cc5c(cc4C3=O)C3(C)c4ccccc4C5(C)c4cc5c(cc43)C(=O)N(*)C5=O)c2)(C(F)(F)F)C(F)(F)F)ccc1O,-0.2479515521805615
*c1ccc(-c2nc3cc(C(c4ccc5oc(-c6ccc(C(*)(C(F)(F)F)C(F)(F)F)cc6)nc5c4)(C(F)(F)F)C(F)(F)F)ccc3o2)cc1,2.1421808211559457
*Oc1ccc2cc(Oc3ccc(S(=O)(=O)c4ccc(*)cc4)cc3)ccc2c1,-1.4365189146055892
*Oc1ccc(C(=O)c2ccc(Oc3ccc(C(c4ccc(*)cc4)(C(F)(F)F)C(F)(F)F)cc3)cc2)c2ccccc12,-0.6777807052660807
*Oc1ccc(C(c2ccc(OC(=O)c3cc(C(*)=O)cc(C(C)(C)C)c3)cc2)(C(F)(F)F)C(F)(F)F)cc1,0.5403294747908738
*c1ccc(N(c2ccccc2)c2ccc(N3C(=O)c4ccc(-c5ccc6c(c5)C(=O)N(*)C6=O)cc4C3=O)cc2)cc1,-0.7825160557860937
*C(F)(F)C1(F)OC(F)(F)C(F)(F)C1(F)C(*)(F)F,0.3010299956639812
*C(=C(*)c1ccc2c(c1)C(C)(C)c1ccccc1-2)c1cccc(F)c1,4.041392685158225
*Oc1ccc(-c2ccc(-c3ccc(OC(=O)c4cccc(C(*)=O)c4)cc3)c3c2C(=O)OC3(C)C)cc1,-0.7772835288524167
*c1ccc(C(c2ccc(-c3nc4cc(-c5ccc6nc(*)oc6c5)ccc4o3)cc2)(C(F)(F)F)C(F)(F)F)cc1,0.2041199826559248
*Oc1ccc(C(C)(c2ccccc2)c2ccc(Oc3ccc(S(=O)(=O)c4ccc(*)cc4)cc3)cc2)cc1,-0.494850021680094
*c1cccc(Oc2cccc(N3C(=O)c4ccc(C(c5ccc6c(c5)C(=O)N(*)C6=O)(C(F)(F)F)C(F)(F)F)cc4C3=O)c2)c1,-0.8601209135987637
*C(F)(F)C(F)(F)C(F)(OC(F)(F)C(F)(OC(F)(F)C(F)(F)S(=O)(=O)O)C(*)(F)F)C(F)(F)C(F)(F)C(F)(F)F,-0.9913998282380825
*c1ccc(Oc2c3c(c(ON4C(=O)c5ccc(C(c6ccc7c(c6)C(=O)N(*)C7=O)(C(F)(F)F)C(F)(F)F)cc5C4=O)c4c2C2c5ccccc5C4c4ccccc42)C2c4ccccc4C3c3ccccc32)cc1,0.3979400086720376
*Oc1ccc(C(=O)c2ccc(-c3ccc(C(=O)c4ccc(Oc5ccc(S(=O)(=O)c6ccc(*)cc6)cc5)cc4)cc3)cc2)cc1,-0.9208187539523752
*Oc1ccc(C(=O)c2ccccc2-c2ccccc2C(=O)c2ccc(Oc3ccc(C(c4ccc(*)cc4)(C(F)(F)F)C(F)(F)F)cc3)cc2)cc1,-1.0604807473813815
*c1ccc(-c2cc(C)c(-c3ccc(*)cc3C)cc2C)c(C)c1,-0.05551732784983137
*N=P(*)(OCC(F)(F)F)OCC(F)(F)F,1.5959736097960835
*C=C(*)c1ccccc1[Si](C)(C)C,1.5797835966168101
*c1ccc(*)n1C,-0.6575773191777937
*Oc1c(C)cc(C(C)(C)c2cc(C)c(OC(=O)c3cc(C(*)=O)cc(C(C)(C)C)c3)c(Br)c2)cc1Br,0.02530586526477026
*=CC1CC(C=*)C2C1CC2[Si](O[Si](C)(C)C)(O[Si](C)(C)C)O[Si](C)(C)C,2.255272505103306
*c1ccc(-c2ccc(N3C(=O)c4ccc(C(c5ccc6c(c5)C(=O)N(*)C6=O)(C(F)(F)F)C(F)(F)F)cc4C3=O)c(OC(C)=O)c2)cc1OC(C)=O,-0.5065419490048115
*c1ccc(C(C)(C)c2ccc(N3C(=O)c4ccc(Oc5ccc(Oc6ccc7c(c6)C(=O)N(*)C7=O)cc5)cc4C3=O)cc2)cc1,-1.1598939055432422
*c1c(C)c(C)c(N2C(=O)c3ccc(Oc4cc(C)c(Oc5ccc6c(c5)C(=O)N(*)C6=O)c(C)c4C)cc3C2=O)c(C)c1C,0.8808135922807914
*c1ccc(Cc2ccc(N3C(=O)c4ccc(-c5ccc6c(c5)C(=O)N(*)C6=O)cc4C3=O)cc2F)c(F)c1,-1.889410289700751
*c1c(C)cc(-c2cc(C)c(N3C(=O)c4cc5c(cc4C3=O)C3(CC(C)(C)c4cc6c(cc43)C(=O)N(*)C6=O)CC5(C)C)c3ccccc23)c2ccccc12,2.5550944485783194
*Oc1ccc(S(=O)(=O)c2ccc(Oc3ccc(C(C)(C)c4ccc(C(C)(C)c5ccc(*)cc5)cc4)cc3)cc2)cc1,-0.46852108295774486
*C(C)=C(*)CCCCC,1.7075701760979363
*c1ccc(C2(c3ccc(*)cc3)CC3CCC2C3)cc1,-0.3187587626244128
*c1c(C)c(C)c(N2C(=O)c3ccc(Oc4cccc(C)c4Oc4ccc5c(c4)C(=O)N(*)C5=O)cc3C2=O)c(C)c1C,-0.1549019599857432
*c1ccc(-c2ccc(N3C(=O)c4ccc(Oc5cc(C(C)(C)C)ccc5Oc5ccc6c(c5)C(=O)N(*)C6=O)cc4C3=O)c(OC)c2)cc1OC,-0.7958800173440752
*Oc1ccc(C2(c3ccc(Oc4ccc(S(=O)(=O)c5ccc(*)cc5)cc4)cc3)CCCCC2)cc1,-1.0
*Oc1ccc(C(=O)c2ccc(Oc3ccc(C4(c5ccc(*)cc5)c5ccccc5-c5ccccc54)cc3)cc2)c2ccccc12,-0.7166987712964504
*CC(*)C(=O)OCCCCCCCCCC,1.6794278966121188
*C(=C(*)c1ccc2c(c1)C(C)(C)c1ccccc1-2)c1ccccc1,3.9793206973820245
*C(=C(*)c1ccc2c(c1)C(C)(C)CC2(C)C)c1ccc(F)cc1,4.535294120042771
*Oc1ccc(C(C)(C)c2ccc(Oc3c(F)c(F)c(COC(c4cccc(C(OCc5c(F)c(F)c(*)c(F)c5F)(C(F)(F)F)C(F)(F)F)c4)(C(F)(F)F)C(F)(F)F)c(F)c3F)cc2)cc1,-0.494850021680094
*[NH+]=C1C=CC(=[NH+]c2ccc(Nc3ccc(Nc4ccc(*)cc4)cc3)cc2)C=C1.[Cl-].[Cl-],-2.3010299956639813
*Oc1c(Br)cc(C2(c3cc(Br)c(OC(=O)c4cccc(C(*)=O)c4)c(Br)c3)OC(=O)c3ccccc32)cc1Br,-0.6861327796308466
*c1c(C)c(C)c(N2C(=O)c3ccc(Oc4ccc(C)cc4Oc4ccc5c(c4)C(=O)N(*)C5=O)cc3C2=O)c(C)c1C,-0.3279021420642826
*=CC1CC(C=*)C2C(=O)C(c3ccccc3)C(=O)C12,-0.26760624017703144
*C(=C(*)c1ccc2c(c1)C(C)(C)C(C)(C)C2(C)C)c1ccccc1,4.392696953259666
*Oc1c(Br)cc(C(c2cc(Br)c(OC(=O)c3cc(C(*)=O)cc(C(C)(C)C)c3)c(Br)c2)(C(F)(F)F)C(F)(F)F)cc1Br,0.526339277389844
*CC(*)OC(=O)c1cccc(C)c1,-0.9281179926938746
*N=P(*)(Oc1ccccc1)Oc1ccccc1,0.1139433523068367
*c1ccc(-c2ccc(Oc3ccc4c(c3)C(C)(c3ccc(Oc5ccc(-c6ccc(-n7c(=O)c8cc9c(=O)n(*)c(=O)c9cc8c7=O)cc6)cc5C(F)(F)F)cc3)CC4(C)C)c(C(F)(F)F)c2)cc1,0.18184358794477254
*CC=C(Cl)C*,0.5158738437116791
*c1ccc(Cc2ccc(N3C(=O)c4ccc(Oc5ccc(Oc6ccc7c(c6)C(=O)N(*)C7=O)cc5)cc4C3=O)c(C)c2)cc1C,-1.679853713888946
*CC(*)(C)C(=O)OC(C)(C)C,-0.14327110961711742
*c1cc(C)c(C)c(N2C(=O)c3ccc(Oc4cc(C)c(Oc5ccc6c(c5)C(=O)N(*)C6=O)c(C)c4C)cc3C2=O)c1C,0.6020599913279624
*Oc1ccc(C(=O)c2cccc(-c3cccc(C(=O)c4ccc(Oc5ccc(C(c6ccc(*)cc6)(C(F)(F)F)C(F)(F)F)cc5)cc4)c3)c2)cc1,-1.2365720064370627
*CC(*)c1ccccc1,-0.10420925174955582
*C(C)=C(*)SCCCC,1.9493900066449128
*c1c(C)cc(-c2cc(C)c(N3C(=O)c4ccc(C(c5ccc6c(c5)C(=O)N(*)C6=O)(C(F)(F)F)C(F)(F)F)cc4C3=O)c3ccccc23)c2ccccc12,1.6009728956867482
*C(=C(*)c1ccc2c(c1)C(C)(C)CC2(C)C)c1ccc(C)cc1,4.004321373782642
*C(C)=C(*)CCCCCCC,1.9242792860618816
*c1ccc(S(=O)(=O)c2ccc(N3C(=O)c4ccc(C(c5ccc6c(c5)C(=O)N(*)C6=O)(C(F)(F)F)C(F)(F)F)cc4C3=O)cc2)cc1,-0.46852108295774486
*CC(*)c1ccc(F)cc1,0.02530586526477026
*Nc1c(C)cc(Cc2cc(C)c(NC(=O)c3ccc(Oc4cc(C(C)(C)C)c(Oc5ccc(C(*)=O)cc5)cc4C(C)(C)C)cc3)c(C(C)C)c2)cc1C(C)C,0.08278537031645007
*O[Si](C)(C)CCCCCCCC[Si](*)(C)C,2.505149978319906
*Oc1c(C)cc(C(C)(C)c2cc(C)c(OC(=O)c3ccc(C(*)=O)cc3)c(C)c2)cc1C,0.12057393120584989
*C1C2CC(CCCC)C(C2)C1*,1.4533183400470377
*Oc1c(C)cc(C(c2cc(C)c(Oc3ccc(S(=O)(=O)c4ccc(*)cc4)cc3)c(C)c2)(C(F)(F)F)C(F)(F)F)cc1C,0.47712125471966244
*c1c(C)c(C)c(N2C(=O)c3ccc(C(c4ccc5c(c4)C(=O)N(*)C5=O)(C(F)(F)F)C(F)(F)F)cc3C2=O)c(C)c1C,1.4502491083193612
*C1C2CC(C1*)C([Si](C)(C)C)C2,2.9728967844365446
*OC(=O)Oc1c(C)cc(C(C)(C)c2cc(C)c(*)c(C)c2)cc1C,-0.019996628416253676
*c1ccc(Oc2ccc(N3C(=O)c4ccc(C(c5ccc6c(c5)C(=O)N(*)C6=O)(C(F)(F)F)C(F)(F)F)cc4C3=O)cc2)cc1,-0.45304626741223625
*c1ccc(Oc2ccc(C(c3ccc(Oc4ccc(N5C(=O)c6ccc(-c7ccc8c(c7)C(=O)N(*)C8=O)cc6C5=O)cc4)cc3)(C(F)(F)F)C(F)(F)F)cc2)cc1,-0.7729707378798635
*Oc1c(C)cc(C2(c3cc(C)c(OC(=O)c4cc(C(*)=O)cc(C(C)(C)C)c4)c(C)c3)c3ccccc3-c3ccccc32)cc1C,0.8162412999917831
*c1ccc(NC(=O)C(F)(F)C(F)(F)C(F)(F)C(F)(F)C(F)(F)C(F)(F)C(=O)Nc2ccc(N3C(=O)c4ccc(C(c5ccc6c(c5)C(=O)N(*)C6=O)(C(F)(F)F)C(F)(F)F)cc4C3=O)cc2)cc1,-0.769551078621726
*Nc1ccc(C(c2ccc(NC(=O)c3cccc(C(*)=O)c3)cc2)(C(F)(F)F)C(F)(F)F)cc1,-0.7825160557860937
*c1ccc(Sc2ccc(N3C(=O)c4ccc(-c5ccc6c(c5)C(=O)N(*)C6=O)cc4C3=O)cc2)cc1,-1.785156151952302
*Oc1c(C)cc(-c2cc(C)c(Oc3ccc(S(=O)(=O)c4ccc(*)cc4)cc3)c(C)c2C)c(C)c1C,-0.025949097207122653
*c1ccc2c(c1)C(=O)c1cc(N3C(=O)c4ccc(C(c5ccc6c(c5)C(=O)N(*)C6=O)(C(F)(F)F)C(F)(F)F)cc4C3=O)ccc1-2,-0.889410289700751
*C(=C(*)c1cccc(O)c1)c1ccc(C(C)(C)C)cc1,2.690196080028514
*CCC[Si](*)(C)C,0.9242792860618817
*N=P(*)(Oc1ccc(Br)cc1)Oc1ccc(Br)cc1,-0.4559319556497244
*Oc1c(C)cc(C(C)(C)c2cc(C)c(OC(=O)c3cccc(C(*)=O)c3)c(C)c2)cc1C,-0.30016227413275426
*N=P(*)(OCC(C)C)OCC(C)C,1.9943171526696368
*C=C(*)c1ccccc1[Ge](C)(C)C,1.8388490907372552
*CC(O)COc1ccc(C(C)(C)c2ccc(O*)cc2)cc1,-1.709965388637482
*CC(*)C(=O)OCCCCCCCCCCCCCC,1.813580988568192
*Nc1ccc(NC(=O)c2ccc3c(c2)C(C)(C)CC3(C)c2ccc(C(*)=O)cc2)cc1,-0.744727494896694
*O[Si](C)(C)c1cccc([Si](*)(C)C)c1,2.0253058652647704
*c1ccc(C(c2ccc(C3=NC4C=C(c5ccc6nc(*)oc6c5)C=CC4O3)cc2)(C(F)(F)F)C(F)(F)F)cc1,0.9132839017604184
*=CC1OC(C=*)C2C(=O)N(c3c(F)c(F)c(F)c(F)c3F)C(=O)C12,0.05307844348341968
*c1cc(C)c2c(c1)CN1CN2Cc2c1ccc(N1C(=O)c3ccc(C(c4ccc5c(c4)C(=O)N(*)C5=O)(C(F)(F)F)C(F)(F)F)cc3C1=O)c2C,0.5185139398778874
*Oc1ccc(C(=C(Cl)Cl)c2ccc(OC(*)=O)cc2)cc1,-0.5662301660751342
*c1ccc(Oc2ccc(N3C(=O)c4ccc(Oc5ccc6c(c5)C(=O)N(*)C6=O)cc4C3=O)cc2)cc1,-2.0
*c1c(C)cc(Cc2cc(C)c(N3C(=O)c4ccc(-c5ccc6c(c5)C(=O)N(*)C6=O)cc4C3=O)c(C)c2)cc1C,-0.08724669632867703
*c1ccc(C(=C(Cl)Cl)c2ccc(*)cc2)cc1,-0.638272163982407
*C(C)=C(*)CCCCCC,1.806179973983887
*Oc1ccc(C2(c3ccc(OC(*)=O)cc3)CCCCC2)cc1,-1.0369208393581728
*c1cccc(-c2nnc(*)n2-c2ccccc2)c1,-1.3089185078770316
*Nc1ccc(S(=O)(=O)c2ccc(NC(=O)c3cccc(C(*)=O)c3)cc2)cc1,-1.853871964321762
*Oc1ccc(-c2ccc(Oc3c(F)c(F)c(COC(c4cccc(C(OCc5c(F)c(F)c(*)c(F)c5F)(C(F)(F)F)C(F)(F)F)c4)(C(F)(F)F)C(F)(F)F)c(F)c3F)cc2)cc1,-0.46852108295774486
*C(=C(*)c1ccc2c(ccc3ccccc32)c1)c1ccc([Si](C)(C)C)cc1,2.6989700043360187
*Oc1ccc(N2CCC3(CCC(=O)N3c3ccc(Oc4c(F)c(F)c(COC(c5cccc(C(OCc6c(F)c(F)c(*)c(F)c6F)(C(F)(F)F)C(F)(F)F)c5)(C(F)(F)F)C(F)(F)F)c(F)c4F)cc3)C2=O)cc1,-0.6020599913279624
*NC(=O)c1ccc(C(c2ccc(C(=O)O)c(C(=O)Nc3cc(Oc4ccc(*)c(N)c4)ccc3N)c2)(C(F)(F)F)C(F)(F)F)cc1C(=O)O,-1.0604807473813815
*Oc1ccc(C(C)(C)c2ccc(OC(=O)c3cccc(C(*)=O)c3)c(C)c2)cc1C,-1.3472703039307525
*C(C)=C(*)[Si](C)(C)CCCC,1.2304489213782739
*Oc1ccc(C(=O)c2ccc(Oc3c(C)cc(-c4cc(C)c(*)c(C)c4)cc3C)cc2)cc1,0.009025742086910208
*O[Si](*)(C)c1ccccc1,1.5563025007672873
*c1ccc(Sc2ccc(N3C(=O)c4ccc(C(c5ccc6c(c5)C(=O)N(*)C6=O)(C(F)(F)F)C(F)(F)F)cc4C3=O)cc2)cc1,-0.1804560644581313
*c1ccc(-c2ccc(Oc3ccc(C4(c5ccc(Oc6ccc(-c7ccc(N8C(=O)c9ccc(Oc%10ccc%11c(c%10)C(=O)N(*)C%11=O)cc9C8=O)cc7)cc6C(F)(F)F)cc5)c5ccccc5-c5ccccc54)cc3)c(C(F)(F)F)c2)cc1,0.01703333929878037
*c1c(C)cc(Cc2cc(C)c(-n3c(=O)c4cc5c(=O)n(*)c(=O)c5cc4c3=O)c(C)c2)cc1C,0.9143431571194408
*c1ccc2c(c1)C1(c3ccccc3-2)c2ccccc2-c2ccc(N3C(=O)c4cc5c(cc4C3=O)OC3C=C4C(=CC3O5)C(C)(C)CC43CC(C)(C)c4cc5oc6cc7c(=O)n(*)c(=O)c7cc6oc5cc43)cc21,1.6138418218760693
*c1c(C)c(C)c(N2C(=O)c3cc4c(cc3C2=O)C2(CC(C)(C)c3cc5c(cc32)C(=O)N(*)C5=O)CC4(C)C)c(C)c1C,2.591064607026499
*c1cccc(S(=O)(=O)c2cccc(N3C(=O)c4ccc(C(c5ccc6c(c5)C(=O)N(*)C6=O)(C(F)(F)F)C(F)(F)F)cc4C3=O)c2)c1,-1.3521282346937684
*c1ccc(N2C(=O)c3ccc(C(c4ccc5c(c4)C(=O)N(*)C5=O)(C(F)(F)F)C(F)(F)F)cc3C2=O)cc1,-0.6668887367245784
*c1c(C)cc(C)c(N2C(=O)c3ccc(C(c4ccc5c(c4)C(=O)N(*)C5=O)(C(F)(F)F)C(F)(F)F)cc3C2=O)c1C,1.290479813330673
*c1ccc(Oc2cccc(N3C(=O)c4ccc(C(c5ccc6c(c5)C(=O)N(*)C6=O)(C(F)(F)F)C(F)(F)F)cc4C3=O)c2)cc1,-0.9030899869919435
*c1ccc(C(c2ccc(-c3nnc(*)o3)cc2)(C(F)(F)F)C(F)(F)F)cc1,0.44560420327359757
*C(=C(*)c1ccc(-c2ccccc2)cc1)c1ccccc1,2.230448921378274
*Oc1c(C)cc(C(C)(C)c2cccc(C(C)(C)c3cc(C)c(Oc4ccc(S(=O)(=O)c5ccc(*)cc5)cc4)c(C)c3)c2)cc1C,-0.5528419686577808
*C(=C(*)c1ccc2c(c1)C(C)(C)CC2(C)C)c1ccc(F)c(F)c1,4.544068044350276
*=CC1CC(C=*)C(C(F)(F)F)(C(F)(F)F)C1(F)F,1.0519239160461065
*c1ccc(-c2ccc(Oc3ccc4c(c3)C(C)(c3ccc(Oc5ccc(-c6ccc(N7C(=O)c8ccc(Oc9ccc(C(C)(C)c%10ccc(Oc%11ccc%12c(c%11)C(=O)N(*)C%12=O)cc%10)cc9)cc8C7=O)cc6)cc5C(F)(F)F)cc3)CC4(C)C)c(C(F)(F)F)c2)cc1,0.13987908640123647
*CC(*)c1ccncc1,-0.8446639625349383
*c1ccc(Oc2ccc(Oc3ccc(Oc4ccc(N5C(=O)c6ccc(C(c7ccc8c(c7)C(=O)N(*)C8=O)(C(F)(F)F)C(F)(F)F)cc6C5=O)cc4)cc3)cc2)cc1,-0.6675615400843947
*Oc1ccc(-c2ccc(Oc3ccc(S(=O)(=O)c4ccc(*)cc4)cc3)cc2)cc1,-0.5934598195660448
*c1cc(C)c(Cc2cc(C)c(N3C(=O)c4ccc(Oc5ccc(Oc6ccc7c(c6)C(=O)N(*)C7=O)cc5)cc4C3=O)cc2C)cc1C,-1.3990271043132518
*OCC(*)CCl,-0.1824346304402192
*Oc1ccc(C(C)(C)c2ccc(OC(=O)c3ccc(C(*)=O)cc3)c(C)c2)cc1C,-0.769551078621726
*Oc1cc(C)c(C2(c3cc(C(C)C)c(Oc4ccc(S(=O)(=O)c5ccc(*)cc5)cc4)cc3C)OC(=O)c3ccccc32)cc1C(C)C,-0.032452023781137915
*C[Si](*)(C)C,2.113943352306837
*Oc1c(C)cc(C(C)(C)c2cc(C)c(OC(*)=O)c(C)c2)cc1C,-0.05060999335508721
*/C(=C(/*)c1ccc([Si](c2ccccc2)(c2ccccc2)c2ccccc2)cc1)c1ccccc1,0.7466341989375788
*N=P(N=P(*)(Cl)Oc1cc(C(C)C)cc(C(C)C)c1)(Oc1cc(C(C)C)cc(C(C)C)c1)Oc1cc(C(C)C)cc(C(C)C)c1,0.6989700043360189
*c1ccc2c(c1)C1c3ccccc3C2c2ccc(N3C(=O)c4ccc(C(c5ccc6c(c5)C(=O)N(*)C6=O)(C(F)(F)F)C(F)(F)F)cc4C3=O)cc21,0.46982201597816303
*c1c(C)cc(-c2cc(C)c(N3C(=O)c4ccc(Oc5cc(C(C)(C)C)c(Oc6ccc7c(c6)C(=O)N(*)C7=O)cc5C(C)(C)C)cc4C3=O)c(C)c2)cc1C,0.7481880270062004
*=CC1CC(C=*)C2C(=O)N(C3CCCC3)C(=O)C12,-0.26760624017703144
*Oc1ccc(C2(c3ccc(Oc4ccc(S(=O)(=O)c5ccc(*)cc5)cc4)cc3)NC(=O)c3ccccc32)cc1,-1.1674910872937636
*c1ccc(C(c2ccc(N3C(=O)c4ccc(C(c5ccc6c(c5)C(=O)N(*)C6=O)(C(F)(F)F)C(F)(F)F)cc4C3=O)cc2)(C(F)(F)F)C(F)(F)F)cc1,0.2074727894810137
*C(C)=C(*)[Si](C)(C)CC,3.0791812460476247
*C=C(*)[Si](C)(C)C,1.1903316981702914
*c1ccc(-c2ccc(N3C(=O)c4ccc(C(c5ccc6c(c5)C(=O)N(*)C6=O)(C(F)(F)F)C(F)(F)F)cc4C3=O)c(O)c2)cc1O,-1.250263684430939
*Oc1ccc(C(C)(C)c2ccc(Oc3ccc(S(=O)(=O)c4ccc(*)cc4)cc3)c(C)c2)cc1C,-1.1511952989481962
*CC(*)C(=O)OCCCCCCCCCCCCCCCCCC,1.958085848521085
*c1ccc(Cc2ccc(N3C(=O)c4ccc(-c5ccc6c(c5)C(=O)N(*)C6=O)cc4C3=O)c(Cl)c2)cc1Cl,-1.785156151952302
*c1cc(C)c(Oc2cc(C)c(*)c(C)c2)c(C)c1C(=O)c1ccccc1,-0.022276394711152253
*C(=C(*)c1cccc(O[Si](C)(C)C(C)(C)C)c1)c1ccc([Si](C)(C)C)cc1,3.041392685158225
*Nc1ccc(C(c2ccc(NC(=O)c3ccc(Oc4cc(C(C)(C)C)c(Oc5ccc(C(*)=O)cc5)cc4C(C)(C)C)cc3)cc2)(C(F)(F)F)C(F)(F)F)cc1,0.146128035678238
*c1ccc(Sc2ccc(Sc3ccc(Sc4ccc(Sc5ccc(N6C(=O)c7ccc(C(c8ccc9c(c8)C(=O)N(*)C9=O)(C(F)(F)F)C(F)(F)F)cc7C6=O)cc5)cc4)cc3)cc2)cc1,-0.585026652029182
*Oc1ccc(C(C)(C)c2ccc(C(C)(C)c3ccc(Oc4ccc(S(=O)(=O)c5ccc(*)cc5)cc4)cc3)cc2)cc1,-0.46852108295774486
*Oc1cc(C)c(C2(c3cc(C)c(Oc4ccc(S(=O)(=O)c5ccc(*)cc5)cc4)cc3C)OC(=O)c3ccccc32)cc1C,-0.6478174818886375
*c1ccc(-c2ccc(Oc3ccc(C4(c5ccc(Oc6ccc(-c7ccc(N8C(=O)c9ccc(C(c%10ccc%11c(c%10)C(=O)N(*)C%11=O)(C(F)(F)F)C(F)(F)F)cc9C8=O)cc7)cc6C(F)(F)F)cc5)c5ccccc5-c5ccccc54)cc3)c(C(F)(F)F)c2)cc1,0.12710479836480765
*c1ccc(-c2cc(C)c(-c3ccc(*)c(C)c3)cc2C)cc1C,0.04139268515822508
*Oc1cc(C)c(C2(c3cc(C(C)C)c(Oc4ccc(C(=O)c5ccc(*)cc5)cc4)cc3C)OC(=O)c3ccccc32)cc1C(C)C,0.037426497940623665
*CC(*)C(=O)OCC,1.173186268412274
*Oc1ccc2c(c1)C1(CC2(C)C)CC(C)(C)c2ccc(Oc3ccc4c(c3)C(=O)N(c3cccc(N5C(=O)c6ccc(*)cc6C5=O)c3)C4=O)cc21,-0.8096683018297085
*c1nc2ccc(-c3ccc4nc(*)oc4c3)cc2o1,0.2304489213782739
*c1c(C)cc(-c2cc(C)c(-c3cc(C)c(*)c(C)c3)cc2C)cc1C,1.1760912590556813
*c1ccc(-c2ccc(Oc3ccc(C4(c5cccc(Oc6ccc(-c7ccc(N8C(=O)c9ccc(Oc%10ccc(C(C)(C)c%11ccc(Oc%12ccc%13c(c%12)C(=O)N(*)C%13=O)cc%11)cc%10)cc9C8=O)cc7)cc6C(F)(F)F)c5)c5ccccc5C(=O)N4c4ccccc4)cc3)c(C(F)(F)F)c2)cc1,-0.07572071393811836
*c1ccc2c(c1)C1(c3ccccc3-2)c2ccccc2-c2ccc(-n3c(=O)c4cc5c(=O)n(*)c(=O)c5cc4c3=O)cc21,0.9590413923210935
*Oc1ccc(C(c2ccc(Oc3ccc(S(=O)(=O)c4ccc(*)cc4)cc3)cc2)(C(F)(F)F)C(F)(F)F)cc1,-0.2622774066719645
*C=C(*)C(C)(C)C,2.0881360887005513
*c1ccc(Oc2cccc(-n3c(=O)c4cc5c(=O)n(*)c(=O)c5cc4c3=O)c2)cc1,-1.58838029403677
*c1ccc(-c2nc3cc(C(c4ccc5oc(*)nc5c4)(C(F)(F)F)C(F)(F)F)ccc3o2)cc1,0.146128035678238
*C1C2CC(CCCCCCCCCC)C(C2)C1*,1.4487063199050798
*=CC1CC(C=*)C2C(=O)N(c3cc(C(F)(F)F)cc(C(F)(F)F)c3)C(=O)C12,0.631443769013172
*Oc1ccc(S(=O)(=O)c2ccc(Oc3c(C)cc(C(C)(C)c4cccc(C(C)(C)c5cc(C)c(*)c(C)c5)c4)cc3C)cc2)cc1,-0.5528419686577808
*c1ccc(C(c2ccc(N3C(=O)c4ccc(C(=O)c5ccc6c(c5)C(=O)N(*)C6=O)cc4C3=O)cc2)(C(F)(F)F)C(F)(F)F)cc1,-0.7189666327522725
*Oc1ccc(C(C)(C)c2ccc(OC(=O)c3ccc(C(*)=O)cc3)cc2)cc1,-0.23762157068803588
*CC(*)OC(=O)c1ccc(C)cc1,-0.3798639450262425
*c1c(C)cc(C)c2c1CN1CN2Cc2c1c(C)cc(C)c2N1C(=O)c2ccc(C(c3ccc4c(c3)C(=O)N(*)C4=O)(C(F)(F)F)C(F)(F)F)cc2C1=O,1.3891660843645324
*Oc1ccc(C(C)(C)c2cccc(Oc3ccc(S(=O)(=O)c4ccc(*)cc4)cc3)c2)cc1,-1.2839966563652008
*C(=C(*)c1ccc(C(C)(C)C)cc1)c1ccc(O[Si](C)(C)C(C)(C)C)cc1,2.7323937598229686
*c1ccc(N(c2ccc(N3C(=O)c4ccc(C(c5ccc6c(c5)C(=O)N(*)C6=O)(C(F)(F)F)C(F)(F)F)cc4C3=O)cc2)c2ccc(N(c3ccccc3)c3ccccc3)cc2)cc1,0.09342168516223506
*N=P(*)(OCCCC)OCCCC,2.292256071356476
*C(F)(F)C(*)(F)F,1.0
*CC(*)c1ccc(C)cc1,0.3424226808222063
*C(=C(*)c1ccc(C(C)(C)C)cc1)c1ccc(O)cc1,1.662757831681574
*c1ccc2c(c1)C(=O)n1c-2nc2cc(-c3ccc4c(c3)nc3n4C(=O)c4cc(C(*)(C(F)(F)F)C(F)(F)F)ccc4-3)ccc21,0.9084850188786497
*Oc1ccc(C2(c3ccc(Oc4ccc(S(=O)(=O)c5ccc(*)cc5)cc4)c(C)c3)OC(=O)c3ccccc32)cc1C,-1.138465589140962
*c1nc2cc(C(c3ccc4oc(*)nc4c3)(C(F)(F)F)C(F)(F)F)ccc2o1,2.161368002234975
*c1ccc2c(c1)C1(CC2(C)C)CC(C)(C)c2ccc(N3C(=O)c4cc5c(cc4C3=O)C3(CC(C)(C)c4cc6c(cc43)C(=O)N(*)C6=O)CC5(C)C)cc21,2.110589710299249
*c1c(C)cc(-c2cc(C)c(N3C(=O)c4cc5c(cc4C3=O)C3(C)c4ccccc4C5(C)c4cc5c(cc43)C(=O)N(*)C5=O)c3ccccc23)c2ccccc12,2.271841606536499
*c1ccc(N2C(=O)c3ccc([Si](C)(C)c4ccc5c(c4)C(=O)N(*)C5=O)cc3C2=O)cc1,-1.193820026016113
*Nc1ccc(C(C)(C)c2ccc(NC(=O)c3ccc(Oc4cc(C(C)(C)C)c(Oc5ccc(C(*)=O)cc5)cc4C(C)(C)C)cc3)c(C)c2)cc1C,-0.045757490560675115
*Oc1c(Br)cc(C(C)(C)c2cc(Br)c(OC(=O)c3cccc(C(*)=O)c3)c(Br)c2)cc1Br,-0.8477116556169435
*C(=C(*)c1ccc([Si](C)(C)C)cc1)c1ccccc1,3.1856365769619117
*c1ccc(N(c2ccccc2)c2ccc(N3C(=O)c4ccc(C(=O)c5ccc6c(c5)C(=O)N(*)C6=O)cc4C3=O)cc2)cc1,-1.031517051446065
*=CC1CC(C=*)C(F)(OC(F)(F)C(F)(F)C(F)(F)F)C1(F)F,1.255272505103306
*c1c(O)ccc2c1CN1CN2Cc2c1ccc(O)c2N1C(=O)c2ccc(C(c3ccc4c(c3)C(=O)N(*)C4=O)(C(F)(F)F)C(F)(F)F)cc2C1=O,-0.036212172654444715
*Oc1ccc(Oc2cccc(*)c2C#N)c(-c2cccc(C(F)(F)F)c2)c1,-1.0457574905606752
*CC(*)c1ccc([Si](C)(C)C)cc1,1.5314789170422551
*OC(=O)Oc1ccc(C2(c3ccc(*)cc3)c3ccccc3-c3ccccc32)cc1,-0.2358238676096693
*Sc1ccc(*)cc1,-1.281221602310429
*C(=C(*)c1ccc2c(c1)C(C)(C)c1cc(Br)ccc1-2)c1ccccc1,3.4771212547196626
*Oc1ccc(C(C)(C)c2ccc(OC(=O)c3cc(C(*)=O)cc(C(C)(C)C)c3)cc2)cc1,0.1553360374650618
*N=P(*)(OC(C)CC)OC(C)CC,1.5921767573958667
*C(=C(*)c1ccc(-c2ccc([Si](C)(C)C)cc2)cc1)c1ccccc1,2.6532125137753435
*c1ccc(Oc2ccc(ON3C(=O)c4ccc(C(c5ccc6c(c5)C(=O)N(*)C6=O)(C(F)(F)F)C(F)(F)F)cc4C3=O)c3c2C2c4ccccc4C3c3ccccc32)cc1,-0.431798275933005
*c1ccc(C)c(-c2cc(C)c(-c3cc(*)ccc3C)cc2C)c1,0.2787536009528289
*O[Si](*)(C)CCCCCCCC,2.4955443375464483
*c1ccc(Oc2ccc(ON3C(=O)c4ccc(C(c5ccc6c(c5)C(=O)N(*)C6=O)(C(F)(F)F)C(F)(F)F)cc4C3=O)c3c2C2c4ccccc4C3c3ccccc32)cc1C,-0.638272163982407
*c1ccc(Oc2ccc(N3C(=O)c4cc(Oc5ccc(C(C)(C)C)cc5)c(-c5cc6c(cc5Oc5ccc(C(C)(C)C)cc5)C(=O)N(*)C6=O)cc4C3=O)cc2)cc1,0.49968708261840383
*c1ccc(Oc2ccc(N3C(=O)c4ccc([Si](C)(C)c5ccc6c(c5)C(=O)N(*)C6=O)cc4C3=O)cc2)cc1,-0.7931741239681502
*c1ccc(Cc2ccc(N3C(=O)c4ccc(Oc5ccc(Oc6ccc7c(c6)C(=O)N(*)C7=O)cc5)cc4C3=O)cc2)cc1,-1.6536470255493614
*c1ccc(Oc2ccc(-c3cccc(-c4ccc(Oc5ccc(N6C(=O)c7ccc(C(c8ccc9c(c8)C(=O)N(*)C9=O)(C(F)(F)F)C(F)(F)F)cc7C6=O)cc5)c(C(F)(F)F)c4)n3)cc2C(F)(F)F)cc1,0.290034611362518
*Oc1ccc(-c2cncc(-c3ccc(Oc4ccc(C5(c6ccc(*)cc6)c6ccccc6-c6ccccc65)cc4)c(C(F)(F)F)c3)c2)cc1C(F)(F)F,0.25527250510330607
*Oc1ccc(C(C)(C)c2ccc(OC(=O)c3cc(C(*)=O)cc(C(C)(C)C)c3)c(C(C)C)c2)cc1C(C)C,0.1553360374650618
*C(C)=C(*)[Si](C)(C)c1ccccc1,0.2304489213782739
*c1ccc(-c2ccc(Oc3ccc4c(c3)C3(CC4(C)C)CC(C)(C)c4ccc(Oc5ccc(-c6ccc(N7C(=O)c8ccc(C(c9ccc%10c(c9)C(=O)N(*)C%10=O)(C(F)(F)F)C(F)(F)F)cc8C7=O)cc6)cc5C(F)(F)F)cc43)c(C(F)(F)F)c2)cc1,0.08278537031645007
*c1ccc(-c2ccc(Oc3ccc(C4(c5ccc(Oc6ccc(-c7ccc(N8C(=O)c9ccc(C(=O)c%10ccc%11c(c%10)C(=O)N(*)C%11=O)cc9C8=O)cc7)cc6C(F)(F)F)cc5)c5ccccc5-c5ccccc54)cc3)c(C(F)(F)F)c2)cc1,-0.026872146400301365
*c1ccc2c(c1C)N1Cc3c(ccc(N4C(=O)c5ccc(C(c6ccc7c(c6)C(=O)N(*)C7=O)(C(F)(F)F)C(F)(F)F)cc5C4=O)c3C)N(C2)C1,0.9030899869919435
*c1cc2c(c(N3C(=O)c4ccc(-c5ccc6c(c5)C(=O)N(*)C6=O)cc4C3=O)c1C)C(C)(C)CC2,1.3783979009481377
*c1ccc(-c2ccc(Oc3ccc(C4(c5ccc(Oc6ccc(-c7ccc(N8C(=O)c9ccc(Oc%10ccc(C(C)(C)c%11ccc(Oc%12ccc%13c(c%12)C(=O)N(*)C%13=O)cc%11)cc%10)cc9C8=O)cc7)cc6C(F)(F)F)cc5)c5ccccc5-c5ccccc54)cc3)c(C(F)(F)F)c2)cc1,0.004321373782642578
*Oc1ccc(Cc2ccc(Oc3ccc(S(=O)(=O)c4ccc(*)cc4)cc3)cc2)cc1,-0.7235381958267558
*c1ccc(-c2ccc(Oc3ccc4c(c3)C(C)(c3ccc(Oc5ccc(-c6ccc(N7C(=O)c8ccc(C(c9ccc%10c(c9)C(=O)N(*)C%10=O)(C(F)(F)F)C(F)(F)F)cc8C7=O)cc6)cc5C(F)(F)F)cc3)CC4(C)C)c(C(F)(F)F)c2)cc1,0.20951501454263097
*C(=O)c1ccc(C2(c3ccc(C(=O)c4ccc(Oc5ccc(C(=O)c6ccc(Oc7ccc(*)cc7)cc6)cc5)cc4)cc3)OC(=O)c3ccccc32)cc1,-1.0
*c1cc2c(cc1C)-c1cc(C)c(N3C(=O)c4ccc(S(=O)(=O)c5ccc6c(c5)C(=O)N(*)C6=O)cc4C3=O)cc1S2(=O)=O,-0.638272163982407
*c1ccc2c(c1)C(=O)N(c1ccc(Oc3ccc(N4C(=O)c5ccc(*)cc5C4=O)cc3)cc1)C2=O,-1.5228787452803376
*Oc1c(Br)cc(C2(c3cc(Br)c(OC(=O)c4cccc(C(*)=O)c4)c(Br)c3)c3ccccc3-c3ccccc32)cc1Br,-0.24641694110709345
*C(C)=C(*)SCCCCCCCCCC,1.7634279935629373
*c1c(C)cc2c(c1C)CN1CN2Cc2c1cc(C)c(N1C(=O)c3cc4c(cc3C1=O)C1(CC(C)(C)c3cc5c(cc31)C(=O)N(*)C5=O)CC4(C)C)c2C,2.7715874808812555
*Oc1ccc(Oc2ccc(C(=O)c3ccc(*)cc3)cc2)c(-c2cc(C)cc(C)c2)c1,-1.3010299956639813
*OC(=O)Oc1c(Cl)cc(C(C)(C)c2cc(Cl)c(*)c(Cl)c2)cc1Cl,-0.6516951369518393
*Oc1ccc(-c2ccc3c(c2)C(C)(C)c2cc(-c4ccc(OC(=O)c5cccc(C(*)=O)c5)cc4)ccc2C3=O)cc1,-0.4762535331884355
*Oc1ccc(C(c2ccc(Oc3ccc(C(=O)c4ccc(C(C)(C)c5ccc(C(=O)c6ccc(*)cc6)cc5)cc4)cc3)cc2)(C(F)(F)F)C(F)(F)F)cc1,-0.4621809049267259
*Oc1cc(C)c(C(c2cc(C(C)C)c(Oc3ccc(C(=O)c4ccc(*)cc4)cc3)cc2C)c2ccccc2C(=O)O)cc1C(C)C,0.13033376849500614
*Oc1ccc(C(C)(C)c2ccc(OC(=O)c3cccc(C(*)=O)c3)cc2)cc1,-0.5287082889410615
*N=P(*)(OCCOCCOC)OCCOCCOC,1.0413926851582251
*Oc1ccc(S(=O)(=O)c2ccc(Oc3ccc(C(C)(c4ccccc4)c4ccc(*)cc4)cc3)cc2)cc1,-0.494850021680094
*C(Cl)=C(*)c1ccccc1,0.414973347970818
*C1C2CCC(C2)C1*,0.414973347970818
*c1cc(C)c(Oc2cc(C)c(*)c(C)c2)c(C)c1C(=O)c1ccc(Br)cc1,0.05307844348341968
*C(C)=C(*)CCC(C)C,2.0492180226701815
*c1cc(C)c(C)c(N2C(=O)c3ccc(Oc4ccc(C)cc4Oc4ccc5c(c4)C(=O)N(*)C5=O)cc3C2=O)c1C,-0.24412514432750865
*Nc1ccc(S(=O)(=O)c2ccc(NC(=O)c3cc(C(*)=O)cc(-c4ccccc4)c3)cc2)cc1,-0.958607314841775
*c1ccc(Oc2ccc(C(c3ccc(Oc4ccc(N5C(=O)c6ccc(C(=O)c7ccc8c(c7)C(=O)N(*)C8=O)cc6C5=O)cc4)cc3)(C(F)(F)F)C(F)(F)F)cc2)cc1,-0.978810700930062
*Oc1ccc(C2(c3ccc(OC(=O)c4cccc(C(*)=O)c4)cc3)OC(=O)c3ccccc32)cc1,-0.6020599913279624
*Nc1c(C)cc(C(C)(C)c2cc(C)c(NC(=O)c3ccc(Oc4cc(C(C)(C)C)c(Oc5ccc(C(*)=O)cc5)cc4C(C)(C)C)cc3)c(C)c2)cc1C,0.35024801833416286
