SMILES,refractive_index
*c1ccc(-n2c(=O)c3cc4c(=O)n(*)c(=O)c4cc3c2=O)c(C)c1,1.552922196
*CC(*)C(=O)Oc1ccccc1C(=O)OCC,1.524993858
*CC(*)c1c(Cl)cccc1Cl,1.562200336
*c1ccc(Oc2ccc(N3C(=O)c4cccc(Oc5cccc6c5C(=O)N(*)C6=O)c4C3=O)cc2)cc1,1.642205829
*CC(*)C(=O)OCC,1.454803349
*CC(*)c1ccc(S(=O)(=O)OCCC)cc1,1.515136043
*CC(*)c1ccc(Cl)c(C)c1,1.550564986
*CCCCCCCCC(=O)N*,1.47658409
*CC(*)C(=O)OCCc1ccccc1,1.535158728
*CC(*)Cc1cc(C)ccc1C,1.540076079
*CCCCCC(=O)N*,1.487856956
*CC(*)c1cccc(Cl)c1,1.570014729
*CC(*)C(=O)OCC(C)O,1.472076432
*CC(*)OCC(C)(C)C,1.440490298
*CC(*)c1ccc(OCCC)cc1,1.540317076
*CC(*)C(=O)OCCCCCCCC,1.454028734
*CC(*)c1cc(Br)ccc1OC(C)C,1.520695343
*CC(*)(C)C(=O)OCc1cccc(Cl)c1Cl,1.527475457
*c1cc(C(c2ccc(O)c(N3C(=O)c4ccc(Oc5ccc6c(c5)C(=O)N(*)C6=O)cc4C3=O)c2)(C(F)(F)F)C(F)(F)F)ccc1O,1.554693124
*CCCCCCOC(=O)CCCCCCCCC(=O)O*,1.459521721
*c1ccc(NC(=O)CCCCC(=O)Nc2ccc(S(*)(=O)=O)cc2)cc1,1.624648042
*CC(*)CCCC1CCCCC1,1.470894587
*CC(*)c1cc(Br)ccc1OC,1.545112955
*CC(*)OC(=O)c1cccnc1,1.563919125
*CC(*)OC(=O)c1ccc(Br)cc1,1.590541982
*CC(*)P(=O)(c1ccccc1)c1ccccc1,1.581205257
*c1cccc(P(=O)(c2cccc(-n3c(=O)c4c(-c5ccccc5)c5c(=O)n(*)c(=O)c5c(-c5ccccc5)c4c3=O)c2)c2cc(C(F)(F)F)cc(C(F)(F)F)c2)c1,1.546950394
*CC(*)c1ccncc1,1.575878627
*CC(*)C(=O)c1ccc(C)c(C)c1,1.563578753
*CC*,1.512318548
*CC(*)C(=O)OCC(F)(F)F,1.394285931
*CCCCCCNC(=O)N*,1.478166117
*Oc1cc(C(C)(C)C)c(Oc2ccc(C(=O)Nc3ccc(C(C)(C)c4ccc(NC(=O)c5ccc(*)cc5)cc4)cc3)cc2)cc1C(C)(C)C,1.595495994
*CCCCCCN(C)C(=O)CCCCC(=O)N(*)C,1.471648085
*CC(*)C(=O)OC1CCCCC1,1.452690784
*Oc1ccc(S(=O)(=O)c2ccc(OC(=O)c3ccccc3/C=C/c3ccc(/C=C/c4ccccc4C(*)=O)cc3)cc2)cc1,1.701241317
*CC(*)c1cc(C)ccc1F,1.523908365
*CCc1ccc(*)c(C)c1,1.587998671
*c1ccc(N2C(=O)c3ccc(Oc4ccc5c(c4)C(=O)N(*)C5=O)cc3C2=O)cc1,1.662539778
*CC(*)c1ccc(C(C)(O)CCCC)cc1,1.5150465
*CCCCCOC(=O)c1ccc2cc(C(=O)O*)ccc2c1,1.60470978
*CCOC(=O)c1cccc2c(C(=O)O*)cccc12,1.642244096
*Oc1ccc(C(C)(C)c2ccc(OC(=O)SCCCCCCSC(*)=O)cc2)cc1,1.553665524
*CC(*)C(=O)Oc1ccc(C(=O)OC)cc1,1.546828918
*CCCC(*)(C)C,1.46599784
*CC(*)C(=O)Oc1ccc(C(=O)OCCCC)cc1,1.530144405
*CC(*)C(C)CC,1.447218134
*c1ccc(Cc2ccc(N3C(=O)C4CCC5C(=O)N(*)C(=O)C5C4C3=O)c(C)c2)cc1C,1.524126315
*CC1(*)CCC(C)CC1,1.448491309
*CCCCCCCCCCCCNC(=O)CCCCCCCCCCC(=O)N*,1.455835976
*Oc1ccc(C(C)(CCC#N)c2ccc(OC(*)=O)cc2)cc1,1.553442611
*C1C2CC(C)C(C2)C1*,1.459347936
*Oc1ccc(S(=O)(=O)c2ccc(*)cc2)cc1,1.605589302
*CC(*)c1ccccc1OC,1.544147358
*CC(*)c1ccc(Br)cc1,1.587087768
*c1ccc(-c2ccc(-n3c(=O)c4cc5c(=O)n(*)c(=O)c5cc4c3=O)cc2)cc1,1.63587423
*CCCCCCCCCCC(=O)N(*)C,1.479053358
*c1ccc(Oc2ccc(-n3c(=O)c4cc5c(=O)n(*)c(=O)c5cc4c3=O)cc2)cc1,1.664290328
*C1CCC(CC2CCC(N3C(=O)C4C5C=CC(C6C(=O)N(*)C(=O)C56)C4C3=O)CC2)CC1,1.483116482
*C(=O)Nc1cccc(NC(=O)c2ccc(N3C(=O)c4ccc(*)cc4C3=O)cc2)c1,1.70982335
*c1ccc(S(=O)(=O)c2ccc(N3C(=O)c4ccc(C(=O)c5ccc6c(c5)C(=O)N(*)C6=O)cc4C3=O)cc2)cc1,1.662416477
*CC(*)OC(=O)C(F)(F)C(F)(F)F,1.356419556
*CCCOC(=O)c1ccc2cc(C(=O)O*)ccc2c1,1.631092049
*c1ccc(-c2ccc(N3C(=O)c4ccc(-c5ccc6c(c5)C(=O)N(*)C6=O)cc4C3=O)c(OC)c2)cc1OC,1.612780428
*C(=O)c1ccc2c(c1)C(=O)N(c1ccc(Oc3cc4ccccc4cc3Oc3ccc(N4C(=O)c5ccc(*)cc5C4=O)cc3)cc1)C2=O,1.638397404
*c1ccc(Oc2ccc(N3C(=O)c4ccc(C(c5ccc6c(c5)C(=O)N(*)C6=O)(C(F)(F)F)C(F)(F)F)cc4C3=O)cc2)cc1,1.563665756
*CC(*)(CC(=O)OCCC)C(=O)OCCC,1.43553303
*CCCCCCCC(=O)N*,1.481335922
*CC(*)c1ccccc1COCc1ccccc1,1.590153852
*c1ccc(Oc2ccc(N3C(=O)c4ccc(Oc5ccc6c(c5)C(=O)N(*)C6=O)cc4C3=O)cc2)cc1,1.683667475
*CC(*)Cc1ccccc1,1.580182329
*CC(*)(C)C(C)=O,1.463408798
*c1ccc2c(c1)Cc1cc(N3C(=O)c4ccc(-c5ccc6c(c5)C(=O)N(*)C6=O)cc4C3=O)ccc1-2,1.718093997
*c1ccc(-c2ccc(-c3ccc(N4C(=O)c5ccc(-c6ccc7c(c6)C(=O)N(*)C7=O)cc5C4=O)cc3)cc2)cc1,1.730378697
*C(C)C(*)OCC,1.45195436
*c1ccc2c(c1)C(=O)N(c1cccc(Oc3cccc(Oc4cccc(N5C(=O)c6ccc(C(*)(C(F)(F)F)C(F)(F)F)cc6C5=O)c4)c3)c1)C2=O,1.541083688
*CCCCCNC(=O)O*,1.478104255
*C(=O)NCCNC(=O)c1ccc(N2C(=O)c3ccc(*)cc3C2=O)cc1,1.642217813
*c1ccc(-c2ccc(N3C(=O)c4ccc(-c5cccc6c5C(=O)N(*)C6=O)cc4C3=O)cc2C(F)(F)F)c(C(F)(F)F)c1,1.544879425
*CC(*)C(=O)OC(C)C,1.446654454
*CCCCCCN1C(=O)c2ccc(C(c3ccc4c(c3)C(=O)N(*)C4=O)(C(F)(F)F)C(F)(F)F)cc2C1=O,1.505760409
*Oc1ccc(S(=O)(=O)c2ccc(Oc3ccc(Cc4ccc(*)cc4)cc3)cc2)cc1,1.641950085
*CCCCCCCCCCCCNC(=O)CCCCCCCCCCCCCCCCCCC(=O)N*,1.470519497
*CC(*)c1ccc(CCC)cc1,1.539860743
*c1ccc(Oc2ccc(S(=O)(=O)c3ccc(Oc4ccc(N5C(=O)c6ccc(C(c7ccc8c(c7)C(=O)N(*)C8=O)(C(F)(F)F)C(F)(F)F)cc6C5=O)cc4)cc3)cc2)cc1,1.597941647
*C(F)C(*)(F)F,1.38194746
*Oc1c(C)cc(*)cc1C,1.525201209
*CCOc1ccc(C(=O)OCCOC(=O)c2ccc(O*)cc2)cc1,1.605176045
*c1ccc2c(c1)-c1cc(-c3nc4cc(-c5ccc6[nH]c(*)nc6c5)ccc4[nH]3)ccc1S2(=O)=O,1.731496517
*Oc1ccc(OC(=O)c2ccccc2/C=C/c2ccc(/C=C/c3ccccc3C(*)=O)cc2)cc1,1.764497182
*CC(*)C(=O)OCC(F)(F)C(F)(F)F,1.368996609
*CC(*)c1cc(C)ccc1C,1.532862311
*c1ccc(Oc2ccc(C(C)(C)c3ccc(Oc4ccc(N5C(=O)c6ccc(C(=O)c7ccc8c(c7)C(=O)N(*)C8=O)cc6C5=O)cc4)cc3)cc2)cc1,1.661045514
*CC(*)c1ccccc1F,1.537102881
*c1ccc(Oc2cccc(N3C(=O)c4ccc(-c5cccc6c5C(=O)N(*)C6=O)cc4C3=O)c2)cc1,1.658498912
*CC(*)C(=O)c1ccc(Cl)cc1,1.592356446
*/C(Cl)=C(/*)c1ccccc1,1.579625305
*CC(*)c1ccccc1C(=O)N(C)C,1.521234742
*CCCC=C(*)c1ccc(OC)cc1,1.616505111
*C(C)C(*)O,1.48753536
*Oc1ccc(S(=O)(=O)c2ccc(Oc3c(C)cc(C(c4cc(C)c(*)c(C)c4)(C(F)(F)F)C(F)(F)F)cc3C)cc2)cc1,1.506874668
*Oc1ccc(-c2ccc(OC(=O)CCCCCCC(*)=O)cc2)cc1,1.598825556
*CC(*)c1ccc(C(=O)CCCCCCC)cc1,1.535520847
*Oc1ccc(C(C)(C)c2ccc(OC(=O)Sc3ccc(C(C)(C)c4ccc(SC(*)=O)cc4)cc3)cc2)cc1,1.572302166
*CC(*)C(=O)OCCCCCCC,1.44422107
*Oc1ccc(C(C)(C)c2ccc(OC(*)=O)c(C(C)C)c2)cc1C(C)C,1.497415513
*Oc1ccc(S(=O)(=O)c2ccc(Oc3ccc(C(=O)c4cc(C(=O)c5ccc(*)cc5)cc(C(C)(C)C)c4)cc3)cc2)cc1,1.606985842
*Oc1ccc(S(=O)(=O)c2ccc(Oc3ccc(C(c4ccc(*)cc4)(C(F)(F)F)C(F)(F)F)cc3)cc2)cc1,1.554668455
*Oc1ccc(C(C)(CCC)c2ccc(OC(*)=O)cc2)cc1,1.539474141
*CC(*)(CC(=O)OCc1ccccc1)C(=O)OCc1ccccc1,1.525900821
*CCCCCCN1C(=O)c2ccc(Oc3ccc4c(c3)C(=O)N(*)C4=O)cc2C1=O,1.596058125
*CC(*)c1ccc(C(=O)OC)cc1,1.551015844
*NC(=O)c1ccc(C(=O)Nc2ccc(*)cc2)cc1,1.688999474
*CC(*)CCCCCCCCCO,1.472520369
*c1cccc(-n2c(=O)c3cc4c(=O)n(*)c(=O)c4cc3c2=O)c1C,1.558545508
*C(=O)Oc1ccc(C(C)(C)c2ccc(OC(=O)c3ccc4c(c3)C(=O)N(c3ccc(Oc5ccc(N6C(=O)c7ccc(*)cc7C6=O)cc5)cc3)C4=O)cc2)cc1,1.661233303
*c1ccc(C(C)(C)c2ccc(C(C)(C)c3ccc(N4C(=O)c5ccc(Oc6ccc7c(c6)C(=O)N(*)C7=O)cc5C4=O)cc3)cc2)cc1,1.60985945
*C=CCCCCCC*,1.494409143
*CCCCCCNC(=O)c1cccc(C(=O)N*)c1,1.548539802
*OC(C)CC(*)=O,1.463490139
*CC1CC(*)C(OC(=O)CCCCCCCCCCOc2ccc(-c3ccc(C#N)cc3)cc2)C1OC(=O)CCCCCCCCCCOc1ccc(-c2ccc(C#N)cc2)cc1,1.553571606
*CC(*)c1ccc(CCCC)cc1,1.533829169
*Oc1ccc(S(=O)(=O)c2ccc(Oc3ccc(C(C)(C)c4ccc(*)cc4)cc3[N+](=O)[O-])cc2)cc1,1.588343202
*c1ccc(Cc2ccc(N3C(=O)c4ccc(Oc5ccc(C6(c7ccc(Oc8ccc9c(c8)C(=O)N(*)C9=O)cc7)CCCCCCCCCCC6)cc5)cc4C3=O)cc2)cc1,1.594807145
*CC(*)CCc1ccccc1,1.573324969
*c1ccc2c(c1)C(=O)N(c1ccc(-c3ccc(Oc4ccc5c(c4)C(C)(c4ccc(Oc6ccc(-c7ccc(N8C(=O)c9ccc(C(*)(C(F)(F)F)C(F)(F)F)cc9C8=O)cc7)cc6C(F)(F)F)cc4)CC5(C)C)c(C(F)(F)F)c3)cc1)C2=O,1.591363698
*C(=O)Oc1ccc(C(C)(C)c2ccc(OC(=O)c3ccc4c(c3)C(=O)N(c3ccc(-c5ccc(N6C(=O)c7ccc(*)cc7C6=O)c(C)c5)cc3C)C4=O)cc2)cc1,1.636184478
*C(F)(F)C(*)(F)c1ccccc1,1.474554484
*CC(*)C(=O)c1ccc(OC)cc1,1.586777627
*CC(*)c1ccc(C(=O)C(F)(F)F)cc1,1.507076461
*CC(*)(C)C(=O)OC(C)CC,1.426980635
*CC(*)c1ccc(-c2ccccc2)cc1,1.639100177
*CC(*)C(=O)OC(CC)CC,1.440321234
*Oc1ccc(NC(=O)c2cccc(C(=O)Nc3ccc(*)cc3)c2)cc1,1.687047046
*CC(*)CCCCCCCCCCCCCCCCCCCC,1.456269376
*Oc1ccc(S(=O)(=O)c2ccc(Oc3ccc(C(C)(C)c4ccc(*)c(C(OC)(C(F)(F)F)C(F)(F)F)c4)cc3C(OC)(C(F)(F)F)C(F)(F)F)cc2)cc1,1.449293131
*c1ccc2c(c1)-c1nc3cc(-c4ccc5nc6n(c5c4)C(=O)c4cc(C(*)(C(F)(F)F)C(F)(F)F)ccc4-6)ccc3n1C2=O,1.651368419
*c1cccc(Oc2ccc(N3C(=O)c4ccc(C(c5ccc6c(c5)C(=O)N(*)C6=O)(C(F)(F)F)C(F)(F)F)cc4C3=O)cc2)c1,1.566360904
*CC(*)C(=O)Oc1cccc(C(=O)OCC)c1,1.530828206
*CC(*)OC(=O)c1ccc(C(C)(C)C)cc1,1.52514614
*c1ccc(Oc2ccccc2Oc2ccc(N3C(=O)c4ccc(-c5ccc6c(c5)C(=O)N(*)C6=O)cc4C3=O)cc2)cc1,1.681845994
*Oc1ccc(SC(=O)Oc2ccc(C(C)(C)c3ccc(OC(=O)Sc4ccc(*)cc4)cc3)cc2)cc1,1.644252703
*/C=C(/*)C(C)(C)C,1.44152112
*c1cccc(N2C(=O)c3ccc(Oc4ccc5c(c4)C(=O)N(*)C5=O)cc3C2=O)c1,1.655237953
*c1ccc(Oc2ccc(Oc3ccc(N4C(=O)c5ccc(-c6ccc7c(c6)C(=O)N(*)C7=O)cc5C4=O)cc3)cc2)cc1,1.695846952
*C(F)(F)C(*)(F)OC(F)(F)C(F)(F)F,1.281555613
*CC(*)C(=O)Oc1ccccc1,1.562050473
*/C=C(/*)c1cccc(C#C)c1,1.67481899
*Oc1ccc(Oc2ccc(C(=O)c3ccc(*)cc3)cc2)cc1,1.675128633
*CC(*)OC(=O)c1ccc(CC)cc1,1.546525195
*c1ccc(-c2ccc(-n3c(=O)c4cc5c(=O)n(*)c(=O)c5cc4c3=O)c(OC)c2)cc1OC,1.550618677
*CC(*)c1ccc(C(O)CCN2CCOCC2)cc1,1.550751424
*C(=O)CCCCCCCCC(=O)N1CCN(*)CC1,1.498163027
*c1ccc(Oc2ccc(C(=O)c3ccc(Oc4ccc(C5(*)OC(=O)c6ccccc65)cc4)cc3)cc2)cc1,1.647140694
*c1cccc(P(=O)(c2ccc(C(F)(F)F)cc2)c2cccc(-n3c(=O)c4cc5c(=O)n(*)c(=O)c5cc4c3=O)c2)c1,1.587558918
*c1ccc(Oc2cccc(Oc3ccc(-n4c(=O)c5cc6c(=O)n(*)c(=O)c6cc5c4=O)cc3)c2)cc1,1.691269046
*c1ccc(C(=O)Oc2ccc(-n3c(=O)c4cc5c(=O)n(*)c(=O)c5cc4c3=O)cc2)cc1,1.671981809
*Oc1ccc(C(=O)c2ccc(*)cc2)cc1,1.6467207
*CC(*)CCCCC,1.463341848
*CC(*)CCCCCC,1.464587839
*CC(*)C(=O)OCCCCCC,1.446510084
*CC(*)C(=O)OC(F)(C(F)(F)F)C(F)(F)F,1.335161928
*CC(*)C(=O)Oc1cccc(C(=O)OC)c1,1.539455774
*CC(*)OCCCl,1.510835473
*c1ccc(Oc2ccc(Oc3ccc(N4C(=O)c5ccc(Oc6ccc(C7(c8ccc(Oc9ccc%10c(c9)C(=O)N(*)C%10=O)cc8)CCC(C(C)(C)C)CC7)cc6)cc5C4=O)cc3)c(C(C)(C)C)c2)cc1,1.595054526
*CC(*)OC(=O)C(C)(C)C(C)(C)CC,1.424955609
*CCCCCCOC(=O)O*,1.445724032
*Oc1ccc(SC(=O)Sc2ccc(*)cc2)cc1,1.682682548
*c1ccc(Oc2ccc(N3C(=O)c4ccc(-c5ccc6c(c5)C(=O)N(*)C6=O)cc4C3=O)cc2)cc1,1.696315759
*c1ccc2c(c1)Cc1cc(-n3c(=O)c4cc5c(=O)n(*)c(=O)c5cc4c3=O)ccc1-2,1.660387226
*c1cccc(Oc2ccc(N3C(=O)c4ccc(Oc5ccc6c(c5)C(=O)N(*)C6=O)cc4C3=O)cc2)c1,1.685486891
*c1ccc(-c2ccc(-n3c(=O)c4cc5c(=O)n(*)c(=O)c5cc4c3=O)c(C)c2)cc1C,1.572486535
*CCC1CCCC1*,1.483747114
*CC(*)C(=O)c1ccc(C(C)(C)C)cc1,1.536988888
*CC(*)C(CC)CC,1.445590621
*c1ccc(Oc2cc3ccccc3cc2Oc2ccc(N3C(=O)c4ccc(S(=O)(=O)c5ccc6c(c5)C(=O)N(*)C6=O)cc4C3=O)cc2)cc1,1.664250277
*c1ccc(Oc2c(C)cc(C(C)(C)c3cc(C)c(Oc4ccc(N5C(=O)c6ccc(Oc7ccc(C8(c9ccc(Oc%10ccc%11c(c%10)C(=O)N(*)C%11=O)cc9)CCC(c9ccccc9)CC8)cc7)cc6C5=O)cc4)c(C)c3)cc2C)cc1,1.605311013
*Oc1cc(C(C)(C)C)c(Oc2ccc(C(=O)Nc3c(C)cc(Cc4cc(C)c(NC(=O)c5ccc(*)cc5)c(C(C)C)c4)cc3C(C)C)cc2)cc1C(C)(C)C,1.505052499
*C(=O)c1ccc2c(c1)C(=O)N(c1ccc(Oc3ccc(C(=O)c4cccc(C(=O)c5ccc(Oc6ccc(N7C(=O)c8ccc(*)cc8C7=O)cc6)cc5)c4)cc3)cc1)C2=O,1.631908831
*CC(*)c1cc(C)c(C)cc1C,1.537657473
*CC(*)c1ccc(C(=O)OCC(C)C)cc1,1.523252244
*CC(*)c1ccc(C(=O)CCCC)cc1,1.550163486
*CCOC(=O)Nc1ccc(NC(=O)O*)cc1,1.60460324
*C(F)(F)C(*)(F)OC(F)(F)C(F)(F)C(F)(F)C(F)(F)F,1.288380575
*CC(*)C1CC=CCC1,1.477841223
*c1ccc(-c2ccc(-n3c(=O)c4cc5c(=O)n(*)c(=O)c5cc4c3=O)cc2OC(F)(F)F)c(OC(F)(F)F)c1,1.527329893
*CC(*)C(=O)OCC(F)(F)C(F)C(F)(F)F,1.374380245
*c1ccc2c(c1)C(=O)N(c1ccc3c(c1)-c1cc(N4C(=O)c5ccc(C(*)(C(F)(F)F)C(F)(F)F)cc5C4=O)ccc1C3)C2=O,1.565971539
*Oc1ccc(OC(=O)Oc2ccc(-c3ccc(OC(*)=O)cc3)cc2)cc1,1.639020639
*c1ccc(Cc2ccc(-n3c(=O)c4cc5c(=O)n(*)c(=O)c5cc4c3=O)c(C)c2)cc1C,1.587734349
*c1ccc(C(c2ccccc2)(c2ccc(-n3c(=O)c4cc5c(=O)n(*)c(=O)c5cc4c3=O)cc2)C(F)(F)F)cc1,1.566137188
*CC(*)c1ccc(C(O)CCN(C)C)cc1,1.543225341
*CC(*)CCCCCCCCCCCCCC,1.46043879
*C(=O)Nc1ccccc1NC(=O)c1ccc(N2C(=O)c3ccc(*)cc3C2=O)cc1,1.692394364
*CC/C=C(/*)Cl,1.556606368
*CC(CC(*)(C#N)C(=O)OC)c1ccccc1,1.501105912
*CC(*)(CC(=O)Oc1ccc(OCCCCCCC)cc1)C(=O)Oc1ccc(OCCCCCCC)cc1,1.514800703
*NC(C)C(*)=O,1.509395552
*CCS*,1.591930354
*CCCCCCCCCn1c(=O)c2cc3c(=O)n(*)c(=O)c3cc2c1=O,1.553607174
*C1CCC(*)C1,1.500064822
*c1cc(Br)c(OC(=O)c2ccc(C(=O)Oc3c(Br)cc(C4(*)OC(=O)c5ccccc54)cc3Br)cc2)c(Br)c1,1.594933201
*Oc1cccc2c(OC(=O)Oc3ccc(OC(*)=O)cc3)cccc12,1.61616739
*C(=O)c1ccc2c(c1)C(=O)N(c1ccc(Sc3ccc(N4C(=O)c5ccc(*)cc5C4=O)cc3)cc1)C2=O,1.70164234
*CC(*)CCCCCCCCCCCCC,1.461116983
*C(C)C(*)OC(C)C,1.440760236
*CCCCCCOC(=O)Nc1ccc(C)c(NC(=O)OCCCCCCOc2ccc(-c3ccc(O*)cc3)cc2)c1,1.555708936
*c1cccc(N2C(=O)c3ccc(Oc4ccc(S(=O)(=O)c5ccc(Oc6ccc7c(c6)C(=O)N(*)C7=O)cc5)cc4)cc3C2=O)c1,1.661640551
*c1ccc(Oc2cccc(Oc3ccc(N4C(=O)c5ccc(Oc6ccc7c(c6)C(=O)N(*)C7=O)cc5C4=O)cc3)c2)cc1,1.660801994
*c1ccc(Sc2ccc(-n3c(=O)c4cc5c(=O)n(*)c(=O)c5cc4c3=O)cc2)cc1,1.689416276
*CC(*)c1ccccc1C(=O)OCCCCC,1.515436842
*CCOC(=O)c1ccc2ccc(C(=O)O*)cc2c1,1.647560349
*CC(*)(C)C(=O)OCc1ccccc1,1.525196849
*CCOC(=O)c1ccc2cc(C(=O)O*)ccc2c1,1.642146314
*c1ccc(Oc2ccc(C(C)(C)c3ccc(Oc4ccc(N5C(=O)c6ccc(-c7ccc8c(c7)C(=O)N(*)C8=O)cc6C5=O)cc4)cc3)cc2)cc1,1.667246409
*CC(*)CCN(C(C)C)C(C)C,1.458157703
*c1ccc(Cc2ccc(N3C(=O)c4ccc(-c5ccc6c(c5)C(=O)N(*)C6=O)cc4C3=O)c(C)c2)cc1C,1.622787034
*CS*,1.634752281
*NC(=O)Nc1ccc(Cc2ccc(*)cc2)cc1,1.635532522
*CC(*)c1ccc(CCCCCCCCCCCCCC)cc1,1.497225153
*C1C(*)C2CC1C1C=CCC12,1.484773125
*CC(*)OC(=O)C(F)(F)C(F)(F)C(F)(F)C(F)(F)F,1.335390515
*C(=O)Nc1ccc(Oc2ccc(N3C(=O)c4ccc(*)cc4C3=O)cc2)cc1,1.677682587
*CC1CC(*)C(OC(=O)CCCCCCCCCCOc2ccc(-c3ccc(C#N)cc3)cc2)C1,1.563100765
*CCCCCCOC(=O)Nc1ccc(NC(=O)O*)cc1,1.562127565
*Oc1ccc2c(c1)C1(CC2(C)C)CC(C)(C)c2ccc(OC(*)=O)cc21,1.522609206
*CC(*)(CC(=O)OCCCCCCCC)C(=O)OCCCCCCCC,1.440676685
*c1ccc(S(=O)(=O)c2ccc(N3C(=O)c4ccc(-c5ccc6c(c5)C(=O)N(*)C6=O)cc4C3=O)cc2)cc1,1.655916132
*CC1CC(*)OC(CCC)O1,1.450395244
*C1CC2CC1C(*)C2CCCCCC,1.47158671
*CC(*)c1ccc(COCCCCO)cc1,1.538019073
*NC(CCC(=O)OC)C(*)=O,1.48124853
*CC(*)c1ccc(C(=O)CC)cc1,1.56250716
*C(O)C(*)O,1.537706111
*CC(*)(CC)C(=O)OCC,1.431091039
*CC(*)C1CCCC(C)C1,1.456528654
*CC(*)(CC(=O)OCCC1CCCCC1)C(=O)OCCC1CCCCC1,1.456626833
*CCCCCCOC(=O)c1ccc(C(=O)O*)cc1,1.53242869
*CCCCOC(=O)CCC(=O)O*,1.454791233
*CC(*)OCCCCCCCCCCCC,1.458806311
*C(=O)c1ccc2c(c1)C(=O)N(c1ccc3c(c1)Cc1cc(N4C(=O)c5ccc(*)cc5C4=O)ccc1-3)C2=O,1.70785518
*c1ccc(Oc2ccc(C3(c4ccc(Oc5ccc(N6C(=O)c7ccc(Oc8ccc(C9(c%10ccc(Oc%11ccc%12c(c%11)C(=O)N(*)C%12=O)cc%10)CCC(C(C)(C)C)CC9)cc8)cc7C6=O)cc5)cc4)CC4CC3C3CCCC43)cc2)cc1,1.594165657
*CC(*)c1ccc(COCCCCCCOc2ccc(-c3ccc(OC)cc3)cc2)cc1,1.606525202
*CCc1ccc(*)c(Cl)c1,1.605900866
*CCOC(=O)Nc1ccc(-c2ccc(NC(=O)O*)cc2)cc1,1.672712189
*CC(*)OC(=O)CC,1.452583281
*/C=C/C(C(=O)OCc1ccc(Cl)cc1)C(*)C(=O)OCc1ccc(Cl)cc1,1.532250586
*CCC=C(*)Cl,1.561980595
*CC(*)(CC(=O)OCCc1ccccc1)C(=O)OCCc1ccccc1,1.516680242
*c1ccc(Oc2ccc(C(c3ccc(Oc4ccc(N5C(=O)c6ccc(Oc7ccc8c(c7)C(=O)N(*)C8=O)cc6C5=O)cc4)cc3)(C(F)(F)F)C(F)(F)F)cc2)cc1,1.603626727
*Oc1ccc(OC(=O)c2ccc(-c3ccc(C(*)=O)cc3)cc2)cc1C,1.675521174
*CC(*)C(=O)OC(F)(C(F)(F)Cl)C(F)(F)Cl,1.393689921
*CCC=C(*)c1ccccc1,1.639380629
*CC(*)CC(C)(C)C,1.453583308
*c1c(C)cc(C(c2cc(C)c(N3C(=O)c4ccc(-c5ccc6c(c5)C(=O)N(*)C6=O)cc4C3=O)c(C)c2)c2cccc3ccccc23)cc1C,1.591597315
*Oc1cccc(CCCCCCCCCCc2cccc(OC(*)=O)c2)c1,1.527488844
*CC(*)c1ccc(C(=O)CCN2CCCCC2)cc1,1.539471929
*CC(*)CC(C)C,1.461320799
*C(=O)c1ccc2c(c1)C(=O)N(c1ccc(Oc3ccc(C(c4ccc(Oc5ccc(N6C(=O)c7ccc(*)cc7C6=O)cc5)cc4)(C(F)(F)F)C(F)(F)F)cc3)cc1)C2=O,1.611154676
*CC(*)(CC(=O)OCCCCCCCCC)C(=O)OCCCCCCCCC,1.441699214
*CC(*)OCCOC,1.470352966
*Oc1ccc2c(c1)nc1n2C(=O)c2ccc(-c3ccc4c(c3)C(=O)n3c-4nc4ccc(*)cc43)cc2-1,1.804047376
*CC(*)C(=O)OCC(C)(C)C,1.437282739
*CC(*)OCC,1.467050612
*c1ccc(Oc2cccc(Oc3ccc(N4C(=O)c5ccc(-c6ccc7c(c6)C(=O)N(*)C7=O)cc5C4=O)cc3)c2)cc1,1.716848767
*CCCCOC(=O)c1ccc2cc(C(=O)O*)ccc2c1,1.616431259
*Oc1ccc(C2(c3ccc(OC(*)=O)c(C)c3)CCCCC2)cc1C,1.524621509
*C([2H])([2H])C(*)([2H])c1c([2H])c([2H])c([2H])c([2H])c1[2H],1.577514954
*CCOC(=O)Nc1cccc(NC(=O)O*)c1,1.604501407
*c1ccc(Cc2ccc(N3C(=O)c4ccc(-c5ccc6c(c5)C(=O)N(*)C6=O)cc4C3=O)cc2)cc1,1.684191569
*CC(*)c1cccc(CC)c1,1.548838772
*Oc1ccc(S(=O)(=O)c2ccc(Oc3ccc(C(C)(C)c4ccc(*)c(C(O)(C(F)(F)F)C(F)(F)F)c4)cc3C(O)(C(F)(F)F)C(F)(F)F)cc2)cc1,1.459912166
*CC(*)OC(=O)CCCCCCC,1.452165878
*CC(*)(C)C(=O)OCCCC,1.442170323
*CC(*)c1ccccc1COC(C)C,1.520275712
*c1ccc(Oc2ccc(Oc3ccc(-n4c(=O)c5cc6c(=O)n(*)c(=O)c6cc5c4=O)cc3)cc2C(C)(C)C)cc1,1.60692786
*c1ccc(C(C)(C)c2ccc(N3C(=O)c4ccc(Oc5ccc6c(c5)C(=O)N(*)C6=O)cc4C3=O)cc2)cc1,1.644429312
*C=CCCCCCCCC*,1.480202473
*CC(*)c1cc(Br)ccc1OCC,1.546794599
*CC(*)OC(=O)C(C)(C(C)C)C(C)C,1.425154009
*CC(*)c1ccccc1C(=O)Nc1ccccc1,1.63029247
*C(F)(F)C(*)(F)Cl,1.410850682
*c1ccc(Sc2ccc(Oc3ccc(Sc4ccc(N5C(=O)c6ccc(Oc7ccc(C(C)(C)c8ccc(Oc9ccc%10c(c9)C(=O)N(*)C%10=O)cc8)cc7)cc6C5=O)cc4)cc3)cc2)cc1,1.688510642
*C(=O)c1ccc2c(c1)C(=O)N(c1c(C)c(C)c(N3C(=O)c4ccc(*)cc4C3=O)c(C)c1C)C2=O,1.556360215
*CCCCCCCCCCCNC(=O)CCCCC(=O)N*,1.473117377
*CC(*)c1ccccc1Cl,1.571586421
*CC(*)(CC(=O)Oc1ccccc1)C(=O)Oc1ccccc1,1.534911662
*c1cccc(N2C(=O)c3ccc(-c4ccc5c(c4)C(=O)N(*)C5=O)cc3C2=O)c1C,1.612638363
*Oc1ccc(Oc2ccc(Oc3ccc(S(=O)(=O)c4ccc(*)cc4)cc3)cc2)cc1,1.637180433
*NC1CC(C)(C)CC(C)(CNC(=O)CCCCC(*)=O)C1,1.477000143
*C(C)C(*)OCC(C)C,1.448925258
*CC(*)c1cccc(-c2ccc(-c3ccccc3)cc2)c1,1.691122154
*c1ccc(Oc2ccc(-c3ccc(Oc4ccc(N5C(=O)c6ccc(-c7ccc8c(c7)C(=O)N(*)C8=O)cc6C5=O)cc4)cc3)cc2)cc1,1.709310385
*CC(*)c1ccc(C(C)(O)CCCCC)cc1,1.510284384
*/C=C/C(C*)OC,1.516968391
*C#C/C(COS(=O)(=O)c1ccc(C)cc1)=C(/*)COS(=O)(=O)c1ccc(C)cc1,1.577163297
*CC(*)CCCCCCCC,1.459140147
*CC(*)C(=O)OCCC#N,1.479981809
*c1ccc(Oc2ccc(N3C(=O)C4CCC5C(=O)N(*)C(=O)C5C4C3=O)cc2)cc1,1.567547593
*/C=C/CCCCCCCCCC*,1.486335926
*CC(*)OC(=O)c1cccc([N+](=O)[O-])c1,1.554807826
*CC/C=C(\*)C,1.531125021
*C(=O)c1ccc2c(c1)C(=O)N(c1ccc(Oc3c(C)cc(Cc4cc(C)c(Oc5ccc(N6C(=O)c7ccc(*)cc7C6=O)cc5)c(C)c4)cc3C)cc1)C2=O,1.624987789
*CC(*)OCc1ccccc1,1.578676075
*c1ccc(Oc2ccc(N3C(=O)c4ccc(Oc5ccc(C(c6ccc(Oc7ccc8c(c7)C(=O)N(*)C8=O)cc6)(C(F)(F)F)C(F)(F)F)cc5)cc4C3=O)cc2)cc1,1.602925817
*c1ccc(Oc2ccc(Oc3ccc(N4C(=O)c5ccc(C(c6ccc7c(c6)C(=O)N(*)C7=O)(C(F)(F)F)C(F)(F)F)cc5C4=O)cc3)cc2)cc1,1.584610532
*c1ccc(Oc2c(C)cc(C(c3cc(C)c(Oc4ccc(N5C(=O)c6ccc(-c7ccc8c(c7)C(=O)N(*)C8=O)cc6C5=O)cc4)c(C)c3)c3cccc4ccccc34)cc2C)cc1,1.631203954
*Oc1ccc(C(CCC)(CCC)c2ccc(OC(*)=O)cc2)cc1,1.508772363
*CC(*)C(=O)C1CCCCC1,1.461013842
*CC(*)c1ccc(C(=O)OCCCC)cc1,1.527340869
*CC(*)c1ccc(C(C)(C)O)cc1,1.540293873
*C(=O)Oc1ccc(OC(=O)c2ccc3c(c2)C(=O)N(c2ccc(C(=O)Nc4ccc(N5C(=O)c6ccc(*)cc6C5=O)cc4)cc2)C3=O)cc1,1.710452966
*c1ccc2c(c1)C(=O)N(c1ccc(Oc3c(C)cc(C(c4cc(C)c(Oc5ccc(N6C(=O)c7ccc(C(*)(C(F)(F)F)C(F)(F)F)cc7C6=O)cc5)c(C)c4)c4cccc5ccccc45)cc3C)cc1)C2=O,1.568149611
*C(=O)Nc1ccc(NC(=O)c2ccc3c(c2)C(=O)N(c2ccc(S(=O)(=O)c4ccc(N5C(=O)c6ccc(*)cc6C5=O)cc4)cc2)C3=O)cc1,1.691501634
*C=CCCCCCCCCCC*,1.475219988
*CCCCN(C)C(=O)c1ccc(C(=O)N(*)C)cc1,1.550012714
*c1ccc(-c2ccc(N3C(=O)c4ccc(-c5ccc6c(c5)C(=O)N(*)C6=O)cc4C3=O)cc2)cc1,1.717987047
*CC(*)C1CC1,1.493700097
*c1cccc(Oc2ccc(N3C(=O)c4ccc(-c5ccc6c(c5)C(=O)N(*)C6=O)cc4C3=O)cc2)c1,1.698966527
*c1ccc(Oc2ccc(C(c3ccc(Oc4ccc(N5C(=O)c6ccc(Oc7ccc(C8(c9ccc(Oc%10ccc%11c(c%10)C(=O)N(*)C%11=O)cc9)CCC(C(C)(C)C)CC8)cc7)cc6C5=O)cc4)cc3)(C(F)(F)F)C(F)(F)F)cc2)cc1,1.58214127
*Nc1ccc(NC(=O)c2cc(C(*)=O)c(C(=O)OCC)cc2C(=O)OCC)cc1,1.587536086
*C(C)C(*)OCCCC,1.452764829
*CC(*)(C)CCC,1.458690719
*Oc1c(C)cc(C(C)(C)c2cc(C)c(OC(*)=O)c(C)c2)cc1C,1.507514401
*CCCCCCOC(=O)c1ccc(-c2ccc(C(=O)O*)cc2)cc1,1.603989202
*c1ccc(Oc2ccc(N3C(=O)c4ccc(-c5cccc6c5C(=O)N(*)C6=O)cc4C3=O)cc2)cc1,1.668632271
*CC(*)CC(C)CC,1.459623648
*c1ccc(-c2ccc(N3C(=O)c4cc5c(cc4C3=O)C(C(F)(F)F)(C(F)(F)F)c3cc4c(cc3O5)C(=O)N(*)C4=O)cc2C(F)(F)F)c(C(F)(F)F)c1,1.468938993
*CC(*)c1ccc(CCCCCCCCCCCCCCCCCC)cc1,1.481572993
*C(F)(F)C(*)(F)C(F)(F)F,1.299258017
*CC(*)CCCCCCCCCCCCCCCC,1.456145049
*C(=O)c1ccc2c(c1)C(=O)N(c1cccc(C(=O)Nc3ccc(N4C(=O)c5ccc(*)cc5C4=O)cc3)c1)C2=O,1.698516813
*Oc1ccc(S(=O)(=O)c2ccc(Oc3c(C)cc(C(C)(C)c4cc(C)c(*)c(C)c4)cc3C)cc2C(O)(C(F)(F)F)C(F)(F)F)c(C(O)(C(F)(F)F)C(F)(F)F)c1,1.461199207
*Oc1ccc(C2(c3ccc(OC(=O)c4cccc(C(*)=O)c4)cc3)c3ccccc3-c3ccccc32)cc1,1.631795712
*CCOCCOC(=O)c1cccc(C(=O)O*)c1,1.548133121
*CC(*)(CCC(C)C(=O)OC)C(=O)OC,1.424690696
*CC(*)OC(=O)C(F)(F)F,1.375547255
*OC1C(COC(C)=O)OC(*)C(OC(C)=O)C1OC(C)=O,1.412961742
*CC(*)CCc1ccccc1C,1.558009875
*CC(*)CNc1ccc([N+](=O)[O-])cc1,1.646534208
*CC(*)OCCCCCCCCCCCCCCCCCC,1.453482019
*CC(*)C(N)=O,1.56070446
*Cc1cc(*)c(O)cc1C,1.585459588
*c1cccc(P(=O)(c2ccccc2)c2cccc(-n3c(=O)c4c(-c5cc(C(F)(F)F)cc(C(F)(F)F)c5)c5c(=O)n(*)c(=O)c5c(-c5cc(C(F)(F)F)cc(C(F)(F)F)c5)c4c3=O)c2)c1,1.502961183
*CC(*)CCCCCCCCC,1.461708537
*CC(*)c1ccccc1COCCC,1.528041441
*OC1C(CO)OC(*)C(O)C1O,1.463530902
*CC(*)P(=O)(OCC)N(C)C,1.468445108
*CC(*)SC,1.551952359
*CC(*)OC(=O)C1CCCCC1,1.452384869
*Oc1ccc(C(C)(C)c2ccc(OC(*)=O)c(CC)c2)cc1CC,1.516873344
*Oc1c(Br)cc(C(C)(C)c2cc(Br)c(OC(*)=O)c(Br)c2)cc1Br,1.570668428
*Oc1ccc(OC(=O)c2cc(OCCCCCCCCCCCC)c(C(*)=O)cc2OCCCCCCCCCCCC)cc1,1.500569581
*CC(*)c1ccc(Cl)cc1C,1.559401404
*Oc1ccc(NC(=O)c2cc(C(c3ccc(C(=O)O)c(C(=O)Nc4ccc(Oc5ccc(C(c6ccc(*)cc6)(C(F)(F)F)C(F)(F)F)cc5)cc4)c3)(C(F)(F)F)C(F)(F)F)ccc2C(=O)O)cc1,1.539196418
*CCCCOc1ccc(C(=O)OCCOC(=O)c2ccc(O*)cc2)cc1,1.592199633
*c1ccc(Oc2ccc(C3(c4ccc(Oc5ccc(N6C(=O)c7ccc(Oc8ccc(C9(c%10ccc(Oc%11ccc%12c(c%11)C(=O)N(*)C%12=O)cc%10)CCC(c%10ccccc%10)CC9)cc8)cc7C6=O)cc5)cc4)CC4CC3C3CCCC43)cc2)cc1,1.629678061
*C(=O)Oc1ccc(C(C)(C)c2ccc(OC(=O)c3ccc4c(c3)C(=O)n3c-4nc4ccc(Oc5ccc6c(c5)nc5n6C(=O)c6ccc(*)cc6-5)cc43)cc2)cc1,1.707892797
*CC(*)C(=O)OCC(F)(F)C(F)(F)C(F)(F)F,1.35374993
*c1ccc(Oc2c(C)cc(Cc3cc(C)c(Oc4ccc(-n5c(=O)c6cc7c(=O)n(*)c(=O)c7cc6c5=O)cc4)c(C)c3)cc2C)cc1,1.590049085
*CC(*)OC(=O)CCCCCCCCC,1.45801234
*c1ccc(N2C(=O)c3ccc(C(=O)c4ccc5c(c4)C(=O)N(*)C5=O)cc3C2=O)cc1,1.662024712
*CC(*)OC(=O)c1ccc(C#N)cc1,1.574514073
*c1ccc(Cc2ccc(N(*)Cc3ccccc3)cc2)cc1,1.638335265
*C=CC(C)CCCCC*,1.479362406
*CC(*)OC(=O)CC(C)(C)c1ccccc1,1.510277695
*CCCCOC(=O)NCCCCCCNC(=O)O*,1.465010055
*c1ccc2c(c1)C(=O)N(c1cccc(Oc3ccc(S(=O)(=O)c4ccc(Oc5cccc(N6C(=O)c7ccc(C(*)(C(F)(F)F)C(F)(F)F)cc7C6=O)c5)cc4)cc3)c1)C2=O,1.595253433
*CCC1CC2C(CC(*)C2OC(=O)CCCCCCCCCCOc2ccc(-c3ccc(C#N)cc3)cc2)C1OC(=O)CCCCCCCCCCOc1ccc(-c2ccc(C#N)cc2)cc1,1.54170484
*c1ccc(Oc2ccc(Oc3ccc(N4C(=O)c5ccc(-c6cccc7c6C(=O)N(*)C7=O)cc5C4=O)cc3)cc2)cc1,1.67674141
*NC(=O)c1cccc(C(=O)Nc2ccc(-c3ccc(*)cc3)cc2)c1,1.706271678
*Cc1ccc(COC(=O)O*)cc1,1.556279889
*CC(*)n1c2ccccc2c2ccccc21,1.669537395
*Oc1ccc(-c2ccc(OC(=O)CCCCCCCCCCC(*)=O)cc2)cc1,1.530770329
*c1ccc(S(*)(=O)=O)cc1,1.592541372
*CC(*)c1ccc(C(C)C)cc1C(C)C,1.489474578
*CC(*)(C)C(=O)OCCCCCCCC,1.445520129
*CCC=C(*)CCC,1.506169904
*CC(*)(C)C(=O)OCCBr,1.472619624
*CC(*)C(=O)Oc1ccc(C(=O)OCC)cc1,1.53928563
*CC(*)C(=O)Oc1c(Cl)c(Cl)c(Cl)c(Cl)c1Cl,1.570820714
*CC(*)c1ccc(COCCCC)cc1,1.530658568
*c1ccc(Oc2cccc3c(Oc4ccc(N5C(=O)c6ccc(Oc7ccc8c(c7)C(=O)N(*)C8=O)cc6C5=O)cc4)cccc23)cc1,1.696314409
*CC(*)(CC(=O)OCCCCCCC)C(=O)OCCCCCCC,1.446845708
*CC(*)C(=O)OCC=C,1.495105416
*CC(*)OC(=O)C(F)(F)C(F)(F)C(F)(F)F,1.344317686
*CC(*)OC(F)(C(F)(F)F)C(F)(F)F,1.327223723
*CC(*)c1ccc(CCCCCCCC)cc1,1.50877697
*Oc1cccc(Oc2cccc(*)c2)c1C#N,1.614460989
*c1ccc2c(c1)C(=O)N(c1ccc(C(c3ccc(C)c(N4C(=O)c5ccc(C(*)(C(F)(F)F)C(F)(F)F)cc5C4=O)c3)(C(F)(F)F)C(F)(F)F)cc1C)C2=O,1.463351386
*CC(*)c1ccc(COCCOCC)cc1,1.535168538
*Oc1ccc(C(C)(C)c2ccc(OC(*)=O)cc2)cc1,1.573773289
*c1ccc2c(c1)C(=O)N(c1cccc(S(=O)(=O)c3cccc(N4C(=O)c5ccc(C(*)(C(F)(F)F)C(F)(F)F)cc5C4=O)c3)c1)C2=O,1.531674462
*C1Oc2ccccc2C1*,1.555645762
*CC(*)OC(=O)c1cccc(C)c1,1.55614882
*CC(*)c1ccc(C(=O)N2CCOCC2)cc1,1.547090123
*c1ccc(-c2ccc(N3C(=O)c4ccc(-c5cccc6c5C(=O)N(*)C6=O)cc4C3=O)c(C)c2)cc1C,1.621975649
*CC(*)(C)C(=O)OC,1.435813493
*Oc1ccc2c(c1)nc1c3cc4c(=O)n5c6cc(*)ccc6nc5c4cc3c(=O)n21,1.838878626
*CC(*)c1ccccc1COC,1.536415367
*CC(*)(C)C(=O)OCCS(=O)CC,1.477885642
*c1ccc(N2C(=O)c3ccc(-c4cccc5c4C(=O)N(*)C5=O)cc3C2=O)cc1,1.642596847
*CC(*)OC(C)CC,1.448405379
*C1CCC(*)N1,1.525518549
*c1ccc(Oc2ccc(C(c3ccc(Oc4ccc(N5C(=O)c6ccc(Oc7ccccc7Oc7ccc8c(c7)C(=O)N(*)C8=O)cc6C5=O)cc4C(F)(F)F)cc3)(C(F)(F)F)C(F)(F)F)cc2)c(C(F)(F)F)c1,1.553987575
*Oc1ccc2ccc(OC(=O)Oc3ccc(OC(*)=O)cc3)cc2c1,1.644856737
*CC(*)c1ccc(C)cc1,1.556372558
*CC(*)(C)C(=O)OCCCCCC,1.445627509
*c1ccc(-c2nc3cc(-c4ccc5nc(*)c(-c6ccc7ccccc7c6)nc5c4)ccc3nc2-c2ccc3ccccc3c2)cc1,1.775199409
*CC(*)c1ccc(C(=O)OCCC)cc1,1.533602845
*CCCCCCC(=O)N*,1.487721396
*Nc1ccc(*)cc1,1.704517399
*CC(*)OC(=O)c1ccc(OC)cc1,1.566838401
*CC(*)OC(=O)CCCC(=O)c1ccccc1,1.527254535
*CC(*)(C)C(=O)OCc1ccc(Cl)c(Cl)c1,1.535969595
*c1cccc(-n2c(=O)c3cc4c(=O)n(*)c(=O)c4cc3c2=O)c1,1.631966433
*CC(*)Cl,1.531893889
*CC(*)(CC(=O)OCCCC1CCCCC1)C(=O)OCCCC1CCCCC1,1.463735436
*C(C)C(*)OC(C)(C)C,1.433741507
*CC(*)c1cc(Br)ccc1OCCC(C)C,1.527452216
*CC(*)c1ccc(CCCCCCCCCCCCCCCC)cc1,1.48273205
*CC(*)(C)C(=O)Oc1ccc(C#N)cc1,1.553561962
*c1cccc(Oc2ccc(S(=O)(=O)c3ccc(Oc4cccc(-n5c(=O)c6cc7c(=O)n(*)c(=O)c7cc6c5=O)c4)cc3)cc2)c1,1.640366203
*c1ccc2c(c1)C(=O)N(c1c(CC)cc(Cc3cc(CC)c(N4C(=O)c5ccc(C(*)(C(F)(F)F)C(F)(F)F)cc5C4=O)c(CC)c3)cc1CC)C2=O,1.500740772
*C=CC(C)C(*)C(=O)OC,1.473496598
*C(F)C(*)(F)OC(F)(F)F,1.325991764
*C(=O)Nc1cccc(/C=C/C(=O)/C=C/c2cccc(NC(=O)c3ccc(N4C(=O)c5ccc(*)cc5C4=O)cc3)c2)c1,1.729698337
*CC(*)C(=O)c1ccccc1O,1.597999725
*/C=C\CC*,1.542964081
*CC(*)c1ccccc1C(=O)OC,1.542253332
*CC(*)N1CCNC1,1.528963232
*Oc1ccc2ccc(OC(=O)c3ccccc3/C=C/c3ccc(/C=C/c4ccccc4C(*)=O)cc3)cc2c1,1.718369727
*C(=O)Nc1cccc(C#Cc2cccc(N3C(=O)c4ccc(*)cc4C3=O)c2)c1,1.73221681
*CC(*)c1nc(C)nc(C)n1,1.518700103
*CCCCCCCCCCN1C(=O)C2C3C=CC(C4C(=O)N(*)C(=O)C34)C2C1=O,1.488706923
*c1ccc(S(=O)(=O)c2ccc(-n3c(=O)c4cc5c(=O)n(*)c(=O)c5cc4c3=O)cc2)cc1,1.629686237
*Oc1ccc(C(C)(C)c2ccc(OC(=O)SCCCSC(*)=O)cc2)cc1,1.565865557
*c1cccc(N2C(=O)c3ccc(Oc4ccc5c(c4)C4(CC(C)(C)c6ccc(Oc7ccc8c(c7)C(=O)N(*)C8=O)cc64)CC5(C)C)cc3C2=O)c1,1.577714272
*CC(*)c1ccc(C(C)CC)cc1,1.525980284
*CCCCCCCCCCCCSC(=O)S*,1.517439133
*c1ccc(Oc2ccc(S(=O)(=O)c3ccc(Oc4ccc(N5C(=O)c6ccc(Oc7ccc8c(c7)C(=O)N(*)C8=O)cc6C5=O)cc4)cc3)cc2)cc1,1.663888318
*CCOC(=O)CCCCCCCCC(=O)O*,1.461469193
*CC(*)C(=O)OC(C)(C)C,1.431897504
*CC(*)c1ccccc1COCCC(C)C,1.518900346
*C(=O)c1ccc2c(c1)C(=O)N(c1ccc(N3C(=O)c4ccc(*)cc4C3=O)nc1)C2=O,1.650545855
*Oc1ccc(C(c2ccccc2)(c2ccccc2)c2ccc(OC(*)=O)cc2)cc1,1.588208337
*CC(*)CCCCCCCCCCCC,1.460906779
*CC(*)C(C)=O,1.484053087
*Oc1ccc2[nH]c(-c3ccc4c(c3)-c3cc(-c5nc6cc(*)ccc6[nH]5)ccc3S4(=O)=O)nc2c1,1.744277918
*CC(*)c1ccc(COC)cc1,1.556287964
*CC(*)c1ccc(O)cc1,1.59134482
*CC(*)Cc1cc(C)cc(C)c1,1.551278542
*c1ccc(-c2ccc(N3C(=O)c4cc5c(cc4C3=O)C(C(F)(F)F)(C(F)(F)F)c3cc4c(cc3O5)C(=O)N(*)C4=O)cc2OC(F)(F)F)c(OC(F)(F)F)c1,1.482142766
*CC(*)c1ccccc1COCCc1ccccc1,1.578574272
*CCCCCC(=O)O*,1.457510231
*CC(*)c1cc(F)ccc1F,1.496134816
*CC(*)(C)C(=O)OCCC,1.437955137
*c1ccc(Oc2ccc(Oc3ccc(N4C(=O)c5ccc(-c6ccc7c(c6)C(=O)N(*)C7=O)cc5C4=O)cc3)c(-c3ccccc3)c2)cc1,1.664742839
*c1ccc2c(c1)C(=O)N(c1ccc(Oc3ccc(-c4ccc(Oc5ccc(N6C(=O)c7ccc(C(*)(C(F)(F)F)C(F)(F)F)cc7C6=O)cc5)cc4)cc3)cc1)C2=O,1.615261096
*CC(*)CCCN(C(C)C)C(C)C,1.466156069
*CC(*)C(=O)Oc1ccccc1C(=O)OC,1.540072509
*C(F)(F)C(*)(OC(F)(F)F)OC(F)(F)F,1.274131972
*c1ccc(Oc2ccccc2Oc2ccc(N3C(=O)c4ccc(Oc5ccccc5Oc5ccc6c(c5)C(=O)N(*)C6=O)cc4C3=O)cc2C(F)(F)F)c(C(F)(F)F)c1,1.571383916
*NC(=O)c1ccc(C(=O)Nc2ccc(-c3ccc(*)cc3)cc2)cc1,1.726644439
*Oc1cccc2c(OC(=O)c3ccccc3/C=C/c3ccc(/C=C/c4ccccc4C(*)=O)cc3)cccc12,1.748725622
*CC(*)c1ccc(Oc2ccccc2)cc1,1.627379089
*c1ccc(Oc2ccc(Oc3ccc(-n4c(=O)c5cc6c(=O)n(*)c(=O)c6cc5c4=O)cc3)cc2-c2ccccc2)cc1,1.648725089
*c1ccc(Sc2ccc3c(c2)Sc2ccc(Sc4ccc(-n5c(=O)c6cc7c(=O)n(*)c(=O)c7cc6c5=O)cc4)cc2S3)cc1,1.735982656
*CC(*)c1ccc(Cl)cc1,1.575654358
*Oc1ccc(C2(c3ccc(OC(*)=O)cc3)CCCC2)cc1,1.569797145
*CC(*)OC(=O)c1ccccc1OC(C)=O,1.527581795
*CC(*)C(=O)N1CCOCC1,1.49783536
*CC(*)c1c(F)c(F)c(F)c(F)c1F,1.437017022
*c1ccc(Oc2ccc(N3C(=O)c4ccc(Oc5cccc6c5C(=O)N(*)C6=O)cc4C3=O)cc2)cc1,1.67109046
*CC(*)c1cccc(F)c1,1.53549013
*c1ccc(-c2ccc(N3C(=O)c4ccc(Oc5ccc6c(c5)C(=O)N(*)C6=O)cc4C3=O)cc2)cc1,1.693358502
*CCCCNC(=O)CCCCCCC(=O)N*,1.483415999
*c1ccc(-c2ccc(Oc3ccc(C4(C)CC(C)(C)c5ccc(Oc6ccc(-c7ccc(N8C(=O)c9ccc(Oc%10ccc%11c(c%10)C(=O)N(*)C%11=O)cc9C8=O)cc7)cc6C(F)(F)F)cc54)cc3)c(C(F)(F)F)c2)cc1,1.604242377
*CC(*)C(=O)OC(F)(C(F)(F)F)C(F)(F)Cl,1.36414012
*CC(*)O,1.543663888
*CC(*)C(=O)OCCCCCCCCCCCCCCCC,1.454000636
*CC(*)(C)C,1.506599481
*Oc1ccc(S(=O)(=O)c2ccc(Oc3ccc(C(=O)c4cc(Br)cc(C(=O)c5ccc(*)cc5)c4)cc3)cc2)cc1,1.624108354
*CC(*)C(=O)OC1CC2CCC1(C)C2(C)C,1.44980261
*CC(*)c1ccc(C)c(C)c1,1.541858701
*c1ccc2c(c1)C(=O)N(c1cc(N3C(=O)c4ccc(C(*)(C(F)(F)F)C(F)(F)F)cc4C3=O)ccc1C)C2=O,1.509035648
*Oc1ccc(C(CCC)(CCC)c2ccc(OC(*)=O)c(C)c2)cc1C,1.48643052
*CC(*)(C)C(=O)OC(C)C,1.423699985
*CC(*)c1ccccc1C(=O)OCCC,1.531687122
*CC(*)(C)C(=O)OCc1cc(Cl)cc(Cl)c1,1.535283066
*Oc1cccc(OC(=O)c2ccccc2/C=C/c2ccc(/C=C/c3ccccc3C(*)=O)cc2)c1,1.727592465
*Oc1c(OC)cc(*)cc1OC,1.544880701
*CC(*)c1ccc(Cl)c(F)c1,1.537757143
*c1ccc(Oc2ccc(Oc3ccc(-n4c(=O)c5cc6c(=O)n(*)c(=O)c6cc5c4=O)cc3)cc2)cc1,1.675458317
*c1cccc(P(=O)(c2cccc(-n3c(=O)c4cc5c(=O)n(*)c(=O)c5cc4c3=O)c2)c2cc(C(F)(F)F)cc(C(F)(F)F)c2)c1,1.553239727
*c1ccc(C(c2ccc(-c3nc4cc(-c5ccc6nc(*)[nH]c6c5)ccc4[nH]3)cc2)(C(F)(F)F)C(F)(F)F)cc1,1.609067475
*CC(*)C(=O)N1CCCCC1,1.490339193
*c1cccc(N2C(=O)c3ccc(Oc4ccc(C(C)(C)c5ccc(Oc6ccc7c(c6)C(=O)N(*)C7=O)cc5)cc4)cc3C2=O)c1,1.63684294
*c1cccc(Oc2ccc(N3C(=O)c4ccc(C(=O)c5ccc6c(c5)C(=O)N(*)C6=O)cc4C3=O)cc2)c1,1.682591648
*C1Cc2ccccc2C1*,1.549606317
*c1ccc(Oc2cccc(Oc3ccc(N4C(=O)c5ccc(C(=O)c6ccc7c(c6)C(=O)N(*)C7=O)cc5C4=O)cc3)c2)cc1,1.693826802
*C(=O)c1ccc2c(c1)C(=O)N(c1cccc(N3C(=O)c4ccc(*)cc4C3=O)c1C)C2=O,1.606336955
*CC(*)C(=O)Oc1ccc(C#N)cc1,1.57934657
*CC(*)Cc1ccc(C)c(C)c1,1.548452009
*CCOCC(=O)O*,1.479198657
*Oc1ccc(C(C)(C)c2ccc(OC(=O)c3ccc(C(=O)c4ccc(C(*)=O)cc4)cc3)cc2)cc1,1.637481461
*c1cccc(P(=O)(c2cccc(-n3c(=O)c4c(-c5cc(C(F)(F)F)cc(C(F)(F)F)c5)c5c(=O)n(*)c(=O)c5c(-c5cc(C(F)(F)F)cc(C(F)(F)F)c5)c4c3=O)c2)c2cc(C(F)(F)F)cc(C(F)(F)F)c2)c1,1.469822461
*CC(*)C(=O)c1ccc(Br)cc1,1.608300148
*Oc1ccc(C(C)(C)c2ccc(OC(=O)c3ccccc3/C=C/c3ccc(/C=C/c4ccccc4C(*)=O)cc3)c(C)c2)cc1C,1.628953568
*CC(*)c1cc(Br)ccc1OCCCC,1.53541482
*CC(*)c1ccc(C(=O)Cc2ccccc2)cc1,1.61352825
*c1ccc2c(c1)-c1nc3cc(Oc4ccc5nc6n(c5c4)C(=O)c4cc(C(*)(C(F)(F)F)C(F)(F)F)ccc4-6)ccc3n1C2=O,1.632269013
*OC(F)(F)C(F)(F)C(*)(F)F,1.310080558
*c1ccc(C(=O)Nc2ccc(-n3c(=O)c4cc5c(=O)n(*)c(=O)c5cc4c3=O)cc2)cc1,1.70232354
*CC(*)(C(=O)OC)c1ccccc1,1.504311365
*CC(*)c1ccc(C(=O)O)c(C(=O)O)c1,1.577369784
*c1ccc(Oc2ccc(S(=O)(=O)c3ccc(Oc4ccc(N5C(=O)c6ccc(C(=O)c7ccc8c(c7)C(=O)N(*)C8=O)cc6C5=O)cc4)cc3)cc2)cc1,1.675422164
*C(F)(F)C(*)(F)F,1.339307992
*CC(*)c1ccc(COCCC)cc1,1.538251924
*CC1CCC(COC(=O)CCCCCCCCC(=O)O*)CC1,1.460946306
*CC(*)c1ccc(C(C)(C)C)cc1,1.510225602
*CC(*)C(=O)O,1.509336296
*c1ccc2c(c1)C(=O)N(c1c(C)cc(C)c(N3C(=O)c4ccc(C(*)(C(F)(F)F)C(F)(F)F)cc4C3=O)c1C)C2=O,1.479190093
*CC(*)Cc1ccc(C)cc1,1.559701146
*C(=O)Oc1ccc(OC(=O)c2ccc3c(c2)C(=O)N(c2ccc(Oc4ccc(N5C(=O)c6ccc(*)cc6C5=O)cc4)cc2)C3=O)cc1,1.687049612
*C1CCC(N2C(=O)c3ccc(-c4ccc5c(c4)C(=O)N(*)C5=O)cc3C2=O)CC1,1.633195502
*CC(*)c1ccccn1,1.575539656
*c1ccc(N2C(=O)c3ccc(-c4ccc5c(c4)C(=O)N(*)C5=O)cc3C2=O)nc1,1.666513139
*C(=O)c1ccc2c(c1)C(=O)N(c1ccc(-c3ccc(-c4ccc(N5C(=O)c6ccc(*)cc6C5=O)cc4)cc3)cc1)C2=O,1.724216344
*/C=C/C1CC(*)C2C(=O)N(CCCCCC)C(=O)C12,1.482891496
*Oc1ccc(C(C)(c2ccccc2)c2ccc(OC(=O)c3cccc(C(*)=O)c3)cc2)cc1,1.614777654
*CC(*)C(=O)OCCCCCCCCCCCCCC,1.449647535
*CC(*)c1ccc(I)cc1,1.590476892
*/C=C(/*)c1ccc(C#C)cc1,1.696623986
*CC(*)c1ccc(C(C)=O)cc1,1.575345783
*c1ccc2c(c1)C(=O)N(c1c(C)cc(C(c3cc(C)c(N4C(=O)c5ccc(C(*)(C(F)(F)F)C(F)(F)F)cc5C4=O)c(C)c3)c3cccc4ccccc34)cc1C)C2=O,1.519965485
*c1ccc(Oc2ccc(Oc3ccc(N4C(=O)c5cccc(Oc6cccc7c6C(=O)N(*)C7=O)c5C4=O)cc3)cc2)cc1,1.651695724
*c1ccc(Cc2ccc(N3C(=O)c4ccc(Oc5ccc6c(c5)C(=O)N(*)C6=O)cc4C3=O)cc2)cc1,1.670963058
*c1cccc(P(=O)(c2ccccc2)c2cccc(-n3c(=O)c4c(-c5ccc(C(F)(F)F)cc5)c5c(=O)n(*)c(=O)c5c(-c5ccc(C(F)(F)F)cc5)c4c3=O)c2)c1,1.555963382
*CC(*)OC,1.489369975
*CC(*)C1CCCC1,1.481649535
*CC(*)c1ccccc1C(=O)OCC(C)C,1.524271949
*CC(*)C(=O)OCc1ccccc1,1.548481574
*CCc1cc(C)c(*)cc1C,1.557289765
*c1ccc(Oc2ccc(C(c3ccc(Oc4ccc(N5C(=O)c6ccc(-c7ccc8c(c7)C(=O)N(*)C8=O)cc6C5=O)cc4)cc3)(C(F)(F)F)C(F)(F)F)cc2)cc1,1.611969639
*CC(*)c1ccccc1C(=O)OCCC(C)C,1.522889303
*Oc1cc(C(C)(C)C)c(Oc2ccc(C(=O)Nc3c(C)cc(C(C)(C)c4cc(C)c(NC(=O)c5ccc(*)cc5)c(C)c4)cc3C)cc2)cc1C(C)(C)C,1.557316458
*CC(=C)COCC(=C)COC(=O)O*,1.49276806
*Cc1cc(C(C)(C)c2ccc3c(c2)CN(C)CO3)cc(CN(*)C)c1O,1.563663252
*CC(*)OC(=O)C(C)(C)CCC,1.431950585
*CC(*)c1ccc(COCCOCCCC)cc1,1.500772616
*C(F)(F)C(*)(F)OC(F)(F)F,1.305123092
*Oc1ccc(C(c2ccc(OC(*)=O)cc2)(C(F)(F)F)C(F)(F)F)cc1,1.475394296
*NC(CCC(=O)OCCCCCC)C(*)=O,1.458119233
*CC(*)c1ccc(OC)cc1,1.562641786
*C(=O)OCCOC(=O)c1ccc(*)o1,1.503340854
*Oc1ccc2[nH]c(-c3ccc4sc5ccc(-c6nc7cc(*)ccc7[nH]6)cc5c4c3)nc2c1,1.819708939
*CC(*)C(=O)OCC(C)C,1.446538286
*C(=O)c1ccc2c(c1)C(=O)N(c1c(C(C)C)cc(Cc3cc(C(C)C)c(N4C(=O)c5ccc(*)cc5C4=O)c(C(C)C)c3)cc1C(C)C)C2=O,1.517245614
*c1ccc(OC(=O)c2ccccc2/C=C/c2ccc(/C=C/c3ccccc3C(=O)Oc3ccc(C4(*)OC(=O)c5ccccc54)cc3)cc2)cc1,1.697549583
*C(C)C(*)OC,1.461518095
*CC(*)c1cccc(C)n1,1.557498019
*NC(=O)NCCCCCCNC(=O)NCCCCC(*)C(=O)OC,1.472907053
*CC(*)C=O,1.525845637
*CC(*)c1ccc(COCCOCCCCCCCC)cc1,1.506935168
*CC(*)c1ccccc1COCC,1.537979108
*C(=O)c1ccc2c(c1)C(=O)N(c1ccc(Cc3ccc(N4C(=O)c5ccc(*)cc5C4=O)c(C)c3)cc1C)C2=O,1.608704188
*CC(*)OC(=O)c1ccncc1,1.549251434
*CC(*)CNc1ccc([N+](=O)[O-])c(C(F)(F)F)c1,1.556965832
*Oc1ccc(S(=O)(=O)c2ccc(Oc3ccc(C(C)(C)c4ccc(*)cc4)cc3)cc2)cc1,1.607264823
*c1ccc(Oc2ccc(Oc3ccc(N4C(=O)c5ccc(Oc6ccc(C7(c8ccc(Oc9ccc%10c(c9)C(=O)N(*)C%10=O)cc8)CCC(c8ccccc8)CC7)cc6)cc5C4=O)cc3)c(C(C)(C)C)c2)cc1,1.633989886
*CC(O)COc1ccc(C(C)(C)c2ccc(O*)cc2)cc1,1.572661203
*c1ccc(Oc2ccc(C3(c4ccc(Oc5ccc(N6C(=O)c7ccc(Oc8ccccc8Oc8ccc9c(c8)C(=O)N(*)C9=O)cc7C6=O)cc5C(F)(F)F)cc4)c4ccccc4-c4ccccc43)cc2)c(C(F)(F)F)c1,1.597740548
*c1ccc(Oc2ccc(Oc3ccc(N4C(=O)c5ccc(Oc6ccccc6Oc6ccc7c(c6)C(=O)N(*)C7=O)cc5C4=O)cc3C(F)(F)F)cc2)c(C(F)(F)F)c1,1.5858111
*CCOC(=O)NCC1(C)CC(NC(=O)O*)CC(C)(C)C1,1.467259008
*C(=O)NCCCCCCNC(=O)c1ccc(N2C(=O)c3ccc(*)cc3C2=O)cc1,1.607623381
*Oc1ccc(C(C)(c2ccccc2)c2ccc(OC(*)=O)cc2)cc1,1.583077823
*C1CCC1*,1.488277736
*CC(*)Cc1ccccc1C,1.554167657
*CC(*)c1ccc(C(O)CCN2CCCCC2)cc1,1.526102616
*CC(*)(C)C(=O)OCc1ccccc1Cl,1.53890123
*CC(*)(C)c1ccc(C(C)C)cc1,1.517086687
*CC(*)OCC(F)(F)F,1.383939648
*C(*)C(=O)OCC,1.444107937
*CC(*)OC(=O)c1ccccc1C,1.564747887
*CC(*)(CC(=O)OCC1CCCCC1)C(=O)OCC1CCCCC1,1.451480266
*c1ccc(C(c2ccc(-c3nc4ccc(-c5ccc6nc(*)[nH]c6c5)cc4[nH]3)cc2)(C(F)(F)F)C(F)(F)F)cc1,1.616613796
*c1ccc(-n2c(=O)c3cc4c(=O)n(*)c(=O)c4cc3c2=O)cc1,1.614856638
*c1ccc2c(c1)C(=O)N(c1ccc(Oc3ccc4ccc(Oc5ccc(N6C(=O)c7ccc(C(*)(C(F)(F)F)C(F)(F)F)cc7C6=O)cc5)cc4c3)cc1)C2=O,1.633734471
*c1ccc(Oc2ccc(N3C(=O)c4ccc(Oc5ccc(S(=O)(=O)c6ccc(Oc7ccc8c(c7)C(=O)N(*)C8=O)cc6)cc5)cc4C3=O)cc2)cc1,1.665579666
*c1cccc(Oc2cccc(Oc3cccc(-n4c(=O)c5cc6c(=O)n(*)c(=O)c6cc5c4=O)c3)c2)c1,1.639753686
*CC(*)(C)C(=O)OCc1cccc(Cl)c1,1.531834492
*Oc1ccc(C(c2ccccc2)(c2ccccc2)c2ccc(OC(=O)c3cccc(C(*)=O)c3)cc2)cc1,1.611380329
*CCCCCCS(*)(=O)=O,1.500095035
*c1ccc(Oc2cccc(Oc3ccc(N4C(=O)c5ccc(-c6cccc7c6C(=O)N(*)C7=O)cc5C4=O)cc3)c2)cc1,1.684719723
*CCC(C)CO*,1.461938503
*c1ccc(Oc2ccc(N3C(=O)c4ccc(C(=O)c5ccc6c(c5)C(=O)N(*)C6=O)cc4C3=O)cc2)cc1,1.675097097
*c1ccc(Oc2cc(C(C)(C)C)ccc2Oc2ccc(-n3c(=O)c4cc5c(=O)n(*)c(=O)c5cc4c3=O)cc2)cc1,1.614324588
*CC(*)c1ccccc1,1.574708496
*c1ccc(Oc2ccc(C3(c4ccc(Oc5ccc(N6C(=O)c7ccc(Oc8ccc(C9(c%10ccc(Oc%11ccc%12c(c%11)C(=O)N(*)C%12=O)cc%10)CCCCCCCCCCC9)cc8)cc7C6=O)cc5)cc4)C4CC5CC(C4)CC3C5)cc2)cc1,1.598292828
*CC(*)C(=O)n1c2ccccc2c2ccccc21,1.66526397
*CC(*)OCC(C)(C)CC,1.44225554
*C(=O)Oc1ccc(OC(=O)c2ccc3c(c2)C(=O)N(c2ccc(-c4ccc(N5C(=O)c6ccc(*)cc6C5=O)cc4C(F)(F)F)c(C(F)(F)F)c2)C3=O)cc1,1.605084458
*CC1CCC(*)C1,1.504050217
*CC(*)(C)C(=O)OCC(=O)c1ccccc1,1.521351701
*CC(*)c1ccccc1C,1.564423634
*CC(*)CCCC,1.46495125
*CCCCCCOC(=O)CCCCCNC(=O)CCCCC(=O)NCCCCCC(=O)O*,1.475150324
*Oc1ccc(-c2ccc(OC(=O)CCCCCC(*)=O)cc2)cc1,1.591135441
*CC(*)C(=O)OCCC,1.452141043
*c1ccc(Oc2ccc(Oc3ccc(N4C(=O)c5ccc(Oc6ccc7c(c6)C(=O)N(*)C7=O)cc5C4=O)cc3)cc2)cc1,1.684983201
*CC(*)(C)C(=O)Oc1ccc(CC#N)cc1,1.537269676
*Cc1ccc2[nH]c(-c3ccc4sc5ccc(-c6nc7cc(*)ccc7[nH]6)cc5c4c3)nc2c1,1.808011778
*Oc1c(-c2ccccc2)cc(*)cc1-c1ccccc1,1.636654628
*Oc1ccc(C(C)(C)c2ccc(OC(=O)c3ccc(C(*)=O)cc3)cc2)cc1,1.616100982
*CC(*)c1ccc(COCC(CC)CCCC)cc1,1.495726201
*CC(*)c1ccccc1C(=O)O,1.561326016
*c1cccc(P(=O)(c2ccccc2)c2cccc(-n3c(=O)c4cc5c(=O)n(*)c(=O)c5cc4c3=O)c2)c1,1.631142132
*CC(*)CC(C)(C)CC,1.459271904
*c1ccc(N2C(=O)c3ccc(-c4ccc5c(c4)C(=O)N(*)C5=O)cc3C2=O)cc1,1.692657247
*CC(*)OC(=O)c1ccccc1Cl,1.579713479
*c1cccc(P(=O)(c2ccc(C(F)(F)F)cc2)c2cccc(-n3c(=O)c4c(-c5ccc(C(F)(F)F)cc5)c5c(=O)n(*)c(=O)c5c(-c5ccc(C(F)(F)F)cc5)c4c3=O)c2)c1,1.530174552
*C(=O)c1ccc2c(c1)C(=O)N(c1ccc(-c3ccc(N4C(=O)c5ccc(*)cc5C4=O)c(C)c3)cc1C)C2=O,1.63085887
*CC(*)(Cl)Cl,1.556668229
*CC(*)OC(=O)C1(C)CCCCC1,1.442695314
*CC(*)C(=O)OCc1ccc(C#N)cc1,1.555327874
*CC(C)CNC(=O)O*,1.468811892
*C(=O)Nc1ccc(Cc2ccc(NC(=O)c3ccc(N4C(=O)c5ccc(*)cc5C4=O)cc3)cc2)cc1,1.702003938
*C(*)C(=O)OCCC,1.455676041
*CC(*)OC(=O)C(F)(F)C(F)(F)C(F)(F)C(F)(F)C(F)(F)F,1.331956641
*CC(*)C#N,1.502718298
*CC(*)(CC(=O)OC1CCCCC1)C(=O)OC1CCCCC1,1.427093947
*CC(*)(C)C(=O)OCc1ccc(Cl)cc1Cl,1.532808568
*CC(*)(C)C(=O)OCC,1.428348512
*c1cccc(-c2nc3cc(-c4ccc5nc(*)c(-c6ccccc6)nc5c4)ccc3nc2-c2ccccc2)c1,1.725957693
*CC(*)CCCCCCC,1.464325512
*CC(*)(C)C(=O)OCCO[N+](=O)[O-],1.461019485
*c1ccc(Oc2cccc3c(Oc4ccc(-n5c(=O)c6cc7c(=O)n(*)c(=O)c7cc6c5=O)cc4)cccc23)cc1,1.669770923
*CC(*)C,1.490928527
*CC(*)C(=O)c1ccc(CCC)cc1,1.55602488
*Oc1ccc(-c2ccc(OC(=O)CCCCCCCCCCCCC(*)=O)cc2)cc1,1.530134928
*/C=C/C(C*)C(C)CC,1.475849008
*c1ccc2c(c1)C(=O)N(c1c(C)cc(Cc3cc(C)c(N4C(=O)c5ccc(C(*)(C(F)(F)F)C(F)(F)F)cc5C4=O)c(C)c3)cc1C)C2=O,1.506696564
*CC(*)c1ccccc1C(=O)OCCCCCC,1.504043781
*C(=O)c1ccc2c(c1)C(=O)N(c1ccc(C(=O)Nc3cccc(N4C(=O)c5ccc(*)cc5C4=O)c3)cc1)C2=O,1.695990131
*CC(*)c1cccc(C)c1,1.563890087
*/C=C/*,1.575928735
*CC(*)OC(=O)C1(F)C(F)(F)C(F)(F)C(F)(F)C(F)(F)C1(F)F,1.334067857
*CC(*)OC(=O)CCCCCCCCCCC,1.453773283
*c1ccc(Oc2ccc(-c3ccc(Oc4ccc(N5C(=O)c6ccc(Oc7ccc(C8(c9ccc(Oc%10ccc%11c(c%10)C(=O)N(*)C%11=O)cc9)CCCCCCCCCCC8)cc7)cc6C5=O)cc4)cc3C)c(C)c2)cc1,1.605943452
*CC(OC)C(C(=O)O)C(*)C(=O)O,1.459466369
*CC(*)OC(=O)C(C)(C)CC(C)(C)C,1.43243054
*c1ccc(Oc2c(C)cc(Cc3cc(C)c(Oc4ccc(N5C(=O)c6ccc(-c7ccc8c(c7)C(=O)N(*)C8=O)cc6C5=O)cc4)c(C)c3)cc2C)cc1,1.623164999
*CCCOC(=O)c1ccc(C(=O)O*)cc1,1.558926216
*CC(*)c1ccc(C(=O)OC(C)C)cc1,1.525014641
*C(=O)c1ccc2c(c1)C(=O)N(c1ccc(C3(c4ccc(N5C(=O)c6ccc(*)cc6C5=O)cc4)c4ccccc4-c4ccccc43)cc1)C2=O,1.633649601
*C(=O)c1ccc2c(c1)C(=O)N(c1ccc(Oc3ccc(-c4ccc(Oc5ccc(N6C(=O)c7ccc(*)cc7C6=O)cc5)cc4)cc3)cc1)C2=O,1.704393143
*CC(*)(C)C(=O)OCCO,1.46141376
*C(=O)c1ccc2c(c1)C(=O)N(c1cccc(C(=O)N(C)c3ccc(N4C(=O)c5ccc(*)cc5C4=O)cc3)c1)C2=O,1.650202965
*CC(*)(C)c1ccc(C)cc1,1.533127121
*CCCCCCNC(=O)c1ccc(-c2ccc(C(=O)N*)cc2)cc1,1.62520733
*c1ccc2c(c1)C(=O)N(c1ccc(C(C)(C)c3ccc(N4C(=O)c5ccc(C(*)(C(F)(F)F)C(F)(F)F)cc5C4=O)cc3)cc1)C2=O,1.550351804
*CC(*)c1ccccc1CC,1.545703698
*C(=O)c1ccc2c(c1)C(=O)N(c1ccc(C(=O)Nc3ccc(N4C(=O)c5ccc(*)cc5C4=O)cc3)cc1)C2=O,1.712034571
*CCCC(*)(C)CC,1.459990507
*CCOC(=O)c1ccc(C(=O)O*)cc1,1.569210438
*CC(*)c1ccc(OCCC(C)C)cc1,1.533991844
*Oc1ccc(S(=O)(=O)c2ccc(OC(=O)c3ccc(C(*)=O)cc3)cc2)cc1,1.627999456
*CC(*)(C)C(=O)OCc1cc(Cl)ccc1Cl,1.534925892
*CC(*)C(=O)OC1CCCCCCCCCCC1,1.459065226
*CC(*)c1ccc(C(=O)CCC)cc1,1.555340827
*/C=C/C1CC(*)C2C(=O)N(CCCCC)C(=O)C12,1.486357544
*OS(=O)(=O)c1ccc(*)cc1,1.580686839
*CC(*)OC(=O)C(C)(C)C(C)C(C)C,1.427972082
*CC(*)C(=O)OCCCC,1.450290219
*Oc1ccc(C2(c3ccc(OC(*)=O)cc3)CCCCC2)cc1,1.553797132
*CC(*)C(=O)c1ccc(Br)c(OC)c1,1.586614225
*c1ccc(Oc2c(C)cc(C(c3cc(C)c(Oc4ccc(-n5c(=O)c6cc7c(=O)n(*)c(=O)c7cc6c5=O)cc4)c(C)c3)c3cccc4ccccc34)cc2C)cc1,1.595356354
*CC(*)(C)C(=O)OC(OCC)C(F)(F)F,1.383891424
*c1ccc(-c2ccc(N3C(=O)c4ccc(-c5ccc6c(c5)C(=O)N(*)C6=O)cc4C3=O)cc2C(F)(F)F)c(C(F)(F)F)c1,1.550041139
*Oc1cc(C)c(*)c(C)c1Br,1.538196177
*CC(*)(C)C(=O)Oc1c(C(C)C)cccc1C(C)C,1.472696555
*CCCCO*,1.470156657
*Nc1cccc(C(O)Cc2ccc(NC(=O)c3ccc(C(*)=O)cc3)cc2)c1,1.647733347
*c1ccc(Oc2c(C)cc(-c3cc(C)c(Oc4ccc(N5C(=O)c6ccc(Oc7ccccc7Oc7ccc8c(c7)C(=O)N(*)C8=O)cc6C5=O)cc4C(F)(F)F)c(C)c3)cc2C)c(C(F)(F)F)c1,1.573605514
*CC(*)(C)CC,1.478831436
*CC(*)C(C)(C)C,1.447070109
*CC(C)(C)COC(=O)CCC(=O)O*,1.449878615
*C(=O)Oc1ccc(OC(=O)c2ccc3c(c2)C(=O)N(c2ccc(C(=O)Oc4ccc(N5C(=O)c6ccc(*)cc6C5=O)cc4)cc2)C3=O)cc1,1.685644467
*c1ccc2c(c1)C(=O)N(c1ccc(Sc3ccc(Oc4ccc(Sc5ccc(N6C(=O)c7ccc(C(*)(C(F)(F)F)C(F)(F)F)cc7C6=O)cc5)cc4)cc3)cc1)C2=O,1.641109755
*Oc1cc(C(C)(C)C)c(Oc2ccc(C(=O)Nc3ccc(C(C)(C)c4ccc(NC(=O)c5ccc(*)cc5)c(C)c4)cc3C)cc2)cc1C(C)(C)C,1.57661562
*Oc1ccc(C(C)(C)c2ccc(OC(*)=O)c(C)c2)cc1C,1.53718762
*c1c(C)c(C)c(-n2c(=O)c3cc4c(=O)n(*)c(=O)c4cc3c2=O)c(C)c1C,1.480111967
*CCCNC(=O)Cc1ccc(C(=O)N*)cc1,1.564005543
*CC(*)c1ccccc1C(=O)OCCCC,1.524592299
*CC(*)c1ccc(CC)cc1,1.550528565
*C(=O)c1ccc2c(c1)C(=O)N(c1ccc(N3C(=O)c4ccc(*)cc4C3=O)c(C)c1)C2=O,1.63389638
*CC/C=C(\*)Cl,1.563184376
*/C=C\*,1.6325655
*CC(*)Cc1cccc(C)c1,1.562552371
*c1ccc(-c2nc3cc4nc(*)oc4cc3o2)cc1,1.694797265
*CCC1CC(OC(=O)CCCCCCCCCCOc2ccc(-c3ccc(C#N)cc3)cc2)CC1*,1.548454995
*CC(*)c1ccc(C(F)(F)C(F)(F)C(F)(F)C(F)(F)C(F)(F)C(F)F)cc1,1.394770034
*CC(*)c1ccc(OC(C)=O)cc1,1.544970093
*c1cc(CCCC)c(*)s1,1.529926444
*CCCCCCCCCCCC(=O)N*,1.472960213
*Sc1ccc(Cc2ccc(SC(*)=O)cc2)cc1,1.676774799
*Oc1ccc(C(C)(C)c2ccc(C(C)(C)c3ccc(OC(*)=O)c(C)c3)cc2)cc1C,1.54562253
*C(*)C(=O)OC(C)C,1.440286259
*C(=O)c1ccc2c(c1)C(=O)N(c1ccc(C)c(N3C(=O)c4ccc(*)cc4C3=O)c1)C2=O,1.624337043
*CC(*)c1cccc2ccccc12,1.639321769
*CC(*)c1cc(C(C)(C)C)ccc1C,1.507772826
*C(=O)c1ccc2c(c1)C(=O)N(c1ccc(Cc3ccc(N4C(=O)c5ccc(*)cc5C4=O)cc3)cc1)C2=O,1.666584276
*CC(*)c1ccc(C(=O)CCN2CCOCC2)cc1,1.547686384
*CCCCCCNC(=O)c1ccc(C(C)(C)c2ccc(C(=O)N*)cc2)cc1,1.567150219
*c1ccc2c(c1)C(=O)N(c1ccc(Oc3ccc(N4C(=O)c5ccc(C(C)(C)CCCCCCCCC(*)(C)C)cc5C4=O)cc3)cc1)C2=O,1.604717852
*CC(*)c1ccccc1COCCCCC,1.516071903
*CC(C)C(*)(C)C,1.464407834
*C1CC2CC1C(*)C2CCCC,1.453167699
*CC(*)C(=O)OCCCCCCCCCCCCCCCCCC,1.449872281
*c1ccc(Oc2cc3ccccc3cc2Oc2ccc(N3C(=O)c4ccc(Oc5ccc6c(c5)C(=O)N(*)C6=O)cc4C3=O)cc2)cc1,1.692217254
*CC(F)(F)C(F)(F)C(F)(F)C(F)(F)COC(=O)O*,1.348133864
*CC(*)OC=O,1.483562817
*c1ccc(-c2sc(-c3ccc(-n4c(=O)c5cc6c(=O)n(*)c(=O)c6cc5c4=O)cc3)c(-c3ccccc3)c2-c2ccccc2)cc1,1.63891798
*CCOC(=O)c1ccc(C(=O)O*)c2ccccc12,1.642302226
*c1ccc2c(c1)C(=O)N(c1ccc(Oc3cccc(Oc4ccc(N5C(=O)c6ccc(C(*)(C(F)(F)F)C(F)(F)F)cc6C5=O)cc4)c3)cc1)C2=O,1.599583635
*CC(*)(C)C(=O)OCCCCCCCCCCCC,1.451057244
*CC(*)C(=O)OCCO,1.483896322
*C(OC(F)(F)F)C(*)(F)F,1.321084101
*CC(*)c1ccc(C(=O)c2ccc(C)cc2)cc1,1.620823287
*Oc1ccc(-c2ccc(OC(=O)CCCCCCCCCCCC(*)=O)cc2)cc1,1.529435804
*/C=C/CCC*,1.509697321
*c1ccc(-c2nc3cc(-c4ccc5nc(*)c(-c6ccccc6)nc5c4)ccc3nc2-c2ccccc2)cc1,1.717359042
*CC(*)CCC1CCCCC1,1.477791567
*Oc1ccc(S(=O)(=O)c2ccc(OC(*)=O)cc2)cc1,1.59635356
*Oc1ccc(S(=O)(=O)c2ccc(Oc3ccc(-c4ccc(*)cc4)cc3)cc2)cc1,1.661888766
*C=CC1CCC(*)C1,1.530116845
*c1ccc(Oc2ccc(-c3ccc(Oc4ccc(N5C(=O)c6ccc(Oc7cccc(Oc8ccc9c(c8)C(=O)N(*)C9=O)c7)cc6C5=O)cc4)cc3)cc2)cc1,1.679105459
*CCCCCCS(=O)(=O)c1ccc(/N=N/c2ccc(N(C)CCCCCC(=O)O*)cc2)cc1,1.636972832
*CC(*)C(=O)c1ccc(CC)cc1,1.572064367
*CCCCCCCCOC(=O)c1cccc(C(=O)O*)c1,1.51543097
*CC(*)(C)C(=O)Oc1ccc(C(=O)OC)cc1,1.536821048
*c1cccc(Oc2cccc(Oc3cccc(N4C(=O)c5ccc(-c6cccc7c6C(=O)N(*)C7=O)cc5C4=O)c3)c2)c1,1.667374957
*CC(*)OC(=O)C1CCCC1,1.464022495
*CCCCCCOC(=O)Nc1ccc(Cc2ccc(NC(=O)O*)cc2)cc1,1.588882512
*CCCCCCCCCC(=O)N*,1.473702932
*CC(*)OC(=O)CCCCC,1.437913689
*Oc1ccc(Sc2ccc(OC(*)=O)cc2)cc1,1.657071211
*CC(*)OC(=O)c1cccc(Br)c1,1.586969255
*CC(*)(C)C(=O)OCCCCCCN(C)c1ccc(/N=N/c2ccc(S(C)(=O)=O)cc2)cc1,1.658259378
*CC(*)CC1CCCCC1,1.47162608
*CC(*)CCC,1.467299555
*c1ccc2c(c1)C(=O)N(c1ccc(Oc3ccc(N4C(=O)c5ccc(C(F)(F)C(F)(F)C(*)(F)F)cc5C4=O)cc3)cc1)C2=O,1.603327933
*CCCCNC(=O)CCCCCCCCC(=O)N*,1.481953032
*CC(OC)C1C(=O)OC(=O)C1*,1.463602547
*Oc1ccc(C(C)(C)c2ccc(OC(=O)c3cccc(C(*)=O)c3)cc2)cc1,1.605787366
*CC(*)c1ccc(C)nc1,1.552084602
*Oc1ccc(C2(c3ccc(OC(*)=O)cc3)c3ccccc3-c3ccccc32)cc1,1.610666878
*CCCCCCNC(=O)Cc1ccc(C(=O)N*)cc1,1.528672565
*/C=C/CC*,1.53710404
*CC(*)OC1CCCCC1,1.461648001
*Sc1ccc(*)cc1,1.694528789
*Oc1ccc(C(=C(Cl)Cl)c2ccc(OC(*)=O)cc2)cc1,1.610478504
*c1cccc(P(=O)(c2ccccc2)c2cccc(-n3c(=O)c4c(-c5ccccc5)c5c(=O)n(*)c(=O)c5c(-c5ccccc5)c4c3=O)c2)c1,1.615012361
*CCCSS*,1.589890127
*CC(*)OCC(CC)CCCC,1.452934882
*c1ccc2c(c1)C(=O)N(c1c(C(C)C)cc(Cc3cc(C(C)C)c(N4C(=O)c5ccc(C(*)(C(F)(F)F)C(F)(F)F)cc5C4=O)c(C(C)C)c3)cc1C(C)C)C2=O,1.469965351
*Oc1c(C)cc(C(C)(C)c2cc(C)c(ON3C(=O)c4ccc(Oc5ccc(C6(c7ccc(Oc8ccc9c(c8)C(=O)N(*)C9=O)cc7)CCC(C(C)(C)C)CC6)cc5)cc4C3=O)c(C)c2)cc1C,1.568245492
*c1ccc(Oc2ccc3ccc(Oc4ccc(-n5c(=O)c6cc7c(=O)n(*)c(=O)c7cc6c5=O)cc4)cc3c2)cc1,1.70698746
*C(C)C(*)C,1.468525634
*CC(*)N1CCCC1=O,1.498660722
*NC(CCC(=O)OCc1ccccc1)C(*)=O,1.535216231
*c1ccc(Oc2ccc(NC(=O)CN3C(=O)c4ccc(C(c5ccc6c(c5)C(=O)N(CC(=O)Nc5ccc(Oc7ccc(-c8nnc(*)o8)cc7)cc5)C6=O)(C(F)(F)F)C(F)(F)F)cc4C3=O)cc2)cc1,1.613387651
*CC(*)CC1CCCC1,1.485024578
*C(=O)c1ccc2c(c1)C(=O)N(c1ccc(-c3ccc(N4C(=O)c5ccc(*)cc5C4=O)cc3)cc1)C2=O,1.706749431
*CC(*)c1ccc(F)cc1,1.52901129
*Oc1ccc(C(C)(C)c2ccc(OC(=O)c3ccccc3/C=C/c3ccc(/C=C/c4ccccc4C(*)=O)cc3)cc2)cc1,1.694351292
*c1ccc(Sc2ccc(N3C(=O)c4ccc(-c5ccc6c(c5)C(=O)N(*)C6=O)cc4C3=O)cc2)cc1,1.71551624
*CC(*)C(C)c1ccccc1,1.53826458
*c1ccc(N2C(=O)c3ccc(Oc4ccc(C(C)(C)c5cccc(Oc6ccc7c(c6)C(=O)N(*)C7=O)c5)cc4)cc3C2=O)cc1,1.623778843
*CC(*)c1ccc(C(=O)c2ccc(OC)cc2)cc1,1.625381923
*CC(*)(F)C(C)=O,1.441695012
*Oc1ccc(S(=O)(=O)c2ccc(Oc3ccc(C(=O)c4cc(I)cc(C(=O)c5ccc(*)cc5)c4)cc3)cc2)cc1,1.680002583
*CC(*)OC(=O)CC1CCCCC1,1.4675202
*Oc1ccc(S(=O)(=O)c2ccc(Oc3ccc(C(C)(C)c4ccc(*)cc4)cc3)c([N+](=O)[O-])c2)cc1[N+](=O)[O-],1.580349108
*CCO*,1.505800532
*CCCCCCOC(=O)c1ccc2cc(C(=O)O*)ccc2c1,1.581702764
*CC(*)c1ccccc1C(=O)Oc1ccccc1,1.60562759
*c1ccc(C(=O)Oc2ccc(N3C(=O)c4ccc(-c5ccc6c(c5)C(=O)N(*)C6=O)cc4C3=O)cc2)cc1,1.704879796
*CC(*)CCCC(C)(C)C,1.452668595
*CCCCCCNC(=O)CCCCC(=O)N*,1.486326166
*C(=O)c1ccc2c(c1)C(=O)N(c1ccc(Oc3cccc4c(Oc5ccc(N6C(=O)c7ccc(*)cc7C6=O)cc5)cccc34)cc1)C2=O,1.685503986
*C(F)(F)C(*)(F)OC(F)C(F)F,1.331564253
*c1cc(C(c2ccc(O)c(-n3c(=O)c4cc5c(=O)n(*)c(=O)c5cc4c3=O)c2)(C(F)(F)F)C(F)(F)F)ccc1O,1.520488509
*CC(*)C(=O)c1ccc(C)cc1,1.576916006
*CC(*)OC(=O)c1ccc(OC(C)=O)cc1,1.547114271
*Cc1ccc(-c2ccc(C(=O)O*)cc2)cc1,1.657205338
*c1ccc(N2C(=O)c3ccc(C(c4ccc5c(c4)C(=O)N(*)C5=O)(C(F)(F)F)C(F)(F)F)cc3C2=O)cc1,1.526693241
*Oc1ccc(Oc2ccc(C(=O)c3ccc(C(=O)c4ccc(*)cc4)c4ccccc34)cc2)cc1,1.673605077
*CC(*)C(=O)C(C)(C)C,1.444416727
*CCCCOC(=O)CCCCC(=O)O*,1.455359731
*C(c1ccccc1)C(*)[N+](=O)[O-],1.494894075
*Oc1ccc(C(=O)CCCCCCCCC(=O)c2ccc(OC(*)=O)cc2)cc1,1.543897568
*c1ccc(-c2ccc(N3C(=O)c4ccc(-c5ccc6c(c5)C(=O)N(*)C6=O)cc4C3=O)c(C)c2)cc1C,1.644640772
*CC(*)OC(C)C,1.458238285
*c1ccc(Oc2ccc(C(C)(C)c3ccc(Oc4ccc(-n5c(=O)c6cc7c(=O)n(*)c(=O)c7cc6c5=O)cc4)cc3)cc2)cc1,1.646527408
*Oc1ccc(C(=O)Nc2cccc(C(O)Cc3ccc(NC(=O)c4ccc(*)cc4)cc3)c2)cc1,1.613303781
*/C=C\CCC*,1.513911715
*CC(*)OCC(C)(C)CC(C)C,1.454853719
*CC(CCl)O*,1.505692186
*C(F)(F)C(F)(F)C1(F)C(*)(F)OC(F)(F)C1(F)F,1.308228273
*C=CCC(C)(CC*)C(=O)OC,1.465295636
*N=P(*)(OCC(F)(F)F)OCC(F)(F)F,1.394323982
*CC(*)c1ccc(C(=O)N2CCCCC2)cc1,1.540580851
*c1cccc(P(=O)(c2ccc(C(F)(F)F)cc2)c2cccc(-n3c(=O)c4c(-c5cc(C(F)(F)F)cc(C(F)(F)F)c5)c5c(=O)n(*)c(=O)c5c(-c5cc(C(F)(F)F)cc(C(F)(F)F)c5)c4c3=O)c2)c1,1.488177353
*C(=O)c1ccc2c(c1)C(=O)N(c1c(C)cc(C(c3cc(C)c(N4C(=O)c5ccc(*)cc5C4=O)c(C)c3)c3cccc4ccccc34)cc1C)C2=O,1.572349919
*NC(CCC(=O)OCCCCC)C(*)=O,1.462076202
*CC1CCC(COC(=O)CCC(=O)O*)CC1,1.462062312
*Oc1ccc2c(c1)C1(CC2(C)C)CC(C)(C)c2ccc(OC(=O)c3cccc(C(*)=O)c3)cc21,1.563549825
*C(=O)c1ccc2c(c1)C(=O)N(c1cccc(OCCOCCOc3cccc(N4C(=O)c5ccc(*)cc5C4=O)c3)c1)C2=O,1.643860173
*CCOC(=O)CCC(=O)O*,1.452628413
*C(=O)c1ccc2c(c1)C(=O)N(c1cccc(C(=O)c3cccc(N4C(=O)c5ccc(*)cc5C4=O)c3)c1)C2=O,1.666972009
*CC1(*)CCCCC1,1.470809424
*C(=O)c1ccc2c(c1)C(=O)N(c1ccc(-c3ccc(N4C(=O)c5ccc(*)cc5C4=O)c(OC)c3)cc1OC)C2=O,1.625308635
*CC(*)c1ccc(C(=O)N(C)C)cc1,1.560337149
*CC(*)c1ccc(Cl)cc1Cl,1.567133826
*c1ccc(Oc2ccc(S(=O)(=O)c3ccc(Oc4ccc(-n5c(=O)c6cc7c(=O)n(*)c(=O)c7cc6c5=O)cc4)cc3)cc2)cc1,1.65544302
*c1ccc(Oc2ccccc2Oc2ccc(-n3c(=O)c4cc5c(=O)n(*)c(=O)c5cc4c3=O)cc2)cc1,1.649220757
*CCC(c1ccccc1)C(*)c1ccccc1,1.547601496
*CCCCOC(=O)c1ccc(C(=O)O*)cc1,1.548964193
*CC(*)O[N+](=O)[O-],1.491928834
*c1ccc2c(c1)C(=O)N(c1ccc(Cc3ccc(N4C(=O)c5ccc(C(F)(F)C(F)(F)C(*)(F)F)cc5C4=O)cc3)cc1)C2=O,1.59286088
*c1ccc(Oc2ccc(C(C)(C)c3ccc(Oc4ccc(N5C(=O)C6CCC7C(=O)N(*)C(=O)C7C6C5=O)cc4)cc3)cc2)cc1,1.588031268
*c1ccc2c(c1)-c1nc3cc(Oc4ccc5c(c4)nc4n5C(=O)c5cc(C(*)(C(F)(F)F)C(F)(F)F)ccc5-4)ccc3n1C2=O,1.644120437
*C(=O)Nc1ccc(NC(=O)c2ccc(N3C(=O)c4ccc(*)cc4C3=O)cc2)cc1,1.727846959
*CC(*)(CC(=O)OCCCc1ccccc1)C(=O)OCCCc1ccccc1,1.530727217
*NC(CCC(=O)OCC)C(*)=O,1.473742835
*CCC=C(*)C(C)C,1.494830805
*C1CCC(CC2CCC(N3C(=O)C4C5C=CC(C6C(=O)N(*)C(=O)C56)C4C3=O)C(C)C2)CC1C,1.467147913
*CC(*)c1ccc2ccccc2c1,1.655021425
*c1cccc(Oc2ccc(-n3c(=O)c4cc5c(=O)n(*)c(=O)c5cc4c3=O)cc2)c1,1.662912278
*Oc1cc(C(C)(C)C)c(Oc2ccc(C(=O)Nc3ccc(C(c4ccc(NC(=O)c5ccc(*)cc5)cc4)(C(F)(F)F)C(F)(F)F)cc3)cc2)cc1C(C)(C)C,1.546095523
*C=CCC*,1.537991044
*CCCCCCCCCCOC(=O)c1ccc(C(=O)NCCNC(=O)c2ccc(C(=O)O*)cc2)cc1,1.556504477
*Oc1cccc(S(=O)(=O)c2ccc(*)cc2)c1,1.605753761
*CC(*)(CC(=O)OCCCC)C(=O)OCCCC,1.444373996
*CC(*)C(=O)OC,1.460085865
*CC(*)OC(=O)c1cccc(OC)c1,1.556109253
*CCCCCCOC(=O)CCCCCCCC(=O)O*,1.455784196
*CC(*)SCCCC,1.517167972
*OC(C)C(*)=O,1.444010493
*CCOCCOC(=O)c1ccc(-c2ccc(C(=O)O*)cc2)cc1,1.624495672
*c1ccc(Sc2ccc(Sc3ccc(Sc4ccc(-n5c(=O)c6cc7c(=O)n(*)c(=O)c7cc6c5=O)cc4)cc3)cc2)cc1,1.739074935
*CC(*)c1ccc(COCCO)cc1,1.554927422
*CCCCCCCCCSC(=O)S*,1.529137782
*c1ccc(-c2ccc(N3C(=O)c4ccc(-c5cccc6c5C(=O)N(*)C6=O)cc4C3=O)cc2C)c(C)c1,1.611415779
*c1ccc(S(=O)(=O)c2ccc(N3C(=O)c4ccc(Oc5ccc6c(c5)C(=O)N(*)C6=O)cc4C3=O)cc2)cc1,1.638907142
*CC(*)C(=O)OC(C(F)(F)F)C(F)(F)F,1.347178504
*Oc1ccccc1OC(=O)c1ccccc1/C=C/c1ccc(/C=C/c2ccccc2C(*)=O)cc1,1.728953064
*c1cccc(Oc2ccc(S(=O)(=O)c3ccc(Oc4cccc(N5C(=O)c6ccc(-c7ccc8c(c7)C(=O)N(*)C8=O)cc6C5=O)c4)cc3)cc2)c1,1.685897412
*C=CC(C*)OC,1.516161835
*Oc1ccc(C(C#N)(c2ccccc2)c2ccc(OC(*)=O)cc2)cc1,1.602749603
*CC(*)c1ccc(C#N)cc1,1.568492801
*CC(*)(C)C(=O)OCc1c(Cl)cccc1Cl,1.541289803
*Oc1c(Cl)cc(C(C)(C)c2cc(Cl)c(OC(*)=O)c(Cl)c2)cc1Cl,1.550577319
*CC(*)c1ccc(OCC)cc1,1.549059565
*c1ccc2c(c1)C(=O)N(c1ccc(Oc3ccc(N4C(=O)c5ccc(C(C)(C)CCCCC(*)(C)C)cc5C4=O)cc3)cc1)C2=O,1.605493701
*c1ccc(Oc2ccc(Oc3ccc(N4C(=O)c5ccc(Oc6ccc(C7(c8ccc(Oc9ccc%10c(c9)C(=O)N(*)C%10=O)cc8)CCCCCCCCCCC7)cc6)cc5C4=O)cc3)c(C(C)(C)C)c2)cc1,1.589257058
*CCCCCCNC(=O)c1ccc(C(=O)N*)cc1,1.560033727
*CC/C=C(\*)C(C)(C)C,1.501581033
*CC(*)(C)C(=O)OCCOC,1.451867273
*c1cccc(S(=O)(=O)c2cccc(N3C(=O)c4ccc(Oc5ccc(S(=O)(=O)c6ccc(Oc7ccc8c(c7)C(=O)N(*)C8=O)cc6)cc5)cc4C3=O)c2)c1,1.652510059
*OC1C(CO)OC(*)C(N)C1O,1.483974987
*CC(*)OC(=O)c1ccc(Cl)cc1,1.576989787
*CC(*)(C)c1ccccc1,1.553540085
*CC(*)OC(=O)C(F)(F)C(F)(F)C(F)(F)C(F)(F)C(F)(F)C(F)(F)C(F)(F)F,1.324483507
*CC(*)CCc1ccc(C)cc1,1.555379138
*CCOC(=O)Nc1cccc2c(NC(=O)O*)cccc12,1.642324349
*CC(*)C(C)C,1.45578207
*CCC(*)(C)C,1.470448062
*CC(*)c1ccc(COC(C)CC)cc1,1.519590913
*CC(*)c1ccc(C(=O)OCC)cc1,1.534191125
*CC/C=C(/*)C,1.527954759
*CC(*)c1ccccc1C(=O)OCCN(C)C,1.534751018
*C(=O)NC1CCC(CC2CCC(NC(=O)c3ccc(N4C(=O)c5ccc(*)cc5C4=O)cc3)CC2)CC1,1.580305025
*CC(*)C=C,1.510415103
*NC1CCC(CC2CCC(NC(=O)CCCCCCCCCCCCC(*)=O)CC2)CC1,1.477476003
*/C=C\CCCCC*,1.487136468
*C(C)C(*)OCCC,1.454412252
*CC(*)c1ccc(C(C)(O)CCC)cc1,1.516588287
*CC(*)c1ccc(C(=O)OCCN(C)C)cc1,1.550473031
*CC(*)P(=O)(Oc1ccccc1)N(C)C,1.530544006
*C(=O)C1CCCN1*,1.515330739
*CC(*)c1ccc(COCCCCCC)cc1,1.518067649
*CC(C)(CCC)C(=O)O*,1.433882758
*/C(C)=C(/*)C(C)C,1.424219563
*CC(*)OC(=O)CC1CCCC1,1.470574371
*CC(*)C(=O)N(C)C,1.503318492
*c1ccc(Oc2ccc(-c3ccc(Oc4ccc(N5C(=O)c6ccc(Oc7ccc(C8(c9ccc(Oc%10ccc%11c(c%10)C(=O)N(*)C%11=O)cc9)CCC(c9ccccc9)CC8)cc7)cc6C5=O)cc4)cc3C)c(C)c2)cc1,1.651137936
*Oc1ccc(S(=O)(=O)c2ccc(Oc3c(C)cc(C(C)(C)c4cc(C)c(*)c(C)c4)cc3C)cc2)cc1,1.555279367
*CC(*)C(=O)OCCCCCCCCCCCCCCCCCCCCCC,1.445512087
*CCCC=C(*)c1ccc(Cl)cc1,1.63494411
*CCCCCCNC(=O)CCCCCCCCC(=O)N*,1.483136558
*CC(*)OC(=O)c1ccc(C(C)C)cc1,1.537552584
*CC(*)(C)C(=O)OCCN(C)C,1.469056427
*c1cccc(N2C(=O)c3ccc(-c4cccc5c4C(=O)N(*)C5=O)cc3C2=O)c1,1.657355959
*CCCCCCNC(=O)NCc1ccc(CNC(=O)N*)cc1,1.546897204
*Cc1ccc2[nH]c(-c3ccc4c(c3)-c3cc(-c5nc6cc(*)ccc6[nH]5)ccc3S4(=O)=O)nc2c1,1.745171135
*CC(*)c1c(C)cc(C)cc1C,1.53606914
*CC(*)c1ccc(-c2ccc(-c3ccccc3)cc2)cc1,1.696236306
*CC(*)CNc1ccc([N+](=O)[O-])cc1C,1.618677176
*CC(*)CCCN(CC(C)C)CC(C)C,1.457355931
*c1cccc(S(=O)(=O)NCCCCCCNS(*)(=O)=O)c1,1.541085964
*CC(*)(C)C(=O)OCC(C)C,1.436068531
*C(=O)Oc1ccc(OC(=O)c2ccc3c(c2)C(=O)N(C2CCC(N4C(=O)c5ccc(*)cc5C4=O)CC2)C3=O)cc1,1.609475759
*CC(*)CC(CC)CC,1.454165377
*CC(*)c1cc(C)cc(C)c1,1.546793451
*CC(*)c1ccc(C(F)(F)C(F)(F)C(F)(F)C(F)(F)C(F)(F)C(F)(F)C(F)(F)F)cc1,1.382708399
*c1cccc(N2C(=O)c3ccc(C(=O)c4ccc5c(c4)C(=O)N(*)C5=O)cc3C2=O)c1,1.646658877
*CC(*)c1ccc(Cl)c(Cl)c1,1.569086553
*c1ccc(Oc2ccc(Oc3ccc(N4C(=O)c5ccc(-c6ccc7c(c6)C(=O)N(*)C7=O)cc5C4=O)cc3)c(C(C)(C)C)c2)cc1,1.641182943
*c1ccc(-c2nc3cc(-c4ccc5nc(-c6ccccc6)c(*)nc5c4)ccc3nc2-c2ccccc2)cc1,1.734443676
*CC(*)c1ccc(C(C)C)cc1,1.53172234
*CC(*)SCC,1.530222633
*Oc1ccc(S(=O)(=O)c2ccc(Oc3ccc(C(=O)c4cccc(C(=O)c5ccc(*)cc5)c4)cc3)cc2)cc1,1.66627398
*Oc1ccc(C(C)(C)c2ccc(OC(=O)CCCCC(*)=O)cc2)cc1,1.555786384
*c1ccc(Oc2ccc(N3C(=O)c4ccc(Oc5ccc(C6(c7ccc(Oc8ccc9c(c8)C(=O)N(*)C9=O)cc7)CCC(c7ccccc7)CC6)cc5)cc4C3=O)cc2)cc1,1.643660767
*CC(*)c1ccc(N(C)C)cc1,1.597872385
*c1ccc(Oc2ccc(C(c3ccc(Oc4ccc(-n5c(=O)c6cc7c(=O)n(*)c(=O)c7cc6c5=O)cc4)cc3)(C(F)(F)F)C(F)(F)F)cc2)cc1,1.596235937
*CC(*)CC,1.475320848
*CC(*)C(=O)Oc1ccc(Cl)cc1Cl,1.566991926
*CCC=C(*)C,1.531134009
*CC(*)NC(=O)OC(C)(C)C,1.447602912
*CC(*)c1ccc(C)cc1C,1.543009001
*CC(*)OCCC,1.462128813
*c1ccc(Oc2ccc(-c3ccc(Oc4ccc(-n5c(=O)c6cc7c(=O)n(*)c(=O)c7cc6c5=O)cc4)cc3)cc2)cc1,1.697648253
*CC(*)OC(=O)CCCC1CCCCC1,1.472610695
*Oc1ccc2c(c1)C1(CC2(C)C)CC(C)(C)c2ccc(OC(=O)c3ccc(C(*)=O)cc3)cc21,1.558267711
*C(*)C(=O)OC,1.440699695
*CCCC(=O)N*,1.512029532
*c1ccc(Oc2ccc(Oc3ccc(N4C(=O)C5CCC6C(=O)N(*)C(=O)C6C5C4=O)cc3)cc2)cc1,1.582577861
*CC(*)OC(=O)CCl,1.495396132
*CCCCCCNC(=O)c1ccc(C2(C)CC(C)(C)c3ccc(C(=O)N*)cc32)cc1,1.54337034
*CC(*)C1CCC1,1.481642147
*CC(*)C(=O)C(C)C,1.454949363
*c1ccc2c(c1)C(=O)N(c1ccc(Oc3c(C)cc(Cc4cc(C)c(Oc5ccc(N6C(=O)c7ccc(C(*)(C(F)(F)F)C(F)(F)F)cc7C6=O)cc5)c(C)c4)cc3C)cc1)C2=O,1.562346756
*CC(*)c1ccccc1C(=O)OC(C)C,1.526707646
*CC(*)(CC(=O)OCC)C(=O)OCC,1.427117523
*CC(*)c1ccc(CCCCCCCCCCCC)cc1,1.502127912
*CCCCCCCCCNC(=O)c1ccc(C(=O)N*)cc1,1.54453047
*c1ccc2c(c1)C(=O)N(c1ccc(C(c3ccc(N4C(=O)c5ccc(C(*)(C(F)(F)F)C(F)(F)F)cc5C4=O)cc3)(C(F)(F)F)C(F)(F)F)cc1)C2=O,1.494939316
*CC(*)c1cc(C(C)C)ccc1C(C)C,1.490946565
*CC(*)(C)OC,1.464589925
*CC(*)N1Cc2ccccc2N1,1.594262643
*CC(*)c1ccc(F)cc1C,1.520703472
*C(=O)c1ccc2c(c1)C(=O)N(c1cccc(C(=O)Nc3cccc(N4C(=O)c5ccc(*)cc5C4=O)c3)c1)C2=O,1.680344948
*C(=O)c1ccc2c(c1)C(=O)N(c1cc(C(c3ccc(O)c(N4C(=O)c5ccc(*)cc5C4=O)c3)(C(F)(F)F)C(F)(F)F)ccc1O)C2=O,1.537198092
*CCCCOC(=O)NCC(F)(F)C(F)(F)C(F)(F)C(F)(F)CNC(=O)O*,1.397768531
*c1ccc(Oc2cc3ccccc3cc2Oc2ccc(N3C(=O)c4ccc(-c5ccc6c(c5)C(=O)N(*)C6=O)cc4C3=O)cc2)cc1,1.713787793
*CC(*)c1ccc(C(=O)c2ccccc2)cc1,1.631488464
*c1cccc(-c2nc3cc(-c4ccc5nc(*)c(-c6ccc7ccccc7c6)nc5c4)ccc3nc2-c2ccc3ccccc3c2)c1,1.79902045
*c1ccc(*)cc1,1.590131163
*CC(*)c1ccc(OCCCC)cc1,1.540014448
*Oc1ccc(C(C)(CCC#N)c2ccc(OC(*)=O)c(C)c2)cc1C,1.525995109
*OC(C)COC(*)=O,1.451527588
*CC1(C)CC(*)(C)C(=O)OC1=O,1.462763057
*CC(*)CNc1ccc([N+](=O)[O-])cn1,1.637324057
*CC(*)CCCCCCCCCCC,1.45931366
*CC(*)c1ccc(CCCCCCCCCC)cc1,1.506963584
*Oc1cccc2ccc(OC(=O)c3ccccc3/C=C/c3ccc(/C=C/c4ccccc4C(*)=O)cc3)cc12,1.703210393
*CC(*)C1CCC(C)CC1,1.453576507
*CC(*)C(=O)OC(OCC)C(F)(F)F,1.387400693
*/C=C\CCCC*,1.495237286
*CCOC(=O)c1cccc(C(=O)O*)c1,1.560906911
*CCOC(=O)c1ccc(-c2ccc(C(=O)O*)cc2)cc1,1.647309034
*CC(*)C(=O)c1ccccc1,1.58901336
*CC(*)CNc1ccc([N+](=O)[O-])cc1[N+](=O)[O-],1.64090101
*Oc1ccc(NC(=O)c2ccc(C(c3ccc(C(=O)O)c(C(=O)Nc4cc(*)ccc4N)c3)(C(F)(F)F)C(F)(F)F)cc2C(=O)O)c(N)c1,1.581092003
*CC(*)OC(=O)c1ccccc1,1.560940796
*c1ccc(N2C(=O)c3ccc(-c4ccc5c(c4)C(=O)N(*)C5=O)cc3C2=O)c(C)c1,1.626305608
*c1ccc(-c2ccc(-n3c(=O)c4cc5c(=O)n(*)c(=O)c5cc4c3=O)cc2C(F)(F)F)c(C(F)(F)F)c1,1.492421202
*c1cccc(N2C(=O)c3ccc(-c4ccc5c(c4)C(=O)N(*)C5=O)cc3C2=O)c1,1.671368206
*c1ccc(Oc2ccc(Oc3ccc(N4C(=O)c5ccc(Oc6cccc7c6C(=O)N(*)C7=O)cc5C4=O)cc3)cc2)cc1,1.673771123
*C(=O)Nc1ccc(C2(c3ccc(NC(=O)c4ccc5c(c4)C(=O)N(c4ccc(Sc6ccc(Oc7ccc(Sc8ccc(N9C(=O)c%10ccc(*)cc%10C9=O)cc8)cc7)cc6)cc4)C5=O)cc3)c3ccccc3-c3ccccc32)cc1,1.711504088
*c1cccc(P(=O)(c2cccc(-n3c(=O)c4c(-c5ccc(C(F)(F)F)cc5)c5c(=O)n(*)c(=O)c5c(-c5ccc(C(F)(F)F)cc5)c4c3=O)c2)c2cc(C(F)(F)F)cc(C(F)(F)F)c2)c1,1.506190663
*CC(*)(F)F,1.417747363
*C(CC)C(*)CC,1.460440101
*CC(*)(C)C#N,1.488487346
*CC(*)OC(=O)c1ccc(OC(=O)CCC)cc1,1.536186579
*CC(*)OC(=O)c1ccccc1OC,1.565226572
*CC(*)(C)C(=O)OCC(C)O,1.45535081
*CCCCCCCC(*)C,1.468109415
*c1ccc2c(c1)C(=O)N(c1ccc(Oc3ccc(C(c4ccc(Oc5ccc(N6C(=O)c7ccc(C(*)(C(F)(F)F)C(F)(F)F)cc7C6=O)cc5)cc4)(C(F)(F)F)C(F)(F)F)cc3)cc1)C2=O,1.552833599
*C(=O)Nc1cccc(NC(=O)/C=C/c2cccc(N3C(=O)c4ccc(*)cc4C3=O)c2)c1,1.713526232
*CCCS(=O)(=O)c1ccc(/N=N/c2ccc(N(CCCC)CC(=O)O*)cc2)cc1,1.664013085
*CC(*)C(=O)OCCCCCCCCCCCC,1.454778475
*CC(=O)N*,1.579752113
*c1ccc2c(c1)C(=O)N(c1c(C)c(C)c(N3C(=O)c4ccc(C(*)(C(F)(F)F)C(F)(F)F)cc4C3=O)c(C)c1C)C2=O,1.475764983
*CC(*)c1ccc(C(=O)N(CC)CC)cc1,1.525667959
*c1ccc2sc3ccc(-c4nc5cc(-c6ccc7[nH]c(*)nc7c6)ccc5[nH]4)cc3c2c1,1.804667222
*NC(=O)NCCCCCCNC(=O)Nc1ccc(Cc2ccc(*)cc2)cc1,1.578688388
*C(F)(F)C(*)(F)c1c(F)c(F)c(F)c(F)c1F,1.380101515
*c1ccc(C(c2ccc(N3C(=O)c4cc5c(cc4C3=O)C(C(F)(F)F)(C(F)(F)F)c3cc4c(cc3O5)C(=O)N(*)C4=O)cc2)(C(F)(F)F)C(F)(F)F)cc1,1.491311176
*CC(c1ccccn1)C(c1ccccc1)C(*)c1ccccn1,1.554926963
*CCOC(=O)C1CCC(C(=O)O*)CC1,1.453394512
*CCCCCCCCCCC(=O)N*,1.474487608
*CC(*)C(=O)NC(C)C,1.47897592
*c1ccc(C)c(N2C(=O)c3ccc(-c4ccc5c(c4)C(=O)N(*)C5=O)cc3C2=O)c1,1.631810841
*CC(*)c1ccc(C(=O)CCCCC)cc1,1.541764026
*CCC(C)C(*)C,1.464599497
*CC(C)O*,1.481373304
*Oc1ccc(-c2ccc(OC(=O)CCCCCCCC(*)=O)cc2)cc1,1.58900094
*CC(*)(C)C(=O)OC1CCCCC1,1.443645063
*Oc1ccc(-c2ccc(OC(=O)CCCCCCCCCC(*)=O)cc2)cc1,1.551926674
*c1cc(C(c2ccc(O)c(N3C(=O)c4ccc(-c5ccc6c(c5)C(=O)N(*)C6=O)cc4C3=O)c2)(C(F)(F)F)C(F)(F)F)ccc1O,1.553545491
*CC(*)(C)c1ccc2ccccc2c1,1.607401294
*CC(*)(C)C(=O)OC(C)(C)C,1.409693587
*CC(*)OC(C)(C)C,1.446307533
*c1cccc2c(N3C(=O)c4ccc(-c5ccc6c(c5)C(=O)N(*)C6=O)cc4C3=O)cccc12,1.624298845
*CC(*)c1cc(Cl)ccc1Cl,1.562133092
*CC(*)c1ccccc1COCCCC,1.529259106
*c1ccc(Oc2cc(C(C)(C)C)ccc2Oc2ccc(N3C(=O)c4ccc(-c5ccc6c(c5)C(=O)N(*)C6=O)cc4C3=O)cc2)cc1,1.640106968
*Oc1ccc(C(CCCC)(CCCC)c2ccc(OC(*)=O)cc2)cc1,1.506407353
*c1ccc(*)s1,1.641784422
*CC(*)OC(=O)c1cccc(Cl)c1,1.566104286
*CC(*)C1CCCCC1,1.454163567
*CC(*)C(=O)Oc1cccc(N(C)C)c1,1.582561671
*CC(*)(C)C(=O)Oc1c(C)cccc1C,1.509779835
*C(=O)Nc1ccc(Oc2ccc(NC(=O)c3ccc4c(c3)C(=O)N(c3ccc(S(=O)(=O)c5ccc(N6C(=O)c7ccc(*)cc7C6=O)cc5)cc3)C4=O)cc2)cc1,1.689713991
*CCCCCCCCCCCCC(=O)N*,1.475085325
*CC(*)CCCCCCCCCC,1.45915972
*C(=O)Oc1ccc(C(C)(C)c2ccc(OC(=O)c3ccc4c(c3)C(=O)N(c3ccc(-c5ccc(N6C(=O)c7ccc(*)cc7C6=O)cc5)cc3)C4=O)cc2)cc1,1.674839967
*CC(*)(C)C(=O)OCc1ccc(Cl)cc1,1.532310563
*CC(*)c1cc(Br)ccc1OCCC,1.531920058
*Cc1cccc(COC(=O)Nc2ccc(Cc3ccc(NC(=O)O*)cc3)cc2)c1,1.632160671
*CC(*)c1ccc(CCCCCCCCC)cc1,1.506706379
*CC(*)OC(=O)c1ccc(C)cc1,1.554930504
*CC(*)c1cccs1,1.609466598
*CC(*)OC(C)=O,1.45227121
*CC(*)OC(=O)c1ccc(OCC)cc1,1.55427898
*c1cccc(P(=O)(c2ccc(C(F)(F)F)cc2)c2cccc(-n3c(=O)c4c(-c5ccccc5)c5c(=O)n(*)c(=O)c5c(-c5ccccc5)c4c3=O)c2)c1,1.588965774
*CC(*)CCC(C)CC,1.46101734
*CCCC=C(*)c1ccccc1,1.628304381
*CC(*)c1ccccc1C(=O)OCC,1.53533732
*C(=O)c1ccc2c(c1)C(=O)N(c1c(C)cc(Cc3cc(C)c(N4C(=O)c5ccc(*)cc5C4=O)c(C)c3)cc1C)C2=O,1.573605022
*/C=C(/*)c1ccc(-c2ccc(C#C)cc2)cc1,1.765247976
*c1ccc2c(c1)C(=O)N(c1cc(C(c3ccc(O)c(N4C(=O)c5ccc(C(*)(C(F)(F)F)C(F)(F)F)cc5C4=O)c3)(C(F)(F)F)C(F)(F)F)ccc1O)C2=O,1.465842365
*CC(*)CCC(C)(C)C,1.451757971
*CC(*)C(=O)Oc1ccc(OC)cc1,1.551294002
*CC(*)c1ccc(C(C)=NO)cc1,1.579414349
*Oc1ccc(C(c2ccc(Oc3ccc(C(=O)c4cccc(C(=O)c5ccc(*)cc5)c4)cc3)cc2)(C(F)(F)F)C(F)(F)F)cc1,1.597451346
*c1ccc(C(Cl)(Cl)C(*)Cl)cc1,1.571772856
*C(=O)c1ccc2c(c1)C(=O)N(c1c(CC)cc(Cc3cc(CC)c(N4C(=O)c5ccc(*)cc5C4=O)c(CC)c3)cc1CC)C2=O,1.552844591
*CC(*)c1ccc(C(C)(O)CC)cc1,1.524741004
*CC(*)(C)C(=O)Oc1ccccc1,1.53525243
*CC(*)(C)C(=O)OCCC#N,1.460377291
*CC(*)c1cc(Br)ccc1OCCCCC,1.528952427
*CCC=C(*)CCCCCCC,1.471604773
*NC(CCC(=O)OCCC)C(*)=O,1.468416983
*c1ccc(-c2ccc(-c3ccc(-n4c(=O)c5cc6c(=O)n(*)c(=O)c6cc5c4=O)cc3)cc2)cc1,1.63449035
*CC(*)(CC(=O)OC)C(=O)OC,1.431420373
*Oc1ccc(-c2ccc(OC(=O)CCCCCCCCC(*)=O)cc2)cc1,1.556677713
*c1cccc(N2C(=O)c3ccc(C(c4ccc5c(c4)C(=O)N(*)C5=O)(C(F)(F)F)C(F)(F)F)cc3C2=O)c1,1.531408956
*c1ccc(Oc2ccc(C3(c4ccc(Oc5ccc(N6C(=O)c7ccc(Oc8ccc(C9(c%10ccc(Oc%11ccc%12c(c%11)C(=O)N(*)C%12=O)cc%10)CCCCCCCCCCC9)cc8)cc7C6=O)cc5)cc4)CCC(C(C)(C)C)CC3)cc2)cc1,1.593276086
*Cc1cccc(CNC(=O)CCCCC(=O)N*)c1,1.539207835
*CC(*)C(=O)c1ccc(C(C)C)cc1,1.556905484
*c1ccc(S(=O)(=O)c2ccc(N3C(=O)c4ccc(C(c5ccc6c(c5)C(=O)N(*)C6=O)(C(F)(F)F)C(F)(F)F)cc4C3=O)cc2)cc1,1.548514887
*CCCCNC(=O)CCCCC(=O)N*,1.492604053
*CC(*)OC(=O)C(F)(F)C(F)(F)C(F)(F)C(F)(F)C(F)(F)C(F)(F)C(F)(F)C(F)(F)C(F)(F)F,1.322149613
*CC(*)c1ccccc1C(=O)NC,1.542486188
*CC(*)c1ccc(C(=O)OCCCCCC)cc1,1.515205799
*CC(*)C(=O)Oc1ccc(-c2ccccc2)cc1,1.637110469
*C([2H])([2H])C(*)(C(=O)OC([2H])([2H])[2H])C([2H])([2H])[2H],1.435528912
*c1ccc2c(c1)C(=O)N(c1ccc(Cc3ccc(N4C(=O)c5ccc(C(*)(C(F)(F)F)C(F)(F)F)cc5C4=O)cc3)cc1)C2=O,1.566371224
*CC(*)c1ccc(CCCCCC)cc1,1.516093091
