SMILES,Eat
*CC(=S)c1ccc(C(*)=S)s1,-5.78
*Cc1ccc(C(=S)O*)s1,-5.82
*COc1ccc(O*)cc1,-6.03
*c1ccc(-c2ccc(*)s2)s1,-6.18
*Cc1ccc(-c2ccc(N*)s2)s1,-5.92
*C(=S)C(F)(F)CC(*)(F)F,-5.2
*CC(=S)c1ccc(O*)s1,-5.8
*CCCCCOC(=O)O*,-5.46
*c1ccc(CC(F)(F)C(*)(F)F)s1,-5.59
*C(=O)c1ccc(C(=O)C(*)=S)s1,-6.33
*OC(F)(F)OC(*)(F)F,-5.25
*C(=O)c1ccc(-c2ccc(C(*)=S)s2)s1,-6.22
*C(=O)c1ccc(OC(*)=S)s1,-6.17
*C(=O)c1ccc(-c2ccc(C(*)=S)s2)cc1,-6.3
*c1cccc(*)n1,-6.6
*Cc1ccc(C(=S)c2ccc(*)cc2)cc1,-6.17
*c1ccc(C(F)(F)c2ccc(C(*)(F)F)cc2)cc1,-6.06
*Cc1ccc(Oc2ccc(*)s2)s1,-5.92
*CC(*)C,-5.14
*OC(=S)Oc1ccc(*)cc1,-6.18
*NOC(F)(F)C(*)(F)F,-5.15
*CC(=O)c1ccc(-c2ccc(*)s2)s1,-6.12
*NOC(=O)O*,-5.77
*Oc1ccc(-c2ccc(-c3ccc(*)cc3)cc2)s1,-6.29
*CC(=O)CO*,-5.62
*CONC(*)=O,-5.69
*c1ccc(C(F)(F)C(=O)C(*)(F)F)s1,-5.82
*CCOC(=O)CCCCCCC(=O)O*,-5.5
*C(=S)C(F)(F)c1ccc(C(*)(F)F)s1,-5.65
*C(=S)CC(F)(F)C(*)(F)F,-5.19
*Nc1ccc(Nc2ccc(*)s2)s1,-5.96
*NC(=O)C(=S)c1ccc(*)s1,-6.16
*COCOCCCO*,-5.22
*CC(=O)OC(*)=O,-6.3
*OCCC(=O)CC(=O)Oc1ccc(*)cc1,-6.01
*CC(=S)CC(*)=S,-5.3
*Nc1ccc(-c2ccc(C(*)=S)s2)cc1,-6.18
*Oc1ccc(C(=O)c2ccc(*)cc2)cc1,-6.4
*Nc1ccc(-c2ccc(-c3ccc(*)s3)cc2)cc1,-6.26
*Cc1ccc(-c2ccc(C(*)=S)cc2)s1,-6.05
*Nc1ccc(-c2ccc(-c3ccc(*)s3)s2)s1,-6.09
*CNOc1ccc(*)cc1,-5.9
*NC(=O)OC(*)=S,-6.1
*CCCOC(=O)CCCCCCCCOC(=O)CCCOC(=O)CCCCCCCCOC(*)=O,-5.41
*C(=S)C(F)(F)NC(*)(F)F,-5.29
*Oc1ccc(-c2ccc(C(*)=O)cc2)cc1,-6.44
*Cc1ccc(C(=S)c2ccc(*)s2)cc1,-6.07
*CNc1ccc(N*)cc1,-5.93
*c1ccc(C(=S)c2ccc(C(=S)C(=O)Nc3ccc(-c4ccc(*)s4)cc3)s2)s1,-6.19
*NOC(=S)O*,-5.2
*Oc1ccc(C(=S)c2ccc(*)cc2)s1,-6.18
*Nc1ccc(*)cc1,-6.21
*Cc1ccc(CC(*)=S)cc1,-5.85
*Cc1ccc(-c2ccc(-c3ccc(*)cc3)s2)cc1,-6.2
*CC(=O)N*,-5.91
*Cc1ccc(NC(*)=S)s1,-5.77
*C(=S)Oc1ccc(-c2ccc(*)s2)s1,-6.07
*C(=O)c1ccc(Oc2ccc(*)s2)s1,-6.22
*C(=O)NC(=O)c1ccc(*)cc1,-6.48
*c1ccc(*)cc1,-6.39
*C(=S)C(=O)C(F)(F)C(*)(F)F,-5.51
*CC(=S)c1ccc(O*)cc1,-5.99
*C(=S)c1ccc(-c2ccc(-c3ccc(*)cc3)cc2)s1,-6.27
*c1ccc(C(F)(F)NC(*)(F)F)s1,-5.66
*Cc1ccc(NC(*)=S)cc1,-5.97
*CCCc1ccc(*)s1,-5.57
*Oc1ccc(-c2ccc(C(*)=O)cc2)s1,-6.35
*CCNc1ccc(*)s1,-5.63
*NC(=O)C(=S)O*,-5.88
*CC(CC(CC(*)c1ccccn1)c1ccccn1)c1ccccn1,-5.99
*CCNc1ccc(*)cc1,-5.85
*Cc1ccc(-c2ccc(C(*)=S)s2)cc1,-6.08
*NC(=S)Nc1ccc(*)cc1,-6.09
*OC(=O)OC(*)=O,-6.78
*c1ccc2oc(-c3ccc4nc(*)oc4c3)nc2c1,-6.81
*C(=O)c1ccc(C(=S)c2ccc(*)s2)cc1,-6.31
*CC(=S)c1ccc(C(*)=S)cc1,-5.91
*Cc1ccc(Cc2ccc(*)s2)s1,-5.81
*Nc1ccc(-c2ccc(O*)cc2)cc1,-6.21
*C(=S)c1ccc(C(=S)c2ccc(*)cc2)s1,-6.16
*Oc1ccc(Cc2ccc(*)cc2)cc1,-6.18
*NC(=O)c1ccc(C(*)=S)cc1,-6.28
*CNCCNC(=O)OC*,-5.49
*C(=O)c1ccc(-c2ccc(-c3ccc(*)cc3)cc2)cc1,-6.42
*CNON*,-5.01
*CCC(=O)O*,-5.73
*CC(*)F,-5.18
*CNc1ccc(C(*)=O)s1,-6.0
*NC(F)(F)NC(*)(F)F,-5.31
*Nc1ccc(-c2ccc(C(=S)c3ccc(-c4ccc(Nc5ccc(*)cc5)s4)s3)s2)s1,-6.12
*Cc1ccc(C(=O)O*)cc1,-6.22
*OC(=S)c1ccc(-c2ccc(*)cc2)cc1,-6.29
*c1ccc(-c2ccc(C(F)(F)C(*)(F)F)s2)s1,-5.87
*OC1C(CO)OC(*)C(O)C1O,-5.48
*Cc1ccc(C(=O)c2ccc(*)s2)cc1,-6.2
*Nc1ccc(-c2ccc(-c3ccc(*)s3)s2)cc1,-6.18
*C(F)C(*)(F)F,-5.11
*CCOC(=O)CCCCC(=O)O*,-5.59
*NC(=O)OC(*)=O,-6.61
*CCCO*,-5.2
*c1ccc(*)s1,-6.18
*CCC(O*)(C(F)(F)F)C(F)(F)F,-5.18
*NC(=O)c1ccc(C(*)=O)s1,-6.4
*c1ccc(OC(=S)c2ccc(*)s2)cc1,-6.21
*NC(=O)c1ccc(NC(=S)c2ccc(Nc3ccc(*)cc3)cc2)s1,-6.21
*Oc1ccc(OC(*)=O)cc1,-6.41
*NC(F)(F)CC(*)(F)F,-5.26
*C(=S)c1ccc(-c2ccc(-c3ccc(*)cc3)s2)cc1,-6.27
*Nc1ccc(NC(*)=S)s1,-5.89
*Cc1ccc(C(=O)C(*)=S)s1,-5.99
*CO*,-5.32
*Nc1ccc(OC(*)=S)cc1,-6.14
*CCC(=O)c1ccc(*)cc1,-6.05
*Oc1ccc(-c2ccc(-c3ccc(*)cc3)cc2)cc1,-6.34
*NOC(=O)NCC(=O)NC(*)=O,-6.11
*OC(F)(F)c1ccc(C(*)(F)F)cc1,-5.92
*CNC(=O)ONC(=O)NO*,-5.82
*C(=O)c1ccc(C(=O)c2ccc(*)s2)cc1,-6.45
*Nc1ccc(OC(*)=S)s1,-5.92
*Cc1ccc(OC(*)=S)s1,-5.78
*C(=O)C(F)(F)NC(*)(F)F,-5.56
*CCCC(*)=O,-5.52
*NC(=O)c1ccc(-c2ccc(*)cc2)s1,-6.33
*OC(=S)Oc1ccc(*)s1,-5.94
*OC(=S)c1ccc(C(*)=O)s1,-6.21
*c1ccc(C(F)(F)c2ccc(C(*)(F)F)s2)s1,-5.83
*c1ccc(C(=O)C(F)(F)C(*)(F)F)s1,-5.86
*OCC(F)(F)C(*)(F)F,-5.23
*Oc1ccc(C(=S)c2ccc(*)cc2)cc1,-6.28
*OC(=O)c1ccc(C(*)=O)cc1,-6.57
*Cc1ccc(-c2ccc(-c3ccc(*)cc3)cc2)cc1,-6.26
*C(=S)c1ccc(C(F)(F)C(*)(F)F)cc1,-5.85
*C(=O)c1ccc(C(=O)c2ccc(*)s2)s1,-6.37
*C(=O)NC(F)(F)C(*)(F)F,-5.65
*Cc1ccc(-c2ccc(-c3ccc(*)s3)cc2)s1,-6.12
*CNc1ccc(-c2ccc(*)cc2)s1,-6.04
*NC(=O)c1ccc(O*)cc1,-6.24
*NC(=O)Oc1ccc(*)cc1,-6.35
*CNCNC(=O)NC(=O)N*,-5.84
*Cc1ccc(Cc2ccc(*)s2)cc1,-5.99
*NC(=S)OC(*)=S,-5.64
*CCO*,-5.21
*CC(=S)OC(*)=S,-5.45
*c1ccc(-c2ccc(C(F)(F)C(*)(F)F)cc2)cc1,-6.1
*Nc1ccc(C(=O)O*)s1,-6.14
*Cc1ccc(Nc2ccc(*)s2)cc1,-6.04
*OC(=S)OC(*)=O,-6.2
*CNOc1ccc(*)s1,-5.66
*CNOC(*)=S,-5.28
*CC(=O)c1ccc(O*)s1,-6.03
*NC(=O)C(=S)c1ccc(*)cc1,-6.26
*C(=O)c1ccc(C(=O)C(*)=S)cc1,-6.42
*Oc1ccc(OC(*)=O)s1,-6.25
*Nc1ccc(Nc2ccc(*)s2)cc1,-6.11
*Oc1ccc(-c2ccc(C(*)=O)s2)cc1,-6.38
*CCCCOC(=O)c1ccc(C(=O)O*)cc1,-5.97
*Nc1ccc(NC(=O)NONC(*)=O)s1,-5.99
*Cc1ccc(-c2ccc(N*)cc2)cc1,-6.15
*CNC(=S)O*,-5.49
*CCOCCOC(=O)Nc1ccc(C)c(NC(=O)O*)c1,-5.83
*NC(=O)c1ccc(-c2ccc(*)s2)cc1,-6.31
*COC(=S)O*,-5.47
*Nc1ccc(-c2ccc(C(*)=S)s2)s1,-6.05
*C(=S)Oc1ccc(-c2ccc(*)cc2)s1,-6.17
*CC(=O)Nc1ccc(*)cc1,-6.16
*Oc1ccc(-c2ccc(-c3ccc(*)cc3)s2)s1,-6.21
*c1ccc(C(F)(F)NC(*)(F)F)cc1,-5.88
*NCNC(=O)OC(=O)NC(*)=O,-6.22
*CNCCCOCO*,-5.21
*c1ccc(-c2ccc(-c3ccc(-c4ccc(*)s4)s3)s2)cc1,-6.24
*CC(=O)CC(*)=S,-5.62
*Nc1ccc(NC(=O)NC(=O)NC(*)=O)s1,-6.29
*CCOC(=S)NC(=S)c1ccc(N*)cc1,-5.81
*CC(=O)c1ccc(C(*)=S)s1,-6.0
*C(=O)C(=S)OC(*)=S,-5.98
*CC(=O)c1ccc(-c2ccc(*)cc2)cc1,-6.29
*C(=O)c1ccc(-c2ccc(C(*)=S)cc2)s1,-6.29
*C(=O)c1ccc(-c2ccc(-c3ccc(*)s3)s2)s1,-6.27
*CCCCCCN1C(=O)c2ccc(C(=O)c3ccc4c(c3)C(=O)N(*)C4=O)cc2C1=O,-6.25
*C(C)COCC(C)OCCOCCOCC(C)N1C(=O)c2ccc(C(=O)c3ccc4c(c3)C(=O)N(*)C4=O)cc2C1=O,-5.89
*Nc1ccc(C(=S)c2ccc(*)s2)s1,-6.0
*NC(=S)Nc1ccc(NC(=S)Nc2ccc(Oc3ccc(*)cc3)cc2)cc1,-6.15
*OC(F)(F)C(=O)C(*)(F)F,-5.57
*NC(=O)NC(*)=S,-6.02
*NC(=S)C(=O)C(*)=S,-5.94
*Cc1ccc(OC(*)=S)cc1,-6.0
*c1ccc(-c2ccc(C(=S)c3ccc(*)s3)s2)cc1,-6.22
*Cc1ccc(-c2ccc(O*)s2)s1,-5.95
*c1ccc(CC(F)(F)C(*)(F)F)cc1,-5.78
*c1ccc(-c2ccc(-c3ccc(-c4ccc(*)s4)cc3)cc2)cc1,-6.34
*C(=O)c1ccc(-c2ccc(-c3ccc(*)cc3)s2)cc1,-6.38
*Cc1ccc(CC(*)=S)s1,-5.65
*NC(=S)NO*,-5.23
*CCc1ccc(O*)s1,-5.67
*CC(=S)c1ccc(N*)cc1,-5.95
*CNC(=S)c1ccc(*)s1,-5.79
*OC(=O)C(F)(F)C(*)(F)F,-5.64
*CC(=O)C(=S)O*,-5.8
*CCCc1ccc(*)cc1,-5.78
*CC(=S)NO*,-5.27
*OCCCCONC(*)=O,-5.44
*C(=O)c1ccc(C(=S)c2ccc(*)s2)s1,-6.19
*NC(=S)c1ccc(O*)cc1,-6.02
*Cc1ccc(CO*)cc1,-5.89
*C(=O)c1ccc(C(=S)c2ccc(*)cc2)cc1,-6.38
*C(=O)CC(F)(F)C(*)(F)F,-5.5
*Cc1ccc(NO*)cc1,-5.9
*Cc1ccc(C(=O)c2ccc(*)s2)s1,-6.08
*c1ccc(NC(F)(F)C(*)(F)F)s1,-5.66
*OC(F)(F)c1ccc(C(*)(F)F)s1,-5.68
*Cc1ccc(CO*)s1,-5.68
*Oc1ccc(-c2ccc(C(*)=O)s2)s1,-6.27
*Nc1ccc(C(=O)C(*)=S)cc1,-6.27
*C(=O)c1ccc(OC(*)=S)cc1,-6.3
*Cc1ccc(Oc2ccc(*)s2)cc1,-6.08
*NC(=S)Nc1ccc(Cc2ccc(*)cc2)cc1,-6.09
*CNCO*,-5.27
*Cc1ccc(-c2ccc(-c3ccc(*)s3)s2)s1,-6.03
*OC(F)(F)C(=S)C(*)(F)F,-5.24
*CC(CC(CC(CC(*)c1ccccc1)c1ccccc1)c1ccccc1)c1ccccc1,-5.9
*COC(=O)O*,-5.97
*C(=O)c1ccc(Oc2ccc(*)s2)cc1,-6.33
*Nc1ccc(-c2ccc(-c3ccc(*)s3)cc2)s1,-6.18
*CC(=O)Nc1ccc(*)s1,-6.01
*CNc1ccc(C(*)=O)cc1,-6.14
*CNCc1ccc(*)s1,-5.61
*CCON*,-5.12
*NC(=O)Nc1ccc(*)s1,-6.15
*CC(=O)c1ccc(O*)cc1,-6.19
*Nc1ccc(NO*)cc1,-5.91
*CC(=O)c1ccc(-c2ccc(*)s2)cc1,-6.2
*NC(=O)Oc1ccc(*)s1,-6.2
*CCNC(*)=S,-5.36
*C(=O)c1ccc(-c2ccc(-c3ccc(*)s3)cc2)cc1,-6.38
*NOc1ccc(O*)cc1,-5.98
*NC(=S)C(=O)O*,-5.89
*Nc1ccc(C(=O)C(*)=S)s1,-6.15
*NC(=O)Nc1ccc(*)cc1,-6.31
*Oc1ccc(C(F)(F)C(*)(F)F)s1,-5.67
*CNC(=S)N*,-5.48
*Cc1ccc(-c2ccc(-c3ccc(*)s3)cc2)cc1,-6.19
*CC(=O)c1ccc(-c2ccc(*)cc2)s1,-6.21
*c1ccc(-c2ccc(-c3ccc(-c4ccc(*)s4)cc3)s2)cc1,-6.28
*Cc1ccc(NO*)s1,-5.66
*CNc1ccc(C(*)=S)s1,-5.78
*C(=S)NC(F)(F)C(*)(F)F,-5.29
*CCC(=O)c1ccc(*)s1,-5.9
*Nc1ccc(-c2ccc(-c3ccc(*)cc3)s2)cc1,-6.26
*Cc1ccc(C(=S)O*)cc1,-6.0
*Cc1ccc(Nc2ccc(*)cc2)cc1,-6.15
*Nc1ccc(-c2ccc(C(*)=O)s2)s1,-6.22
*Oc1ccc(Oc2ccc(*)cc2)s1,-6.18
*C(=S)c1ccc(C(F)(F)C(*)(F)F)s1,-5.66
*C(=O)Oc1ccc(C(*)=S)cc1,-6.32
*CC(=O)C(=S)c1ccc(*)cc1,-6.15
*NC(=O)NO*,-5.7
*C(=O)c1ccc(-c2ccc(-c3ccc(*)s3)cc2)s1,-6.34
*Nc1ccc(C(=O)c2ccc(*)s2)s1,-6.18
*c1ccc(-c2ccc(Oc3ccc(*)s3)s2)cc1,-6.21
*OC(F)(F)CC(*)(F)F,-5.25
*C(=S)C(F)(F)c1ccc(C(*)(F)F)cc1,-5.84
*C(=S)c1ccc(-c2ccc(-c3ccc(*)s3)s2)s1,-6.13
*NC(=O)c1ccc(C(*)=S)s1,-6.14
*c1ccc(-c2ccc(C(F)(F)C(*)(F)F)cc2)s1,-5.98
*Nc1ccc(-c2ccc(-c3ccc(*)cc3)cc2)cc1,-6.31
*C(=S)OC(=S)c1ccc(*)s1,-5.95
*CCC(=S)O*,-5.34
*CNc1ccc(O*)cc1,-5.98
*CCOCCOC(=O)O*,-5.52
*C(=S)c1ccc(-c2ccc(-c3ccc(*)cc3)cc2)cc1,-6.31
*Nc1ccc(Oc2ccc(*)s2)cc1,-6.14
*Oc1ccc(-c2ccc(-c3ccc(*)s3)s2)s1,-6.12
*OC(=S)C(F)(F)C(*)(F)F,-5.26
*Cc1ccc(C*)cc1,-5.84
*CCCC(*)=S,-5.22
*CCCCCS*,-5.03
*CCc1ccc(-c2ccc(*)s2)s1,-5.86
*Cc1ccc(-c2ccc(O*)cc2)s1,-6.09
*C(=S)c1ccc(C(=S)c2ccc(*)cc2)cc1,-6.17
*COc1ccc(-c2ccc(*)cc2)s1,-6.07
*CONO*,-5.08
*OC(=O)c1ccc(C(*)=O)s1,-6.49
*Oc1ccc(Oc2ccc(*)s2)s1,-6.02
*CNCc1ccc(*)cc1,-5.84
*Nc1ccc(C(=O)O*)cc1,-6.22
*CC(=O)C(=S)C(*)=O,-6.06
*c1ccc(C(F)(F)C(=O)C(*)(F)F)cc1,-6.01
*CC(=O)OC(*)=S,-5.87
*CC(=S)NC(*)=S,-5.43
*OCC(=S)c1ccc(C(=S)Cc2ccc(-c3ccc(*)cc3)cc2)s1,-6.04
*NC(=O)C(=S)C(*)=O,-6.35
*NC(=O)NC(*)=O,-6.46
*CC(=O)NC(*)=O,-6.2
*CCOC(=O)c1ccc(C(=O)O*)cc1,-6.18
*CC(=O)c1ccc(C(*)=S)cc1,-6.15
*Oc1ccc(C(F)(F)C(*)(F)F)cc1,-5.89
*c1ccc(C(F)(F)CC(*)(F)F)s1,-5.59
*Cc1ccc(Cc2ccc(*)cc2)cc1,-6.09
*CC(=O)Cc1ccc(*)cc1,-6.05
*CCCCCCNC(=S)Nc1ccc(NC(=S)N*)cc1,-5.61
*CCc1ccc(C(*)=S)cc1,-5.87
*CNCC(*)=S,-5.26
*CNCC(*)=O,-5.59
*CNCN*,-5.22
*CC(=O)Cc1ccc(*)s1,-5.87
*OC(=O)C(=S)C(*)=O,-6.47
*NC(=O)c1ccc(O*)s1,-6.08
*CC(*)(F)F,-5.21
*Nc1ccc(-c2ccc(C(*)=S)cc2)cc1,-6.25
*CNC(=O)NCOCO*,-5.58
*C(=O)c1ccc(-c2ccc(C(*)=S)cc2)cc1,-6.37
*NC(=S)Nc1ccc(NC(=S)Nc2ccc(Cc3ccc(*)cc3)cc2)cc1,-6.09
*Cc1ccc(C(=O)O*)s1,-6.07
*CCc1ccc(-c2ccc(*)s2)cc1,-5.98
*OC(=S)c1ccc(C(*)=O)cc1,-6.35
*CC(O*)C(F)(F)F,-5.24
*CCC(=O)N*,-5.69
*C(=O)C(F)(F)C(=O)C(*)(F)F,-5.77
*C(=S)OC(=S)c1ccc(*)cc1,-6.13
*c1ccc(-c2nc3cc4nc(*)oc4cc3o2)cc1,-6.82
*CCCCCCC(=O)N*,-5.39
*CCOC(=O)NCCOCCOCCNC(=O)O*,-5.52
*CC(=O)O*,-6.0
*Nc1ccc(C(=S)c2ccc(*)cc2)s1,-6.15
*C(=O)c1ccc(-c2ccc(-c3ccc(*)s3)s2)cc1,-6.31
*CCC(=O)OC(=O)Cc1ccc(-c2ccc(*)cc2)cc1,-6.14
*Cc1ccc(C(=O)N*)cc1,-6.17
*C(=O)C(F)(F)CC(*)(F)F,-5.48
*CCCN*,-5.18
*Nc1ccc(C(=O)c2ccc(*)cc2)cc1,-6.34
*CCCCCC(=O)O*,-5.44
*CCCCCOC(=O)Nc1ccc(C)c(NC(=O)O*)c1,-5.79
*C(=O)Oc1ccc(C(*)=S)s1,-6.21
*CNc1ccc(-c2ccc(*)s2)cc1,-6.05
*CCCCCOCO*,-5.2
*CC(=S)CO*,-5.27
*CNC(=S)c1ccc(*)cc1,-5.96
*Oc1ccc(CC(*)=O)cc1,-6.21
*CNC(=O)C(*)=S,-5.8
*c1ccc(-c2ccc(-c3ccc(-c4ccc(*)s4)s3)cc2)cc1,-6.3
*c1ccc(C(F)(F)CC(*)(F)F)cc1,-5.8
*CCC(=O)C(*)=S,-5.61
*Nc1ccc(-c2ccc(C(*)=S)cc2)s1,-6.15
*CC(=O)c1ccc(C(*)=O)cc1,-6.34
*c1ccc(C(F)(F)c2ccc(C(*)(F)F)cc2)s1,-5.99
*CNC(=S)C(*)=O,-5.79
*CC(=O)NC(*)=S,-5.8
*C(=O)c1ccc(C(=O)c2ccc(*)cc2)cc1,-6.51
*Cc1ccc(-c2ccc(C(*)=S)cc2)cc1,-6.17
*Cc1ccc(Nc2ccc(*)s2)s1,-5.9
*CC(=O)c1ccc(C(*)=O)s1,-6.21
*Cc1ccc(C(=O)c2ccc(*)cc2)cc1,-6.29
*CC(=S)C(=O)C(*)=S,-5.79
*CC(=O)Oc1ccc(*)s1,-6.05
*OC(F)(F)NC(*)(F)F,-5.29
*NC(=S)c1ccc(C(*)=S)s1,-5.92
*Cc1ccc(-c2ccc(O*)cc2)cc1,-6.2
*c1ccc(C(=O)C(F)(F)C(*)(F)F)cc1,-6.03
*c1ccc(NC(F)(F)C(*)(F)F)cc1,-5.86
*Oc1ccc(-c2ccc(-c3ccc(*)cc3)s2)cc1,-6.29
*CNC(=O)c1ccc(*)s1,-6.02
*Nc1ccc(Oc2ccc(*)cc2)cc1,-6.26
*Nc1ccc(C(=O)c2ccc(*)s2)cc1,-6.29
*NC(=O)c1ccc(-c2ccc(*)cc2)cc1,-6.4
*Nc1ccc(Oc2ccc(*)s2)s1,-5.99
*Oc1ccc(C(=O)c2ccc(C(=O)NOC(*)=O)s2)cc1,-6.35
*C(=S)C(=O)CCNc1ccc(C(=S)c2ccc(*)cc2)cc1,-6.05
*Nc1cccc(C(*)=O)c1,-6.41
*Nc1ccc(C(=S)c2ccc(*)cc2)cc1,-6.23
*CC(=S)C(=O)O*,-5.84
*NCCCNC(=O)NC(*)=O,-5.77
*c1ccc(C(=S)c2ccc(-c3ccc(*)s3)s2)cc1,-6.22
*CC(=O)CC(*)=O,-5.95
*NCC(F)(F)C(*)(F)F,-5.24
*CCC(F)(F)C(*)(F)F,-5.21
*CCc1ccc(-c2ccc(*)cc2)cc1,-6.09
*NC(=S)NC(*)=S,-5.69
*Cc1ccc(C(=S)c2ccc(*)s2)s1,-5.94
*CCc1ccc(O*)cc1,-5.89
*CC(=O)C(=S)c1ccc(*)s1,-6.0
*Cc1ccc(C(=O)C(*)=S)cc1,-6.14
*Cc1ccc(-c2ccc(-c3ccc(*)s3)s2)cc1,-6.12
*CNc1ccc(N*)s1,-5.7
*Oc1ccc(C(=S)c2ccc(*)s2)s1,-6.04
*Cc1ccc(-c2ccc(C(*)=S)s2)s1,-5.95
*CNc1ccc(O*)s1,-5.74
*NC(=S)c1ccc(O*)s1,-5.82
*COc1ccc(O*)s1,-5.78
*NC(=O)NC(=O)c1ccc(C(=S)c2ccc(-c3ccc(*)s3)s2)s1,-6.19
*CCc1ccc(C(*)=S)s1,-5.69
