SMILES,Cv
*c1ccc(-c2nc3cc(-c4ccc5nc(*)c(-c6ccccc6)nc5c4)ccc3nc2-c2ccccc2)cc1,2737.407981
*c1ccc2c(c1)C(=O)N(c1cccc(Oc3cccc(Oc4cccc(N5C(=O)c6ccc(C(*)(C(F)(F)F)C(F)(F)F)cc6C5=O)c4)c3)c1)C2=O,2316.960574
*CC(*)c1c(Cl)cccc1Cl,2145.464768
*Oc1ccccc1OC(=O)c1ccccc1/C=C/c1ccc(/C=C/c2ccccc2C(*)=O)cc1,2722.597451
*c1cccc(P(=O)(c2cccc(-n3c(=O)c4cc5c(=O)n(*)c(=O)c5cc4c3=O)c2)c2cc(C(F)(F)F)cc(C(F)(F)F)c2)c1,2127.183232
*CCCCCCCCCCCNC(=O)CCCCC(=O)N*,3741.337984
*c1ccc(*)cc1,2955.363803
*CCCCCCNC(=O)NCc1ccc(CNC(=O)N*)cc1,3375.711613
*C(C)C(*)OCC(C)C,3957.450236
*C(=O)c1ccc2c(c1)C(=O)N(c1c(CC)cc(Cc3cc(CC)c(N4C(=O)c5ccc(*)cc5C4=O)c(CC)c3)cc1CC)C2=O,2899.015012
*CC(*)(CC(=O)OC)C(=O)OC,3159.695171
*CC(*)c1ccc(COCCCCCCOc2ccc(-c3ccc(OC)cc3)cc2)cc1,3272.593987
*CCOC(=O)Nc1ccc(NC(=O)O*)cc1,2836.775099
*CC(*)CNc1ccc([N+](=O)[O-])cc1,2898.932091
*C(=O)c1ccc2c(c1)C(=O)N(c1ccc(Oc3ccc(C(=O)c4cccc(C(=O)c5ccc(Oc6ccc(N7C(=O)c8ccc(*)cc8C7=O)cc6)cc5)c4)cc3)cc1)C2=O,2554.826195
*CC(*)C(=O)Oc1ccccc1,2801.679939
*CC(*)OC(=O)C1(F)C(F)(F)C(F)(F)C(F)(F)C(F)(F)C1(F)F,1777.482778
*NC(=O)NCCCCCCNC(=O)NCCCCC(*)C(=O)OC,3641.51951
*CC(*)(C)C(=O)OCc1c(Cl)cccc1Cl,2309.456346
*c1ccc(Cc2ccc(N3C(=O)C4CCC5C(=O)N(*)C(=O)C5C4C3=O)c(C)c2)cc1C,2756.952766
*CC(*)C(=O)c1ccc(CC)cc1,3228.094626
*CC(*)c1ccccc1COCCC,3492.880565
*CC(*)C(=O)OCCCCCCCC,3742.546059
*CC(*)c1ccc(F)cc1,2851.169765
*CC(*)C(=O)OCCCCCC,3736.406376
*c1ccc(Oc2cccc3c(Oc4ccc(-n5c(=O)c6cc7c(=O)n(*)c(=O)c7cc6c5=O)cc4)cccc23)cc1,2494.538167
*CC(*)c1ccc(C(O)CCN(C)C)cc1,3638.818222
*CC(*)c1ccccc1COCC,3469.272924
*CC(*)c1ccc(C(F)(F)C(F)(F)C(F)(F)C(F)(F)C(F)(F)C(F)F)cc1,2040.75331
*Oc1ccc(S(=O)(=O)c2ccc(Oc3ccc(C(=O)c4cccc(C(=O)c5ccc(*)cc5)c4)cc3)cc2)cc1,2549.849888
*c1ccc(C(c2ccc(N3C(=O)c4cc5c(cc4C3=O)C(C(F)(F)F)(C(F)(F)F)c3cc4c(cc3O5)C(=O)N(*)C4=O)cc2)(C(F)(F)F)C(F)(F)F)cc1,2062.329464
*CC(*)C(=O)C(C)(C)C,3680.077775
*Oc1ccc(-c2ccc(OC(=O)CCCCCCCCCCCC(*)=O)cc2)cc1,3259.704046
*CC(*)OC(=O)c1ccccc1OC(C)=O,2773.1487
*CC(*)C1CCCC1,4111.156225
*CC(*)c1cc(C)cc(C)c1,3343.350229
*CC(*)C(=O)OCC=C,3144.461154
*CC(*)C(=O)OCCCCCCCCCCCC,4024.128246
*Oc1c(OC)cc(*)cc1OC,2724.859441
*c1cc(C(c2ccc(O)c(N3C(=O)c4ccc(-c5ccc6c(c5)C(=O)N(*)C6=O)cc4C3=O)c2)(C(F)(F)F)C(F)(F)F)ccc1O,2218.747146
*CC(*)OC(=O)C(F)(F)C(F)(F)C(F)(F)C(F)(F)C(F)(F)C(F)(F)C(F)(F)F,1707.38227
*c1ccc2c(c1)C(=O)N(c1ccc(C(C)(C)c3ccc(N4C(=O)c5ccc(C(*)(C(F)(F)F)C(F)(F)F)cc5C4=O)cc3)cc1)C2=O,2364.372691
*CC(*)(C)C(=O)OCCCCCC,3757.752263
*CCCCCCOC(=O)c1ccc2cc(C(=O)O*)ccc2c1,3036.82712
*CC(*)c1ccc(C(=O)C(F)(F)F)cc1,2437.356886
*Oc1ccc2ccc(OC(=O)c3ccccc3/C=C/c3ccc(/C=C/c4ccccc4C(*)=O)cc3)cc2c1,2716.532612
*Oc1ccc(C(C)(C)c2ccc(OC(=O)SCCCSC(*)=O)cc2)cc1,2660.261981
*C(c1ccccc1)C(*)[N+](=O)[O-],2759.464748
*/C=C/C(C*)C(C)CC,4114.484705
*c1ccc(N2C(=O)c3ccc(-c4ccc5c(c4)C(=O)N(*)C5=O)cc3C2=O)cc1,2478.281598
*c1cccc(-n2c(=O)c3cc4c(=O)n(*)c(=O)c4cc3c2=O)c1,2289.514382
*CCC(C)C(*)C,4294.763457
*CC(*)CNc1ccc([N+](=O)[O-])c(C(F)(F)F)c1,2458.066135
*CC(*)CCC(C)CC,4245.749735
*NC(C)C(*)=O,3059.090492
*CC(*)OC,3509.392328
*c1ccc(-c2ccc(-n3c(=O)c4cc5c(=O)n(*)c(=O)c5cc4c3=O)cc2)cc1,2402.520559
*CC(*)c1ccccc1COCCC(C)C,3561.201787
*CC(*)OC(=O)c1ccc(C)cc1,2938.09937
*Oc1ccc(C(c2ccccc2)(c2ccccc2)c2ccc(OC(*)=O)cc2)cc1,2742.192099
*CC(*)N1Cc2ccccc2N1,3191.982222
*CC(*)c1ccc(CC)cc1,3472.452407
*CC(*)c1cccc(C)n1,3211.694389
*CC(=O)N*,2960.553567
*CC(*)(C)C(=O)OCCS(=O)CC,3125.133024
*CC(*)C(=O)OCC(C)(C)C,3546.991481
*CC(*)O[N+](=O)[O-],2441.04178
*Oc1cc(C(C)(C)C)c(Oc2ccc(C(=O)Nc3ccc(C(C)(C)c4ccc(NC(=O)c5ccc(*)cc5)cc4)cc3)cc2)cc1C(C)(C)C,3122.333641
*CC(*)c1ccc(C(=O)c2ccc(OC)cc2)cc1,2955.016987
*CC(*)OC(=O)C1CCCC1,3312.889476
*CC(*)(C)C(=O)OCC,3446.835951
*Oc1ccc(S(=O)(=O)c2ccc(Oc3ccc(C(C)(C)c4ccc(*)cc4)cc3[N+](=O)[O-])cc2)cc1,2618.897702
*CCCCCCNC(=O)Cc1ccc(C(=O)N*)cc1,3269.799696
*CC(*)c1ccc(C(=O)OCCC)cc1,3208.912963
*C(=O)c1ccc2c(c1)C(=O)N(c1ccc(C(=O)Nc3ccc(N4C(=O)c5ccc(*)cc5C4=O)cc3)cc1)C2=O,2479.339431
*C(C)C(*)OCC,3854.190271
*CC(*)SCCCC,3418.473421
*CC(*)c1ccccc1C(=O)OCC(C)C,3315.071939
*CCC1CC(OC(=O)CCCCCCCCCCOc2ccc(-c3ccc(C#N)cc3)cc2)CC1*,3377.355879
*CC(*)C(=O)OC(C(F)(F)F)C(F)(F)F,1975.855274
*Oc1ccc(C(c2ccc(Oc3ccc(C(=O)c4cccc(C(=O)c5ccc(*)cc5)c4)cc3)cc2)(C(F)(F)F)C(F)(F)F)cc1,2401.574882
*CCC=C(*)CCCCCCC,4177.659479
*/C=C(/*)c1ccc(-c2ccc(C#C)cc2)cc1,2936.315154
*C(*)C(=O)OCC,3055.63507
*CC(*)OC(=O)C1CCCCC1,3411.841883
*Oc1ccc2c(c1)nc1n2C(=O)c2ccc(-c3ccc4c(c3)C(=O)n3c-4nc4ccc(*)cc43)cc2-1,2471.212124
*c1ccc(N2C(=O)c3ccc(Oc4ccc5c(c4)C(=O)N(*)C5=O)cc3C2=O)cc1,2411.043845
*c1ccc(Oc2ccc(Oc3ccc(N4C(=O)c5ccc(Oc6ccc(C7(c8ccc(Oc9ccc%10c(c9)C(=O)N(*)C%10=O)cc8)CCCCCCCCCCC7)cc6)cc5C4=O)cc3)c(C(C)(C)C)c2)cc1,2942.887804
*CC(*)(C)C(C)=O,3691.638986
*Oc1cc(C(C)(C)C)c(Oc2ccc(C(=O)Nc3ccc(C(c4ccc(NC(=O)c5ccc(*)cc5)cc4)(C(F)(F)F)C(F)(F)F)cc3)cc2)cc1C(C)(C)C,2701.84366
*CC(*)OC(=O)C(C)(C)C(C)(C)CC,3717.974323
*CC(*)(C(=O)OC)c1ccccc1,3005.1521
*C(=O)c1ccc2c(c1)C(=O)N(c1c(C(C)C)cc(Cc3cc(C(C)C)c(N4C(=O)c5ccc(*)cc5C4=O)c(C(C)C)c3)cc1C(C)C)C2=O,2934.233159
*c1ccc(*)s1,1984.910166
*C(=O)Nc1ccc(NC(=O)c2ccc3c(c2)C(=O)N(c2ccc(S(=O)(=O)c4ccc(N5C(=O)c6ccc(*)cc6C5=O)cc4)cc2)C3=O)cc1,2358.238758
*/C=C\CCC*,4154.725913
*CCC=C(*)CCC,4068.027893
*CC(*)(C)C(=O)OCCO,3633.078938
*CC(*)c1ccc(Cl)cc1,2539.257276
*CCCCCCNC(=O)c1ccc(C2(C)CC(C)(C)c3ccc(C(=O)N*)cc32)cc1,3302.147309
*CCC(c1ccccc1)C(*)c1ccccc1,3285.64814
*CC(*)(C)C(=O)OCCC,3488.765152
*Oc1ccc(C(c2ccccc2)(c2ccccc2)c2ccc(OC(=O)c3cccc(C(*)=O)c3)cc2)cc1,2769.000398
*Oc1ccc2c(c1)C1(CC2(C)C)CC(C)(C)c2ccc(OC(*)=O)cc21,3072.504039
*C=CCC(C)(CC*)C(=O)OC,3703.598245
*CC(*)(CC(=O)Oc1ccccc1)C(=O)Oc1ccccc1,2788.70911
*c1cccc(N2C(=O)c3ccc(Oc4ccc5c(c4)C(=O)N(*)C5=O)cc3C2=O)c1,2426.296809
*c1cccc(S(=O)(=O)c2cccc(N3C(=O)c4ccc(Oc5ccc(S(=O)(=O)c6ccc(Oc7ccc8c(c7)C(=O)N(*)C8=O)cc6)cc5)cc4C3=O)c2)c1,2360.433008
*Oc1ccc(C(C)(C)c2ccc(OC(=O)SCCCCCCSC(*)=O)cc2)cc1,2865.550385
*c1ccc(-c2ccc(N3C(=O)c4ccc(-c5ccc6c(c5)C(=O)N(*)C6=O)cc4C3=O)c(C)c2)cc1C,2612.923213
*CCC(*)(C)C,4249.248601
*CC(*)c1cc(Cl)ccc1Cl,2035.503348
*CCOC(=O)c1cccc2c(C(=O)O*)cccc12,2681.755808
*CC(*)(C)C(=O)OCc1cccc(Cl)c1Cl,2316.019339
*C(=O)c1ccc2c(c1)C(=O)N(c1cc(C(c3ccc(O)c(N4C(=O)c5ccc(*)cc5C4=O)c3)(C(F)(F)F)C(F)(F)F)ccc1O)C2=O,2241.986782
*CC(*)c1ccc(C(C)(C)C)cc1,3595.74878
*Oc1ccc(S(=O)(=O)c2ccc(Oc3ccc(C(C)(C)c4ccc(*)cc4)cc3)c([N+](=O)[O-])c2)cc1[N+](=O)[O-],2448.224802
*c1ccc(C(C)(C)c2ccc(N3C(=O)c4ccc(Oc5ccc6c(c5)C(=O)N(*)C6=O)cc4C3=O)cc2)cc1,2628.411389
*CC(*)C(C)CC,4251.180588
*CS*,1969.964147
*CC(*)c1ccc(C(=O)OC(C)C)cc1,3175.384377
*CC(C)C(*)(C)C,4202.480836
*CCCCCC(=O)O*,3447.227449
*Oc1ccc(C(CCCC)(CCCC)c2ccc(OC(*)=O)cc2)cc1,3190.265402
*CC(*)OC(=O)CCCCCCCCC,3875.608372
*CC(*)C(=O)OC(C)(C)C,3507.882469
*/C=C\CCCC*,4084.560745
*CC(*)c1ccccc1COCCc1ccccc1,3229.939393
*CCCCCCNC(=O)c1ccc(C(C)(C)c2ccc(C(=O)N*)cc2)cc1,3235.304401
*c1ccc2c(c1)C(=O)N(c1ccc(Cc3ccc(N4C(=O)c5ccc(C(F)(F)C(F)(F)C(*)(F)F)cc5C4=O)cc3)cc1)C2=O,2250.434954
*CC(*)c1ccc(C(=O)N(CC)CC)cc1,3298.565683
*CC(*)(C)c1ccc2ccccc2c1,3193.159057
*Nc1ccc(NC(=O)c2cc(C(*)=O)c(C(=O)OCC)cc2C(=O)OCC)cc1,2722.405464
*C(=O)c1ccc2c(c1)C(=O)N(c1ccc3c(c1)Cc1cc(N4C(=O)c5ccc(*)cc5C4=O)ccc1-3)C2=O,2452.780596
*c1ccc(OC(=O)c2ccccc2/C=C/c2ccc(/C=C/c3ccccc3C(=O)Oc3ccc(C4(*)OC(=O)c5ccccc54)cc3)cc2)cc1,2710.818763
*c1ccc2c(c1)C(=O)N(c1ccc(Oc3ccc4ccc(Oc5ccc(N6C(=O)c7ccc(C(*)(C(F)(F)F)C(F)(F)F)cc7C6=O)cc5)cc4c3)cc1)C2=O,2347.215145
*CC(C)(CCC)C(=O)O*,3555.961499
*CC(*)SC,2758.013459
*C=CCCCCCCCCCC*,4273.388114
*Oc1ccc(C(=O)CCCCCCCCC(=O)c2ccc(OC(*)=O)cc2)cc1,3034.469439
*CC(*)c1ccc(OCCCC)cc1,3536.284434
*CCCCCCOC(=O)c1ccc(C(=O)O*)cc1,3036.728126
*OC1C(COC(C)=O)OC(*)C(OC(C)=O)C1OC(C)=O,2818.571998
*CC(*)OCC(C)(C)CC(C)C,4079.423785
*c1ccc(-c2ccc(N3C(=O)c4ccc(-c5ccc6c(c5)C(=O)N(*)C6=O)cc4C3=O)cc2)cc1,2489.867307
*CC(*)(CC(=O)OCCCC1CCCCC1)C(=O)OCCCC1CCCCC1,3633.600968
*C1Cc2ccccc2C1*,3158.721836
*CC(*)CCCCCCCCCCCCCCCC,4423.306747
*CC(*)c1ccc(CCCCCCCCC)cc1,3881.842647
*c1cccc(Oc2cccc(Oc3cccc(N4C(=O)c5ccc(-c6cccc7c6C(=O)N(*)C7=O)cc5C4=O)c3)c2)c1,2564.730468
*CC(*)C(=O)Oc1cccc(C(=O)OC)c1,2738.508937
*CC(*)c1ccccc1C(=O)OCCCCCC,3484.006494
*CCCCCCCCCCN1C(=O)C2C3C=CC(C4C(=O)N(*)C(=O)C34)C2C1=O,3194.685759
*c1ccc(Oc2cc3ccccc3cc2Oc2ccc(N3C(=O)c4ccc(-c5ccc6c(c5)C(=O)N(*)C6=O)cc4C3=O)cc2)cc1,2550.9577
*CC(*)c1ccc(C(=O)CCN2CCOCC2)cc1,3194.333996
*CC(*)c1ccccc1C(=O)OCCC(C)C,3343.331848
*CC(*)c1c(F)c(F)c(F)c(F)c1F,1943.865239
*CC(*)c1ccccc1C(=O)OCCC,3215.270707
*c1ccc(-n2c(=O)c3cc4c(=O)n(*)c(=O)c4cc3c2=O)c(C)c1,2430.285661
*CC(*)CCCCCCCCCCCCCCCCCCCC,4502.996859
*c1ccc2c(c1)C(=O)N(c1c(C)cc(C)c(N3C(=O)c4ccc(C(*)(C(F)(F)F)C(F)(F)F)cc4C3=O)c1C)C2=O,2313.437309
*c1ccc(Oc2ccccc2Oc2ccc(N3C(=O)c4ccc(Oc5ccccc5Oc5ccc6c(c5)C(=O)N(*)C6=O)cc4C3=O)cc2C(F)(F)F)c(C(F)(F)F)c1,2323.815846
*C1C2CC(C)C(C2)C1*,3757.179331
*CC(*)OCCC,3789.8594
*c1ccc(Sc2ccc(-n3c(=O)c4cc5c(=O)n(*)c(=O)c5cc4c3=O)cc2)cc1,2241.312271
*c1ccc(Oc2ccc(C3(c4ccc(Oc5ccc(N6C(=O)c7ccc(Oc8ccc(C9(c%10ccc(Oc%11ccc%12c(c%11)C(=O)N(*)C%12=O)cc%10)CCCCCCCCCCC9)cc8)cc7C6=O)cc5)cc4)C4CC5CC(C4)CC3C5)cc2)cc1,2974.138923
*CCOCC(=O)O*,2856.582441
*CC(*)C1CCCC(C)C1,4541.468898
*c1ccc(Sc2ccc(N3C(=O)c4ccc(-c5ccc6c(c5)C(=O)N(*)C6=O)cc4C3=O)cc2)cc1,2367.905986
*C(=O)Nc1ccc(NC(=O)c2ccc(N3C(=O)c4ccc(*)cc4C3=O)cc2)cc1,2633.636143
*c1ccc(Oc2ccc(C(C)(C)c3ccc(Oc4ccc(N5C(=O)c6ccc(C(=O)c7ccc8c(c7)C(=O)N(*)C8=O)cc6C5=O)cc4)cc3)cc2)cc1,2637.69608
*CC(*)c1ccc(C(F)(F)C(F)(F)C(F)(F)C(F)(F)C(F)(F)C(F)(F)C(F)(F)F)cc1,1937.311206
*c1ccc2c(c1)C(=O)N(c1ccc(Oc3ccc(-c4ccc(Oc5ccc(N6C(=O)c7ccc(C(*)(C(F)(F)F)C(F)(F)F)cc7C6=O)cc5)cc4)cc3)cc1)C2=O,2314.571925
*CCCCCC(=O)N*,3552.190227
*CC(*)c1ccc(C(=O)OCCCCCC)cc1,3385.655301
*CCCCCCCCOC(=O)c1cccc(C(=O)O*)c1,3209.765974
*CC(*)c1cccc(Cl)c1,2557.401513
*Oc1ccc(C(C#N)(c2ccccc2)c2ccc(OC(*)=O)cc2)cc1,2633.185177
*c1ccc(-n2c(=O)c3cc4c(=O)n(*)c(=O)c4cc3c2=O)cc1,2296.563891
*c1ccc(S(=O)(=O)c2ccc(-n3c(=O)c4cc5c(=O)n(*)c(=O)c5cc4c3=O)cc2)cc1,2278.807838
*CC(*)(C)OC,3971.839556
*CC(*)C(=O)OCc1ccccc1,3003.369147
*CC(*)OCC(C)(C)CC,3888.937416
*CC(*)OC(=O)CCl,2309.544514
*CC(*)OC(=O)c1cccc(Cl)c1,2374.54198
*c1ccc(Oc2c(C)cc(Cc3cc(C)c(Oc4ccc(N5C(=O)c6ccc(-c7ccc8c(c7)C(=O)N(*)C8=O)cc6C5=O)cc4)c(C)c3)cc2C)cc1,2728.416179
*/C=C/CCC*,4066.130146
*CC(*)C(=O)c1ccc(CCC)cc1,3384.340718
*CC(*)c1ccccc1COC(C)C,3456.22504
*CC(*)OCCCCCCCCCCCC,4350.267371
*C(F)(F)C(*)(F)C(F)(F)F,1542.400977
*CC(*)c1ccc(CCCCCCCCCC)cc1,3887.413565
*C(*)C(=O)OC(C)C,3202.321633
*CCCOC(=O)c1ccc(C(=O)O*)cc1,2810.642641
*CC(*)C(=O)OC(C)C,3450.592471
*c1ccc2c(c1)C(=O)N(c1ccc(Oc3ccc(N4C(=O)c5ccc(C(F)(F)C(F)(F)C(*)(F)F)cc5C4=O)cc3)cc1)C2=O,2285.804302
*c1cccc(-n2c(=O)c3cc4c(=O)n(*)c(=O)c4cc3c2=O)c1C,2388.14185
*C(=O)c1ccc2c(c1)C(=O)N(c1ccc(C(=O)Nc3cccc(N4C(=O)c5ccc(*)cc5C4=O)c3)cc1)C2=O,2467.24826
*CC(*)(F)F,2548.260839
*CC(*)C(=O)OCC(C)O,3287.715659
*CCc1ccc(*)c(C)c1,3311.014335
*CC(*)c1ccc(C(O)CCN2CCCCC2)cc1,3634.946554
*Oc1ccc(-c2ccc(OC(=O)CCCCCCCC(*)=O)cc2)cc1,3103.370922
*c1ccc(Oc2ccc(N3C(=O)c4ccc(Oc5ccc(C6(c7ccc(Oc8ccc9c(c8)C(=O)N(*)C9=O)cc7)CCC(c7ccccc7)CC6)cc5)cc4C3=O)cc2)cc1,2742.936344
*CC(*)OC(C)CC,3916.486025
*CC(*)(C)C(=O)OCCBr,2162.117283
*CC(*)CNc1ccc([N+](=O)[O-])cn1,2848.460848
*CC(*)c1ccccc1C,3356.608086
*CC(*)c1ccc(COC(C)CC)cc1,3584.71583
*c1ccc(Oc2ccc(C(c3ccc(Oc4ccc(N5C(=O)c6ccc(Oc7ccc8c(c7)C(=O)N(*)C8=O)cc6C5=O)cc4)cc3)(C(F)(F)F)C(F)(F)F)cc2)cc1,2356.619312
*CC(*)CC(C)C,4293.382261
*Oc1ccc(OC(=O)c2ccccc2/C=C/c2ccc(/C=C/c3ccccc3C(*)=O)cc2)cc1,2696.703658
*CC(*)(CC(=O)OCCCC)C(=O)OCCCC,3441.089801
*c1ccc(Oc2ccc(C3(c4ccc(Oc5ccc(N6C(=O)c7ccc(Oc8ccc(C9(c%10ccc(Oc%11ccc%12c(c%11)C(=O)N(*)C%12=O)cc%10)CCC(c%10ccccc%10)CC9)cc8)cc7C6=O)cc5)cc4)CC4CC3C3CCCC43)cc2)cc1,2787.874553
*CC(*)C(=O)OCC(C)C,3507.560485
*CC(*)c1cc(Br)ccc1OCCCCC,2621.131028
*CC(*)c1ccc(OC(C)=O)cc1,3012.393094
*CC(*)C(=O)OCC(F)(F)C(F)(F)C(F)(F)F,2023.248792
*CC(*)c1cccc(CC)c1,3483.534452
*c1ccc(Oc2cc3ccccc3cc2Oc2ccc(N3C(=O)c4ccc(S(=O)(=O)c5ccc6c(c5)C(=O)N(*)C6=O)cc4C3=O)cc2)cc1,2449.996522
*C(=O)Nc1cccc(/C=C/C(=O)/C=C/c2cccc(NC(=O)c3ccc(N4C(=O)c5ccc(*)cc5C4=O)cc3)c2)c1,2609.158697
*c1ccc(N2C(=O)c3ccc(-c4ccc5c(c4)C(=O)N(*)C5=O)cc3C2=O)c(C)c1,2528.967096
*CCOC(=O)CCC(=O)O*,2714.488543
*CC(*)OCC(CC)CCCC,4030.475579
*C(=O)Oc1ccc(OC(=O)c2ccc3c(c2)C(=O)N(C2CCC(N4C(=O)c5ccc(*)cc5C4=O)CC2)C3=O)cc1,2521.038549
*/C=C\CCCCC*,4234.010002
*CC(*)C(=O)OCCCCCCCCCCCCCCCCCC,4138.493224
*CC(*)c1cc(C(C)(C)C)ccc1C,3663.596517
*Oc1ccc(-c2ccc(OC(=O)CCCCCCCCCC(*)=O)cc2)cc1,3195.607204
*c1ccc(Oc2ccccc2Oc2ccc(-n3c(=O)c4cc5c(=O)n(*)c(=O)c5cc4c3=O)cc2)cc1,2461.285749
*CC(*)C(=O)OC(OCC)C(F)(F)F,2500.830877
*Oc1ccc(C(C)(c2ccccc2)c2ccc(OC(=O)c3cccc(C(*)=O)c3)cc2)cc1,2741.740036
*Cc1ccc2[nH]c(-c3ccc4sc5ccc(-c6nc7cc(*)ccc7[nH]6)cc5c4c3)nc2c1,2520.754389
*CC(*)CCC,4305.51867
*CC(*)c1ccccc1C(=O)N(C)C,3157.630881
*CC(*)c1ccc(C(=O)CCCCCCC)cc1,3672.951307
*CC(*)c1ccc(C(C)CC)cc1,3583.19335
*Oc1ccc(C(C)(CCC)c2ccc(OC(*)=O)cc2)cc1,3030.131379
*CC(*)c1cc(Br)ccc1OC,2068.886239
*CCCCCCS(*)(=O)=O,3246.473488
*CC(*)C1CCCCC1,4174.333877
*Oc1c(C)cc(C(C)(C)c2cc(C)c(OC(*)=O)c(C)c2)cc1C,3062.972423
*Oc1ccc(S(=O)(=O)c2ccc(Oc3ccc(C(C)(C)c4ccc(*)c(C(OC)(C(F)(F)F)C(F)(F)F)c4)cc3C(OC)(C(F)(F)F)C(F)(F)F)cc2)cc1,2308.852883
*CC(*)CCCCCCCC,4399.524079
*C(F)(F)C(*)(F)OC(F)(F)F,1597.674394
*CC(*)(CC(=O)OCC)C(=O)OCC,3112.910347
*c1ccc(Cc2ccc(N3C(=O)c4ccc(Oc5ccc6c(c5)C(=O)N(*)C6=O)cc4C3=O)cc2)cc1,2540.934474
*CC(*)OC(=O)c1ccc(C(C)C)cc1,3161.494315
*CC(*)C(=O)N1CCCCC1,3634.667159
*CC(*)OC(=O)C(C)(C)CC(C)(C)C,3669.093259
*Oc1ccc(S(=O)(=O)c2ccc(Oc3ccc(-c4ccc(*)cc4)cc3)cc2)cc1,2513.719638
*CCOC(=O)Nc1cccc(NC(=O)O*)c1,2823.308822
*CC/C=C(\*)C(C)(C)C,4068.615444
*Oc1ccc(NC(=O)c2cc(C(c3ccc(C(=O)O)c(C(=O)Nc4ccc(Oc5ccc(C(c6ccc(*)cc6)(C(F)(F)F)C(F)(F)F)cc5)cc4)c3)(C(F)(F)F)C(F)(F)F)ccc2C(=O)O)cc1,2297.29686
*CC(*)c1ccc(Cl)c(F)c1,2299.688417
*c1ccc(Oc2ccc(S(=O)(=O)c3ccc(Oc4ccc(N5C(=O)c6ccc(Oc7ccc8c(c7)C(=O)N(*)C8=O)cc6C5=O)cc4)cc3)cc2)cc1,2387.204576
*Oc1ccc2c(c1)nc1c3cc4c(=O)n5c6cc(*)ccc6nc5c4cc3c(=O)n21,2338.233197
*CC(*)C(=O)C1CCCCC1,3650.888824
*CC(*)c1ccc(C(=O)OCC)cc1,3091.614096
*c1cccc(P(=O)(c2cccc(-n3c(=O)c4c(-c5ccccc5)c5c(=O)n(*)c(=O)c5c(-c5ccccc5)c4c3=O)c2)c2cc(C(F)(F)F)cc(C(F)(F)F)c2)c1,2341.93478
*CC(*)C(=O)C(C)C,3724.654178
*Oc1ccc(SC(=O)Sc2ccc(*)cc2)cc1,2182.46776
*c1cccc(P(=O)(c2cccc(-n3c(=O)c4c(-c5ccc(C(F)(F)F)cc5)c5c(=O)n(*)c(=O)c5c(-c5ccc(C(F)(F)F)cc5)c4c3=O)c2)c2cc(C(F)(F)F)cc(C(F)(F)F)c2)c1,2141.817452
*CC(*)c1ccccc1OC,3183.833322
*C(=O)c1ccc2c(c1)C(=O)N(c1ccc(-c3ccc(N4C(=O)c5ccc(*)cc5C4=O)c(OC)c3)cc1OC)C2=O,2457.752241
*C1CC2CC1C(*)C2CCCC,3948.328251
*c1cccc(-c2nc3cc(-c4ccc5nc(*)c(-c6ccc7ccccc7c6)nc5c4)ccc3nc2-c2ccc3ccccc3c2)c1,2721.329193
*CC(*)OC(=O)c1ccc(OC(=O)CCC)cc1,3003.28052
*Oc1ccc(S(=O)(=O)c2ccc(Oc3ccc(C(C)(C)c4ccc(*)c(C(O)(C(F)(F)F)C(F)(F)F)c4)cc3C(O)(C(F)(F)F)C(F)(F)F)cc2)cc1,2234.349764
*C(C)C(*)OC(C)(C)C,3875.477059
*c1ccc(Oc2ccc(-c3ccc(Oc4ccc(-n5c(=O)c6cc7c(=O)n(*)c(=O)c7cc6c5=O)cc4)cc3)cc2)cc1,2514.287644
*C(=O)Oc1ccc(C(C)(C)c2ccc(OC(=O)c3ccc4c(c3)C(=O)N(c3ccc(-c5ccc(N6C(=O)c7ccc(*)cc7C6=O)cc5)cc3)C4=O)cc2)cc1,2635.166325
*CC(*)OC(=O)c1ccccc1,2870.360085
*Oc1ccc(C2(c3ccc(OC(*)=O)cc3)CCCCC2)cc1,2963.503088
*CC(*)(C)CCC,4291.832897
*C(=O)c1ccc2c(c1)C(=O)N(c1ccc(N3C(=O)c4ccc(*)cc4C3=O)nc1)C2=O,2317.87841
*CC(*)c1ccc(Br)cc1,1917.722536
*Oc1ccc(C(=C(Cl)Cl)c2ccc(OC(*)=O)cc2)cc1,2090.323602
*c1ccc(-c2nc3cc(-c4ccc5nc(-c6ccccc6)c(*)nc5c4)ccc3nc2-c2ccccc2)cc1,2815.644705
*CC(*)c1ccc(COCCC)cc1,3466.32452
*CCOC(=O)CCCCCCCCC(=O)O*,3419.050517
*CC(*)c1ccc(C)cc1,3349.265199
*CC(*)OC(=O)c1ccc(OC(C)=O)cc1,2658.139829
*c1ccc(Oc2c(C)cc(Cc3cc(C)c(Oc4ccc(-n5c(=O)c6cc7c(=O)n(*)c(=O)c7cc6c5=O)cc4)c(C)c3)cc2C)cc1,2740.795997
*CC(*)c1ccc(COCCCCCC)cc1,3722.799866
*CC(*)OCCCCCCCCCCCCCCCCCC,4234.079231
*C(F)(F)C(F)(F)C1(F)C(*)(F)OC(F)(F)C1(F)F,1635.950722
*CC(*)c1ccc(C(C)(C)O)cc1,3516.599878
*CC(*)CCC1CCCCC1,4094.177013
*c1ccc2c(c1)C(=O)N(c1ccc(Sc3ccc(Oc4ccc(Sc5ccc(N6C(=O)c7ccc(C(*)(C(F)(F)F)C(F)(F)F)cc7C6=O)cc5)cc4)cc3)cc1)C2=O,2269.623854
*CC(*)OCc1ccccc1,3230.469275
*CC(*)c1ccccc1C(=O)OCCCCC,3393.025425
*CC(*)c1ccc(OCCC(C)C)cc1,3557.222407
*CC(*)C(=O)OCCCCCCCCCCCCCCCC,4007.26875
*C(=O)c1ccc2c(c1)C(=O)N(c1ccc(Oc3ccc(-c4ccc(Oc5ccc(N6C(=O)c7ccc(*)cc7C6=O)cc5)cc4)cc3)cc1)C2=O,2561.481203
*CC(*)OC(=O)c1cccc(OC)c1,2918.762118
*CC(*)c1ccc(CCCCCCCCCCCCCC)cc1,4057.69266
*/C=C/C(C(=O)OCc1ccc(Cl)cc1)C(*)C(=O)OCc1ccc(Cl)cc1,2472.734263
*CC(*)OC(=O)CCCCCCC,3798.303206
*NC(CCC(=O)OCCCCCC)C(*)=O,3546.838857
*c1ccc2c(c1)C(=O)N(c1ccc3c(c1)-c1cc(N4C(=O)c5ccc(C(*)(C(F)(F)F)C(F)(F)F)cc5C4=O)ccc1C3)C2=O,2265.358322
*CCCCCCCCCSC(=O)S*,3038.224771
*CC(*)OCC(F)(F)F,2404.644637
*c1ccc(Oc2ccc(N3C(=O)c4ccc(Oc5ccc(C(c6ccc(Oc7ccc8c(c7)C(=O)N(*)C8=O)cc6)(C(F)(F)F)C(F)(F)F)cc5)cc4C3=O)cc2)cc1,2339.13194
*CC(*)(CC(=O)OCCCCCCCCC)C(=O)OCCCCCCCCC,3751.445314
*CC(*)C(=O)OC(F)(C(F)(F)F)C(F)(F)F,1853.480583
*C(=O)Nc1cccc(NC(=O)/C=C/c2cccc(N3C(=O)c4ccc(*)cc4C3=O)c2)c1,2646.097395
*OC1C(CO)OC(*)C(O)C1O,2899.086013
*c1ccc2c(c1)C(=O)N(c1ccc(Oc3c(C)cc(Cc4cc(C)c(Oc5ccc(N6C(=O)c7ccc(C(*)(C(F)(F)F)C(F)(F)F)cc7C6=O)cc5)c(C)c4)cc3C)cc1)C2=O,2523.529799
*Oc1ccc(C2(c3ccc(OC(*)=O)cc3)c3ccccc3-c3ccccc32)cc1,2762.686094
*CCS*,2614.870545
*CCCCCCCCCCCCNC(=O)CCCCCCCCCCC(=O)N*,3927.653662
*CC(*)OC(=O)CC1CCCCC1,3517.851275
*C(=O)Oc1ccc(C(C)(C)c2ccc(OC(=O)c3ccc4c(c3)C(=O)N(c3ccc(Oc5ccc(N6C(=O)c7ccc(*)cc7C6=O)cc5)cc3)C4=O)cc2)cc1,2529.312751
*CC(*)c1ccc(COCCCC)cc1,3618.060826
*CCCCCCC(=O)N*,3569.315376
*c1ccc(-c2ccc(N3C(=O)c4ccc(Oc5ccc6c(c5)C(=O)N(*)C6=O)cc4C3=O)cc2)cc1,2454.077495
*CCCCCCNC(=O)N*,3560.609901
*C(=O)Oc1ccc(C(C)(C)c2ccc(OC(=O)c3ccc4c(c3)C(=O)n3c-4nc4ccc(Oc5ccc6c(c5)nc5n6C(=O)c6ccc(*)cc6-5)cc43)cc2)cc1,2541.598765
*C1CCC(N2C(=O)c3ccc(-c4ccc5c(c4)C(=O)N(*)C5=O)cc3C2=O)CC1,2706.806332
*Oc1ccc2c(c1)C1(CC2(C)C)CC(C)(C)c2ccc(OC(=O)c3ccc(C(*)=O)cc3)cc21,2912.463325
*c1ccc(Oc2ccc(N3C(=O)c4ccc(Oc5cccc6c5C(=O)N(*)C6=O)cc4C3=O)cc2)cc1,2440.361787
*c1ccc2c(c1)Cc1cc(N3C(=O)c4ccc(-c5ccc6c(c5)C(=O)N(*)C6=O)cc4C3=O)ccc1-2,2493.545241
*CC(*)c1ccc(C(=O)N(C)C)cc1,3109.557267
*CC(*)c1ccc(CCCC)cc1,3735.281406
*CC(*)CC(C)(C)C,4309.425652
*CCCCCCOC(=O)CCCCCCCC(=O)O*,3567.973467
*NC(=O)c1ccc(C(=O)Nc2ccc(-c3ccc(*)cc3)cc2)cc1,2756.12159
*C(=O)Nc1cccc(NC(=O)c2ccc(N3C(=O)c4ccc(*)cc4C3=O)cc2)c1,2730.739002
*c1ccc2c(c1)C(=O)N(c1ccc(Oc3ccc(C(c4ccc(Oc5ccc(N6C(=O)c7ccc(C(*)(C(F)(F)F)C(F)(F)F)cc7C6=O)cc5)cc4)(C(F)(F)F)C(F)(F)F)cc3)cc1)C2=O,2227.264854
*CC(*)n1c2ccccc2c2ccccc21,2951.21141
*c1ccc(Sc2ccc3c(c2)Sc2ccc(Sc4ccc(-n5c(=O)c6cc7c(=O)n(*)c(=O)c7cc6c5=O)cc4)cc2S3)cc1,2149.750242
*Oc1cccc2c(OC(=O)c3ccccc3/C=C/c3ccc(/C=C/c4ccccc4C(*)=O)cc3)cccc12,2761.293845
*CC(*)C(=O)Oc1cccc(N(C)C)c1,3044.889663
*CC(*)C(=O)Oc1ccc(C(=O)OCC)cc1,2848.894351
*Oc1ccc(C(C)(C)c2ccc(C(C)(C)c3ccc(OC(*)=O)c(C)c3)cc2)cc1C,3123.137401
*C(*)C(=O)OC,2850.093087
*CC(*)OC1CCCCC1,3744.749077
*CC(*)c1ccc(C(=O)CC)cc1,3231.199277
*CC1(*)CCC(C)CC1,4064.864764
*CC(*)c1ccc(C(=O)OC)cc1,2983.838144
*CC(*)C(=O)c1ccc(Br)cc1,1861.91796
*Oc1ccc(C(CCC)(CCC)c2ccc(OC(*)=O)cc2)cc1,3092.920896
*Oc1ccc(OC(=O)c2cc(OCCCCCCCCCCCC)c(C(*)=O)cc2OCCCCCCCCCCCC)cc1,3500.070966
*CC(*)OC(=O)c1cccnc1,2762.791719
*CCCCNC(=O)CCCCCCCCC(=O)N*,3640.51512
*c1ccc2c(c1)C(=O)N(c1ccc(Oc3c(C)cc(C(c4cc(C)c(Oc5ccc(N6C(=O)c7ccc(C(*)(C(F)(F)F)C(F)(F)F)cc7C6=O)cc5)c(C)c4)c4cccc5ccccc45)cc3C)cc1)C2=O,2558.706621
*CC(*)OC(=O)c1ccc(C#N)cc1,2588.876585
*/C(Cl)=C(/*)c1ccccc1,2289.308594
*CC(*)(CC(=O)OCCCCCCCC)C(=O)OCCCCCCCC,3817.433439
*CCCCCCCCCCCCNC(=O)CCCCCCCCCCCCCCCCCCC(=O)N*,3987.02098
*c1ccc(-c2ccc(-n3c(=O)c4cc5c(=O)n(*)c(=O)c5cc4c3=O)c(C)c2)cc1C,2573.735577
*CC(*)CNc1ccc([N+](=O)[O-])cc1C,3020.345817
*CC(*)c1ccccc1F,2839.591777
*c1cccc(P(=O)(c2ccccc2)c2cccc(-n3c(=O)c4c(-c5cc(C(F)(F)F)cc(C(F)(F)F)c5)c5c(=O)n(*)c(=O)c5c(-c5cc(C(F)(F)F)cc(C(F)(F)F)c5)c4c3=O)c2)c1,2095.500907
*Oc1ccc(S(=O)(=O)c2ccc(Oc3ccc(C(C)(C)c4ccc(*)cc4)cc3)cc2)cc1,2685.742381
*c1cccc(Oc2ccc(N3C(=O)c4ccc(C(=O)c5ccc6c(c5)C(=O)N(*)C6=O)cc4C3=O)cc2)c1,2405.337628
*c1ccc(-c2ccc(-n3c(=O)c4cc5c(=O)n(*)c(=O)c5cc4c3=O)cc2OC(F)(F)F)c(OC(F)(F)F)c1,2101.640305
*CC(*)OC(=O)c1cccc(Br)c1,1888.285701
*CC(*)c1ccc(COCCO)cc1,3298.311825
*CC(*)CCCCCCCCCC,4372.628506
*c1ccc(S(=O)(=O)c2ccc(N3C(=O)c4ccc(C(c5ccc6c(c5)C(=O)N(*)C6=O)(C(F)(F)F)C(F)(F)F)cc4C3=O)cc2)cc1,2149.536984
*CC(*)CC,4296.220602
*c1ccc2c(c1)C(=O)N(c1ccc(Oc3ccc(N4C(=O)c5ccc(C(C)(C)CCCCC(*)(C)C)cc5C4=O)cc3)cc1)C2=O,2852.046485
*c1c(C)c(C)c(-n2c(=O)c3cc4c(=O)n(*)c(=O)c4cc3c2=O)c(C)c1C,2574.37464
*c1cccc(N2C(=O)c3ccc(Oc4ccc(C(C)(C)c5ccc(Oc6ccc7c(c6)C(=O)N(*)C7=O)cc5)cc4)cc3C2=O)c1,2554.657141
*CC(*)CC1CCCCC1,4223.491277
*CC(*)c1ccccc1COC,3311.975535
*CC(*)(C)C(=O)OCc1cccc(Cl)c1,2708.105867
*/C=C/C1CC(*)C2C(=O)N(CCCCCC)C(=O)C12,3471.990062
*CC(*)(C)C(=O)OCCO[N+](=O)[O-],2710.107653
*NC1CCC(CC2CCC(NC(=O)CCCCCCCCCCCCC(*)=O)CC2)CC1,3761.41476
*CC(*)OC(=O)CC,3216.079611
*CC(*)c1ccccc1CC,3486.098701
*Oc1ccc(C(C)(C)c2ccc(OC(=O)c3ccc(C(=O)c4ccc(C(*)=O)cc4)cc3)cc2)cc1,2726.089732
*Oc1ccc2[nH]c(-c3ccc4sc5ccc(-c6nc7cc(*)ccc7[nH]6)cc5c4c3)nc2c1,2473.030238
*CC(*)OC(F)(C(F)(F)F)C(F)(F)F,1777.118851
*CC(*)(C)C(=O)OC(C)(C)C,3693.518169
*CC(*)c1cccc(-c2ccc(-c3ccccc3)cc2)c1,3056.085426
*CC(*)C(=O)c1ccc(Cl)cc1,2491.430451
*CCC=C(*)Cl,2421.667008
*Oc1ccc(C(CCC)(CCC)c2ccc(OC(*)=O)c(C)c2)cc1C,3201.04092
*c1ccc(NC(=O)CCCCC(=O)Nc2ccc(S(*)(=O)=O)cc2)cc1,2814.708155
*CC(*)C(=O)OCC(F)(F)C(F)(F)F,2129.685597
*CC(*)Cc1cc(C)ccc1C,3600.508533
*CC(*)C(=O)Oc1ccc(Cl)cc1Cl,2019.375266
*CC(*)c1ccc(Cl)cc1C,2660.563972
*CCC=C(*)C(C)C,3956.364681
*c1ccc(N2C(=O)c3ccc(-c4ccc5c(c4)C(=O)N(*)C5=O)cc3C2=O)nc1,2362.798334
*CC(*)OC(=O)c1ccc(C(C)(C)C)cc1,3325.480786
*c1ccc(-c2ccc(-n3c(=O)c4cc5c(=O)n(*)c(=O)c5cc4c3=O)c(OC)c2)cc1OC,2547.841336
*c1ccc(Oc2cccc(Oc3ccc(N4C(=O)c5ccc(C(=O)c6ccc7c(c6)C(=O)N(*)C7=O)cc5C4=O)cc3)c2)cc1,2462.506463
*c1ccc(Oc2ccc(C(C)(C)c3ccc(Oc4ccc(-n5c(=O)c6cc7c(=O)n(*)c(=O)c7cc6c5=O)cc4)cc3)cc2)cc1,2619.500247
*CC(*)c1ccc(C(C)(O)CCC)cc1,3530.742634
*c1ccc2c(c1)C(=O)N(c1c(C(C)C)cc(Cc3cc(C(C)C)c(N4C(=O)c5ccc(C(*)(C(F)(F)F)C(F)(F)F)cc5C4=O)c(C(C)C)c3)cc1C(C)C)C2=O,2758.075322
*C(F)(F)C(*)(F)OC(F)(F)C(F)(F)F,1588.894682
*CC(*)c1ccc(C(=O)Cc2ccccc2)cc1,3062.406176
*CCc1ccc(*)c(Cl)c1,2474.392857
*CC(*)c1ccc(CCC)cc1,3612.343751
*c1ccc(Oc2ccc(C(C)(C)c3ccc(Oc4ccc(N5C(=O)C6CCC7C(=O)N(*)C(=O)C7C6C5=O)cc4)cc3)cc2)cc1,2774.857196
*c1cc(Br)c(OC(=O)c2ccc(C(=O)Oc3c(Br)cc(C4(*)OC(=O)c5ccccc54)cc3Br)cc2)c(Br)c1,1520.483854
*C(=O)c1ccc2c(c1)C(=O)N(c1cccc(C(=O)c3cccc(N4C(=O)c5ccc(*)cc5C4=O)c3)c1)C2=O,2471.535948
*C(=O)c1ccc2c(c1)C(=O)N(c1ccc(-c3ccc(N4C(=O)c5ccc(*)cc5C4=O)c(C)c3)cc1C)C2=O,2534.702171
*c1ccc(C(=O)Oc2ccc(N3C(=O)c4ccc(-c5ccc6c(c5)C(=O)N(*)C6=O)cc4C3=O)cc2)cc1,2467.424264
*CC/C=C(\*)C,3934.358325
*CCOC(=O)Nc1ccc(-c2ccc(NC(=O)O*)cc2)cc1,2912.623733
*CC(*)c1cc(Br)ccc1OCCCC,2461.158063
*CC(*)c1ccc(COCC(CC)CCCC)cc1,3788.137434
*CC(*)c1ccc(C(=O)OCCN(C)C)cc1,3292.121491
*CC(*)C(=O)OC1CCCCCCCCCCC1,3723.4811
*CC(*)c1ccc(C(=O)N2CCOCC2)cc1,3146.281521
*c1ccc(Oc2ccc(Oc3ccc(N4C(=O)c5ccc(Oc6cccc7c6C(=O)N(*)C7=O)cc5C4=O)cc3)cc2)cc1,2494.184109
*CCCCCCNC(=O)c1ccc(-c2ccc(C(=O)N*)cc2)cc1,3091.628439
*C(=O)c1ccc2c(c1)C(=O)N(c1ccc(Oc3cc4ccccc4cc3Oc3ccc(N4C(=O)c5ccc(*)cc5C4=O)cc3)cc1)C2=O,2459.264121
*CC1CCC(*)C1,4035.111168
*CC(*)OC(=O)CC(C)(C)c1ccccc1,3199.890508
*c1cccc(Oc2ccc(S(=O)(=O)c3ccc(Oc4cccc(-n5c(=O)c6cc7c(=O)n(*)c(=O)c7cc6c5=O)c4)cc3)cc2)c1,2385.162593
*CC(*)c1ccc(C(C)(O)CC)cc1,3749.819051
*CC(*)C(=O)OCc1ccc(C#N)cc1,2819.370201
*/C=C\CC*,3949.068474
*CC(*)C(=O)Oc1ccc(C(=O)OCCCC)cc1,3027.202966
*c1ccc2c(c1)C(=O)N(c1ccc(Oc3ccc(N4C(=O)c5ccc(C(C)(C)CCCCCCCCC(*)(C)C)cc5C4=O)cc3)cc1)C2=O,2982.298836
*CC(*)(C)c1ccc(C)cc1,3421.032377
*CCCCCCNC(=O)CCCCC(=O)N*,3751.040017
*CC(*)C(=O)OC1CC2CCC1(C)C2(C)C,3539.185786
*CC(*)(CC(=O)OCCCCCCC)C(=O)OCCCCCCC,3731.286055
*CCCCCCOC(=O)O*,3328.129935
*CC(*)CCCCCCCCCCC,4362.383295
*C(=O)Oc1ccc(OC(=O)c2ccc3c(c2)C(=O)N(c2ccc(-c4ccc(N5C(=O)c6ccc(*)cc6C5=O)cc4C(F)(F)F)c(C(F)(F)F)c2)C3=O)cc1,2231.428008
*Cc1ccc2[nH]c(-c3ccc4c(c3)-c3cc(-c5nc6cc(*)ccc6[nH]5)ccc3S4(=O)=O)nc2c1,2517.581947
*CCOC(=O)c1ccc(C(=O)O*)cc1,2660.21026
*Oc1ccc(-c2ccc(OC(=O)CCCCCCCCC(*)=O)cc2)cc1,3039.201818
*c1ccc(Cc2ccc(N(*)Cc3ccccc3)cc2)cc1,3087.252027
*CC(*)OC(=O)c1ccccc1C,2911.360952
*CC(*)(CC(=O)OCCC)C(=O)OCCC,3410.369773
*CCCCCCCCCNC(=O)c1ccc(C(=O)N*)cc1,3373.111391
*c1ccc(-c2nc3cc(-c4ccc5nc(*)c(-c6ccc7ccccc7c6)nc5c4)ccc3nc2-c2ccc3ccccc3c2)cc1,2680.913933
*CC(*)c1ccccc1C(=O)OCCCC,3352.656821
*c1ccc(Oc2ccc(-c3ccc(Oc4ccc(N5C(=O)c6ccc(-c7ccc8c(c7)C(=O)N(*)C8=O)cc6C5=O)cc4)cc3)cc2)cc1,2553.130913
*CC(*)c1ccccc1COCc1ccccc1,3160.339558
*CC(*)c1ccccc1C(=O)OC,3030.216376
*CCCCOC(=O)NCC(F)(F)C(F)(F)C(F)(F)C(F)(F)CNC(=O)O*,2358.311945
*Oc1ccc(C(C)(C)c2ccc(OC(=O)CCCCC(*)=O)cc2)cc1,2980.904667
*CC(*)C(=O)OCCCCCCCCCCCCCCCCCCCCCC,4157.710573
*Oc1c(C)cc(*)cc1C,2968.819258
*c1ccc(Oc2ccc(N3C(=O)c4ccc(C(=O)c5ccc6c(c5)C(=O)N(*)C6=O)cc4C3=O)cc2)cc1,2404.294749
*C1CCC(CC2CCC(N3C(=O)C4C5C=CC(C6C(=O)N(*)C(=O)C56)C4C3=O)C(C)C2)CC1C,3161.242002
*C(=O)c1ccc2c(c1)C(=O)N(c1cccc(C(=O)Nc3cccc(N4C(=O)c5ccc(*)cc5C4=O)c3)c1)C2=O,2463.759893
*NC(CCC(=O)OCCCCC)C(*)=O,3332.296375
*c1ccc(Oc2cc3ccccc3cc2Oc2ccc(N3C(=O)c4ccc(Oc5ccc6c(c5)C(=O)N(*)C6=O)cc4C3=O)cc2)cc1,2508.264837
*Oc1ccc(S(=O)(=O)c2ccc(Oc3ccc(Cc4ccc(*)cc4)cc3)cc2)cc1,2613.354894
*CC(CCl)O*,2308.291058
*c1cccc(Oc2ccc(N3C(=O)c4ccc(Oc5ccc6c(c5)C(=O)N(*)C6=O)cc4C3=O)cc2)c1,2423.929336
*CC(*)C(=O)OC,3057.52415
*C(F)(F)C(*)(F)c1c(F)c(F)c(F)c(F)c1F,1655.100252
*CC(*)C(=O)OCCCCCCC,3692.895703
*CCCCCCOC(=O)Nc1ccc(Cc2ccc(NC(=O)O*)cc2)cc1,3007.200458
*CC(*)OC(=O)c1ccncc1,2741.027484
*CC(*)CC1CCCC1,4078.619649
*CC(*)N1CCNC1,3781.901122
*CC(*)C(=O)OC(F)(C(F)(F)F)C(F)(F)Cl,1758.158015
*c1cc(C(c2ccc(O)c(-n3c(=O)c4cc5c(=O)n(*)c(=O)c5cc4c3=O)c2)(C(F)(F)F)C(F)(F)F)ccc1O,2214.515664
*CC(*)OC(=O)c1cccc(C)c1,2889.413189
*CC(*)C(=O)OCCCCCCCCCCCCCC,3998.034203
*C(=O)Nc1ccc(Oc2ccc(N3C(=O)c4ccc(*)cc4C3=O)cc2)cc1,2505.548521
*CC(*)c1ccccc1Cl,2535.801528
*CC(*)Cl,2044.934053
*Oc1ccc(C(C)(CCC#N)c2ccc(OC(*)=O)cc2)cc1,2815.199286
*c1ccc(Oc2ccc(Oc3ccc(N4C(=O)c5ccc(-c6ccc7c(c6)C(=O)N(*)C7=O)cc5C4=O)cc3)cc2)cc1,2583.233898
*CCCCCCCCCCCCC(=O)N*,3912.698994
*CCCCOC(=O)NCCCCCCNC(=O)O*,3272.521178
*c1ccc(Oc2ccc(N3C(=O)c4ccc(-c5ccc6c(c5)C(=O)N(*)C6=O)cc4C3=O)cc2)cc1,2499.437631
*NC(=O)c1cccc(C(=O)Nc2ccc(-c3ccc(*)cc3)cc2)c1,2805.772123
*CC(*)(C)C(=O)OCCCCCCN(C)c1ccc(/N=N/c2ccc(S(C)(=O)=O)cc2)cc1,3065.472929
*CC(*)CCc1ccccc1C,3607.841398
*CC(*)(C)c1ccc(C(C)C)cc1,3711.921785
*c1ccc(-c2nc3cc4nc(*)oc4cc3o2)cc1,2409.073702
*CC(*)(CC(=O)OCCC1CCCCC1)C(=O)OCCC1CCCCC1,3543.454866
*CC(*)OC(=O)c1ccc(OC)cc1,2911.175899
*CCOc1ccc(C(=O)OCCOC(=O)c2ccc(O*)cc2)cc1,2724.945406
*CC(*)C(=O)Oc1ccc(-c2ccccc2)cc1,2837.794213
*CC(=C)COCC(=C)COC(=O)O*,2974.473393
*CCCCCCS(=O)(=O)c1ccc(/N=N/c2ccc(N(C)CCCCCC(=O)O*)cc2)cc1,3089.914759
*CC(*)c1cccc2ccccc12,3072.546839
*CCCCN(C)C(=O)c1ccc(C(=O)N(*)C)cc1,3211.626156
*C(=O)c1ccc2c(c1)C(=O)N(c1c(C)c(C)c(N3C(=O)c4ccc(*)cc4C3=O)c(C)c1C)C2=O,2655.668831
*C(=O)C1CCCN1*,3065.430559
*c1ccc2c(c1)Cc1cc(-n3c(=O)c4cc5c(=O)n(*)c(=O)c5cc4c3=O)ccc1-2,2393.201108
*/C(C)=C(/*)C(C)C,3976.060555
*C(=O)c1ccc2c(c1)C(=O)N(c1cccc(C(=O)N(C)c3ccc(N4C(=O)c5ccc(*)cc5C4=O)cc3)c1)C2=O,2486.631259
*Oc1ccc(S(=O)(=O)c2ccc(Oc3ccc(C(=O)c4cc(I)cc(C(=O)c5ccc(*)cc5)c4)cc3)cc2)cc1,2037.462053
*C(C)C(*)O,3628.899393
*c1cccc(Oc2ccc(-n3c(=O)c4cc5c(=O)n(*)c(=O)c5cc4c3=O)cc2)c1,2387.905638
*Oc1ccc(S(=O)(=O)c2ccc(OC(*)=O)cc2)cc1,2258.337648
*c1ccc(Oc2ccc(Oc3ccc(N4C(=O)c5ccc(Oc6ccc7c(c6)C(=O)N(*)C7=O)cc5C4=O)cc3)cc2)cc1,2484.249294
*c1ccc(Oc2ccc(Oc3ccc(-n4c(=O)c5cc6c(=O)n(*)c(=O)c6cc5c4=O)cc3)cc2)cc1,2455.046279
*CC(*)Cc1ccc(C)cc1,3337.336017
*CC(*)CCCN(C(C)C)C(C)C,4422.785515
*CCOC(=O)Nc1cccc2c(NC(=O)O*)cccc12,2721.53955
*CC(*)CC(C)CC,4321.72465
*Oc1cccc2c(OC(=O)Oc3ccc(OC(*)=O)cc3)cccc12,2487.041885
*CC(*)c1cc(Br)ccc1OCCC(C)C,2594.849689
*CC(*)C(=O)n1c2ccccc2c2ccccc21,2837.815666
*c1ccc2c(c1)C(=O)N(c1cc(N3C(=O)c4ccc(C(*)(C(F)(F)F)C(F)(F)F)cc4C3=O)ccc1C)C2=O,2221.526646
*C(C)C(*)C,4336.87467
*c1ccc(-c2ccc(-n3c(=O)c4cc5c(=O)n(*)c(=O)c5cc4c3=O)cc2C(F)(F)F)c(C(F)(F)F)c1,2114.049748
*Oc1cccc(CCCCCCCCCCc2cccc(OC(*)=O)c2)c1,3352.621516
*c1ccc(Oc2ccc(NC(=O)CN3C(=O)c4ccc(C(c5ccc6c(c5)C(=O)N(CC(=O)Nc5ccc(Oc7ccc(-c8nnc(*)o8)cc7)cc5)C6=O)(C(F)(F)F)C(F)(F)F)cc4C3=O)cc2)cc1,2431.243512
*CC(*)c1ccccc1,3285.44944
*c1cccc(P(=O)(c2cccc(-n3c(=O)c4c(-c5cc(C(F)(F)F)cc(C(F)(F)F)c5)c5c(=O)n(*)c(=O)c5c(-c5cc(C(F)(F)F)cc(C(F)(F)F)c5)c4c3=O)c2)c2cc(C(F)(F)F)cc(C(F)(F)F)c2)c1,2093.106469
*c1cc(CCCC)c(*)s1,2977.802932
*CCCC=C(*)c1ccc(OC)cc1,3396.261526
*NC(=O)Nc1ccc(Cc2ccc(*)cc2)cc1,2901.287768
*CCCCCCN(C)C(=O)CCCCC(=O)N(*)C,3923.837498
*CCCCOC(=O)CCC(=O)O*,3106.047709
*c1ccc(N2C(=O)c3ccc(C(c4ccc5c(c4)C(=O)N(*)C5=O)(C(F)(F)F)C(F)(F)F)cc3C2=O)cc1,2123.240011
*CC(*)Cc1cccc(C)c1,3472.693018
*CC(*)C(C)=O,3237.955401
*CC(*)c1ccc(OCCC)cc1,3428.158425
*c1ccc2c(c1)C(=O)N(c1cc(C(c3ccc(O)c(N4C(=O)c5ccc(C(*)(C(F)(F)F)C(F)(F)F)cc5C4=O)c3)(C(F)(F)F)C(F)(F)F)ccc1O)C2=O,2014.579632
*CC(*)OC(=O)C1(C)CCCCC1,3458.974694
*CC(*)c1ccc(C#N)cc1,2892.979462
*CC(*)c1c(C)cc(C)cc1C,3571.129358
*c1ccc(N2C(=O)c3ccc(Oc4ccc(C(C)(C)c5cccc(Oc6ccc7c(c6)C(=O)N(*)C7=O)c5)cc4)cc3C2=O)cc1,2656.853239
*CCCC=C(*)c1ccc(Cl)cc1,2779.970854
*CC(*)c1nc(C)nc(C)n1,3068.586238
*CC(*)OC(=O)C(C)(C)CCC,3625.778189
*CCCCCNC(=O)O*,3280.280358
*Oc1ccc(S(=O)(=O)c2ccc(OC(=O)c3ccc(C(*)=O)cc3)cc2)cc1,2379.258188
*CC(*)c1ccc(C)cc1C,3403.528103
*CC(*)C,4168.730406
*Oc1ccc(C(C)(C)c2ccc(OC(*)=O)c(CC)c2)cc1CC,3102.726994
*c1ccc(S(*)(=O)=O)cc1,2148.758956
*CCC=C(*)C,3895.760951
*CC(*)c1ccc(C(=O)O)c(C(=O)O)c1,2610.651088
*C(=O)NCCCCCCNC(=O)c1ccc(N2C(=O)c3ccc(*)cc3C2=O)cc1,2830.164408
*CC(*)C(=O)OC(F)(C(F)(F)Cl)C(F)(F)Cl,1645.03384
*CC(*)OC(=O)C(F)(F)C(F)(F)C(F)(F)C(F)(F)C(F)(F)C(F)(F)C(F)(F)C(F)(F)C(F)(F)F,1685.55148
*CCCC(=O)N*,3250.073222
*CC(*)CCCCC,4324.49256
*/C=C\*,3309.624057
*CC(*)c1ccc(C(C)=NO)cc1,3193.622039
*CC(*)C(=O)OC1CCCCC1,3375.279307
*CC(*)C=O,3211.594391
*CCC=C(*)c1ccccc1,3339.318481
*CC(*)NC(=O)OC(C)(C)C,3392.807432
*C(=O)c1ccc2c(c1)C(=O)N(c1ccc(Cc3ccc(N4C(=O)c5ccc(*)cc5C4=O)c(C)c3)cc1C)C2=O,2598.308196
*CC(*)c1ccc(OC)cc1,3195.721114
*Cc1cc(C(C)(C)c2ccc3c(c2)CN(C)CO3)cc(CN(*)C)c1O,3333.744561
*CC(*)c1ccc(O)cc1,3171.7508
*Oc1ccc(S(=O)(=O)c2ccc(Oc3c(C)cc(C(C)(C)c4cc(C)c(*)c(C)c4)cc3C)cc2)cc1,2878.040312
*c1ccc(-c2ccc(N3C(=O)c4ccc(-c5cccc6c5C(=O)N(*)C6=O)cc4C3=O)c(C)c2)cc1C,2677.991266
*CC(*)c1ccc(CCCCCCCC)cc1,4050.408861
*/C=C(/*)c1cccc(C#C)c1,2805.499849
*/C=C(/*)c1ccc(C#C)cc1,2791.583216
*CC(*)OC(=O)c1ccccc1Cl,2331.84049
*c1cccc(Oc2cccc(Oc3cccc(-n4c(=O)c5cc6c(=O)n(*)c(=O)c6cc5c4=O)c3)c2)c1,2421.678247
*CC(*)c1ccc(C(=O)OCC(C)C)cc1,3244.104822
*C=CC(C*)OC,3612.025886
*Oc1cc(C(C)(C)C)c(Oc2ccc(C(=O)Nc3c(C)cc(Cc4cc(C)c(NC(=O)c5ccc(*)cc5)c(C(C)C)c4)cc3C(C)C)cc2)cc1C(C)(C)C,3167.744553
*CC(*)P(=O)(OCC)N(C)C,3211.378915
*CC(*)OC(=O)CCCC(=O)c1ccccc1,3044.892463
*CC(*)CCCCCCCCC,4410.425031
*C(=O)CCCCCCCCC(=O)N1CCN(*)CC1,3739.664349
*CC(*)C(=O)c1ccccc1,2978.090199
*CC(*)O,3982.346055
*c1ccc(-c2ccc(-c3ccc(N4C(=O)c5ccc(-c6ccc7c(c6)C(=O)N(*)C7=O)cc5C4=O)cc3)cc2)cc1,2546.337247
*CC(*)OC(C)(C)C,3899.64825
*CC(*)c1cccc(F)c1,2884.659302
*Oc1ccc(S(=O)(=O)c2ccc(*)cc2)cc1,2369.389506
*c1ccc(Oc2ccc(Oc3ccc(N4C(=O)c5ccc(-c6ccc7c(c6)C(=O)N(*)C7=O)cc5C4=O)cc3)c(-c3ccccc3)c2)cc1,2584.167369
*CC(*)C(=O)N(C)C,3397.600692
*CC(*)c1ccc(F)cc1C,3031.09432
*c1cc(C(c2ccc(O)c(N3C(=O)c4ccc(Oc5ccc6c(c5)C(=O)N(*)C6=O)cc4C3=O)c2)(C(F)(F)F)C(F)(F)F)ccc1O,2219.374989
*CCOC(=O)c1ccc(C(=O)O*)c2ccccc12,2613.513535
*CC1CC(*)C(OC(=O)CCCCCCCCCCOc2ccc(-c3ccc(C#N)cc3)cc2)C1,3268.11487
*NC1CC(C)(C)CC(C)(CNC(=O)CCCCC(*)=O)C1,3729.651649
*C(=O)c1ccc2c(c1)C(=O)N(c1ccc(N3C(=O)c4ccc(*)cc4C3=O)c(C)c1)C2=O,2367.806572
*CC(*)c1ccc(COCCOCC)cc1,3459.361772
*CC(*)c1ccc(-c2ccccc2)cc1,3132.279958
*C(=O)NCCNC(=O)c1ccc(N2C(=O)c3ccc(*)cc3C2=O)cc1,2640.306031
*CC(*)c1cc(Br)ccc1OCCC,2319.420773
*CC(*)(C)C(=O)OCC(C)O,3439.680666
*/C=C/C1CC(*)C2C(=O)N(CCCCC)C(=O)C12,3324.062586
*Oc1c(-c2ccccc2)cc(*)cc1-c1ccccc1,2768.787328
*CCOC(=O)c1ccc2cc(C(=O)O*)ccc2c1,2718.73404
*CC(*)C(=O)c1ccc(C)c(C)c1,3142.235865
*C(=O)Nc1ccc(Oc2ccc(NC(=O)c3ccc4c(c3)C(=O)N(c3ccc(S(=O)(=O)c5ccc(N6C(=O)c7ccc(*)cc7C6=O)cc5)cc3)C4=O)cc2)cc1,2387.431563
*CC(*)CCCCCC,4378.723064
*C(F)(F)C(*)(F)Cl,1330.535525
*c1cccc(N2C(=O)c3ccc(-c4cccc5c4C(=O)N(*)C5=O)cc3C2=O)c1,2407.283336
*c1ccc(C)c(N2C(=O)c3ccc(-c4ccc5c(c4)C(=O)N(*)C5=O)cc3C2=O)c1,2481.705326
*c1cccc(Oc2ccc(N3C(=O)c4ccc(C(c5ccc6c(c5)C(=O)N(*)C6=O)(C(F)(F)F)C(F)(F)F)cc4C3=O)cc2)c1,2237.332253
*CC/C=C(/*)C,3909.58537
*CCCCCCCCCCOC(=O)c1ccc(C(=O)NCCNC(=O)c2ccc(C(=O)O*)cc2)cc1,3225.759279
*CCCCCCNC(=O)c1cccc(C(=O)N*)c1,3230.811259
*OC(C)CC(*)=O,3144.351022
*CC(*)c1ccc(C(C)C)cc1,3614.994254
*c1ccc(Oc2ccc(C3(c4ccc(Oc5ccc(N6C(=O)c7ccc(Oc8ccccc8Oc8ccc9c(c8)C(=O)N(*)C9=O)cc7C6=O)cc5C(F)(F)F)cc4)c4ccccc4-c4ccccc43)cc2)c(C(F)(F)F)c1,2474.871672
*CC(*)OC(=O)C(C)(C)C(C)C(C)C,3887.917371
*c1ccc(Oc2ccc(Oc3ccc(-n4c(=O)c5cc6c(=O)n(*)c(=O)c6cc5c4=O)cc3)cc2-c2ccccc2)cc1,2554.208335
*CC(*)c1ccc(C(=O)CCCC)cc1,3445.938649
*Oc1ccc(-c2ccc(OC(=O)CCCCCCCCCCCCC(*)=O)cc2)cc1,3347.592685
*CC/C=C(/*)Cl,2416.737679
*Oc1ccc(C(C)(C)c2ccc(OC(=O)c3cccc(C(*)=O)c3)cc2)cc1,2796.523722
*CC(*)c1ccccn1,3096.14254
*CCCS(=O)(=O)c1ccc(/N=N/c2ccc(N(CCCC)CC(=O)O*)cc2)cc1,2834.266386
*Oc1ccc(C(=O)c2ccc(*)cc2)cc1,2654.182445
*CCCCNC(=O)CCCCC(=O)N*,3493.428613
*C(F)C(*)(F)F,1780.190982
*c1ccc(Oc2ccc(C(c3ccc(Oc4ccc(-n5c(=O)c6cc7c(=O)n(*)c(=O)c7cc6c5=O)cc4)cc3)(C(F)(F)F)C(F)(F)F)cc2)cc1,2256.658633
*c1ccc2c(c1)C(=O)N(c1c(C)c(C)c(N3C(=O)c4ccc(C(*)(C(F)(F)F)C(F)(F)F)cc4C3=O)c(C)c1C)C2=O,2294.788749
*C(=O)c1ccc2c(c1)C(=O)N(c1ccc(C)c(N3C(=O)c4ccc(*)cc4C3=O)c1)C2=O,2526.587
*CC(*)OCCCl,2729.560817
*C(=O)Nc1ccc(C2(c3ccc(NC(=O)c4ccc5c(c4)C(=O)N(c4ccc(Sc6ccc(Oc7ccc(Sc8ccc(N9C(=O)c%10ccc(*)cc%10C9=O)cc8)cc7)cc6)cc4)C5=O)cc3)c3ccccc3-c3ccccc32)cc1,2547.307801
*CC(*)c1ccc(C(=O)c2ccc(C)cc2)cc1,3052.590658
*C(F)(F)C(*)(F)F,1535.713623
*CC(*)(C)C(=O)OCCN(C)C,3521.625345
*C=CC(C)CCCCC*,4184.323971
*c1c(C)cc(C(c2cc(C)c(N3C(=O)c4ccc(-c5ccc6c(c5)C(=O)N(*)C6=O)cc4C3=O)c(C)c2)c2cccc3ccccc23)cc1C,2742.307077
*c1cccc(N2C(=O)c3ccc(C(=O)c4ccc5c(c4)C(=O)N(*)C5=O)cc3C2=O)c1,2343.598215
*c1ccc(Oc2ccc(Oc3ccc(N4C(=O)c5ccc(Oc6ccc(C7(c8ccc(Oc9ccc%10c(c9)C(=O)N(*)C%10=O)cc8)CCC(c8ccccc8)CC7)cc6)cc5C4=O)cc3)c(C(C)(C)C)c2)cc1,2814.263031
*c1ccc(Oc2ccc(N3C(=O)C4CCC5C(=O)N(*)C(=O)C5C4C3=O)cc2)cc1,2613.662189
*CC(*)c1ccccc1COCCCC,3650.161806
*c1ccc2c(c1)-c1nc3cc(Oc4ccc5c(c4)nc4n5C(=O)c5cc(C(*)(C(F)(F)F)C(F)(F)F)ccc5-4)ccc3n1C2=O,2223.072199
*c1ccc(Oc2c(C)cc(C(C)(C)c3cc(C)c(Oc4ccc(N5C(=O)c6ccc(Oc7ccc(C8(c9ccc(Oc%10ccc%11c(c%10)C(=O)N(*)C%11=O)cc9)CCC(c9ccccc9)CC8)cc7)cc6C5=O)cc4)c(C)c3)cc2C)cc1,2879.935855
*OC(C)C(*)=O,2814.711696
*c1ccc2c(c1)C(=O)N(c1ccc(Oc3cccc(Oc4ccc(N5C(=O)c6ccc(C(*)(C(F)(F)F)C(F)(F)F)cc6C5=O)cc4)c3)cc1)C2=O,2238.2654
*CC1(*)CCCCC1,4154.129507
*CCCCCCCCCCCCSC(=O)S*,3247.680601
*C(F)C(*)(F)OC(F)(F)F,1675.868698
*c1ccc(Oc2cccc(N3C(=O)c4ccc(-c5cccc6c5C(=O)N(*)C6=O)cc4C3=O)c2)cc1,2468.282148
*CC(O)COc1ccc(C(C)(C)c2ccc(O*)cc2)cc1,3186.25374
*c1ccc(Sc2ccc(Sc3ccc(Sc4ccc(-n5c(=O)c6cc7c(=O)n(*)c(=O)c7cc6c5=O)cc4)cc3)cc2)cc1,2241.961988
*C(=O)c1ccc2c(c1)C(=O)N(c1ccc(C3(c4ccc(N5C(=O)c6ccc(*)cc6C5=O)cc4)c4ccccc4-c4ccccc43)cc1)C2=O,2549.731643
*c1ccc(Oc2ccc(-c3ccc(Oc4ccc(N5C(=O)c6ccc(Oc7cccc(Oc8ccc9c(c8)C(=O)N(*)C9=O)c7)cc6C5=O)cc4)cc3)cc2)cc1,2560.363871
*CC(*)CCCC,4297.699057
*Nc1cccc(C(O)Cc2ccc(NC(=O)c3ccc(C(*)=O)cc3)cc2)c1,2904.527435
*CCCCCCOC(=O)c1ccc(-c2ccc(C(=O)O*)cc2)cc1,3004.353918
*CC(*)OC(=O)C(F)(F)C(F)(F)F,1915.371064
*CC(*)C1CC1,3984.693072
*c1ccc(Oc2cc(C(C)(C)C)ccc2Oc2ccc(N3C(=O)c4ccc(-c5ccc6c(c5)C(=O)N(*)C6=O)cc4C3=O)cc2)cc1,2626.730949
*NC(CCC(=O)OC)C(*)=O,2876.797969
*N=P(*)(OCC(F)(F)F)OCC(F)(F)F,1815.219802
*C(=O)Nc1ccc(Cc2ccc(NC(=O)c3ccc(N4C(=O)c5ccc(*)cc5C4=O)cc3)cc2)cc1,2644.555613
*CC(*)OCC,3794.548955
*Oc1ccc(Sc2ccc(OC(*)=O)cc2)cc1,2406.881521
*c1ccc(-c2sc(-c3ccc(-n4c(=O)c5cc6c(=O)n(*)c(=O)c6cc5c4=O)cc3)c(-c3ccccc3)c2-c2ccccc2)cc1,2536.423104
*CC(*)c1ccncc1,3159.956855
*C(C)C(*)OCCCC,4000.524186
*CC(*)C(=O)NC(C)C,3635.529777
*CC(*)C#N,2910.554507
*c1ccc(Oc2ccc(N3C(=O)c4ccc(Oc5ccc6c(c5)C(=O)N(*)C6=O)cc4C3=O)cc2)cc1,2373.048675
*CC(*)c1ccc(Oc2ccccc2)cc1,2941.425689
*c1ccc(-c2ccc(N3C(=O)c4cc5c(cc4C3=O)C(C(F)(F)F)(C(F)(F)F)c3cc4c(cc3O5)C(=O)N(*)C4=O)cc2OC(F)(F)F)c(OC(F)(F)F)c1,2030.505111
*CC(*)(CC(=O)OCCCc1ccccc1)C(=O)OCCCc1ccccc1,3261.520449
*CCCCCCOC(=O)CCCCCCCCC(=O)O*,3596.338605
*CC(*)Cc1ccccc1C,3425.198332
*CCOC(=O)c1ccc2ccc(C(=O)O*)cc2c1,2658.676124
*CC(*)OC(C)=O,3124.885711
*c1ccc2c(c1)C(=O)N(c1ccc(C(c3ccc(C)c(N4C(=O)c5ccc(C(*)(C(F)(F)F)C(F)(F)F)cc5C4=O)c3)(C(F)(F)F)C(F)(F)F)cc1C)C2=O,2185.045789
*Oc1ccc(Oc2ccc(Oc3ccc(S(=O)(=O)c4ccc(*)cc4)cc3)cc2)cc1,2575.325775
*OC(C)COC(*)=O,2764.191724
*Cc1ccc(-c2ccc(C(=O)O*)cc2)cc1,2810.324377
*c1ccc(-c2ccc(N3C(=O)c4ccc(-c5ccc6c(c5)C(=O)N(*)C6=O)cc4C3=O)c(OC)c2)cc1OC,2554.046375
*Oc1ccc(OC(=O)Oc2ccc(-c3ccc(OC(*)=O)cc3)cc2)cc1,2515.671329
*C=CC1CCC(*)C1,3823.741546
*CCOC(=O)C1CCC(C(=O)O*)CC1,3142.900944
*CC(*)C1CC=CCC1,3864.08663
*c1ccc(Oc2cccc(Oc3ccc(N4C(=O)c5ccc(Oc6ccc7c(c6)C(=O)N(*)C7=O)cc5C4=O)cc3)c2)cc1,2446.190157
*CCCC(*)(C)C,4354.368612
*Oc1ccc(-c2ccc(OC(=O)CCCCCCC(*)=O)cc2)cc1,2945.115334
*c1ccc(-c2ccc(N3C(=O)c4ccc(-c5cccc6c5C(=O)N(*)C6=O)cc4C3=O)cc2C(F)(F)F)c(C(F)(F)F)c1,2213.488445
*CC(*)c1ccc(C(=O)OCCCC)cc1,3271.219559
*Oc1ccc(S(=O)(=O)c2ccc(OC(=O)c3ccccc3/C=C/c3ccc(/C=C/c4ccccc4C(*)=O)cc3)cc2)cc1,2653.274828
*CC(*)(C)C(=O)OCc1ccccc1Cl,2646.29287
*CCOCCOC(=O)c1ccc(-c2ccc(C(=O)O*)cc2)cc1,2814.730732
*c1cccc(P(=O)(c2ccccc2)c2cccc(-n3c(=O)c4c(-c5ccccc5)c5c(=O)n(*)c(=O)c5c(-c5ccccc5)c4c3=O)c2)c1,2536.245731
*CC(*)(CC(=O)OCCc1ccccc1)C(=O)OCCc1ccccc1,3031.190477
*C(*)C(=O)OCCC,3256.532586
*Oc1cc(C)c(*)c(C)c1Br,1906.76632
*Oc1ccc(NC(=O)c2cccc(C(=O)Nc3ccc(*)cc3)c2)cc1,2691.858697
*c1ccc(Oc2ccc(Oc3ccc(N4C(=O)C5CCC6C(=O)N(*)C(=O)C6C5C4=O)cc3)cc2)cc1,2608.62676
*Oc1ccc(C(C)(C)c2ccc(OC(=O)c3ccc(C(*)=O)cc3)cc2)cc1,2754.051185
*CC(*)CCCCCCCCCO,4182.485237
*CC(*)OC(=O)c1ccccc1OC,2930.00465
*CC(*)(C)C(=O)OC(C)CC,3630.794702
*CC(*)CNc1ccc([N+](=O)[O-])cc1[N+](=O)[O-],2594.235455
*Oc1ccc(C(c2ccc(OC(*)=O)cc2)(C(F)(F)F)C(F)(F)F)cc1,2191.004381
*c1ccc(Oc2ccc(-c3ccc(Oc4ccc(N5C(=O)c6ccc(Oc7ccc(C8(c9ccc(Oc%10ccc%11c(c%10)C(=O)N(*)C%11=O)cc9)CCCCCCCCCCC8)cc7)cc6C5=O)cc4)cc3C)c(C)c2)cc1,2900.168148
*CC(CC(*)(C#N)C(=O)OC)c1ccccc1,3032.518881
*Oc1ccc(S(=O)(=O)c2ccc(Oc3ccc(C(=O)c4cc(C(=O)c5ccc(*)cc5)cc(C(C)(C)C)c4)cc3)cc2)cc1,2655.622638
*CC(*)C(=O)OCCc1ccccc1,3152.455905
*CC(*)c1cc(C)c(C)cc1C,3487.248084
*C(F)(F)C(*)(F)OC(F)(F)C(F)(F)C(F)(F)C(F)(F)F,1564.395219
*CC(*)c1cc(Br)ccc1OCC,2174.337773
*/C=C/CC*,3912.850968
*c1ccc2c(c1)-c1nc3cc(-c4ccc5nc6n(c5c4)C(=O)c4cc(C(*)(C(F)(F)F)C(F)(F)F)ccc4-6)ccc3n1C2=O,2200.549779
*c1ccc(Oc2ccc(Oc3ccc(-n4c(=O)c5cc6c(=O)n(*)c(=O)c6cc5c4=O)cc3)cc2C(C)(C)C)cc1,2639.429285
*CC(*)CCCC(C)(C)C,4309.801457
*CC(*)CCCCCCC,4357.101696
*NC(CCC(=O)OCCC)C(*)=O,3127.481656
*c1ccc(S(=O)(=O)c2ccc(N3C(=O)c4ccc(C(=O)c5ccc6c(c5)C(=O)N(*)C6=O)cc4C3=O)cc2)cc1,2370.579548
*CC(*)(C)C(=O)Oc1ccc(CC#N)cc1,2834.054904
*C1Oc2ccccc2C1*,2790.801596
*CC(*)CCc1ccc(C)cc1,3530.985178
*CC(*)c1cc(Br)ccc1OC(C)C,2334.584248
*CC(*)C(=O)Oc1cccc(C(=O)OCC)c1,2839.19963
*CC(C)O*,3599.094487
*CC/C=C(\*)Cl,2381.670234
*Oc1ccc(C(C)(C)c2ccc(OC(*)=O)c(C(C)C)c2)cc1C(C)C,3227.703894
*c1ccc(C(c2ccc(-c3nc4cc(-c5ccc6nc(*)[nH]c6c5)ccc4[nH]3)cc2)(C(F)(F)F)C(F)(F)F)cc1,2357.07956
*CC(*)C(C)C,4299.996027
*Cc1cc(*)c(O)cc1C,3055.137917
*CC(*)OC(=O)CC1CCCC1,3486.190193
*CC(*)CCCCCCCCCCCC,4384.089231
*CC(OC)C1C(=O)OC(=O)C1*,2702.958348
*c1ccc(Oc2ccc(S(=O)(=O)c3ccc(Oc4ccc(N5C(=O)c6ccc(C(=O)c7ccc8c(c7)C(=O)N(*)C8=O)cc6C5=O)cc4)cc3)cc2)cc1,2435.54977
*CC(*)(C)C(=O)OCC(C)C,3646.607411
*CC(*)CC(C)(C)CC,4235.275996
*C(=O)c1ccc2c(c1)C(=O)N(c1cccc(N3C(=O)c4ccc(*)cc4C3=O)c1C)C2=O,2440.110024
*c1ccc(Sc2ccc(Oc3ccc(Sc4ccc(N5C(=O)c6ccc(Oc7ccc(C(C)(C)c8ccc(Oc9ccc%10c(c9)C(=O)N(*)C%10=O)cc8)cc7)cc6C5=O)cc4)cc3)cc2)cc1,2536.982834
*Oc1c(Cl)cc(C(C)(C)c2cc(Cl)c(OC(*)=O)c(Cl)c2)cc1Cl,1973.126613
*CCOC(=O)c1cccc(C(=O)O*)c1,2677.14699
*c1ccc(Oc2ccc(C(C)(C)c3ccc(Oc4ccc(N5C(=O)c6ccc(-c7ccc8c(c7)C(=O)N(*)C8=O)cc6C5=O)cc4)cc3)cc2)cc1,2703.557533
*c1ccc(Cc2ccc(N3C(=O)c4ccc(-c5ccc6c(c5)C(=O)N(*)C6=O)cc4C3=O)cc2)cc1,2549.835634
*CC(*)(F)C(C)=O,2855.361949
*Oc1ccc(C(C)(C)c2ccc(OC(=O)Sc3ccc(C(C)(C)c4ccc(SC(*)=O)cc4)cc3)cc2)cc1,2759.02513
*C(=O)Oc1ccc(OC(=O)c2ccc3c(c2)C(=O)N(c2ccc(C(=O)Oc4ccc(N5C(=O)c6ccc(*)cc6C5=O)cc4)cc2)C3=O)cc1,2369.004476
*Oc1c(Br)cc(C(C)(C)c2cc(Br)c(OC(*)=O)c(Br)c2)cc1Br,1385.360252
*CCCCCCCCCCCC(=O)N*,3995.725936
*CCCCCOC(=O)c1ccc2cc(C(=O)O*)ccc2c1,2970.184094
*CC(*)c1ccc(OCC)cc1,3356.834093
*CC(*)(CC(=O)Oc1ccc(OCCCCCCC)cc1)C(=O)Oc1ccc(OCCCCCCC)cc1,3368.711339
*CC(*)c1ccc(C(=O)N2CCCCC2)cc1,3296.884846
*c1ccc(Oc2cccc3c(Oc4ccc(N5C(=O)c6ccc(Oc7ccc8c(c7)C(=O)N(*)C8=O)cc6C5=O)cc4)cccc23)cc1,2461.16739
*C(F)(F)C(*)(OC(F)(F)F)OC(F)(F)F,1621.923091
*CC(*)(C)CC,4243.401701
*C([2H])([2H])C(*)([2H])c1c([2H])c([2H])c([2H])c([2H])c1[2H],3656.975561
*CC(*)P(=O)(Oc1ccccc1)N(C)C,2840.691341
*CC(*)c1ccccc1C(=O)OCC,3133.149311
*c1ccc(Oc2ccc(C(c3ccc(Oc4ccc(N5C(=O)c6ccc(-c7ccc8c(c7)C(=O)N(*)C8=O)cc6C5=O)cc4)cc3)(C(F)(F)F)C(F)(F)F)cc2)cc1,2329.29143
*CC(*)c1ccc(C(=O)CCN2CCCCC2)cc1,3396.183244
*CC(*)C(=O)OCC(F)(F)F,2292.833657
*CC(*)c1ccccc1C(=O)O,2938.924377
*c1cccc(P(=O)(c2ccc(C(F)(F)F)cc2)c2cccc(-n3c(=O)c4c(-c5ccc(C(F)(F)F)cc5)c5c(=O)n(*)c(=O)c5c(-c5ccc(C(F)(F)F)cc5)c4c3=O)c2)c1,2203.446296
*CC(*)c1ccc(S(=O)(=O)OCCC)cc1,2806.381714
*C(OC(F)(F)F)C(*)(F)F,1689.566776
*CC(*)c1ccc(-c2ccc(-c3ccccc3)cc2)cc1,3066.410154
*CC(*)C(=O)OCCC,3325.702324
*Oc1ccc2ccc(OC(=O)Oc3ccc(OC(*)=O)cc3)cc2c1,2504.772207
*Oc1ccc(C(C)(C)c2ccc(OC(=O)c3ccccc3/C=C/c3ccc(/C=C/c4ccccc4C(*)=O)cc3)cc2)cc1,2874.729873
*c1cccc(P(=O)(c2ccc(C(F)(F)F)cc2)c2cccc(-n3c(=O)c4cc5c(=O)n(*)c(=O)c5cc4c3=O)c2)c1,2247.399582
*CC(*)(C)C(=O)Oc1c(C)cccc1C,3092.096968
*c1ccc(Oc2ccc(-c3ccc(Oc4ccc(N5C(=O)c6ccc(Oc7ccc(C8(c9ccc(Oc%10ccc%11c(c%10)C(=O)N(*)C%11=O)cc9)CCC(c9ccccc9)CC8)cc7)cc6C5=O)cc4)cc3C)c(C)c2)cc1,2780.384049
*c1ccc(C(=O)Nc2ccc(-n3c(=O)c4cc5c(=O)n(*)c(=O)c5cc4c3=O)cc2)cc1,2382.750492
*c1ccc(Oc2cccc(Oc3ccc(N4C(=O)c5ccc(-c6ccc7c(c6)C(=O)N(*)C7=O)cc5C4=O)cc3)c2)cc1,2527.445134
*c1ccc(-c2ccc(N3C(=O)c4ccc(-c5ccc6c(c5)C(=O)N(*)C6=O)cc4C3=O)cc2C(F)(F)F)c(C(F)(F)F)c1,2250.238114
*CC(*)C(=O)Oc1ccccc1C(=O)OC,2717.029291
*c1ccc2c(c1)-c1cc(-c3nc4cc(-c5ccc6[nH]c(*)nc6c5)ccc4[nH]3)ccc1S2(=O)=O,2465.389139
*CC(*)C(C)(C)C,4201.126616
*CC(*)(C)C(=O)OCc1ccc(Cl)c(Cl)c1,2345.392495
*CC(*)c1ccc(C(C)C)cc1C(C)C,3678.040417
*CC(*)CCCCCCCCCCCCC,4297.376901
*CC(*)C(C)c1ccccc1,3484.611628
*OC1C(CO)OC(*)C(N)C1O,3450.98688
*Oc1ccc(C(C)(CCC#N)c2ccc(OC(*)=O)c(C)c2)cc1C,2931.863788
*/C=C/CCCCCCCCCC*,4210.468055
*c1ccc(Oc2ccc(N3C(=O)c4ccc(C(c5ccc6c(c5)C(=O)N(*)C6=O)(C(F)(F)F)C(F)(F)F)cc4C3=O)cc2)cc1,2238.014866
*CC(*)(C)C(=O)OCCCCCCCCCCCC,3924.879092
*/C=C/*,3366.691229
*CC(*)OC(=O)c1cccc([N+](=O)[O-])c1,2487.795784
*c1cccc(S(=O)(=O)NCCCCCCNS(*)(=O)=O)c1,2739.226388
*CCCSS*,2288.514699
*c1ccc(Oc2ccc(C(=O)c3ccc(Oc4ccc(C5(*)OC(=O)c6ccccc65)cc4)cc3)cc2)cc1,2663.002446
*CC(*)c1ccc(C(=O)CCCCC)cc1,3537.673021
*CC(*)c1cccs1,2533.028522
*CC1CCC(COC(=O)CCCCCCCCC(=O)O*)CC1,3527.136428
*CC(*)C(=O)c1ccc(C(C)C)cc1,3270.256193
*c1cccc(-c2nc3cc(-c4ccc5nc(*)c(-c6ccccc6)nc5c4)ccc3nc2-c2ccccc2)c1,2716.916095
*CC(*)(CC(=O)OC1CCCCC1)C(=O)OC1CCCCC1,3392.932843
*CC(*)CCCCCCCCCCCCCC,4579.16396
*c1ccc(Oc2cccc(Oc3ccc(-n4c(=O)c5cc6c(=O)n(*)c(=O)c6cc5c4=O)cc3)c2)cc1,2452.89474
*Oc1ccc(C(C)(c2ccccc2)c2ccc(OC(*)=O)cc2)cc1,2779.605068
*c1ccc2c(c1)C(=O)N(c1ccc(C(c3ccc(N4C(=O)c5ccc(C(*)(C(F)(F)F)C(F)(F)F)cc5C4=O)cc3)(C(F)(F)F)C(F)(F)F)cc1)C2=O,2171.358914
*CC(*)(CCC(C)C(=O)OC)C(=O)OC,3477.998503
*Nc1ccc(*)cc1,2944.156593
*C(=O)OCCOC(=O)c1ccc(*)o1,2482.820469
*C(=O)c1ccc2c(c1)C(=O)N(c1ccc(-c3ccc(-c4ccc(N5C(=O)c6ccc(*)cc6C5=O)cc4)cc3)cc1)C2=O,2616.668654
*c1ccc(S(=O)(=O)c2ccc(N3C(=O)c4ccc(Oc5ccc6c(c5)C(=O)N(*)C6=O)cc4C3=O)cc2)cc1,2302.209986
*CC(*)c1ccc(Cl)cc1Cl,2073.135684
*c1ccc(Oc2ccc(Oc3ccc(N4C(=O)c5ccc(-c6cccc7c6C(=O)N(*)C7=O)cc5C4=O)cc3)cc2)cc1,2508.15157
*CC(*)C(=O)c1ccc(C(C)(C)C)cc1,3425.853347
*c1cccc(N2C(=O)c3ccc(C(c4ccc5c(c4)C(=O)N(*)C5=O)(C(F)(F)F)C(F)(F)F)cc3C2=O)c1,2165.2047
*C(=O)c1ccc2c(c1)C(=O)N(c1cccc(OCCOCCOc3cccc(N4C(=O)c5ccc(*)cc5C4=O)c3)c1)C2=O,2585.587239
*CC(*)(C)c1ccccc1,3448.190156
*Oc1ccc(OC(=O)c2ccc(-c3ccc(C(*)=O)cc3)cc2)cc1C,2624.547809
*CCCOC(=O)c1ccc2cc(C(=O)O*)ccc2c1,2834.429382
*c1ccc(Oc2ccc3ccc(Oc4ccc(-n5c(=O)c6cc7c(=O)n(*)c(=O)c7cc6c5=O)cc4)cc3c2)cc1,2489.765766
*CC(*)C(=O)c1ccc(C)cc1,3104.201622
*CC(*)C(CC)CC,4367.536704
*CC(C)CNC(=O)O*,3130.149995
*CC(*)c1ccc(I)cc1,1547.145235
*CC(*)(Cl)Cl,1395.847384
*NC(CCC(=O)OCC)C(*)=O,3034.342317
*Sc1ccc(*)cc1,2337.584089
*CC(*)P(=O)(c1ccccc1)c1ccccc1,2814.184893
*C1C(*)C2CC1C1C=CCC12,3445.194793
*C1CCC(*)N1,3984.119623
*CC(*)C=C,3841.992508
*CC(OC)C(C(=O)O)C(*)C(=O)O,2803.921179
*CC(*)c1ccc(CCCCCCCCCCCCCCCCCC)cc1,4102.480408
*CCCCCCNC(=O)CCCCCCCCC(=O)N*,3664.014802
*CC(*)c1ccc(COC)cc1,3396.9854
*CC(*)OCCOC,3492.265793
*/C=C/C(C*)OC,3516.71088
*CC(*)OC(=O)c1ccc(CC)cc1,3140.060352
*CC(*)C(=O)OCCO,3058.717235
*C=CCCCCCCCC*,4437.541422
*C=CCCCCCC*,4284.941603
*C(=O)c1ccc2c(c1)C(=O)N(c1ccc(Oc3c(C)cc(Cc4cc(C)c(Oc5ccc(N6C(=O)c7ccc(*)cc7C6=O)cc5)c(C)c4)cc3C)cc1)C2=O,2642.888676
*c1ccc2c(c1)C(=O)N(c1c(C)cc(C(c3cc(C)c(N4C(=O)c5ccc(C(*)(C(F)(F)F)C(F)(F)F)cc5C4=O)c(C)c3)c3cccc4ccccc34)cc1C)C2=O,2554.505457
*c1ccc(Oc2ccc(C3(c4ccc(Oc5ccc(N6C(=O)c7ccc(Oc8ccc(C9(c%10ccc(Oc%11ccc%12c(c%11)C(=O)N(*)C%12=O)cc%10)CCCCCCCCCCC9)cc8)cc7C6=O)cc5)cc4)CCC(C(C)(C)C)CC3)cc2)cc1,2982.789582
*CCCCCCNC(=O)c1ccc(C(=O)N*)cc1,3232.710309
*c1ccc(C(c2ccc(-c3nc4ccc(-c5ccc6nc(*)[nH]c6c5)cc4[nH]3)cc2)(C(F)(F)F)C(F)(F)F)cc1,2392.514751
*c1cccc2c(N3C(=O)c4ccc(-c5ccc6c(c5)C(=O)N(*)C6=O)cc4C3=O)cccc12,2417.416281
*c1ccc(Oc2ccc(C3(c4ccc(Oc5ccc(N6C(=O)c7ccc(Oc8ccc(C9(c%10ccc(Oc%11ccc%12c(c%11)C(=O)N(*)C%12=O)cc%10)CCC(C(C)(C)C)CC9)cc8)cc7C6=O)cc5)cc4)CC4CC3C3CCCC43)cc2)cc1,2912.103211
*CC(*)c1ccc(C(C)(O)CCCCC)cc1,3760.147257
*CC(*)(CC)C(=O)OCC,3533.737289
*CC(*)C(=O)c1ccc(OC)cc1,3008.11143
*CC(*)C1CCC1,4022.895883
*CCCNC(=O)Cc1ccc(C(=O)N*)cc1,3032.760965
*Cc1ccc(COC(=O)O*)cc1,2834.322745
*CCCCOC(=O)c1ccc2cc(C(=O)O*)ccc2c1,2891.832918
*CC(*)OC(=O)CCCCCCCCCCC,3938.618427
*Oc1ccc(S(=O)(=O)c2ccc(Oc3c(C)cc(C(C)(C)c4cc(C)c(*)c(C)c4)cc3C)cc2C(O)(C(F)(F)F)C(F)(F)F)c(C(O)(C(F)(F)F)C(F)(F)F)c1,2325.977055
*C(=O)Oc1ccc(OC(=O)c2ccc3c(c2)C(=O)N(c2ccc(C(=O)Nc4ccc(N5C(=O)c6ccc(*)cc6C5=O)cc4)cc2)C3=O)cc1,2439.452676
*CC(*)c1ccc(C(=O)c2ccccc2)cc1,2971.397141
*c1ccc(Cc2ccc(N3C(=O)c4ccc(Oc5ccc(C6(c7ccc(Oc8ccc9c(c8)C(=O)N(*)C9=O)cc7)CCCCCCCCCCC6)cc5)cc4C3=O)cc2)cc1,3041.197372
*CC(*)OC(=O)CCCC1CCCCC1,3487.399502
*CC(*)OC(=O)C(F)(F)C(F)(F)C(F)(F)F,1804.227114
*C(=O)c1ccc2c(c1)C(=O)N(c1ccc(Cc3ccc(N4C(=O)c5ccc(*)cc5C4=O)cc3)cc1)C2=O,2526.600067
*CC(*)c1ccc(C)nc1,3187.058324
*CC(*)c1ccc(CCCCCCCCCCCC)cc1,4020.015789
*c1ccc(Oc2ccc(Oc3ccc(N4C(=O)c5cccc(Oc6cccc7c6C(=O)N(*)C7=O)c5C4=O)cc3)cc2)cc1,2453.787577
*CC(*)C(=O)OCC,3198.727823
*Oc1ccc(C2(c3ccc(OC(=O)c4cccc(C(*)=O)c4)cc3)c3ccccc3-c3ccccc32)cc1,2691.194581
*CC(C)(C)COC(=O)CCC(=O)O*,3100.559977
*Oc1ccc(Oc2ccc(C(=O)c3ccc(*)cc3)cc2)cc1,2656.571473
*CC(*)C(=O)OCCCC,3588.878803
*Oc1ccc(S(=O)(=O)c2ccc(Oc3ccc(C(=O)c4cc(Br)cc(C(=O)c5ccc(*)cc5)c4)cc3)cc2)cc1,2207.735246
*Oc1cc(C(C)(C)C)c(Oc2ccc(C(=O)Nc3c(C)cc(C(C)(C)c4cc(C)c(NC(=O)c5ccc(*)cc5)c(C)c4)cc3C)cc2)cc1C(C)(C)C,3153.844619
*CC(*)(C)C(=O)OC(C)C,3421.62562
*CC(*)SCC,3079.421962
*c1ccc(Oc2ccc(N3C(=O)c4ccc(-c5cccc6c5C(=O)N(*)C6=O)cc4C3=O)cc2)cc1,2501.450506
*/C=C(/*)C(C)(C)C,3978.381995
*c1ccc(Oc2ccc(N3C(=O)c4ccc(Oc5ccc(S(=O)(=O)c6ccc(Oc7ccc8c(c7)C(=O)N(*)C8=O)cc6)cc5)cc4C3=O)cc2)cc1,2373.088599
*C(F)(F)C(*)(F)c1ccccc1,2347.304555
*CCC1CC2C(CC(*)C2OC(=O)CCCCCCCCCCOc2ccc(-c3ccc(C#N)cc3)cc2)C1OC(=O)CCCCCCCCCCOc1ccc(-c2ccc(C#N)cc2)cc1,3440.304685
*c1ccc2c(c1)C(=O)N(c1c(CC)cc(Cc3cc(CC)c(N4C(=O)c5ccc(C(*)(C(F)(F)F)C(F)(F)F)cc5C4=O)c(CC)c3)cc1CC)C2=O,2627.977122
*CC(c1ccccn1)C(c1ccccc1)C(*)c1ccccn1,2984.419876
*c1ccc(Cc2ccc(N3C(=O)c4ccc(-c5ccc6c(c5)C(=O)N(*)C6=O)cc4C3=O)c(C)c2)cc1C,2641.925485
*c1ccc2c(c1)C(=O)N(c1ccc(Cc3ccc(N4C(=O)c5ccc(C(*)(C(F)(F)F)C(F)(F)F)cc5C4=O)cc3)cc1)C2=O,2319.066938
*CCCCCCNC(=O)CCCCC(=O)N(*)C,3614.368972
*Oc1ccc(SC(=O)Oc2ccc(C(C)(C)c3ccc(OC(=O)Sc4ccc(*)cc4)cc3)cc2)cc1,2500.64286
*CCOC(=O)NCC1(C)CC(NC(=O)O*)CC(C)(C)C1,3347.621649
*c1ccc(Oc2ccc(S(=O)(=O)c3ccc(Oc4ccc(-n5c(=O)c6cc7c(=O)n(*)c(=O)c7cc6c5=O)cc4)cc3)cc2)cc1,2386.561094
*c1ccc(N2C(=O)c3ccc(-c4cccc5c4C(=O)N(*)C5=O)cc3C2=O)cc1,2396.456905
*CC(*)(C)C(=O)OCc1ccccc1,3093.616624
*CCCC(*)(C)CC,4280.294597
*Oc1cccc(OC(=O)c2ccccc2/C=C/c2ccc(/C=C/c3ccccc3C(*)=O)cc2)c1,2816.65391
*CCCCOC(=O)c1ccc(C(=O)O*)cc1,3017.256586
*CCCCCCOC(=O)Nc1ccc(NC(=O)O*)cc1,3058.128572
*C(=O)c1ccc2c(c1)C(=O)N(c1ccc(Sc3ccc(N4C(=O)c5ccc(*)cc5C4=O)cc3)cc1)C2=O,2363.011516
*CC(*)c1ccc(Cl)c(Cl)c1,2105.602181
*CC(*)(C)C(=O)OCc1cc(Cl)ccc1Cl,2341.320863
*CCCCCCCCCCC(=O)N(*)C,3974.911098
*c1ccc(S(=O)(=O)c2ccc(N3C(=O)c4ccc(-c5ccc6c(c5)C(=O)N(*)C6=O)cc4C3=O)cc2)cc1,2372.165316
*C(=O)c1ccc2c(c1)C(=O)N(c1cccc(C(=O)Nc3ccc(N4C(=O)c5ccc(*)cc5C4=O)cc3)c1)C2=O,2414.450044
*Oc1ccc2[nH]c(-c3ccc4c(c3)-c3cc(-c5nc6cc(*)ccc6[nH]5)ccc3S4(=O)=O)nc2c1,2471.610202
*CC(*)c1cc(F)ccc1F,2626.723273
*CC(*)C(=O)N1CCOCC1,3357.234481
*CC(F)(F)C(F)(F)C(F)(F)C(F)(F)COC(=O)O*,1994.185269
*CC(*)Cc1cc(C)cc(C)c1,3536.019131
*CC1CC(*)C(OC(=O)CCCCCCCCCCOc2ccc(-c3ccc(C#N)cc3)cc2)C1OC(=O)CCCCCCCCCCOc1ccc(-c2ccc(C#N)cc2)cc1,3265.109573
*CC1CC(*)OC(CCC)O1,3566.013127
*CC(*)c1ccc(CCCCCC)cc1,3796.711911
*C1CCC(*)C1,3874.625759
*CC(*)c1ccc(C(C)(O)CCCC)cc1,3680.560171
*c1ccc(-c2ccc(Oc3ccc(C4(C)CC(C)(C)c5ccc(Oc6ccc(-c7ccc(N8C(=O)c9ccc(Oc%10ccc%11c(c%10)C(=O)N(*)C%11=O)cc9C8=O)cc7)cc6C(F)(F)F)cc54)cc3)c(C(F)(F)F)c2)cc1,2541.72031
*c1ccc2c(c1)C(=O)N(c1cccc(S(=O)(=O)c3cccc(N4C(=O)c5ccc(C(*)(C(F)(F)F)C(F)(F)F)cc5C4=O)c3)c1)C2=O,2140.280364
*C(O)C(*)O,3108.955648
*CC(*)c1ccc(CCCCCCCCCCCCCCCC)cc1,4057.36409
*C(=O)c1ccc2c(c1)C(=O)N(c1c(C)cc(Cc3cc(C)c(N4C(=O)c5ccc(*)cc5C4=O)c(C)c3)cc1C)C2=O,2714.541162
*c1ccc(N2C(=O)c3ccc(C(=O)c4ccc5c(c4)C(=O)N(*)C5=O)cc3C2=O)cc1,2374.182253
*c1ccc(-c2ccc(-c3ccc(-n4c(=O)c5cc6c(=O)n(*)c(=O)c6cc5c4=O)cc3)cc2)cc1,2565.769962
*CC(*)(C)C(=O)OC,3296.593251
*Cc1cccc(COC(=O)Nc2ccc(Cc3ccc(NC(=O)O*)cc3)cc2)c1,2881.331874
*CC(*)c1ccccc1COCCCCC,3678.305271
*CCC(C)CO*,3855.087577
*CC(*)c1cccc(C)c1,3273.793929
*CC(*)C1CCC(C)CC1,4057.915304
*OS(=O)(=O)c1ccc(*)cc1,2069.828806
*CC(*)(C)C(=O)Oc1ccc(C#N)cc1,2751.937525
*CC(*)Cc1ccc(C)c(C)c1,3492.130226
*CCCCOC(=O)CCCCC(=O)O*,3312.619802
*CC(*)CCc1ccccc1,3552.159738
*Oc1c(C)cc(C(C)(C)c2cc(C)c(ON3C(=O)c4ccc(Oc5ccc(C6(c7ccc(Oc8ccc9c(c8)C(=O)N(*)C9=O)cc7)CCC(C(C)(C)C)CC6)cc5)cc4C3=O)c(C)c2)cc1C,2917.512478
*Oc1cccc(S(=O)(=O)c2ccc(*)cc2)c1,2364.441184
*c1ccc(Oc2ccc(Oc3ccc(N4C(=O)c5ccc(Oc6ccc(C7(c8ccc(Oc9ccc%10c(c9)C(=O)N(*)C%10=O)cc8)CCC(C(C)(C)C)CC7)cc6)cc5C4=O)cc3)c(C(C)(C)C)c2)cc1,2908.864062
*Oc1cccc(Oc2cccc(*)c2)c1C#N,2569.526905
*c1ccc2c(c1)C(=O)N(c1ccc(-c3ccc(Oc4ccc5c(c4)C(C)(c4ccc(Oc6ccc(-c7ccc(N8C(=O)c9ccc(C(*)(C(F)(F)F)C(F)(F)F)cc9C8=O)cc7)cc6C(F)(F)F)cc4)CC5(C)C)c(C(F)(F)F)c3)cc1)C2=O,2378.042066
*CC(*)C(=O)O,2738.935106
*c1cccc(Oc2ccc(S(=O)(=O)c3ccc(Oc4cccc(N5C(=O)c6ccc(-c7ccc8c(c7)C(=O)N(*)C8=O)cc6C5=O)c4)cc3)cc2)c1,2409.796342
*CCCCOc1ccc(C(=O)OCCOC(=O)c2ccc(O*)cc2)cc1,2812.548216
*CC(*)c1ccccc1C(=O)OCCN(C)C,3286.631326
*CCCCCCOC(=O)Nc1ccc(C)c(NC(=O)OCCCCCCOc2ccc(-c3ccc(O*)cc3)cc2)c1,3137.526371
*CC(*)OCC(C)(C)C,3925.186697
*CC(*)(CC(=O)OCC1CCCCC1)C(=O)OCC1CCCCC1,3436.713652
*Oc1ccc(S(=O)(=O)c2ccc(Oc3ccc(C(c4ccc(*)cc4)(C(F)(F)F)C(F)(F)F)cc3)cc2)cc1,2261.062914
*NC(=O)NCCCCCCNC(=O)Nc1ccc(Cc2ccc(*)cc2)cc1,3263.417536
*C=CCC*,3950.739807
*Oc1ccc(C(C)(C)c2ccc(OC(*)=O)c(C)c2)cc1C,3023.228809
*c1cccc(P(=O)(c2ccc(C(F)(F)F)cc2)c2cccc(-n3c(=O)c4c(-c5cc(C(F)(F)F)cc(C(F)(F)F)c5)c5c(=O)n(*)c(=O)c5c(-c5cc(C(F)(F)F)cc(C(F)(F)F)c5)c4c3=O)c2)c1,2153.649162
*c1ccc2c(c1)-c1nc3cc(Oc4ccc5nc6n(c5c4)C(=O)c4cc(C(*)(C(F)(F)F)C(F)(F)F)ccc4-6)ccc3n1C2=O,2210.058222
*CC(*)(C)C(=O)OCCCC,3629.187639
*c1cccc(N2C(=O)c3ccc(Oc4ccc5c(c4)C4(CC(C)(C)c6ccc(Oc7ccc8c(c7)C(=O)N(*)C8=O)cc64)CC5(C)C)cc3C2=O)c1,2756.310485
*C(CC)C(*)CC,4378.970983
*CCCCCCCCC(=O)N*,3809.363288
*Oc1ccc(C(C)(C)c2ccc(OC(*)=O)cc2)cc1,2874.673959
*CC(*)(C)C(=O)OCc1ccc(Cl)cc1Cl,2305.873388
*c1ccc(Oc2ccccc2Oc2ccc(N3C(=O)c4ccc(-c5ccc6c(c5)C(=O)N(*)C6=O)cc4C3=O)cc2)cc1,2517.796008
*c1ccc(Oc2ccc(Oc3ccc(N4C(=O)c5ccc(C(c6ccc7c(c6)C(=O)N(*)C7=O)(C(F)(F)F)C(F)(F)F)cc5C4=O)cc3)cc2)cc1,2268.53574
*C1CCC(CC2CCC(N3C(=O)C4C5C=CC(C6C(=O)N(*)C(=O)C56)C4C3=O)CC2)CC1,3093.212468
*CC(*)(C)C(=O)OCC(=O)c1ccccc1,3070.379701
*C=CC(C)C(*)C(=O)OC,3201.281488
*CCCCCCCC(*)C,4427.334648
*C(=O)c1ccc2c(c1)C(=O)N(c1c(C)cc(C(c3cc(C)c(N4C(=O)c5ccc(*)cc5C4=O)c(C)c3)c3cccc4ccccc34)cc1C)C2=O,2721.529279
*c1ccc2c(c1)C(=O)N(c1cccc(Oc3ccc(S(=O)(=O)c4ccc(Oc5cccc(N6C(=O)c7ccc(C(*)(C(F)(F)F)C(F)(F)F)cc7C6=O)c5)cc4)cc3)c1)C2=O,2345.438779
*CCOC(=O)c1ccc(-c2ccc(C(=O)O*)cc2)cc1,2720.977978
*CC(*)c1cc(C)ccc1F,2965.013502
*CC(*)c1cc(C)ccc1C,3422.378569
*c1ccc(Oc2ccc(S(=O)(=O)c3ccc(Oc4ccc(N5C(=O)c6ccc(C(c7ccc8c(c7)C(=O)N(*)C8=O)(C(F)(F)F)C(F)(F)F)cc6C5=O)cc4)cc3)cc2)cc1,2264.623518
*CCCC=C(*)c1ccccc1,3396.927285
*C(=O)NC1CCC(CC2CCC(NC(=O)c3ccc(N4C(=O)c5ccc(*)cc5C4=O)cc3)CC2)CC1,3066.773367
*CC(*)c1ccccc1C(=O)Oc1ccccc1,2884.930361
*c1ccc(Oc2ccc(-n3c(=O)c4cc5c(=O)n(*)c(=O)c5cc4c3=O)cc2)cc1,2339.001424
*c1ccc(Oc2ccc(N3C(=O)c4cccc(Oc5cccc6c5C(=O)N(*)C6=O)c4C3=O)cc2)cc1,2403.115796
*CC(*)C(=O)c1ccccc1O,2982.355513
*c1ccc(C(=O)Oc2ccc(-n3c(=O)c4cc5c(=O)n(*)c(=O)c5cc4c3=O)cc2)cc1,2291.193039
*CC(*)(CC(=O)OCc1ccccc1)C(=O)OCc1ccccc1,3053.21663
*c1ccc2c(c1)C(=O)N(c1c(C)cc(Cc3cc(C)c(N4C(=O)c5ccc(C(*)(C(F)(F)F)C(F)(F)F)cc5C4=O)c(C)c3)cc1C)C2=O,2458.122867
*Oc1ccc(C(C)(C)c2ccc(OC(=O)c3ccccc3/C=C/c3ccc(/C=C/c4ccccc4C(*)=O)cc3)c(C)c2)cc1C,2895.428719
*Oc1ccc(C2(c3ccc(OC(*)=O)cc3)CCCC2)cc1,2891.044008
*C(C)C(*)OC(C)C,3930.079997
*C(=O)Oc1ccc(OC(=O)c2ccc3c(c2)C(=O)N(c2ccc(Oc4ccc(N5C(=O)c6ccc(*)cc6C5=O)cc4)cc2)C3=O)cc1,2471.844242
*C(F)(F)C(*)(F)OC(F)C(F)F,1829.87
*CC(*)(C)C(=O)OCc1ccc(Cl)cc1,2576.817755
*CC(*)(C)C(=O)Oc1c(C(C)C)cccc1C(C)C,3423.952358
*c1cccc(N2C(=O)c3ccc(-c4ccc5c(c4)C(=O)N(*)C5=O)cc3C2=O)c1C,2489.971572
*c1cccc(N2C(=O)c3ccc(-c4ccc5c(c4)C(=O)N(*)C5=O)cc3C2=O)c1,2444.960873
*c1cccc(N2C(=O)c3ccc(Oc4ccc(S(=O)(=O)c5ccc(Oc6ccc7c(c6)C(=O)N(*)C7=O)cc5)cc4)cc3C2=O)c1,2368.593888
*C#C/C(COS(=O)(=O)c1ccc(C)cc1)=C(/*)COS(=O)(=O)c1ccc(C)cc1,2450.818747
*c1cccc(Oc2ccc(N3C(=O)c4ccc(-c5ccc6c(c5)C(=O)N(*)C6=O)cc4C3=O)cc2)c1,2412.401839
*CC1CCC(COC(=O)CCC(=O)O*)CC1,3565.299732
*CC(*)c1ccc(Cl)c(C)c1,2654.960848
*CC(*)C(=O)OCC(F)(F)C(F)C(F)(F)F,2116.85299
*CC(*)OC(=O)C(F)(F)C(F)(F)C(F)(F)C(F)(F)F,1759.452233
*c1ccc2sc3ccc(-c4nc5cc(-c6ccc7[nH]c(*)nc7c6)ccc5[nH]4)cc3c2c1,2542.941997
*Oc1ccc(C(=O)Nc2cccc(C(O)Cc3ccc(NC(=O)c4ccc(*)cc4)cc3)c2)cc1,2859.192389
*CC(*)c1ccccc1C(=O)Nc1ccccc1,2912.652246
*C(C)C(*)OCCC,3882.794458
*Oc1cccc2ccc(OC(=O)c3ccccc3/C=C/c3ccc(/C=C/c4ccccc4C(*)=O)cc3)cc12,2797.813645
*CC(*)OC(=O)c1ccc(Br)cc1,1855.184711
*CCCCCCN1C(=O)c2ccc(C(c3ccc4c(c3)C(=O)N(*)C4=O)(C(F)(F)F)C(F)(F)F)cc2C1=O,2420.938953
*c1ccc(C(Cl)(Cl)C(*)Cl)cc1,1803.880291
*CC(*)C(=O)Oc1ccc(OC)cc1,2979.6795
*CC(*)(C)C(=O)OC1CCCCC1,3536.146622
*CC(*)c1ccc(N(C)C)cc1,3419.044367
*CC(*)OC(=O)c1ccc(OCC)cc1,2919.629253
*c1ccc(Oc2cc(C(C)(C)C)ccc2Oc2ccc(-n3c(=O)c4cc5c(=O)n(*)c(=O)c5cc4c3=O)cc2)cc1,2627.843148
*CCCCCCCCCn1c(=O)c2cc3c(=O)n(*)c(=O)c3cc2c1=O,3154.697657
*CC(*)CCCC1CCCCC1,4201.520206
*CC(*)OC(=O)C(F)(F)F,2002.511051
*C1CC2CC1C(*)C2CCCCCC,4093.410894
*CC(*)C(N)=O,3069.949703
*Oc1ccc(-c2ccc(OC(=O)CCCCCC(*)=O)cc2)cc1,2827.497229
*CC(*)c1cc(C(C)C)ccc1C(C)C,3689.484472
*CC1(C)CC(*)(C)C(=O)OC1=O,2974.434306
*CC(*)c1ccc2ccccc2c1,3098.397108
*CC(*)C(=O)OCCC#N,2803.376367
*CCOCCOC(=O)c1cccc(C(=O)O*)c1,2744.083575
*CC(*)OC(C)C,3888.290398
*CCCCCCCCCCC(=O)N*,3869.235325
*CC(*)C(=O)Oc1ccc(C#N)cc1,2681.223765
*CC(*)CCN(C(C)C)C(C)C,4323.862594
*c1ccc(C(c2ccccc2)(c2ccc(-n3c(=O)c4cc5c(=O)n(*)c(=O)c5cc4c3=O)cc2)C(F)(F)F)cc1,2432.568455
*C(=O)Nc1ccccc1NC(=O)c1ccc(N2C(=O)c3ccc(*)cc3C2=O)cc1,2582.653987
*OC(F)(F)C(F)(F)C(*)(F)F,1636.163591
*CC(*)OC=O,2949.106405
*CC(*)C(=O)OC(CC)CC,3603.310669
*CC(*)(C)C(=O)OCCCCCCCC,3888.117506
*c1ccc(C(C)(C)c2ccc(C(C)(C)c3ccc(N4C(=O)c5ccc(Oc6ccc7c(c6)C(=O)N(*)C7=O)cc5C4=O)cc3)cc2)cc1,2766.806044
*c1ccc(Oc2ccc(Oc3ccc(N4C(=O)c5ccc(Oc6ccccc6Oc6ccc7c(c6)C(=O)N(*)C7=O)cc5C4=O)cc3C(F)(F)F)cc2)c(C(F)(F)F)c1,2363.75117
*Oc1ccc(C2(c3ccc(OC(*)=O)c(C)c3)CCCCC2)cc1C,3167.849192
*C(C)C(*)OC,3760.428707
*CC(*)(C)C(=O)Oc1ccc(C(=O)OC)cc1,2786.528113
*CCc1cc(C)c(*)cc1C,3372.143195
*CC(*)(C)C#N,3143.183803
*c1ccc(Oc2c(C)cc(C(c3cc(C)c(Oc4ccc(N5C(=O)c6ccc(-c7ccc8c(c7)C(=O)N(*)C8=O)cc6C5=O)cc4)c(C)c3)c3cccc4ccccc34)cc2C)cc1,2717.027716
*c1ccc(Oc2c(C)cc(C(c3cc(C)c(Oc4ccc(-n5c(=O)c6cc7c(=O)n(*)c(=O)c7cc6c5=O)cc4)c(C)c3)c3cccc4ccccc34)cc2C)cc1,2751.991916
*CC(*)OC(=O)C(C)(C(C)C)C(C)C,3706.8533
*c1cccc(P(=O)(c2ccccc2)c2cccc(-n3c(=O)c4cc5c(=O)n(*)c(=O)c5cc4c3=O)c2)c1,2389.006677
*c1ccc(Oc2cccc(Oc3ccc(N4C(=O)c5ccc(-c6cccc7c6C(=O)N(*)C7=O)cc5C4=O)cc3)c2)cc1,2465.610691
*Oc1ccc(Oc2ccc(C(=O)c3ccc(C(=O)c4ccc(*)cc4)c4ccccc34)cc2)cc1,2683.644225
*c1ccc(Oc2ccc(Oc3ccc(N4C(=O)c5ccc(-c6ccc7c(c6)C(=O)N(*)C7=O)cc5C4=O)cc3)c(C(C)(C)C)c2)cc1,2629.174617
*C([2H])([2H])C(*)(C(=O)OC([2H])([2H])[2H])C([2H])([2H])[2H],3801.064252
*CCCCCCCCNC(=O)CCCCCCCCC(=O)N*,3771.533312
*Oc1ccc(S(=O)(=O)c2ccc(Oc3c(C)cc(C(c4cc(C)c(*)c(C)c4)(C(F)(F)F)C(F)(F)F)cc3C)cc2)cc1,2440.580697
*Oc1ccc(-c2ccc(OC(=O)CCCCCCCCCCC(*)=O)cc2)cc1,3488.919
*CCCCO*,3973.879127
*c1ccc(Oc2ccc(C(c3ccc(Oc4ccc(N5C(=O)c6ccc(Oc7ccccc7Oc7ccc8c(c7)C(=O)N(*)C8=O)cc6C5=O)cc4C(F)(F)F)cc3)(C(F)(F)F)C(F)(F)F)cc2)c(C(F)(F)F)c1,2196.662772
*CC(*)c1ccccc1C(=O)OC(C)C,3176.234891
*CC(*)(C)C(=O)OC(OCC)C(F)(F)F,2665.173662
*Oc1ccc2c(c1)C1(CC2(C)C)CC(C)(C)c2ccc(OC(=O)c3cccc(C(*)=O)c3)cc21,2882.29357
*CC(*)OC(=O)CCCCC,3598.338881
*CCCCCCCCCC(=O)N*,3760.858608
*CC(*)c1ccccc1C(=O)NC,3053.429495
*c1ccc(Oc2c(C)cc(-c3cc(C)c(Oc4ccc(N5C(=O)c6ccc(Oc7ccccc7Oc7ccc8c(c7)C(=O)N(*)C8=O)cc6C5=O)cc4C(F)(F)F)c(C)c3)cc2C)c(C(F)(F)F)c1,2461.916626
*Oc1cc(C(C)(C)C)c(Oc2ccc(C(=O)Nc3ccc(C(C)(C)c4ccc(NC(=O)c5ccc(*)cc5)c(C)c4)cc3C)cc2)cc1C(C)(C)C,3096.206032
*CC(*)CCCN(CC(C)C)CC(C)C,4340.527952
*C1CCC1*,3748.04636
*Cc1cccc(CNC(=O)CCCCC(=O)N*)c1,3138.948073
*CC(*)C(=O)Oc1ccccc1C(=O)OCC,2881.475536
*CC(*)(C)C(=O)OCCOC,3377.934693
*NC(=O)c1ccc(C(=O)Nc2ccc(*)cc2)cc1,2715.55594
*CC(*)(C)C(=O)OCCC#N,3033.057746
*CC*,4450.135691
*CC(*)CC(CC)CC,4297.932345
*c1ccc(-c2ccc(N3C(=O)c4cc5c(cc4C3=O)C(C(F)(F)F)(C(F)(F)F)c3cc4c(cc3O5)C(=O)N(*)C4=O)cc2C(F)(F)F)c(C(F)(F)F)c1,2015.706766
*CC(*)OC(=O)c1ccc(Cl)cc1,2301.685665
*C(=O)Nc1cccc(C#Cc2cccc(N3C(=O)c4ccc(*)cc4C3=O)c2)c1,2590.642381
*CC(*)C(=O)Oc1c(Cl)c(Cl)c(Cl)c(Cl)c1Cl,1427.901734
*CC(*)c1ccc(C)c(C)c1,3395.501024
*CC(*)(C)C(=O)Oc1ccccc1,3006.219366
*c1cccc(P(=O)(c2ccc(C(F)(F)F)cc2)c2cccc(-n3c(=O)c4c(-c5ccccc5)c5c(=O)n(*)c(=O)c5c(-c5ccccc5)c4c3=O)c2)c1,2411.339027
*c1ccc(Oc2ccc(C(c3ccc(Oc4ccc(N5C(=O)c6ccc(Oc7ccc(C8(c9ccc(Oc%10ccc%11c(c%10)C(=O)N(*)C%11=O)cc9)CCC(C(C)(C)C)CC8)cc7)cc6C5=O)cc4)cc3)(C(F)(F)F)C(F)(F)F)cc2)cc1,2633.454001
*CCO*,3580.705254
*CC(*)OC(=O)C(F)(F)C(F)(F)C(F)(F)C(F)(F)C(F)(F)F,1758.881695
*CC(*)c1ccc(COCCCCO)cc1,3515.116454
*Sc1ccc(Cc2ccc(SC(*)=O)cc2)cc1,2322.150037
*c1ccc(Cc2ccc(-n3c(=O)c4cc5c(=O)n(*)c(=O)c5cc4c3=O)c(C)c2)cc1C,2570.131868
*CC(*)c1ccc(C(C)=O)cc1,3099.004481
*CC(*)c1ccc(COCCOCCCC)cc1,3579.463765
*CCCCNC(=O)CCCCCCC(=O)N*,3604.013868
*Oc1ccc(NC(=O)c2ccc(C(c3ccc(C(=O)O)c(C(=O)Nc4cc(*)ccc4N)c3)(C(F)(F)F)C(F)(F)F)cc2C(=O)O)c(N)c1,2410.720284
*CCCCCCCC(=O)N*,3706.426736
*C(=O)Oc1ccc(C(C)(C)c2ccc(OC(=O)c3ccc4c(c3)C(=O)N(c3ccc(-c5ccc(N6C(=O)c7ccc(*)cc7C6=O)c(C)c5)cc3C)C4=O)cc2)cc1,2673.089924
*CC(*)(C)C(=O)OCc1cc(Cl)cc(Cl)c1,2343.778985
*CC(*)c1ccc(COCCOCCCCCCCC)cc1,3883.887249
*CCCCCCN1C(=O)c2ccc(Oc3ccc4c(c3)C(=O)N(*)C4=O)cc2C1=O,2676.592076
*CCCCCCOC(=O)CCCCCNC(=O)CCCCC(=O)NCCCCCC(=O)O*,3644.759086
*CC(*)(C)C,4318.868107
*CC(*)C(=O)c1ccc(Br)c(OC)c1,2062.755501
*CC(*)Cc1ccccc1,3400.799038
*CC(*)C(=O)Oc1ccc(C(=O)OC)cc1,2742.54454
*CC(*)CCC(C)(C)C,4188.022432
*NC(CCC(=O)OCc1ccccc1)C(*)=O,3091.883937
*c1ccc(-c2ccc(N3C(=O)c4ccc(-c5cccc6c5C(=O)N(*)C6=O)cc4C3=O)cc2C)c(C)c1,2667.761917
*CC(*)c1ccc(C(=O)CCC)cc1,3377.63873
*CC(*)c1ccc(C(O)CCN2CCOCC2)cc1,3466.618412
*C(=O)c1ccc2c(c1)C(=O)N(c1ccc(-c3ccc(N4C(=O)c5ccc(*)cc5C4=O)cc3)cc1)C2=O,2488.402637
*CCC1CCCC1*,4216.6897
*CC(*)N1CCCC1=O,3218.084814
*C(=O)c1ccc2c(c1)C(=O)N(c1ccc(Oc3cccc4c(Oc5ccc(N6C(=O)c7ccc(*)cc7C6=O)cc5)cccc34)cc1)C2=O,2559.693563
*c1cccc(P(=O)(c2ccccc2)c2cccc(-n3c(=O)c4c(-c5ccc(C(F)(F)F)cc5)c5c(=O)n(*)c(=O)c5c(-c5ccc(C(F)(F)F)cc5)c4c3=O)c2)c1,2307.506898
