SMILES,bulk_modulus
*CC(*)C(=O)NC(C)C,2473883014.0
*CCCCCCCCCCCC(=O)N*,3294066148.0
*CC(*)c1ccccc1C(=O)OC(C)C,2267766459.0
*C(=O)c1ccc2c(c1)C(=O)N(c1ccc(Sc3ccc(N4C(=O)c5ccc(*)cc5C4=O)cc3)cc1)C2=O,3965029091.0
*CC(*)c1ccccc1C(=O)OCC,2049524871.0
*CC(*)(C(=O)OC)c1ccccc1,2290206484.0
*c1ccc(C(Cl)(Cl)C(*)Cl)cc1,2592971007.0
*CCCCCCCCCNC(=O)c1ccc(C(=O)N*)cc1,4127442738.0
*NC(CCC(=O)OCCCCC)C(*)=O,3529685517.0
*CC(*)C(=O)OC1CCCCC1,3097275248.0
*C=CCC(C)(CC*)C(=O)OC,2903047283.0
*c1ccc(Oc2ccc(C(c3ccc(Oc4ccc(N5C(=O)c6ccc(Oc7ccc(C8(c9ccc(Oc%10ccc%11c(c%10)C(=O)N(*)C%11=O)cc9)CCC(C(C)(C)C)CC8)cc7)cc6C5=O)cc4)cc3)(C(F)(F)F)C(F)(F)F)cc2)cc1,3030544185.0
*CC(*)c1ccc(COCCOCCCC)cc1,2813936687.0
*CCOC(=O)C1CCC(C(=O)O*)CC1,4336905601.0
*CC(*)c1ccc(COC)cc1,2231050782.0
*Oc1ccc2[nH]c(-c3ccc4sc5ccc(-c6nc7cc(*)ccc7[nH]6)cc5c4c3)nc2c1,3631436340.0
*CC(*)c1ccc(C(C)=NO)cc1,3110292994.0
*c1ccc(Oc2ccc(-c3ccc(Oc4ccc(N5C(=O)c6ccc(Oc7ccc(C8(c9ccc(Oc%10ccc%11c(c%10)C(=O)N(*)C%11=O)cc9)CCCCCCCCCCC8)cc7)cc6C5=O)cc4)cc3C)c(C)c2)cc1,3141913918.0
*CCCC=C(*)c1ccc(Cl)cc1,3030631113.0
*C(=O)NCCNC(=O)c1ccc(N2C(=O)c3ccc(*)cc3C2=O)cc1,4858221089.0
*Oc1ccc(S(=O)(=O)c2ccc(Oc3ccc(C(c4ccc(*)cc4)(C(F)(F)F)C(F)(F)F)cc3)cc2)cc1,3214785948.0
*CC(*)c1ccccc1COCc1ccccc1,2603049630.0
*CC(*)OC(=O)c1ccncc1,3335203934.0
*Oc1ccc(Oc2ccc(C(=O)c3ccc(*)cc3)cc2)cc1,3532699654.0
*CC(*)C(C)=O,3934269766.0
*CC(*)c1ccccc1C(=O)Nc1ccccc1,2296679792.0
*C(*)C(=O)OC(C)C,1966798897.0
*CCOC(=O)c1cccc2c(C(=O)O*)cccc12,4656445683.0
*CC(*)CCc1ccccc1C,3182333832.0
*CC(*)CC(CC)CC,2437618884.0
*CC(*)OC(=O)c1ccccc1C,3402628031.0
*c1ccc(C(C)(C)c2ccc(C(C)(C)c3ccc(N4C(=O)c5ccc(Oc6ccc7c(c6)C(=O)N(*)C7=O)cc5C4=O)cc3)cc2)cc1,3343017521.0
*/C=C/CCCCCCCCCC*,2398372181.0
*CC(*)C(C)CC,2064184270.0
*CCCCCCCCCCCCC(=O)N*,3551872547.0
*CC(*)c1ccc(CCCCCCCCCCCCCCCC)cc1,2509841289.0
*CC(*)C(=O)Oc1ccc(C(=O)OCC)cc1,2970663047.0
*c1ccc(-c2ccc(N3C(=O)c4ccc(-c5ccc6c(c5)C(=O)N(*)C6=O)cc4C3=O)c(OC)c2)cc1OC,2562772081.0
*C#C/C(COS(=O)(=O)c1ccc(C)cc1)=C(/*)COS(=O)(=O)c1ccc(C)cc1,3692011689.0
*c1ccc(Oc2ccc(C(C)(C)c3ccc(Oc4ccc(N5C(=O)C6CCC7C(=O)N(*)C(=O)C7C6C5=O)cc4)cc3)cc2)cc1,3916250080.0
*Oc1ccc(C(CCCC)(CCCC)c2ccc(OC(*)=O)cc2)cc1,2317644352.0
*CC(*)C(=O)Oc1ccc(OC)cc1,2795821864.0
*C(=O)c1ccc2c(c1)C(=O)N(c1cccc(C(=O)c3cccc(N4C(=O)c5ccc(*)cc5C4=O)c3)c1)C2=O,4071845063.0
*CC(*)OCC(CC)CCCC,2286188898.0
*c1ccc2c(c1)C(=O)N(c1cc(C(c3ccc(O)c(N4C(=O)c5ccc(C(*)(C(F)(F)F)C(F)(F)F)cc5C4=O)c3)(C(F)(F)F)C(F)(F)F)ccc1O)C2=O,2928985050.0
*CC(*)C(=O)c1ccc(C)cc1,2882950487.0
*CC(*)OC(=O)C(C)(C)C(C)C(C)C,2229625258.0
*c1ccc(Oc2ccc(C(c3ccc(Oc4ccc(N5C(=O)c6ccc(Oc7ccc8c(c7)C(=O)N(*)C8=O)cc6C5=O)cc4)cc3)(C(F)(F)F)C(F)(F)F)cc2)cc1,3474790723.0
*CCCCOc1ccc(C(=O)OCCOC(=O)c2ccc(O*)cc2)cc1,4372086920.0
*CC(*)OC(=O)CC,2369834163.0
*CC(*)C(=O)OC(CC)CC,2171098467.0
*c1ccc(Oc2ccc(Oc3ccc(N4C(=O)c5ccc(Oc6ccc(C7(c8ccc(Oc9ccc%10c(c9)C(=O)N(*)C%10=O)cc8)CCCCCCCCCCC7)cc6)cc5C4=O)cc3)c(C(C)(C)C)c2)cc1,2908357396.0
*CC(*)OC(=O)C(C)(C(C)C)C(C)C,2296373266.0
*c1ccc2c(c1)-c1nc3cc(-c4ccc5nc6n(c5c4)C(=O)c4cc(C(*)(C(F)(F)F)C(F)(F)F)ccc4-6)ccc3n1C2=O,2230145103.0
*Oc1cccc2c(OC(=O)c3ccccc3/C=C/c3ccc(/C=C/c4ccccc4C(*)=O)cc3)cccc12,3289844892.0
*c1cccc(P(=O)(c2ccc(C(F)(F)F)cc2)c2cccc(-n3c(=O)c4c(-c5ccc(C(F)(F)F)cc5)c5c(=O)n(*)c(=O)c5c(-c5ccc(C(F)(F)F)cc5)c4c3=O)c2)c1,2088569870.0
*CC(F)(F)C(F)(F)C(F)(F)C(F)(F)COC(=O)O*,3638408190.0
*C(C)C(*)OCC,1985876447.0
*Oc1ccc(S(=O)(=O)c2ccc(Oc3ccc(C(C)(C)c4ccc(*)cc4)cc3)cc2)cc1,3416706721.0
*CC(*)C=O,5515093707.0
*CC(*)C(C)(C)C,2559884628.0
*CCOC(=O)c1ccc(C(=O)O*)cc1,4133192529.0
*CC(*)CCCCC,2202142028.0
*CC(*)OC(=O)C(F)(F)C(F)(F)C(F)(F)C(F)(F)C(F)(F)C(F)(F)C(F)(F)C(F)(F)C(F)(F)F,2822663229.0
*Oc1ccc(C(=C(Cl)Cl)c2ccc(OC(*)=O)cc2)cc1,3033955926.0
*C(F)(F)C(*)(F)c1c(F)c(F)c(F)c(F)c1F,1635672814.0
*CCCCCCNC(=O)CCCCCCCCC(=O)N*,4130526868.0
*C(=O)c1ccc2c(c1)C(=O)N(c1ccc(Oc3cc4ccccc4cc3Oc3ccc(N4C(=O)c5ccc(*)cc5C4=O)cc3)cc1)C2=O,3575601139.0
*c1cccc(P(=O)(c2cccc(-n3c(=O)c4c(-c5ccc(C(F)(F)F)cc5)c5c(=O)n(*)c(=O)c5c(-c5ccc(C(F)(F)F)cc5)c4c3=O)c2)c2cc(C(F)(F)F)cc(C(F)(F)F)c2)c1,2101367028.0
*CC(*)CCCN(C(C)C)C(C)C,2647940669.0
*c1ccc(C(=O)Oc2ccc(N3C(=O)c4ccc(-c5ccc6c(c5)C(=O)N(*)C6=O)cc4C3=O)cc2)cc1,4156120937.0
*CCC(c1ccccc1)C(*)c1ccccc1,2485953765.0
*c1ccc(Oc2ccc(S(=O)(=O)c3ccc(Oc4ccc(N5C(=O)c6ccc(C(=O)c7ccc8c(c7)C(=O)N(*)C8=O)cc6C5=O)cc4)cc3)cc2)cc1,3930576321.0
*CC(*)c1ccc(Cl)cc1,2377392172.0
*c1ccc(Oc2ccc(C(c3ccc(Oc4ccc(N5C(=O)c6ccc(Oc7ccccc7Oc7ccc8c(c7)C(=O)N(*)C8=O)cc6C5=O)cc4C(F)(F)F)cc3)(C(F)(F)F)C(F)(F)F)cc2)c(C(F)(F)F)c1,3267062746.0
*CC(*)c1ccc(COCCC)cc1,2523658518.0
*NC(=O)c1cccc(C(=O)Nc2ccc(-c3ccc(*)cc3)cc2)c1,4117076696.0
*CC(*)(C)C(=O)OC(C)C,2142592716.0
*CC(*)C(=O)OC,3309273117.0
*c1cc(C(c2ccc(O)c(-n3c(=O)c4cc5c(=O)n(*)c(=O)c5cc4c3=O)c2)(C(F)(F)F)C(F)(F)F)ccc1O,3176881576.0
*C(OC(F)(F)F)C(*)(F)F,2321454540.0
*CC(*)OC(C)(C)C,2428411908.0
*c1ccc(Oc2ccc(N3C(=O)c4ccc(Oc5cccc6c5C(=O)N(*)C6=O)cc4C3=O)cc2)cc1,3363007983.0
*Oc1ccc2c(c1)nc1c3cc4c(=O)n5c6cc(*)ccc6nc5c4cc3c(=O)n21,3447867949.0
*C1CCC(*)N1,3341886253.0
*CC(*)C1CCCC(C)C1,2848428912.0
*CC(*)c1ccc(CCCCCCCCCCCCCC)cc1,2419761740.0
*CCCC(*)(C)C,3327693368.0
*CC(*)c1cc(Br)ccc1OCCCC,1653225026.0
*CC1CCC(*)C1,3629336490.0
*c1ccc(S(=O)(=O)c2ccc(-n3c(=O)c4cc5c(=O)n(*)c(=O)c5cc4c3=O)cc2)cc1,3529731260.0
*C(C)C(*)OCCC,1784065598.0
*CC(*)(C)CCC,2589319935.0
*Oc1ccc(S(=O)(=O)c2ccc(Oc3ccc(C(=O)c4cc(Br)cc(C(=O)c5ccc(*)cc5)c4)cc3)cc2)cc1,3147680886.0
*c1ccc(Oc2c(C)cc(Cc3cc(C)c(Oc4ccc(-n5c(=O)c6cc7c(=O)n(*)c(=O)c7cc6c5=O)cc4)c(C)c3)cc2C)cc1,2153707098.0
*CC(*)c1ccc(C(=O)OCC)cc1,2021211473.0
*CC(*)CCCCCCCC,2299148523.0
*CCCOC(=O)c1ccc2cc(C(=O)O*)ccc2c1,3975407949.0
*Oc1cccc(Oc2cccc(*)c2)c1C#N,3317454616.0
*CC(*)OCCCCCCCCCCCC,2503470824.0
*c1cccc(P(=O)(c2cccc(-n3c(=O)c4c(-c5ccccc5)c5c(=O)n(*)c(=O)c5c(-c5ccccc5)c4c3=O)c2)c2cc(C(F)(F)F)cc(C(F)(F)F)c2)c1,1581057092.0
*C(=O)Nc1cccc(/C=C/C(=O)/C=C/c2cccc(NC(=O)c3ccc(N4C(=O)c5ccc(*)cc5C4=O)cc3)c2)c1,3647929972.0
*CCCCCCC(=O)N*,4276059896.0
*NC(CCC(=O)OCCC)C(*)=O,3673446029.0
*Oc1ccc(C(CCC)(CCC)c2ccc(OC(*)=O)cc2)cc1,2460923534.0
*CC(*)CCC(C)(C)C,2365523781.0
*CC(*)CC1CCCCC1,2896569303.0
*CC(*)OC,3130844090.0
*CC(*)C(=O)OCCCCCCCCCCCCCCCCCCCCCC,2593715894.0
*c1cccc(Oc2ccc(S(=O)(=O)c3ccc(Oc4cccc(-n5c(=O)c6cc7c(=O)n(*)c(=O)c7cc6c5=O)c4)cc3)cc2)c1,3678945229.0
*Cc1ccc2[nH]c(-c3ccc4sc5ccc(-c6nc7cc(*)ccc7[nH]6)cc5c4c3)nc2c1,3375457117.0
*Oc1ccc(C2(c3ccc(OC(=O)c4cccc(C(*)=O)c4)cc3)c3ccccc3-c3ccccc32)cc1,3043238205.0
*c1ccc(Oc2ccc(-n3c(=O)c4cc5c(=O)n(*)c(=O)c5cc4c3=O)cc2)cc1,3968029117.0
*CC(*)c1ccc(CCCCCCCCCCCCCCCCCC)cc1,2671260572.0
*Oc1ccc(S(=O)(=O)c2ccc(Oc3c(C)cc(C(c4cc(C)c(*)c(C)c4)(C(F)(F)F)C(F)(F)F)cc3C)cc2)cc1,2574799643.0
*c1ccc(Oc2ccc(C3(c4ccc(Oc5ccc(N6C(=O)c7ccc(Oc8ccc(C9(c%10ccc(Oc%11ccc%12c(c%11)C(=O)N(*)C%12=O)cc%10)CCCCCCCCCCC9)cc8)cc7C6=O)cc5)cc4)CCC(C(C)(C)C)CC3)cc2)cc1,3066771785.0
*/C=C(/*)c1ccc(-c2ccc(C#C)cc2)cc1,2561000538.0
*c1cccc(-n2c(=O)c3cc4c(=O)n(*)c(=O)c4cc3c2=O)c1C,2462185424.0
*Oc1ccc(S(=O)(=O)c2ccc(Oc3c(C)cc(C(C)(C)c4cc(C)c(*)c(C)c4)cc3C)cc2C(O)(C(F)(F)F)C(F)(F)F)c(C(O)(C(F)(F)F)C(F)(F)F)c1,2455354139.0
*CC(*)C(=O)c1ccc(C(C)(C)C)cc1,2703135559.0
*c1ccc(Oc2cc3ccccc3cc2Oc2ccc(N3C(=O)c4ccc(-c5ccc6c(c5)C(=O)N(*)C6=O)cc4C3=O)cc2)cc1,3625618268.0
*c1ccc(Oc2ccccc2Oc2ccc(-n3c(=O)c4cc5c(=O)n(*)c(=O)c5cc4c3=O)cc2)cc1,3619789167.0
*Oc1ccc(S(=O)(=O)c2ccc(Oc3ccc(C(C)(C)c4ccc(*)cc4)cc3)c([N+](=O)[O-])c2)cc1[N+](=O)[O-],3391436919.0
*CC(*)c1ccc(C(C)(C)O)cc1,3144148375.0
*c1ccc(Oc2ccc(S(=O)(=O)c3ccc(Oc4ccc(N5C(=O)c6ccc(Oc7ccc8c(c7)C(=O)N(*)C8=O)cc6C5=O)cc4)cc3)cc2)cc1,4218863519.0
*C(=O)Oc1ccc(C(C)(C)c2ccc(OC(=O)c3ccc4c(c3)C(=O)N(c3ccc(Oc5ccc(N6C(=O)c7ccc(*)cc7C6=O)cc5)cc3)C4=O)cc2)cc1,4295733091.0
*c1cccc(N2C(=O)c3ccc(Oc4ccc5c(c4)C(=O)N(*)C5=O)cc3C2=O)c1,3318658468.0
*Oc1ccc(-c2ccc(OC(=O)CCCCCCC(*)=O)cc2)cc1,3925917907.0
*Oc1ccc(C(C)(C)c2ccc(OC(*)=O)cc2)cc1,3574291595.0
*CC(*)C(=O)c1ccc(C)c(C)c1,3035112746.0
*c1ccc(-c2ccc(Oc3ccc(C4(C)CC(C)(C)c5ccc(Oc6ccc(-c7ccc(N8C(=O)c9ccc(Oc%10ccc%11c(c%10)C(=O)N(*)C%11=O)cc9C8=O)cc7)cc6C(F)(F)F)cc54)cc3)c(C(F)(F)F)c2)cc1,2982305645.0
*CC(*)c1ccccc1C(=O)OCCCCCC,2241249015.0
*CC(*)c1ccccc1C(=O)OCCCCC,2273988657.0
*CC(*)OC(=O)c1ccc(C#N)cc1,3269379313.0
*c1ccc2c(c1)C(=O)N(c1c(CC)cc(Cc3cc(CC)c(N4C(=O)c5ccc(C(*)(C(F)(F)F)C(F)(F)F)cc5C4=O)c(CC)c3)cc1CC)C2=O,2098063854.0
*CC/C=C(\*)Cl,3223289437.0
*c1ccc2c(c1)C(=O)N(c1ccc(Oc3cccc(Oc4ccc(N5C(=O)c6ccc(C(*)(C(F)(F)F)C(F)(F)F)cc6C5=O)cc4)c3)cc1)C2=O,3121785217.0
*Oc1ccc(C(C)(CCC)c2ccc(OC(*)=O)cc2)cc1,3243133187.0
*Cc1ccc2[nH]c(-c3ccc4c(c3)-c3cc(-c5nc6cc(*)ccc6[nH]5)ccc3S4(=O)=O)nc2c1,3264982776.0
*/C=C\CC*,2224065487.0
*c1ccc(S(=O)(=O)c2ccc(N3C(=O)c4ccc(C(=O)c5ccc6c(c5)C(=O)N(*)C6=O)cc4C3=O)cc2)cc1,3402196110.0
*CCCCCCNC(=O)Cc1ccc(C(=O)N*)cc1,4408889295.0
*CC(*)c1ccccc1C(=O)N(C)C,1689224518.0
*NC(=O)Nc1ccc(Cc2ccc(*)cc2)cc1,3823413955.0
*c1c(C)c(C)c(-n2c(=O)c3cc4c(=O)n(*)c(=O)c4cc3c2=O)c(C)c1C,2080841198.0
*Oc1ccc(NC(=O)c2cccc(C(=O)Nc3ccc(*)cc3)c2)cc1,4072671990.0
*CC(*)C(=O)OCC(F)(F)C(F)C(F)(F)F,3010873642.0
*/C=C/C(C*)C(C)CC,2483174899.0
*CC1CCC(COC(=O)CCC(=O)O*)CC1,3929595292.0
*CC(*)C(=O)c1ccc(Cl)cc1,2566986356.0
*CC(*)OC(=O)c1ccccc1,2736529599.0
*c1ccc(Oc2ccc(C3(c4ccc(Oc5ccc(N6C(=O)c7ccc(Oc8ccc(C9(c%10ccc(Oc%11ccc%12c(c%11)C(=O)N(*)C%12=O)cc%10)CCC(C(C)(C)C)CC9)cc8)cc7C6=O)cc5)cc4)CC4CC3C3CCCC43)cc2)cc1,3581030581.0
*Oc1c(Cl)cc(C(C)(C)c2cc(Cl)c(OC(*)=O)c(Cl)c2)cc1Cl,2337609718.0
*Cc1cccc(COC(=O)Nc2ccc(Cc3ccc(NC(=O)O*)cc3)cc2)c1,3818433207.0
*CC(C)(C)COC(=O)CCC(=O)O*,3821820322.0
*Oc1cc(C)c(*)c(C)c1Br,2008363408.0
*CC(*)C(=O)OCC(F)(F)F,3166527441.0
*CC(*)CNc1ccc([N+](=O)[O-])cn1,4265340753.0
*Oc1ccc2c(c1)C1(CC2(C)C)CC(C)(C)c2ccc(OC(*)=O)cc21,2501806380.0
*CC(*)c1nc(C)nc(C)n1,2783626578.0
*C(C)C(*)O,3781096616.0
*CCCC(*)(C)CC,3127212765.0
*CC(*)c1ccc(COCCOCC)cc1,2638527695.0
*CC(*)CCCCCCCCCCCCCCCC,2408168304.0
*CC(*)C(=O)c1ccccc1,3098742659.0
*CC(*)c1ccc2ccccc2c1,2338400628.0
*CC(*)OC(=O)C1(C)CCCCC1,2679601379.0
*CC(*)C(=O)OC(F)(C(F)(F)Cl)C(F)(F)Cl,2302111458.0
*CCCCCCOC(=O)CCCCCNC(=O)CCCCC(=O)NCCCCCC(=O)O*,3925504351.0
*/C=C/CC*,1948824104.0
*c1ccc(Sc2ccc(Oc3ccc(Sc4ccc(N5C(=O)c6ccc(Oc7ccc(C(C)(C)c8ccc(Oc9ccc%10c(c9)C(=O)N(*)C%10=O)cc8)cc7)cc6C5=O)cc4)cc3)cc2)cc1,3745708675.0
*Oc1ccc(C(C)(C)c2ccc(OC(=O)c3ccc(C(*)=O)cc3)cc2)cc1,3507051060.0
*C(F)(F)C(*)(F)F,3240212268.0
*CC(*)(C)C(=O)OCc1ccc(Cl)cc1Cl,2637847331.0
*C(=O)Nc1ccc(Cc2ccc(NC(=O)c3ccc(N4C(=O)c5ccc(*)cc5C4=O)cc3)cc2)cc1,3834239426.0
*c1ccc(Oc2ccc(Oc3ccc(-n4c(=O)c5cc6c(=O)n(*)c(=O)c6cc5c4=O)cc3)cc2C(C)(C)C)cc1,3470022768.0
*CC(*)C(=O)c1ccc(Br)cc1,2744868976.0
*c1cccc(-n2c(=O)c3cc4c(=O)n(*)c(=O)c4cc3c2=O)c1,3617451928.0
*c1ccc(Oc2c(C)cc(C(c3cc(C)c(Oc4ccc(-n5c(=O)c6cc7c(=O)n(*)c(=O)c7cc6c5=O)cc4)c(C)c3)c3cccc4ccccc34)cc2C)cc1,2390553867.0
*c1ccc2c(c1)C(=O)N(c1ccc(-c3ccc(Oc4ccc5c(c4)C(C)(c4ccc(Oc6ccc(-c7ccc(N8C(=O)c9ccc(C(*)(C(F)(F)F)C(F)(F)F)cc9C8=O)cc7)cc6C(F)(F)F)cc4)CC5(C)C)c(C(F)(F)F)c3)cc1)C2=O,2741832122.0
*CC(*)c1ccccc1COCC,2254908598.0
*CC(*)C(CC)CC,2072691360.0
*CC(*)c1ccc(C(=O)CCN2CCCCC2)cc1,3659720981.0
*/C=C\CCCCC*,2287760654.0
*CC/C=C(\*)C(C)(C)C,2938562616.0
*CC(*)c1cccc(C)c1,2448817067.0
*Oc1ccc(S(=O)(=O)c2ccc(Oc3c(C)cc(C(C)(C)c4cc(C)c(*)c(C)c4)cc3C)cc2)cc1,2577593403.0
*Oc1cccc(S(=O)(=O)c2ccc(*)cc2)c1,3758774452.0
*c1ccc(Oc2ccc(N3C(=O)C4CCC5C(=O)N(*)C(=O)C5C4C3=O)cc2)cc1,4327080353.0
*CC(*)c1ccc(C(C)(C)C)cc1,2117500964.0
*c1ccc2c(c1)C(=O)N(c1cccc(S(=O)(=O)c3cccc(N4C(=O)c5ccc(C(*)(C(F)(F)F)C(F)(F)F)cc5C4=O)c3)c1)C2=O,2986598750.0
*CC(*)(C)C(=O)OCCCCCCCCCCCC,2167101011.0
*c1ccc(Oc2ccc(N3C(=O)c4ccc(Oc5ccc(C6(c7ccc(Oc8ccc9c(c8)C(=O)N(*)C9=O)cc7)CCC(c7ccccc7)CC6)cc5)cc4C3=O)cc2)cc1,3702611930.0
*Oc1cccc(OC(=O)c2ccccc2/C=C/c2ccc(/C=C/c3ccccc3C(*)=O)cc2)c1,2604122474.0
*c1cccc(Oc2ccc(S(=O)(=O)c3ccc(Oc4cccc(N5C(=O)c6ccc(-c7ccc8c(c7)C(=O)N(*)C8=O)cc6C5=O)c4)cc3)cc2)c1,3976889369.0
*CC(*)c1ccccc1C(=O)OCCC,2178905672.0
*CC(*)c1cccc(C)n1,2580374055.0
*CC(*)OC(=O)c1ccc(C(C)C)cc1,2177906226.0
*C(=O)c1ccc2c(c1)C(=O)N(c1ccc(Cc3ccc(N4C(=O)c5ccc(*)cc5C4=O)cc3)cc1)C2=O,3923638668.0
*CC(C)CNC(=O)O*,4343268036.0
*CC(*)C(=O)N1CCOCC1,3566676698.0
*CC(*)Cl,3788795128.0
*C(=O)Oc1ccc(OC(=O)c2ccc3c(c2)C(=O)N(c2ccc(Oc4ccc(N5C(=O)c6ccc(*)cc6C5=O)cc4)cc2)C3=O)cc1,4583672859.0
*c1ccc2c(c1)C(=O)N(c1ccc3c(c1)-c1cc(N4C(=O)c5ccc(C(*)(C(F)(F)F)C(F)(F)F)cc5C4=O)ccc1C3)C2=O,2603654625.0
*CC(*)OC(=O)C(C)(C)CCC,2375116983.0
*CC(*)OCC,2259194628.0
*CC(*)(C)C(=O)OC,2738743229.0
*CC(*)C(=O)c1ccc(CC)cc1,2532135613.0
*C(=O)c1ccc2c(c1)C(=O)N(c1c(C)cc(C(c3cc(C)c(N4C(=O)c5ccc(*)cc5C4=O)c(C)c3)c3cccc4ccccc34)cc1C)C2=O,2097132127.0
*Oc1cc(C(C)(C)C)c(Oc2ccc(C(=O)Nc3c(C)cc(C(C)(C)c4cc(C)c(NC(=O)c5ccc(*)cc5)c(C)c4)cc3C)cc2)cc1C(C)(C)C,2769565522.0
*CC(*)c1ccc(C(=O)Cc2ccccc2)cc1,3687811550.0
*CC(*)c1ccc(C(=O)C(F)(F)F)cc1,2256359674.0
*CC(*)C(=O)OCC(F)(F)C(F)(F)F,2387095450.0
*CC(*)c1ccc(C(=O)CCCC)cc1,2611655646.0
*CC(*)c1ccc(CC)cc1,1874018044.0
*c1ccc2c(c1)C(=O)N(c1cc(N3C(=O)c4ccc(C(*)(C(F)(F)F)C(F)(F)F)cc4C3=O)ccc1C)C2=O,2305577285.0
*CC(*)c1ccc(C(C)C)cc1,2059387897.0
*CCCCCCCCNC(=O)CCCCCCCCC(=O)N*,2974084428.0
*Oc1ccc(C(C)(C)c2ccc(OC(*)=O)c(CC)c2)cc1CC,2799379350.0
*c1ccc(Sc2ccc3c(c2)Sc2ccc(Sc4ccc(-n5c(=O)c6cc7c(=O)n(*)c(=O)c7cc6c5=O)cc4)cc2S3)cc1,4164416099.0
*CC(*)c1ccccc1COC(C)C,2207995987.0
*CCCCCCCCOC(=O)c1cccc(C(=O)O*)c1,3549134868.0
*c1ccc2c(c1)Cc1cc(N3C(=O)c4ccc(-c5ccc6c(c5)C(=O)N(*)C6=O)cc4C3=O)ccc1-2,3964064361.0
*CC(*)c1cc(Br)ccc1OCCC,1639093894.0
*c1ccc(N2C(=O)c3ccc(-c4cccc5c4C(=O)N(*)C5=O)cc3C2=O)cc1,3227643848.0
*c1cccc(-c2nc3cc(-c4ccc5nc(*)c(-c6ccccc6)nc5c4)ccc3nc2-c2ccccc2)c1,2275700392.0
*CC(*)c1ccccc1C(=O)OCCCC,2079673923.0
*c1ccc2c(c1)Cc1cc(-n3c(=O)c4cc5c(=O)n(*)c(=O)c5cc4c3=O)ccc1-2,3379435268.0
*CC(*)(C)C(=O)Oc1ccc(C#N)cc1,3094599509.0
*CC(*)OC(=O)c1ccc(C)cc1,2364609877.0
*CC(C)C(*)(C)C,2914481841.0
*CC(*)c1cc(Br)ccc1OC,1907947001.0
*c1ccc2c(c1)C(=O)N(c1ccc(C(C)(C)c3ccc(N4C(=O)c5ccc(C(*)(C(F)(F)F)C(F)(F)F)cc5C4=O)cc3)cc1)C2=O,2076458750.0
*CC(*)CC(C)(C)C,2463685193.0
*CC(*)C1CCCC1,3043772220.0
*C(=O)Nc1ccc(NC(=O)c2ccc3c(c2)C(=O)N(c2ccc(S(=O)(=O)c4ccc(N5C(=O)c6ccc(*)cc6C5=O)cc4)cc2)C3=O)cc1,4499262155.0
*CC(*)P(=O)(c1ccccc1)c1ccccc1,1937242209.0
*CC(*)Cc1ccc(C)cc1,2769176666.0
*CC(*)c1ccc(Cl)c(C)c1,1688734778.0
*/C=C(/*)C(C)(C)C,1349193367.0
*CC(*)c1ccc(Br)cc1,2391433504.0
*CC(*)c1ccc(COCCCC)cc1,2395779642.0
*CCCCNC(=O)CCCCCCC(=O)N*,4645767478.0
*c1cccc(N2C(=O)c3ccc(Oc4ccc(S(=O)(=O)c5ccc(Oc6ccc7c(c6)C(=O)N(*)C7=O)cc5)cc4)cc3C2=O)c1,3958748405.0
*Oc1ccc(S(=O)(=O)c2ccc(Oc3ccc(C(C)(C)c4ccc(*)c(C(OC)(C(F)(F)F)C(F)(F)F)c4)cc3C(OC)(C(F)(F)F)C(F)(F)F)cc2)cc1,2484895121.0
*CC(*)(CC(=O)OCCC)C(=O)OCCC,2314726780.0
*CC(*)N1Cc2ccccc2N1,3081853228.0
*C(O)C(*)O,7028861986.0
*Oc1ccc(-c2ccc(OC(=O)CCCCCCCCCC(*)=O)cc2)cc1,3593886721.0
*Cc1cc(*)c(O)cc1C,3339679684.0
*c1ccc(-c2sc(-c3ccc(-n4c(=O)c5cc6c(=O)n(*)c(=O)c6cc5c4=O)cc3)c(-c3ccccc3)c2-c2ccccc2)cc1,2338929408.0
*NC(C)C(*)=O,4204781604.0
*CC(*)(C)C(=O)OC(OCC)C(F)(F)F,1891195863.0
*CC(CCl)O*,3569770678.0
*CCC(*)(C)C,3627698508.0
*c1ccc(Oc2ccc(Oc3ccc(-n4c(=O)c5cc6c(=O)n(*)c(=O)c6cc5c4=O)cc3)cc2)cc1,3947028609.0
*c1ccc2c(c1)C(=O)N(c1ccc(C(c3ccc(N4C(=O)c5ccc(C(*)(C(F)(F)F)C(F)(F)F)cc5C4=O)cc3)(C(F)(F)F)C(F)(F)F)cc1)C2=O,2194349744.0
*C(*)C(=O)OCC,2236436681.0
*c1ccc(Oc2ccc(C(c3ccc(Oc4ccc(-n5c(=O)c6cc7c(=O)n(*)c(=O)c7cc6c5=O)cc4)cc3)(C(F)(F)F)C(F)(F)F)cc2)cc1,3256649641.0
*C(F)C(*)(F)F,4341654415.0
*CCC=C(*)CCCCCCC,2275781877.0
*CC(*)CNc1ccc([N+](=O)[O-])c(C(F)(F)F)c1,4344893393.0
*CC(*)c1cccc(F)c1,2145471026.0
*CC(*)OC(=O)C(F)(F)C(F)(F)C(F)(F)F,2192966566.0
*CC(*)C(=O)Oc1cccc(N(C)C)c1,3897183839.0
*c1ccc2c(c1)-c1nc3cc(Oc4ccc5nc6n(c5c4)C(=O)c4cc(C(*)(C(F)(F)F)C(F)(F)F)ccc4-6)ccc3n1C2=O,3297322839.0
*Oc1c(C)cc(C(C)(C)c2cc(C)c(ON3C(=O)c4ccc(Oc5ccc(C6(c7ccc(Oc8ccc9c(c8)C(=O)N(*)C9=O)cc7)CCC(C(C)(C)C)CC6)cc5)cc4C3=O)c(C)c2)cc1C,2822222995.0
*CC(*)(Cl)Cl,4338494093.0
*CC(*)c1ccc(CCCC)cc1,2073662249.0
*CC(*)OCC(C)(C)C,2002499220.0
*C1CCC(N2C(=O)c3ccc(-c4ccc5c(c4)C(=O)N(*)C5=O)cc3C2=O)CC1,4384961283.0
*C(=O)Nc1ccc(Oc2ccc(N3C(=O)c4ccc(*)cc4C3=O)cc2)cc1,4176331382.0
*CC(*)c1ccccc1C(=O)NC,2287042964.0
*Oc1ccc(C2(c3ccc(OC(*)=O)cc3)CCCC2)cc1,3369741625.0
*CC/C=C(\*)C,2563306450.0
*CC(*)OC(=O)C1CCCC1,2643711680.0
*CC(*)C(=O)Oc1cccc(C(=O)OCC)c1,2938132421.0
*c1cccc(N2C(=O)c3ccc(C(=O)c4ccc5c(c4)C(=O)N(*)C5=O)cc3C2=O)c1,3816863397.0
*CC(*)c1cc(C)cc(C)c1,2509661261.0
*c1ccc2c(c1)-c1cc(-c3nc4cc(-c5ccc6[nH]c(*)nc6c5)ccc4[nH]3)ccc1S2(=O)=O,3427315260.0
*CC(*)c1ccc(CCC)cc1,2075412112.0
*c1cccc(P(=O)(c2ccccc2)c2cccc(-n3c(=O)c4c(-c5ccc(C(F)(F)F)cc5)c5c(=O)n(*)c(=O)c5c(-c5ccc(C(F)(F)F)cc5)c4c3=O)c2)c1,1803184797.0
*Oc1c(C)cc(*)cc1C,2526648597.0
*C(=O)Oc1ccc(C(C)(C)c2ccc(OC(=O)c3ccc4c(c3)C(=O)n3c-4nc4ccc(Oc5ccc6c(c5)nc5n6C(=O)c6ccc(*)cc6-5)cc43)cc2)cc1,3802429601.0
*CC(*)OC(=O)C(C)(C)CC(C)(C)C,2719098223.0
*c1ccc2c(c1)C(=O)N(c1ccc(Oc3c(C)cc(C(c4cc(C)c(Oc5ccc(N6C(=O)c7ccc(C(*)(C(F)(F)F)C(F)(F)F)cc7C6=O)cc5)c(C)c4)c4cccc5ccccc45)cc3C)cc1)C2=O,2342295996.0
*C(=O)C1CCCN1*,3162749555.0
*CC(*)c1ccc(C(F)(F)C(F)(F)C(F)(F)C(F)(F)C(F)(F)C(F)(F)C(F)(F)F)cc1,2151511435.0
*CC(*)(C)C(=O)OCCN(C)C,2647978860.0
*c1ccc(Sc2ccc(Sc3ccc(Sc4ccc(-n5c(=O)c6cc7c(=O)n(*)c(=O)c7cc6c5=O)cc4)cc3)cc2)cc1,4032551616.0
*Oc1ccc(NC(=O)c2cc(C(c3ccc(C(=O)O)c(C(=O)Nc4ccc(Oc5ccc(C(c6ccc(*)cc6)(C(F)(F)F)C(F)(F)F)cc5)cc4)c3)(C(F)(F)F)C(F)(F)F)ccc2C(=O)O)cc1,2993090918.0
*Oc1ccc2ccc(OC(=O)Oc3ccc(OC(*)=O)cc3)cc2c1,3404827218.0
*c1ccc(Oc2cc(C(C)(C)C)ccc2Oc2ccc(N3C(=O)c4ccc(-c5ccc6c(c5)C(=O)N(*)C6=O)cc4C3=O)cc2)cc1,2993471481.0
*CC(*)C(=O)Oc1ccccc1C(=O)OCC,3241318848.0
*c1ccc2c(c1)C(=O)N(c1ccc(Oc3ccc(-c4ccc(Oc5ccc(N6C(=O)c7ccc(C(*)(C(F)(F)F)C(F)(F)F)cc7C6=O)cc5)cc4)cc3)cc1)C2=O,3552026290.0
*CC(*)OC(=O)C(F)(F)C(F)(F)C(F)(F)C(F)(F)C(F)(F)C(F)(F)C(F)(F)F,2449259293.0
*Oc1cc(C(C)(C)C)c(Oc2ccc(C(=O)Nc3ccc(C(C)(C)c4ccc(NC(=O)c5ccc(*)cc5)cc4)cc3)cc2)cc1C(C)(C)C,2322362671.0
*CC(*)CCCCCCCCCCCCCCCCCCCC,2468480320.0
*Oc1ccc(-c2ccc(OC(=O)CCCCCCCC(*)=O)cc2)cc1,3984606045.0
*/C=C/C(C(=O)OCc1ccc(Cl)cc1)C(*)C(=O)OCc1ccc(Cl)cc1,3134946956.0
*CC(*)CCCC(C)(C)C,2508826213.0
*CC(*)(CC(=O)OCc1ccccc1)C(=O)OCc1ccccc1,2897894616.0
*c1ccc2c(c1)C(=O)N(c1c(C)cc(Cc3cc(C)c(N4C(=O)c5ccc(C(*)(C(F)(F)F)C(F)(F)F)cc5C4=O)c(C)c3)cc1C)C2=O,2324202747.0
*CC(*)(C)C(=O)OCc1ccccc1,3235861146.0
*Oc1ccc(-c2ccc(OC(=O)CCCCCC(*)=O)cc2)cc1,4369909795.0
*CCCCCC(=O)O*,3361584703.0
*CC(*)C(=O)Oc1cccc(C(=O)OC)c1,3767843249.0
*c1ccc(*)s1,2017467421.0
*Oc1ccc(C(C)(C)c2ccc(OC(=O)c3ccccc3/C=C/c3ccc(/C=C/c4ccccc4C(*)=O)cc3)cc2)cc1,2597455512.0
*CC(*)OC(=O)C(C)(C)C(C)(C)CC,2500599630.0
*C(=O)c1ccc2c(c1)C(=O)N(c1ccc(C)c(N3C(=O)c4ccc(*)cc4C3=O)c1)C2=O,3176047194.0
*C=CCCCCCC*,2282436457.0
*C(=O)Oc1ccc(OC(=O)c2ccc3c(c2)C(=O)N(c2ccc(-c4ccc(N5C(=O)c6ccc(*)cc6C5=O)cc4C(F)(F)F)c(C(F)(F)F)c2)C3=O)cc1,3242954426.0
*CCOCCOC(=O)c1cccc(C(=O)O*)c1,4328883956.0
*c1cccc(P(=O)(c2ccccc2)c2cccc(-n3c(=O)c4c(-c5cc(C(F)(F)F)cc(C(F)(F)F)c5)c5c(=O)n(*)c(=O)c5c(-c5cc(C(F)(F)F)cc(C(F)(F)F)c5)c4c3=O)c2)c1,1738385505.0
*C(=O)c1ccc2c(c1)C(=O)N(c1ccc(C(=O)Nc3cccc(N4C(=O)c5ccc(*)cc5C4=O)c3)cc1)C2=O,4055015054.0
*/C=C/C1CC(*)C2C(=O)N(CCCCCC)C(=O)C12,2632811504.0
*Sc1ccc(*)cc1,3552003260.0
*CC(*)(CC(=O)OCCCC1CCCCC1)C(=O)OCCCC1CCCCC1,2751209353.0
*c1ccc(N2C(=O)c3ccc(-c4ccc5c(c4)C(=O)N(*)C5=O)cc3C2=O)cc1,3307410034.0
*c1ccc(Oc2ccc(N3C(=O)c4ccc(C(=O)c5ccc6c(c5)C(=O)N(*)C6=O)cc4C3=O)cc2)cc1,3729923242.0
*CC(*)(CC(=O)OCC)C(=O)OCC,2648453379.0
*CCCCCCS(=O)(=O)c1ccc(/N=N/c2ccc(N(C)CCCCCC(=O)O*)cc2)cc1,3856582542.0
*c1ccc(OC(=O)c2ccccc2/C=C/c2ccc(/C=C/c3ccccc3C(=O)Oc3ccc(C4(*)OC(=O)c5ccccc54)cc3)cc2)cc1,3161404914.0
*c1ccc(N2C(=O)c3ccc(Oc4ccc5c(c4)C(=O)N(*)C5=O)cc3C2=O)cc1,3813225363.0
*CC(*)CNc1ccc([N+](=O)[O-])cc1,4902329948.0
*CC(*)c1ccc(CCCCCCCCCC)cc1,2454174040.0
*CC(*)(C)C(=O)Oc1ccc(CC#N)cc1,3741471528.0
*CCCCCCOC(=O)c1ccc2cc(C(=O)O*)ccc2c1,3880822902.0
*CC(*)c1ccc(C(C)(O)CCCC)cc1,2761051897.0
*CC(*)c1ccccn1,2767351732.0
*CC(*)O,5935855516.0
*C(=O)Nc1ccc(C2(c3ccc(NC(=O)c4ccc5c(c4)C(=O)N(c4ccc(Sc6ccc(Oc7ccc(Sc8ccc(N9C(=O)c%10ccc(*)cc%10C9=O)cc8)cc7)cc6)cc4)C5=O)cc3)c3ccccc3-c3ccccc32)cc1,3520056960.0
*CC(*)c1ccc(COCCCCCCOc2ccc(-c3ccc(OC)cc3)cc2)cc1,3529662211.0
*CC(*)c1cccc(-c2ccc(-c3ccccc3)cc2)c1,2937731305.0
*Oc1ccc(C(C)(C)c2ccc(OC(=O)SCCCCCCSC(*)=O)cc2)cc1,3526937471.0
*CC(*)c1ccc(COCCCCCC)cc1,2455278117.0
*CCC=C(*)c1ccccc1,2701219559.0
*CCCCNC(=O)CCCCC(=O)N*,5258292714.0
*CC(*)C(=O)Oc1ccc(C(=O)OCCCC)cc1,3138008986.0
*C1Cc2ccccc2C1*,2112730640.0
*NC(=O)NCCCCCCNC(=O)NCCCCC(*)C(=O)OC,3954283445.0
*CC(*)c1ccc(C(=O)c2ccc(C)cc2)cc1,2981004557.0
*CC(*)c1c(C)cc(C)cc1C,2347840192.0
*CC(*)c1ccc(C(=O)O)c(C(=O)O)c1,6533348457.0
*CC(*)(C)C(=O)OCC(C)O,3761681335.0
*CC(*)C(=O)C(C)(C)C,2633748368.0
*C1C(*)C2CC1C1C=CCC12,2688665108.0
*CC(*)(C)C(=O)OCCO[N+](=O)[O-],4223472191.0
*C(C)C(*)OC(C)C,1976632500.0
*CC(*)OC(=O)CCCCC,2052516830.0
*CC(*)c1ccc(COCC(CC)CCCC)cc1,2505009922.0
*c1ccc(Oc2ccc(C(C)(C)c3ccc(Oc4ccc(-n5c(=O)c6cc7c(=O)n(*)c(=O)c7cc6c5=O)cc4)cc3)cc2)cc1,4119013756.0
*/C(Cl)=C(/*)c1ccccc1,1296934059.0
*CC(*)c1ccc(C(=O)CCC)cc1,2500976302.0
*c1cccc(N2C(=O)c3ccc(-c4cccc5c4C(=O)N(*)C5=O)cc3C2=O)c1,3590743044.0
*Oc1ccc(C2(c3ccc(OC(*)=O)c(C)c3)CCCCC2)cc1C,2658336258.0
*CC(*)c1ccccc1C(=O)Oc1ccccc1,2752708669.0
*CC(*)(F)F,3991883480.0
*c1ccc(*)cc1,3173491084.0
*CC(*)C(=O)OCCCCCC,2398364056.0
*CC(*)c1ccc(C(C)CC)cc1,2116421852.0
*CCC=C(*)Cl,3114848167.0
*c1ccc(-c2ccc(N3C(=O)c4cc5c(cc4C3=O)C(C(F)(F)F)(C(F)(F)F)c3cc4c(cc3O5)C(=O)N(*)C4=O)cc2OC(F)(F)F)c(OC(F)(F)F)c1,2031415448.0
*c1ccc(N2C(=O)c3ccc(-c4ccc5c(c4)C(=O)N(*)C5=O)cc3C2=O)nc1,3452359808.0
*c1ccc(Oc2cccc(Oc3ccc(-n4c(=O)c5cc6c(=O)n(*)c(=O)c6cc5c4=O)cc3)c2)cc1,4126793451.0
*C=CC(C)C(*)C(=O)OC,2683456679.0
*Oc1ccc(C(=O)c2ccc(*)cc2)cc1,3610479904.0
*CC(*)OCCOC,2812656541.0
*NC(=O)NCCCCCCNC(=O)Nc1ccc(Cc2ccc(*)cc2)cc1,3871789651.0
*CC(*)C(=O)OCCCCCCCCCCCCCC,2460959896.0
*Oc1ccc(C(c2ccc(Oc3ccc(C(=O)c4cccc(C(=O)c5ccc(*)cc5)c4)cc3)cc2)(C(F)(F)F)C(F)(F)F)cc1,3802237609.0
*CCCC=C(*)c1ccccc1,3277067755.0
*CC(*)C1CCC(C)CC1,2470219777.0
*CCc1ccc(*)c(C)c1,3615057365.0
*Oc1ccc(SC(=O)Sc2ccc(*)cc2)cc1,3264285134.0
*CC(*)c1ccc(COC(C)CC)cc1,2086379984.0
*C(=O)c1ccc2c(c1)C(=O)N(c1cccc(C(=O)Nc3cccc(N4C(=O)c5ccc(*)cc5C4=O)c3)c1)C2=O,4000359560.0
*C(=O)c1ccc2c(c1)C(=O)N(c1ccc3c(c1)Cc1cc(N4C(=O)c5ccc(*)cc5C4=O)ccc1-3)C2=O,4027472627.0
*CC/C=C(/*)C,2563058158.0
*CC(*)C=C,1791447898.0
*c1ccc(Oc2ccc(Oc3ccc(N4C(=O)c5cccc(Oc6cccc7c6C(=O)N(*)C7=O)c5C4=O)cc3)cc2)cc1,4128233694.0
*c1cccc(P(=O)(c2ccc(C(F)(F)F)cc2)c2cccc(-n3c(=O)c4c(-c5ccccc5)c5c(=O)n(*)c(=O)c5c(-c5ccccc5)c4c3=O)c2)c1,2471674548.0
*CC(*)(C)C(=O)Oc1ccc(C(=O)OC)cc1,3222821680.0
*CC(*)C,2969571310.0
*CC(*)OC(=O)CCl,2990312423.0
*CC(*)CCN(C(C)C)C(C)C,2709482783.0
*c1cc(C(c2ccc(O)c(N3C(=O)c4ccc(-c5ccc6c(c5)C(=O)N(*)C6=O)cc4C3=O)c2)(C(F)(F)F)C(F)(F)F)ccc1O,3024695095.0
*C(=O)c1ccc2c(c1)C(=O)N(c1ccc(Oc3cccc4c(Oc5ccc(N6C(=O)c7ccc(*)cc7C6=O)cc5)cccc34)cc1)C2=O,3471032261.0
*CCOC(=O)c1ccc2ccc(C(=O)O*)cc2c1,4168146088.0
*CC/C=C(/*)Cl,3219993975.0
*CC(*)OC(=O)C(F)(F)F,2659743215.0
*CC(*)c1ccccc1COCCC(C)C,2677179238.0
*C(=O)c1ccc2c(c1)C(=O)N(c1c(C)cc(Cc3cc(C)c(N4C(=O)c5ccc(*)cc5C4=O)c(C)c3)cc1C)C2=O,2854266360.0
*c1cccc(N2C(=O)c3ccc(-c4ccc5c(c4)C(=O)N(*)C5=O)cc3C2=O)c1C,2669023856.0
*c1ccc(-c2nc3cc4nc(*)oc4cc3o2)cc1,2703173669.0
*c1ccc(-c2ccc(N3C(=O)c4ccc(-c5cccc6c5C(=O)N(*)C6=O)cc4C3=O)cc2C)c(C)c1,2461232300.0
*CCCCOC(=O)CCC(=O)O*,4019313681.0
*CC(*)(C)C(=O)OCCC,2186132752.0
*CC(*)C(=O)C(C)C,2571025344.0
*C(F)(F)C(*)(F)OC(F)(F)C(F)(F)C(F)(F)C(F)(F)F,1503470315.0
*CC(*)CC(C)CC,2479480810.0
*C(C)C(*)OCC(C)C,2050342135.0
*CCOC(=O)Nc1cccc(NC(=O)O*)c1,4614221924.0
*CC(*)(C)C(=O)OCc1c(Cl)cccc1Cl,2931352008.0
*c1cccc(Oc2cccc(Oc3cccc(-n4c(=O)c5cc6c(=O)n(*)c(=O)c6cc5c4=O)c3)c2)c1,4126614701.0
*CC(*)OC(=O)CCCC1CCCCC1,3579861629.0
*C1CC2CC1C(*)C2CCCC,1941479984.0
*CC(*)c1ccccc1C(=O)OCC(C)C,2537130421.0
*CC(*)C(=O)n1c2ccccc2c2ccccc21,2658559935.0
*CC(*)OC(=O)CC(C)(C)c1ccccc1,3212880326.0
*C=CCC*,1889092598.0
*CC(*)c1ccc(C(=O)N(C)C)cc1,3057016372.0
*CC(*)(C)C(=O)OCCCC,2090120515.0
*Oc1ccc(OC(=O)c2ccccc2/C=C/c2ccc(/C=C/c3ccccc3C(*)=O)cc2)cc1,3507872768.0
*CC(*)c1ccc(OC)cc1,2607218330.0
*CC1CC(*)C(OC(=O)CCCCCCCCCCOc2ccc(-c3ccc(C#N)cc3)cc2)C1,3711675480.0
*OC(C)CC(*)=O,2902530357.0
*CC(*)OC(F)(C(F)(F)F)C(F)(F)F,2242950729.0
*CC(*)(CC(=O)OCCc1ccccc1)C(=O)OCCc1ccccc1,3301249202.0
*Oc1ccc(SC(=O)Oc2ccc(C(C)(C)c3ccc(OC(=O)Sc4ccc(*)cc4)cc3)cc2)cc1,3572149460.0
*CC(*)c1ccc(C(=O)CC)cc1,2382438080.0
*/C=C/C(C*)OC,2410546717.0
*c1ccc(N2C(=O)c3ccc(Oc4ccc(C(C)(C)c5cccc(Oc6ccc7c(c6)C(=O)N(*)C7=O)c5)cc4)cc3C2=O)cc1,3939099842.0
*c1ccc(-c2ccc(N3C(=O)c4ccc(Oc5ccc6c(c5)C(=O)N(*)C6=O)cc4C3=O)cc2)cc1,3294359530.0
*CC(*)CCCC1CCCCC1,3218477325.0
*CCC1CC(OC(=O)CCCCCCCCCCOc2ccc(-c3ccc(C#N)cc3)cc2)CC1*,3633355257.0
*CCCCCCNC(=O)NCc1ccc(CNC(=O)N*)cc1,4235434672.0
*CC(*)OC(=O)c1cccc(C)c1,3255741143.0
*CCCCCCNC(=O)c1ccc(C(C)(C)c2ccc(C(=O)N*)cc2)cc1,3560063092.0
*c1ccc(-c2ccc(-c3ccc(N4C(=O)c5ccc(-c6ccc7c(c6)C(=O)N(*)C7=O)cc5C4=O)cc3)cc2)cc1,3007084942.0
*CC(*)c1ccc(C(=O)N(CC)CC)cc1,2600784376.0
*CC(*)(C)C(=O)Oc1ccccc1,2787466475.0
*C(=O)c1ccc2c(c1)C(=O)N(c1ccc(-c3ccc(-c4ccc(N5C(=O)c6ccc(*)cc6C5=O)cc4)cc3)cc1)C2=O,3859104631.0
*c1ccc(C(c2ccc(N3C(=O)c4cc5c(cc4C3=O)C(C(F)(F)F)(C(F)(F)F)c3cc4c(cc3O5)C(=O)N(*)C4=O)cc2)(C(F)(F)F)C(F)(F)F)cc1,2285537696.0
*CCCCCCCCC(=O)N*,3461984673.0
*C1CCC1*,2332540975.0
*C(=O)Oc1ccc(C(C)(C)c2ccc(OC(=O)c3ccc4c(c3)C(=O)N(c3ccc(-c5ccc(N6C(=O)c7ccc(*)cc7C6=O)c(C)c5)cc3C)C4=O)cc2)cc1,2960003806.0
*CC(*)(CCC(C)C(=O)OC)C(=O)OC,2692095553.0
*CC(*)OC(=O)c1cccc(OC)c1,3015440701.0
*CCCS(=O)(=O)c1ccc(/N=N/c2ccc(N(CCCC)CC(=O)O*)cc2)cc1,3777632484.0
*C(F)(F)C(*)(F)C(F)(F)F,1955835285.0
*CC(*)CCCCCCCCCCCCCC,2482987436.0
*c1ccc2c(c1)C(=O)N(c1c(C(C)C)cc(Cc3cc(C(C)C)c(N4C(=O)c5ccc(C(*)(C(F)(F)F)C(F)(F)F)cc5C4=O)c(C(C)C)c3)cc1C(C)C)C2=O,2157784363.0
*Oc1c(OC)cc(*)cc1OC,3045428347.0
*CC(*)(CC(=O)OCCCc1ccccc1)C(=O)OCCCc1ccccc1,3055910699.0
*CCCCCCOC(=O)O*,3128961285.0
*CC(*)CCCCCCC,2258374812.0
*CC(*)(C)C(=O)OC(C)CC,2145882837.0
*CCCCCCN(C)C(=O)CCCCC(=O)N(*)C,3953817221.0
*CC(*)(C)C(=O)OCCCCCC,2566448000.0
*CCCCCCNC(=O)CCCCC(=O)N(*)C,3347708200.0
*c1ccc(-c2ccc(N3C(=O)c4cc5c(cc4C3=O)C(C(F)(F)F)(C(F)(F)F)c3cc4c(cc3O5)C(=O)N(*)C4=O)cc2C(F)(F)F)c(C(F)(F)F)c1,2041672289.0
*CCCCO*,2130153504.0
*CC(*)OC(=O)C(F)(F)C(F)(F)C(F)(F)C(F)(F)F,1910394908.0
*CC(*)(C)C(=O)OCCCCCCCC,2588451323.0
*CC(*)C(C)c1ccccc1,2087252798.0
*C(=O)c1ccc2c(c1)C(=O)N(c1ccc(-c3ccc(N4C(=O)c5ccc(*)cc5C4=O)c(OC)c3)cc1OC)C2=O,3050393229.0
*c1ccc(C)c(N2C(=O)c3ccc(-c4ccc5c(c4)C(=O)N(*)C5=O)cc3C2=O)c1,2764956475.0
*CCOCCOC(=O)c1ccc(-c2ccc(C(=O)O*)cc2)cc1,4168748649.0
*c1ccc(-c2ccc(-n3c(=O)c4cc5c(=O)n(*)c(=O)c5cc4c3=O)cc2)cc1,2829549138.0
*CCC1CC2C(CC(*)C2OC(=O)CCCCCCCCCCOc2ccc(-c3ccc(C#N)cc3)cc2)C1OC(=O)CCCCCCCCCCOc1ccc(-c2ccc(C#N)cc2)cc1,3699243773.0
*Oc1ccc(C(C)(CCC#N)c2ccc(OC(*)=O)c(C)c2)cc1C,3053646510.0
*CC(*)c1cc(C)ccc1C,1982918504.0
*c1ccc(Oc2ccc(N3C(=O)c4cccc(Oc5cccc6c5C(=O)N(*)C6=O)c4C3=O)cc2)cc1,4082679676.0
*CCOc1ccc(C(=O)OCCOC(=O)c2ccc(O*)cc2)cc1,4352088398.0
*CC(*)CCC,2469748496.0
*CC(*)c1ccc(C)cc1,2268176177.0
*C(=O)NC1CCC(CC2CCC(NC(=O)c3ccc(N4C(=O)c5ccc(*)cc5C4=O)cc3)CC2)CC1,3865539510.0
*NC(CCC(=O)OCC)C(*)=O,3817869908.0
*CC(*)c1cc(C)ccc1F,2341931163.0
*CC(*)OC(=O)CC1CCCCC1,2624693320.0
*CC(*)(CC(=O)OCCCCCCCC)C(=O)OCCCCCCCC,2302011729.0
*c1ccc2c(c1)C(=O)N(c1cccc(Oc3cccc(Oc4cccc(N5C(=O)c6ccc(C(*)(C(F)(F)F)C(F)(F)F)cc6C5=O)c4)c3)c1)C2=O,2661311820.0
*CCCCCOC(=O)c1ccc2cc(C(=O)O*)ccc2c1,3832895254.0
*CC(*)C(=O)OCCCC,2235726690.0
*Oc1ccc(C(C)(C)c2ccc(OC(=O)c3ccccc3/C=C/c3ccc(/C=C/c4ccccc4C(*)=O)cc3)c(C)c2)cc1C,2997371875.0
*C(C)C(*)OCCCC,2083611140.0
*c1ccc(S(=O)(=O)c2ccc(N3C(=O)c4ccc(-c5ccc6c(c5)C(=O)N(*)C6=O)cc4C3=O)cc2)cc1,3366727833.0
*CC(*)C(=O)OC1CC2CCC1(C)C2(C)C,2753091642.0
*CC(*)c1ccc(C(F)(F)C(F)(F)C(F)(F)C(F)(F)C(F)(F)C(F)F)cc1,1927784948.0
*c1ccc(NC(=O)CCCCC(=O)Nc2ccc(S(*)(=O)=O)cc2)cc1,4590004270.0
*C(=O)c1ccc2c(c1)C(=O)N(c1ccc(C(=O)Nc3ccc(N4C(=O)c5ccc(*)cc5C4=O)cc3)cc1)C2=O,4160548738.0
*CC(C)O*,2995279063.0
*c1ccc2c(c1)C(=O)N(c1c(C)cc(C)c(N3C(=O)c4ccc(C(*)(C(F)(F)F)C(F)(F)F)cc4C3=O)c1C)C2=O,1849441532.0
*CC(*)(C)C(=O)OCc1cccc(Cl)c1,2808167802.0
*c1ccc(Oc2ccc(Oc3ccc(N4C(=O)c5ccc(-c6cccc7c6C(=O)N(*)C7=O)cc5C4=O)cc3)cc2)cc1,3649787294.0
*C(=O)c1ccc2c(c1)C(=O)N(c1ccc(-c3ccc(N4C(=O)c5ccc(*)cc5C4=O)c(C)c3)cc1C)C2=O,2843355191.0
*CC(*)C(=O)OCCCCCCCCCCCCCCCCCC,2504860274.0
*CCOC(=O)Nc1ccc(-c2ccc(NC(=O)O*)cc2)cc1,4362339056.0
*OS(=O)(=O)c1ccc(*)cc1,4657531412.0
*C(F)(F)C(*)(F)c1ccccc1,2018912018.0
*CC(*)(C)C(=O)OCc1cc(Cl)cc(Cl)c1,2903009535.0
*CC(*)c1ccc(C(=O)OCCCCCC)cc1,2327883661.0
*CCO*,2417919907.0
*C=CCCCCCCCC*,2144171695.0
*c1ccc(Cc2ccc(N3C(=O)c4ccc(-c5ccc6c(c5)C(=O)N(*)C6=O)cc4C3=O)c(C)c2)cc1C,3197865271.0
*CC(*)c1ccc(C(C)=O)cc1,2511918803.0
*c1ccc(Cc2ccc(N3C(=O)c4ccc(Oc5ccc6c(c5)C(=O)N(*)C6=O)cc4C3=O)cc2)cc1,3913216309.0
*CC(*)c1ccc(C(=O)OCCCC)cc1,2353138432.0
*C=CC(C)CCCCC*,2340889656.0
*c1ccc(Oc2ccc(C3(c4ccc(Oc5ccc(N6C(=O)c7ccc(Oc8ccc(C9(c%10ccc(Oc%11ccc%12c(c%11)C(=O)N(*)C%12=O)cc%10)CCCCCCCCCCC9)cc8)cc7C6=O)cc5)cc4)C4CC5CC(C4)CC3C5)cc2)cc1,3055081794.0
*C(=O)Oc1ccc(OC(=O)c2ccc3c(c2)C(=O)N(c2ccc(C(=O)Nc4ccc(N5C(=O)c6ccc(*)cc6C5=O)cc4)cc2)C3=O)cc1,4096662014.0
*c1ccc(Oc2c(C)cc(C(C)(C)c3cc(C)c(Oc4ccc(N5C(=O)c6ccc(Oc7ccc(C8(c9ccc(Oc%10ccc%11c(c%10)C(=O)N(*)C%11=O)cc9)CCC(c9ccccc9)CC8)cc7)cc6C5=O)cc4)c(C)c3)cc2C)cc1,2949893383.0
*c1ccc(Oc2cc3ccccc3cc2Oc2ccc(N3C(=O)c4ccc(Oc5ccc6c(c5)C(=O)N(*)C6=O)cc4C3=O)cc2)cc1,3866670748.0
*CC(*)C(=O)OCC(C)(C)C,2687750528.0
*CC(*)C(=O)OC(C)(C)C,2285800834.0
*CC(*)c1ccccc1COCCC,2102634785.0
*CC(*)(C)C(=O)Oc1c(C(C)C)cccc1C(C)C,2131391150.0
*NC(=O)c1ccc(C(=O)Nc2ccc(-c3ccc(*)cc3)cc2)cc1,4885434561.0
*CC(*)c1ccc(C(=O)CCN2CCOCC2)cc1,3752203662.0
*CC(*)c1ccccc1C(=O)OCCC(C)C,2696146116.0
*CCCCCCCCCCCNC(=O)CCCCC(=O)N*,4032767157.0
*CC(*)Cc1cccc(C)c1,2932289415.0
*CC(*)c1ccccc1,2474507328.0
*OC(C)C(*)=O,2559011352.0
*C(=O)c1ccc2c(c1)C(=O)N(c1ccc(N3C(=O)c4ccc(*)cc4C3=O)nc1)C2=O,3533102195.0
*Oc1cccc(CCCCCCCCCCc2cccc(OC(*)=O)c2)c1,3343238106.0
*CCCCOC(=O)NCCCCCCNC(=O)O*,4561566223.0
*CC(*)C(=O)OC(OCC)C(F)(F)F,2238059130.0
*Oc1cccc2c(OC(=O)Oc3ccc(OC(*)=O)cc3)cccc12,3793210630.0
*Oc1ccc(Oc2ccc(Oc3ccc(S(=O)(=O)c4ccc(*)cc4)cc3)cc2)cc1,3161314728.0
*CCC(C)CO*,2724832110.0
*C(F)C(*)(F)OC(F)(F)F,2502408358.0
*CC(*)OCCCl,3180260915.0
*CCCCOC(=O)CCCCC(=O)O*,3890664844.0
*c1ccc(C(c2ccc(-c3nc4cc(-c5ccc6nc(*)[nH]c6c5)ccc4[nH]3)cc2)(C(F)(F)F)C(F)(F)F)cc1,3109585376.0
*CC(*)P(=O)(OCC)N(C)C,2686374423.0
*CC(*)OC(=O)CCCC(=O)c1ccccc1,3942492622.0
*c1ccc(S(*)(=O)=O)cc1,3483621018.0
*CC(*)C(=O)OC(F)(C(F)(F)F)C(F)(F)F,2046884719.0
*CC(*)(CC(=O)Oc1ccccc1)C(=O)Oc1ccccc1,2212545850.0
*NC1CCC(CC2CCC(NC(=O)CCCCCCCCCCCCC(*)=O)CC2)CC1,3961435611.0
*CCCCCCCCCCC(=O)N*,3499989337.0
*C(C)C(*)OC,2332119388.0
*c1ccc(Oc2ccc(-c3ccc(Oc4ccc(N5C(=O)c6ccc(Oc7ccc(C8(c9ccc(Oc%10ccc%11c(c%10)C(=O)N(*)C%11=O)cc9)CCC(c9ccccc9)CC8)cc7)cc6C5=O)cc4)cc3C)c(C)c2)cc1,3064394947.0
*c1ccc(Oc2ccc(N3C(=O)c4ccc(-c5cccc6c5C(=O)N(*)C6=O)cc4C3=O)cc2)cc1,3138984279.0
*Oc1ccc(OC(=O)Oc2ccc(-c3ccc(OC(*)=O)cc3)cc2)cc1,3814764473.0
*CC(O)COc1ccc(C(C)(C)c2ccc(O*)cc2)cc1,3731060052.0
*Oc1ccc(C2(c3ccc(OC(*)=O)cc3)c3ccccc3-c3ccccc32)cc1,2687014664.0
*Oc1ccccc1OC(=O)c1ccccc1/C=C/c1ccc(/C=C/c2ccccc2C(*)=O)cc1,3254247151.0
*CC(*)c1ccc(C(O)CCN2CCCCC2)cc1,3075568703.0
*CCOC(=O)NCC1(C)CC(NC(=O)O*)CC(C)(C)C1,3313565453.0
*Oc1c(-c2ccccc2)cc(*)cc1-c1ccccc1,2564389667.0
*CC(*)c1cc(Cl)ccc1Cl,2017112472.0
*c1ccc(Oc2ccc(N3C(=O)c4ccc(Oc5ccc(S(=O)(=O)c6ccc(Oc7ccc8c(c7)C(=O)N(*)C8=O)cc6)cc5)cc4C3=O)cc2)cc1,3981720635.0
*c1ccc2c(c1)C(=O)N(c1c(C)c(C)c(N3C(=O)c4ccc(C(*)(C(F)(F)F)C(F)(F)F)cc4C3=O)c(C)c1C)C2=O,1926719967.0
*c1ccc(Oc2ccc(-c3ccc(Oc4ccc(N5C(=O)c6ccc(-c7ccc8c(c7)C(=O)N(*)C8=O)cc6C5=O)cc4)cc3)cc2)cc1,3784292770.0
*c1ccc2c(c1)C(=O)N(c1ccc(C(c3ccc(C)c(N4C(=O)c5ccc(C(*)(C(F)(F)F)C(F)(F)F)cc5C4=O)c3)(C(F)(F)F)C(F)(F)F)cc1C)C2=O,1911559203.0
*Oc1ccc(C(C)(C)c2ccc(OC(=O)CCCCC(*)=O)cc2)cc1,4268758805.0
*CC(*)OC(=O)c1cccnc1,3339923300.0
*CC(*)C(=O)c1ccc(Br)c(OC)c1,2688111858.0
*Oc1ccc(C(C)(CCC#N)c2ccc(OC(*)=O)cc2)cc1,3704332399.0
*CC(*)c1ccccc1C,2794609495.0
*Oc1ccc(Oc2ccc(C(=O)c3ccc(C(=O)c4ccc(*)cc4)c4ccccc34)cc2)cc1,2913167441.0
*CC(*)C(=O)OCC(C)O,4351756849.0
*CC(*)NC(=O)OC(C)(C)C,2082257430.0
*c1ccc(Oc2cccc(Oc3ccc(N4C(=O)c5ccc(-c6cccc7c6C(=O)N(*)C7=O)cc5C4=O)cc3)c2)cc1,3929587190.0
*CC(*)C(=O)OC(C)C,2380634223.0
*CCCCCCCC(*)C,2534166723.0
*C(=O)Nc1cccc(NC(=O)c2ccc(N3C(=O)c4ccc(*)cc4C3=O)cc2)c1,3875427401.0
*Oc1cc(C(C)(C)C)c(Oc2ccc(C(=O)Nc3c(C)cc(Cc4cc(C)c(NC(=O)c5ccc(*)cc5)c(C(C)C)c4)cc3C(C)C)cc2)cc1C(C)(C)C,2654868586.0
*CC(*)c1ccc(C(=O)c2ccccc2)cc1,3373237093.0
*c1ccc(S(=O)(=O)c2ccc(N3C(=O)c4ccc(Oc5ccc6c(c5)C(=O)N(*)C6=O)cc4C3=O)cc2)cc1,3904459765.0
*CC(*)c1ccccc1C(=O)OCCN(C)C,2766297100.0
*NC(=O)c1ccc(C(=O)Nc2ccc(*)cc2)cc1,5053810718.0
*CC(*)C(=O)OCCCCCCC,2433889487.0
*CC(*)c1ccc(CCCCCCCCCCCC)cc1,2066121238.0
*c1ccc(N2C(=O)c3ccc(C(c4ccc5c(c4)C(=O)N(*)C5=O)(C(F)(F)F)C(F)(F)F)cc3C2=O)cc1,2808365283.0
*c1ccc(-c2ccc(-n3c(=O)c4cc5c(=O)n(*)c(=O)c5cc4c3=O)cc2OC(F)(F)F)c(OC(F)(F)F)c1,2871487775.0
*CC(*)C(=O)c1ccc(OC)cc1,3063925087.0
*Oc1ccc(C(C)(c2ccccc2)c2ccc(OC(=O)c3cccc(C(*)=O)c3)cc2)cc1,3088226955.0
*CC(*)CC,2500329090.0
*NC(CCC(=O)OC)C(*)=O,4812664259.0
*CC(*)C(=O)Oc1ccc(C(=O)OC)cc1,3307421433.0
*CC(*)c1ccc(C(=O)OCCC)cc1,2175107597.0
*Oc1ccc(C(C)(C)c2ccc(OC(*)=O)c(C(C)C)c2)cc1C(C)C,2880708481.0
*c1ccc(Oc2ccc(C(C)(C)c3ccc(Oc4ccc(N5C(=O)c6ccc(C(=O)c7ccc8c(c7)C(=O)N(*)C8=O)cc6C5=O)cc4)cc3)cc2)cc1,4038106500.0
*CC(*)(C)C(=O)OCCOC,2860698988.0
*CC(*)c1ccc(-c2ccc(-c3ccccc3)cc2)cc1,2658208965.0
*CC(*)OC(=O)c1ccc(OC(=O)CCC)cc1,2404498692.0
*CC(*)c1cccc(CC)c1,2115012345.0
*Oc1ccc2[nH]c(-c3ccc4c(c3)-c3cc(-c5nc6cc(*)ccc6[nH]5)ccc3S4(=O)=O)nc2c1,3444755859.0
*CC(*)C(=O)Oc1ccc(C#N)cc1,4226903663.0
*CC(*)c1ccc(OCCC)cc1,2037805646.0
*CC(*)CCCCCCCCCCCCC,2494758206.0
*CC(*)OC(=O)c1ccc(Br)cc1,2788314247.0
*c1cccc(Oc2ccc(N3C(=O)c4ccc(Oc5ccc6c(c5)C(=O)N(*)C6=O)cc4C3=O)cc2)c1,3974948374.0
*c1ccc(Oc2ccc3ccc(Oc4ccc(-n5c(=O)c6cc7c(=O)n(*)c(=O)c7cc6c5=O)cc4)cc3c2)cc1,3704630531.0
*CC(*)CCCN(CC(C)C)CC(C)C,2719797454.0
*OC(C)COC(*)=O,3566112628.0
*c1cccc(Oc2ccc(N3C(=O)c4ccc(-c5ccc6c(c5)C(=O)N(*)C6=O)cc4C3=O)cc2)c1,4118876958.0
*C(=O)c1ccc2c(c1)C(=O)N(c1ccc(N3C(=O)c4ccc(*)cc4C3=O)c(C)c1)C2=O,3629863441.0
*CC(*)c1ccc(F)cc1C,2311722688.0
*CC1(*)CCC(C)CC1,3003702215.0
*Oc1ccc(S(=O)(=O)c2ccc(Oc3ccc(Cc4ccc(*)cc4)cc3)cc2)cc1,3726093008.0
*/C=C(/*)c1ccc(C#C)cc1,2240651457.0
*CC(*)CCCCCCCCCCCC,2422366735.0
*c1ccc2c(c1)C(=O)N(c1ccc(Sc3ccc(Oc4ccc(Sc5ccc(N6C(=O)c7ccc(C(*)(C(F)(F)F)C(F)(F)F)cc7C6=O)cc5)cc4)cc3)cc1)C2=O,2862287819.0
*c1ccc2c(c1)-c1nc3cc(Oc4ccc5c(c4)nc4n5C(=O)c5cc(C(*)(C(F)(F)F)C(F)(F)F)ccc5-4)ccc3n1C2=O,2923145274.0
*CC(*)c1ccc(C(=O)OCCN(C)C)cc1,2623833157.0
*/C=C\CCC*,2183122795.0
*CC(*)(C)C(=O)OCCS(=O)CC,3349362503.0
*Oc1ccc(S(=O)(=O)c2ccc(Oc3ccc(C(C)(C)c4ccc(*)cc4)cc3[N+](=O)[O-])cc2)cc1,2809304797.0
*CC(*)c1ccc(C(O)CCN(C)C)cc1,3277107369.0
*CC(*)c1ccc(OCCCC)cc1,1928174529.0
*c1cccc(N2C(=O)c3ccc(-c4ccc5c(c4)C(=O)N(*)C5=O)cc3C2=O)c1,3489332712.0
*Nc1ccc(NC(=O)c2cc(C(*)=O)c(C(=O)OCC)cc2C(=O)OCC)cc1,3543827373.0
*CC(*)c1ccc(C(C)C)cc1C(C)C,1890004465.0
*CC(*)OCC(F)(F)F,2395830512.0
*C(=O)Nc1cccc(C#Cc2cccc(N3C(=O)c4ccc(*)cc4C3=O)c2)c1,3427223859.0
*CC(*)CNc1ccc([N+](=O)[O-])cc1C,4109965495.0
*CC(*)C(=O)c1ccccc1O,3134442664.0
*CC(*)(C)C(=O)OCc1cccc(Cl)c1Cl,2871305936.0
*OC1C(CO)OC(*)C(N)C1O,5932588331.0
*c1ccc2c(c1)C(=O)N(c1ccc(Oc3ccc(N4C(=O)c5ccc(C(C)(C)CCCCC(*)(C)C)cc5C4=O)cc3)cc1)C2=O,4153971740.0
*CCCCCCCCCSC(=O)S*,3325178159.0
*Oc1ccc(S(=O)(=O)c2ccc(Oc3ccc(-c4ccc(*)cc4)cc3)cc2)cc1,3588163806.0
*Oc1ccc(C(C)(C)c2ccc(C(C)(C)c3ccc(OC(*)=O)c(C)c3)cc2)cc1C,3019286088.0
*CCCCCCOC(=O)Nc1ccc(Cc2ccc(NC(=O)O*)cc2)cc1,4174658298.0
*Oc1ccc(C(C#N)(c2ccccc2)c2ccc(OC(*)=O)cc2)cc1,3322036493.0
*c1cccc(S(=O)(=O)NCCCCCCNS(*)(=O)=O)c1,5228158145.0
*C1CCC(CC2CCC(N3C(=O)C4C5C=CC(C6C(=O)N(*)C(=O)C56)C4C3=O)CC2)CC1,3973236260.0
*CC(*)OC(=O)c1ccc(C(C)(C)C)cc1,2240584094.0
*Oc1ccc(C(C)(C)c2ccc(OC(=O)c3cccc(C(*)=O)c3)cc2)cc1,3466136858.0
*NC(CCC(=O)OCCCCCC)C(*)=O,2611252158.0
*Oc1ccc(C(C)(C)c2ccc(OC(*)=O)c(C)c2)cc1C,3167461366.0
*c1ccc(C(=O)Nc2ccc(-n3c(=O)c4cc5c(=O)n(*)c(=O)c5cc4c3=O)cc2)cc1,4803161358.0
*CC(*)c1ccc(C)nc1,2233380331.0
*CCCCCCS(*)(=O)=O,4255624437.0
*C(=O)OCCOC(=O)c1ccc(*)o1,3529581655.0
*CC(*)Cc1cc(C)cc(C)c1,2534902624.0
*c1ccc(Oc2ccc(S(=O)(=O)c3ccc(Oc4ccc(N5C(=O)c6ccc(C(c7ccc8c(c7)C(=O)N(*)C8=O)(C(F)(F)F)C(F)(F)F)cc6C5=O)cc4)cc3)cc2)cc1,3603581352.0
*CC(*)c1ccc(CCCCCCCCC)cc1,2272406928.0
*c1ccc2c(c1)C(=O)N(c1ccc(Oc3ccc(N4C(=O)c5ccc(C(C)(C)CCCCCCCCC(*)(C)C)cc5C4=O)cc3)cc1)C2=O,3873697432.0
*C(=O)CCCCCCCCC(=O)N1CCN(*)CC1,4354829662.0
*CC(*)c1ccccc1COCCCC,2463033223.0
*CC(*)C(=O)N1CCCCC1,3190480132.0
*CC(*)CCCCCCCCC,2230989298.0
*CC(OC)C1C(=O)OC(=O)C1*,3956187277.0
*CC(*)C(=O)O,7766097863.0
*CCCCCCNC(=O)c1ccc(C2(C)CC(C)(C)c3ccc(C(=O)N*)cc32)cc1,3116026680.0
*C(=O)c1ccc2c(c1)C(=O)N(c1c(CC)cc(Cc3cc(CC)c(N4C(=O)c5ccc(*)cc5C4=O)c(CC)c3)cc1CC)C2=O,2449912881.0
*CC(*)SCCCC,2154651038.0
*C(=O)c1ccc2c(c1)C(=O)N(c1ccc(Oc3ccc(C(=O)c4cccc(C(=O)c5ccc(Oc6ccc(N7C(=O)c8ccc(*)cc8C7=O)cc6)cc5)c4)cc3)cc1)C2=O,3739975028.0
*CCCCOC(=O)c1ccc2cc(C(=O)O*)ccc2c1,3924547121.0
*C(=O)c1ccc2c(c1)C(=O)N(c1cccc(C(=O)N(C)c3ccc(N4C(=O)c5ccc(*)cc5C4=O)cc3)c1)C2=O,3658763550.0
*CC(*)C(=O)OC1CCCCCCCCCCC1,3782547181.0
*C(C)C(*)OC(C)(C)C,2242372017.0
*CCOC(=O)Nc1ccc(NC(=O)O*)cc1,4114899277.0
*CC(*)c1cc(C)c(C)cc1C,2499239492.0
*Oc1ccc(Sc2ccc(OC(*)=O)cc2)cc1,3646064449.0
*CCCCN(C)C(=O)c1ccc(C(=O)N(*)C)cc1,3748954790.0
*CC(*)OC(=O)c1cccc([N+](=O)[O-])c1,3779421400.0
*Sc1ccc(Cc2ccc(SC(*)=O)cc2)cc1,3434482026.0
*c1ccc(-c2nc3cc(-c4ccc5nc(-c6ccccc6)c(*)nc5c4)ccc3nc2-c2ccccc2)cc1,1965191764.0
*CC(*)C(=O)c1ccc(CCC)cc1,2345436277.0
*CCCCCCN1C(=O)c2ccc(Oc3ccc4c(c3)C(=O)N(*)C4=O)cc2C1=O,4418823961.0
*CC(*)CC(C)(C)CC,2991183895.0
*CC(*)(C)c1ccccc1,2490241595.0
*CC(*)C(=O)OCCCCCCCC,2337797654.0
*Oc1cc(C(C)(C)C)c(Oc2ccc(C(=O)Nc3ccc(C(c4ccc(NC(=O)c5ccc(*)cc5)cc4)(C(F)(F)F)C(F)(F)F)cc3)cc2)cc1C(C)(C)C,2044315791.0
*CC(*)OC(=O)c1ccc(Cl)cc1,2910650737.0
*C(=O)c1ccc2c(c1)C(=O)N(c1ccc(C3(c4ccc(N5C(=O)c6ccc(*)cc6C5=O)cc4)c4ccccc4-c4ccccc43)cc1)C2=O,2928783654.0
*Oc1cc(C(C)(C)C)c(Oc2ccc(C(=O)Nc3ccc(C(C)(C)c4ccc(NC(=O)c5ccc(*)cc5)c(C)c4)cc3C)cc2)cc1C(C)(C)C,2827325284.0
*c1c(C)cc(C(c2cc(C)c(N3C(=O)c4ccc(-c5ccc6c(c5)C(=O)N(*)C6=O)cc4C3=O)c(C)c2)c2cccc3ccccc23)cc1C,2347412558.0
*CCCCCNC(=O)O*,4372056774.0
*CC(*)c1ccccc1C(=O)O,3579983504.0
*c1ccc(-c2ccc(-n3c(=O)c4cc5c(=O)n(*)c(=O)c5cc4c3=O)cc2C(F)(F)F)c(C(F)(F)F)c1,2182243587.0
*c1cccc(Oc2ccc(N3C(=O)c4ccc(C(c5ccc6c(c5)C(=O)N(*)C6=O)(C(F)(F)F)C(F)(F)F)cc4C3=O)cc2)c1,3213713456.0
*c1ccc2c(c1)C(=O)N(c1ccc(Cc3ccc(N4C(=O)c5ccc(C(*)(C(F)(F)F)C(F)(F)F)cc5C4=O)cc3)cc1)C2=O,2800437018.0
*C(CC)C(*)CC,2255835010.0
*c1ccc(Cc2ccc(N3C(=O)C4CCC5C(=O)N(*)C(=O)C5C4C3=O)c(C)c2)cc1C,3435628955.0
*CC(*)c1ccc(C(C)(O)CCC)cc1,2835678653.0
*CC(*)OC(C)CC,2201283229.0
*CC(*)c1ccc(C(C)(O)CCCCC)cc1,2456421145.0
*CCCCCCCCCCCCNC(=O)CCCCCCCCCCCCCCCCCCC(=O)N*,2889717981.0
*c1ccc2c(c1)C(=O)N(c1ccc(Oc3ccc(N4C(=O)c5ccc(C(F)(F)C(F)(F)C(*)(F)F)cc5C4=O)cc3)cc1)C2=O,3287199329.0
*CC(*)c1ccc(OCC)cc1,2368205562.0
*CC(*)OCc1ccccc1,3073051193.0
*c1ccc2c(c1)C(=O)N(c1ccc(Oc3ccc(C(c4ccc(Oc5ccc(N6C(=O)c7ccc(C(*)(C(F)(F)F)C(F)(F)F)cc7C6=O)cc5)cc4)(C(F)(F)F)C(F)(F)F)cc3)cc1)C2=O,2785896427.0
*CCCCCCOC(=O)c1ccc(C(=O)O*)cc1,3238301005.0
*Oc1ccc(S(=O)(=O)c2ccc(Oc3ccc(C(=O)c4cc(I)cc(C(=O)c5ccc(*)cc5)c4)cc3)cc2)cc1,3690754150.0
*C(=O)c1ccc2c(c1)C(=O)N(c1c(C(C)C)cc(Cc3cc(C(C)C)c(N4C(=O)c5ccc(*)cc5C4=O)c(C(C)C)c3)cc1C(C)C)C2=O,2409312474.0
*c1ccc(Oc2ccc(Oc3ccc(N4C(=O)c5ccc(C(c6ccc7c(c6)C(=O)N(*)C7=O)(C(F)(F)F)C(F)(F)F)cc5C4=O)cc3)cc2)cc1,3326186912.0
*CCCCCCOC(=O)CCCCCCCC(=O)O*,3399000921.0
*C(F)(F)C(*)(F)OC(F)(F)F,2095113058.0
*CC(*)(CC(=O)OCCC1CCCCC1)C(=O)OCCC1CCCCC1,2932044006.0
*C(=O)Oc1ccc(OC(=O)c2ccc3c(c2)C(=O)N(c2ccc(C(=O)Oc4ccc(N5C(=O)c6ccc(*)cc6C5=O)cc4)cc2)C3=O)cc1,3701781804.0
*c1ccc(Cc2ccc(N3C(=O)c4ccc(Oc5ccc(C6(c7ccc(Oc8ccc9c(c8)C(=O)N(*)C9=O)cc7)CCCCCCCCCCC6)cc5)cc4C3=O)cc2)cc1,3912583682.0
*CC(*)c1cc(Br)ccc1OCCCCC,1413767707.0
*CC(*)c1ccc(C)c(C)c1,2207074010.0
*CC(*)Cc1ccccc1,3331812645.0
*CC(*)(C)C(=O)OCCC#N,4038650157.0
*c1ccc(C(=O)Oc2ccc(-n3c(=O)c4cc5c(=O)n(*)c(=O)c5cc4c3=O)cc2)cc1,5141644344.0
*CC(*)c1ccc(F)cc1,2068854998.0
*C(c1ccccc1)C(*)[N+](=O)[O-],1503036154.0
*c1ccc(-n2c(=O)c3cc4c(=O)n(*)c(=O)c4cc3c2=O)c(C)c1,3094514588.0
*C(=O)Nc1ccccc1NC(=O)c1ccc(N2C(=O)c3ccc(*)cc3C2=O)cc1,3826565645.0
*Oc1ccc(S(=O)(=O)c2ccc(OC(=O)c3ccc(C(*)=O)cc3)cc2)cc1,3870957741.0
*OC1C(COC(C)=O)OC(*)C(OC(C)=O)C1OC(C)=O,2395181471.0
*c1cccc(P(=O)(c2ccc(C(F)(F)F)cc2)c2cccc(-n3c(=O)c4cc5c(=O)n(*)c(=O)c5cc4c3=O)c2)c1,2980928532.0
*CC(*)(C)c1ccc(C(C)C)cc1,2068502851.0
*CC(*)C1CCC1,2798250965.0
*CC(*)OCC(C)(C)CC(C)C,2683206986.0
*CC(=C)COCC(=C)COC(=O)O*,2925625835.0
*/C(C)=C(/*)C(C)C,920801750.1
*CC(*)c1ccc(Cl)cc1C,2158707941.0
*CC(*)SCC,2501097814.0
*/C=C\CCCC*,2221658345.0
*CC(*)c1ccc(C(O)CCN2CCOCC2)cc1,4079241561.0
*c1ccc(S(=O)(=O)c2ccc(N3C(=O)c4ccc(C(c5ccc6c(c5)C(=O)N(*)C6=O)(C(F)(F)F)C(F)(F)F)cc4C3=O)cc2)cc1,2404672515.0
*C(F)(F)C(*)(OC(F)(F)F)OC(F)(F)F,1552498150.0
*CC(*)c1ccccc1OC,2324333305.0
*CC(*)c1ccc(I)cc1,2007753852.0
*CC(*)c1ccc(C(=O)OCC(C)C)cc1,2687180682.0
*C(=O)Nc1ccc(Oc2ccc(NC(=O)c3ccc4c(c3)C(=O)N(c3ccc(S(=O)(=O)c5ccc(N6C(=O)c7ccc(*)cc7C6=O)cc5)cc3)C4=O)cc2)cc1,4149467996.0
*CC(*)Cc1ccc(C)c(C)c1,2817904927.0
*c1ccc(Oc2ccc(Oc3ccc(N4C(=O)c5ccc(-c6ccc7c(c6)C(=O)N(*)C7=O)cc5C4=O)cc3)c(-c3ccccc3)c2)cc1,3410676762.0
*CC(*)CCc1ccc(C)cc1,3115947806.0
*Oc1ccc(S(=O)(=O)c2ccc(OC(*)=O)cc2)cc1,3648293160.0
*c1ccc(Oc2c(C)cc(-c3cc(C)c(Oc4ccc(N5C(=O)c6ccc(Oc7ccccc7Oc7ccc8c(c7)C(=O)N(*)C8=O)cc6C5=O)cc4C(F)(F)F)c(C)c3)cc2C)c(C(F)(F)F)c1,2954433157.0
*c1ccc2sc3ccc(-c4nc5cc(-c6ccc7[nH]c(*)nc7c6)ccc5[nH]4)cc3c2c1,2906301029.0
*CC(*)c1cc(C(C)C)ccc1C(C)C,1960816350.0
*CC1CCC(COC(=O)CCCCCCCCC(=O)O*)CC1,3743823671.0
*Oc1ccc(S(=O)(=O)c2ccc(*)cc2)cc1,3522996881.0
*CC(*)OC(=O)c1cccc(Cl)c1,2849035844.0
*CC(*)(CC(=O)OC1CCCCC1)C(=O)OC1CCCCC1,1692506996.0
*CC(*)c1ccncc1,3191263594.0
*c1ccc(Cc2ccc(N3C(=O)c4ccc(-c5ccc6c(c5)C(=O)N(*)C6=O)cc4C3=O)cc2)cc1,4076180886.0
*CC(*)C(=O)OCCc1ccccc1,3347119008.0
*CC(*)C1CC=CCC1,2238836564.0
*CCc1cc(C)c(*)cc1C,3182341933.0
*/C=C(/*)c1cccc(C#C)c1,2855260352.0
*CC(*)C(=O)Oc1ccc(Cl)cc1Cl,3009663615.0
*CCCCNC(=O)CCCCCCCCC(=O)N*,3865180353.0
*Oc1ccc(S(=O)(=O)c2ccc(Oc3ccc(C(=O)c4cc(C(=O)c5ccc(*)cc5)cc(C(C)(C)C)c4)cc3)cc2)cc1,3237748640.0
*c1ccc(Oc2ccccc2Oc2ccc(N3C(=O)c4ccc(-c5ccc6c(c5)C(=O)N(*)C6=O)cc4C3=O)cc2)cc1,3790504633.0
*C1C2CC(C)C(C2)C1*,2652759232.0
*c1ccc(C(C)(C)c2ccc(N3C(=O)c4ccc(Oc5ccc6c(c5)C(=O)N(*)C6=O)cc4C3=O)cc2)cc1,3694900865.0
*c1ccc(-c2ccc(N3C(=O)c4ccc(-c5ccc6c(c5)C(=O)N(*)C6=O)cc4C3=O)c(C)c2)cc1C,2529685499.0
*c1ccc(Oc2cccc3c(Oc4ccc(-n5c(=O)c6cc7c(=O)n(*)c(=O)c7cc6c5=O)cc4)cccc23)cc1,3598450020.0
*CC(*)OC=O,4369687829.0
*c1cccc(N2C(=O)c3ccc(C(c4ccc5c(c4)C(=O)N(*)C5=O)(C(F)(F)F)C(F)(F)F)cc3C2=O)c1,2766192657.0
*C(=O)c1ccc2c(c1)C(=O)N(c1ccc(-c3ccc(N4C(=O)c5ccc(*)cc5C4=O)cc3)cc1)C2=O,3684960841.0
*CCOC(=O)Nc1cccc2c(NC(=O)O*)cccc12,3964238224.0
*C(=O)c1ccc2c(c1)C(=O)N(c1c(C)c(C)c(N3C(=O)c4ccc(*)cc4C3=O)c(C)c1C)C2=O,2567451567.0
*CC(*)OC(=O)c1ccc(OC)cc1,2821725416.0
*CC(*)SC,3001179776.0
*CCCCOC(=O)NCC(F)(F)C(F)(F)C(F)(F)C(F)(F)CNC(=O)O*,4116006600.0
*OC(F)(F)C(F)(F)C(*)(F)F,2517390095.0
*Oc1ccc(C(C)(C)c2ccc(OC(=O)Sc3ccc(C(C)(C)c4ccc(SC(*)=O)cc4)cc3)cc2)cc1,3129293810.0
*CC(*)OC(=O)c1cccc(Br)c1,3374836956.0
*CC(*)OCCCCCCCCCCCCCCCCCC,2486537231.0
*c1ccc2c(c1)C(=O)N(c1c(C)cc(C(c3cc(C)c(N4C(=O)c5ccc(C(*)(C(F)(F)F)C(F)(F)F)cc5C4=O)c(C)c3)c3cccc4ccccc34)cc1C)C2=O,2223713310.0
*CC(*)C(=O)Oc1ccccc1,3508343325.0
*CC1(*)CCCCC1,3244007903.0
*CC(*)c1c(Cl)cccc1Cl,1940815944.0
*CC(*)c1cc(Br)ccc1OCC,2020473434.0
*Oc1ccc2c(c1)C1(CC2(C)C)CC(C)(C)c2ccc(OC(=O)c3ccc(C(*)=O)cc3)cc21,2870494124.0
*c1ccc(Oc2ccc(-c3ccc(Oc4ccc(N5C(=O)c6ccc(Oc7cccc(Oc8ccc9c(c8)C(=O)N(*)C9=O)c7)cc6C5=O)cc4)cc3)cc2)cc1,3830137979.0
*CCCCCCCCCCN1C(=O)C2C3C=CC(C4C(=O)N(*)C(=O)C34)C2C1=O,4004408771.0
*CCCCCCNC(=O)c1ccc(C(=O)N*)cc1,3912692816.0
*CC(*)c1ccccc1COCCc1ccccc1,2721888997.0
*c1ccc(Oc2c(C)cc(Cc3cc(C)c(Oc4ccc(N5C(=O)c6ccc(-c7ccc8c(c7)C(=O)N(*)C8=O)cc6C5=O)cc4)c(C)c3)cc2C)cc1,3144673563.0
*CCCCCCOC(=O)Nc1ccc(NC(=O)O*)cc1,4211757709.0
*Oc1ccc(C(C)(C)c2ccc(OC(=O)SCCCSC(*)=O)cc2)cc1,3299320531.0
*C(=O)c1ccc2c(c1)C(=O)N(c1ccc(Cc3ccc(N4C(=O)c5ccc(*)cc5C4=O)c(C)c3)cc1C)C2=O,3466690930.0
*Oc1ccc(C(c2ccccc2)(c2ccccc2)c2ccc(OC(*)=O)cc2)cc1,2627008463.0
*c1cc(CCCC)c(*)s1,2256378758.0
*CC(*)c1ccc(O)cc1,3895793571.0
*Oc1ccc(C(c2ccccc2)(c2ccccc2)c2ccc(OC(=O)c3cccc(C(*)=O)c3)cc2)cc1,2869891041.0
*c1ccc(Oc2ccc(NC(=O)CN3C(=O)c4ccc(C(c5ccc6c(c5)C(=O)N(CC(=O)Nc5ccc(Oc7ccc(-c8nnc(*)o8)cc7)cc5)C6=O)(C(F)(F)F)C(F)(F)F)cc4C3=O)cc2)cc1,3447219103.0
*C(=O)c1ccc2c(c1)C(=O)N(c1cccc(C(=O)Nc3ccc(N4C(=O)c5ccc(*)cc5C4=O)cc3)c1)C2=O,4469268878.0
*C(=O)Oc1ccc(OC(=O)c2ccc3c(c2)C(=O)N(C2CCC(N4C(=O)c5ccc(*)cc5C4=O)CC2)C3=O)cc1,3856528350.0
*c1ccc(-c2ccc(N3C(=O)c4ccc(-c5ccc6c(c5)C(=O)N(*)C6=O)cc4C3=O)cc2C(F)(F)F)c(C(F)(F)F)c1,2204368290.0
*CC(*)c1ccc(OCCC(C)C)cc1,2521820952.0
*CC(*)(CC)C(=O)OCC,2082632532.0
*Oc1ccc(S(=O)(=O)c2ccc(Oc3ccc(C(C)(C)c4ccc(*)c(C(O)(C(F)(F)F)C(F)(F)F)c4)cc3C(O)(C(F)(F)F)C(F)(F)F)cc2)cc1,2689249077.0
*C=CC1CCC(*)C1,2239557870.0
*/C=C/CCC*,1741803474.0
*CC(*)C(=O)OCC,2914355859.0
*c1cccc(P(=O)(c2ccccc2)c2cccc(-n3c(=O)c4cc5c(=O)n(*)c(=O)c5cc4c3=O)c2)c1,3097979758.0
*CC(*)c1ccc(C(=O)OC)cc1,2456014968.0
*C([2H])([2H])C(*)(C(=O)OC([2H])([2H])[2H])C([2H])([2H])[2H],2340800084.0
*CC(*)c1ccc(C(=O)CCCCCCC)cc1,2578552054.0
*CC(*)(C)C(=O)OC1CCCCC1,2700321441.0
*CCCCCCCCCn1c(=O)c2cc3c(=O)n(*)c(=O)c3cc2c1=O,4226945961.0
*CC(*)(CC(=O)OCC1CCCCC1)C(=O)OCC1CCCCC1,2556878009.0
*c1ccc(-n2c(=O)c3cc4c(=O)n(*)c(=O)c4cc3c2=O)cc1,3625074615.0
*c1ccc(Oc2ccc(Oc3ccc(-n4c(=O)c5cc6c(=O)n(*)c(=O)c6cc5c4=O)cc3)cc2-c2ccccc2)cc1,3163193507.0
*NC(CCC(=O)OCc1ccccc1)C(*)=O,3491241872.0
*CCCCCCCCCCCCNC(=O)CCCCCCCCCCC(=O)N*,3402255895.0
*C=CC(C*)OC,2593097373.0
*CC(*)OC(=O)c1ccc(OC(C)=O)cc1,2782073800.0
*c1ccc(Oc2ccc(C3(c4ccc(Oc5ccc(N6C(=O)c7ccc(Oc8ccc(C9(c%10ccc(Oc%11ccc%12c(c%11)C(=O)N(*)C%12=O)cc%10)CCC(c%10ccccc%10)CC9)cc8)cc7C6=O)cc5)cc4)CC4CC3C3CCCC43)cc2)cc1,3264565911.0
*CC(*)c1ccc(C(=O)N2CCOCC2)cc1,3343611167.0
*Oc1ccc(C(=O)Nc2cccc(C(O)Cc3ccc(NC(=O)c4ccc(*)cc4)cc3)c2)cc1,4605296857.0
*CC(*)(C)CC,3280112964.0
*CC(*)c1cccc(Cl)c1,1909925845.0
*CC(*)c1ccc(Cl)cc1Cl,1839064324.0
*CCCCCCCCCCCCSC(=O)S*,3200787954.0
*c1ccc(-c2ccc(N3C(=O)c4ccc(-c5cccc6c5C(=O)N(*)C6=O)cc4C3=O)c(C)c2)cc1C,2522368095.0
*CC(*)c1ccccc1COCCCCC,2267395855.0
*C1CCC(CC2CCC(N3C(=O)C4C5C=CC(C6C(=O)N(*)C(=O)C56)C4C3=O)C(C)C2)CC1C,3547981862.0
*c1ccc(Oc2ccc(N3C(=O)c4ccc(-c5ccc6c(c5)C(=O)N(*)C6=O)cc4C3=O)cc2)cc1,3813634384.0
*CC(*)C(=O)OCC(F)(F)C(F)(F)C(F)(F)F,2279544936.0
*CC(*)(C)C(=O)OCC(C)C,2447415565.0
*C(=O)c1ccc2c(c1)C(=O)N(c1ccc(Oc3c(C)cc(Cc4cc(C)c(Oc5ccc(N6C(=O)c7ccc(*)cc7C6=O)cc5)c(C)c4)cc3C)cc1)C2=O,3418941754.0
*c1cccc(P(=O)(c2ccc(C(F)(F)F)cc2)c2cccc(-n3c(=O)c4c(-c5cc(C(F)(F)F)cc(C(F)(F)F)c5)c5c(=O)n(*)c(=O)c5c(-c5cc(C(F)(F)F)cc(C(F)(F)F)c5)c4c3=O)c2)c1,1369918272.0
*c1ccc2c(c1)C(=O)N(c1cccc(Oc3ccc(S(=O)(=O)c4ccc(Oc5cccc(N6C(=O)c7ccc(C(*)(C(F)(F)F)C(F)(F)F)cc7C6=O)c5)cc4)cc3)c1)C2=O,2982723987.0
*Oc1ccc(-c2ccc(OC(=O)CCCCCCCCC(*)=O)cc2)cc1,3609782640.0
*CCOC(=O)CCCCCCCCC(=O)O*,3588367146.0
*CC(*)C#N,5912139120.0
*Oc1cccc2ccc(OC(=O)c3ccccc3/C=C/c3ccc(/C=C/c4ccccc4C(*)=O)cc3)cc12,3040960596.0
*CC(*)C(=O)OCC=C,2577645210.0
*CC(*)OC(=O)CCCCCCCCC,2276551846.0
*CCCCCCOC(=O)CCCCCCCCC(=O)O*,3668954902.0
*c1cccc2c(N3C(=O)c4ccc(-c5ccc6c(c5)C(=O)N(*)C6=O)cc4C3=O)cccc12,1916161057.0
*c1ccc(Oc2cccc(Oc3ccc(N4C(=O)c5ccc(Oc6ccc7c(c6)C(=O)N(*)C7=O)cc5C4=O)cc3)c2)cc1,3785200016.0
*Oc1ccc(-c2ccc(OC(=O)CCCCCCCCCCCCC(*)=O)cc2)cc1,3237726830.0
*c1cccc(Oc2cccc(Oc3cccc(N4C(=O)c5ccc(-c6cccc7c6C(=O)N(*)C7=O)cc5C4=O)c3)c2)c1,2906095338.0
*c1ccc(Oc2cc(C(C)(C)C)ccc2Oc2ccc(-n3c(=O)c4cc5c(=O)n(*)c(=O)c5cc4c3=O)cc2)cc1,3280025296.0
*CC(*)C(=O)OCC(C)C,2819254261.0
*CC(*)c1ccc(C#N)cc1,2794517371.0
*C(F)(F)C(*)(F)Cl,3527834289.0
*C(*)C(=O)OCCC,2100937306.0
*c1ccc(Oc2ccc(Oc3ccc(N4C(=O)c5ccc(Oc6ccc(C7(c8ccc(Oc9ccc%10c(c9)C(=O)N(*)C%10=O)cc8)CCC(c8ccccc8)CC7)cc6)cc5C4=O)cc3)c(C(C)(C)C)c2)cc1,3463799346.0
*Cc1ccc(-c2ccc(C(=O)O*)cc2)cc1,3549503802.0
*CCCCCCCCCCC(=O)N(*)C,3237013155.0
*CCCCCCNC(=O)CCCCC(=O)N*,4446220840.0
*CCCOC(=O)c1ccc(C(=O)O*)cc1,4339311755.0
*c1ccc(Oc2ccc(Oc3ccc(N4C(=O)c5ccc(-c6ccc7c(c6)C(=O)N(*)C7=O)cc5C4=O)cc3)c(C(C)(C)C)c2)cc1,3396707316.0
*c1cccc(N2C(=O)c3ccc(Oc4ccc5c(c4)C4(CC(C)(C)c6ccc(Oc7ccc8c(c7)C(=O)N(*)C8=O)cc64)CC5(C)C)cc3C2=O)c1,2620147067.0
*CC(*)OC(C)=O,2792032956.0
*CC(*)c1ccccc1C(=O)OC,2150645252.0
*c1cccc(Oc2ccc(N3C(=O)c4ccc(C(=O)c5ccc6c(c5)C(=O)N(*)C6=O)cc4C3=O)cc2)c1,3755748141.0
*c1cc(Br)c(OC(=O)c2ccc(C(=O)Oc3c(Br)cc(C4(*)OC(=O)c5ccccc54)cc3Br)cc2)c(Br)c1,2271575885.0
*CC(*)(C)C(=O)OCCBr,2716905807.0
*CCOCC(=O)O*,4609262149.0
*CS*,3476335284.0
*CC(*)C(=O)C1CCCCC1,2583173288.0
*CC(*)(C)C(=O)OCc1ccc(Cl)cc1,2940690457.0
*CC(*)n1c2ccccc2c2ccccc21,2308110111.0
*CCCCOC(=O)c1ccc(C(=O)O*)cc1,3879953975.0
*C=CCCCCCCCCCC*,2417201336.0
*/C=C/C1CC(*)C2C(=O)N(CCCCC)C(=O)C12,2663701726.0
*CCC(C)C(*)C,2997521163.0
*CC(*)C(=O)Oc1ccc(-c2ccccc2)cc1,3635382971.0
*CC(C)(CCC)C(=O)O*,2542986985.0
*Oc1ccc(C(C)(c2ccccc2)c2ccc(OC(*)=O)cc2)cc1,3282341443.0
*CCCCCCNC(=O)c1cccc(C(=O)N*)c1,4368675598.0
*CC(*)C(=O)OC(C(F)(F)F)C(F)(F)F,2304416596.0
*CC(*)(C)C(=O)OCC(=O)c1ccccc1,3632763422.0
*Oc1c(Br)cc(C(C)(C)c2cc(Br)c(OC(*)=O)c(Br)c2)cc1Br,2743583258.0
*/C=C/*,2067025249.0
*c1ccc(Oc2cccc(N3C(=O)c4ccc(-c5cccc6c5C(=O)N(*)C6=O)cc4C3=O)c2)cc1,3369772087.0
*c1ccc(Oc2ccccc2Oc2ccc(N3C(=O)c4ccc(Oc5ccccc5Oc5ccc6c(c5)C(=O)N(*)C6=O)cc4C3=O)cc2C(F)(F)F)c(C(F)(F)F)c1,3204198354.0
*CC(*)(C)c1ccc2ccccc2c1,2235231569.0
*CC(*)c1cc(Br)ccc1OCCC(C)C,2094204024.0
*c1ccc(Oc2ccc(N3C(=O)c4ccc(C(c5ccc6c(c5)C(=O)N(*)C6=O)(C(F)(F)F)C(F)(F)F)cc4C3=O)cc2)cc1,3140306481.0
*Oc1ccc(S(=O)(=O)c2ccc(OC(=O)c3ccccc3/C=C/c3ccc(/C=C/c4ccccc4C(*)=O)cc3)cc2)cc1,3574198769.0
*C1Oc2ccccc2C1*,2041306593.0
*c1ccc(-c2ccc(N3C(=O)c4ccc(-c5ccc6c(c5)C(=O)N(*)C6=O)cc4C3=O)cc2)cc1,3948933876.0
*CC(*)OC1CCCCC1,2874643249.0
*CC(*)c1ccc(C(=O)c2ccc(OC)cc2)cc1,3184711112.0
*CC(*)CCC1CCCCC1,3305700153.0
*CC(*)(CC(=O)Oc1ccc(OCCCCCCC)cc1)C(=O)Oc1ccc(OCCCCCCC)cc1,2229605023.0
*CC(*)(C)C(=O)OCc1cc(Cl)ccc1Cl,2859009318.0
*CC(*)(C)C(=O)OCc1ccccc1Cl,2976795986.0
*CC(*)(C)C(=O)Oc1c(C)cccc1C,2760702255.0
*c1ccc(C(c2ccccc2)(c2ccc(-n3c(=O)c4cc5c(=O)n(*)c(=O)c5cc4c3=O)cc2)C(F)(F)F)cc1,2324499409.0
*Oc1ccc(-c2ccc(OC(=O)CCCCCCCCCCC(*)=O)cc2)cc1,2857168200.0
*CCOC(=O)CCC(=O)O*,4986922017.0
*CC(*)c1ccc(Oc2ccccc2)cc1,2964814987.0
*Oc1ccc2c(c1)C1(CC2(C)C)CC(C)(C)c2ccc(OC(=O)c3cccc(C(*)=O)c3)cc21,3115171200.0
*c1ccc(Oc2ccc(Oc3ccc(N4C(=O)c5ccc(Oc6cccc7c6C(=O)N(*)C7=O)cc5C4=O)cc3)cc2)cc1,3703537783.0
*c1ccc(-c2ccc(N3C(=O)c4ccc(-c5cccc6c5C(=O)N(*)C6=O)cc4C3=O)cc2C(F)(F)F)c(C(F)(F)F)c1,2169034808.0
*CC(*)N1CCNC1,3933109464.0
*CC(*)c1ccc(S(=O)(=O)OCCC)cc1,2818794187.0
*C1CCC(*)C1,3233111019.0
*c1ccc(Oc2ccc(Oc3ccc(N4C(=O)C5CCC6C(=O)N(*)C(=O)C6C5C4=O)cc3)cc2)cc1,4098820244.0
*c1ccc(Sc2ccc(N3C(=O)c4ccc(-c5ccc6c(c5)C(=O)N(*)C6=O)cc4C3=O)cc2)cc1,3829482425.0
*CC(*)c1cccs1,2802018858.0
*Oc1c(C)cc(C(C)(C)c2cc(C)c(OC(*)=O)c(C)c2)cc1C,2332875791.0
*CC(*)OC(=O)c1ccc(OCC)cc1,2663584164.0
*c1ccc(Oc2cccc(Oc3ccc(N4C(=O)c5ccc(C(=O)c6ccc7c(c6)C(=O)N(*)C7=O)cc5C4=O)cc3)c2)cc1,4136994492.0
*CC(*)(C)C(=O)OCc1ccc(Cl)c(Cl)c1,2794987090.0
*c1cccc(P(=O)(c2cccc(-n3c(=O)c4cc5c(=O)n(*)c(=O)c5cc4c3=O)c2)c2cc(C(F)(F)F)cc(C(F)(F)F)c2)c1,2263702464.0
*CC(*)c1ccc(OC(C)=O)cc1,2672856492.0
*CC(*)OC(=O)C1(F)C(F)(F)C(F)(F)C(F)(F)C(F)(F)C1(F)F,2315560809.0
*CC(*)C(=O)OCCC#N,5118664504.0
*CC(*)c1cc(Br)ccc1OC(C)C,1816460004.0
*CC(*)CCC(C)CC,2434337805.0
*CC(*)(C)C(=O)OCC,2351727356.0
*CC(*)(CC(=O)OCCCCCCCCC)C(=O)OCCCCCCCCC,2427072791.0
*CC(*)CCCCCC,2197677004.0
*CC(*)P(=O)(Oc1ccccc1)N(C)C,2392993688.0
*C(F)(F)C(*)(F)OC(F)C(F)F,2241585534.0
*CC(*)c1ccc(C(=O)N2CCCCC2)cc1,2654565401.0
*CC(*)N1CCCC1=O,3120947957.0
*CC(*)OC(=O)CCCCCCC,2375828080.0
*C(*)C(=O)OC,2569277514.0
*CCCCCCOC(=O)c1ccc(-c2ccc(C(=O)O*)cc2)cc1,3253530141.0
*CC(*)c1cccc2ccccc12,2306736046.0
*CC(*)C(C)C,2309333121.0
*CC(*)OC(=O)CCCCCCCCCCC,2583153362.0
*Cc1cc(C(C)(C)c2ccc3c(c2)CN(C)CO3)cc(CN(*)C)c1O,3424675138.0
*CCCC(=O)N*,5463803474.0
*CC(=O)N*,7351667523.0
*c1ccc(Sc2ccc(-n3c(=O)c4cc5c(=O)n(*)c(=O)c5cc4c3=O)cc2)cc1,3792338911.0
*CC1(C)CC(*)(C)C(=O)OC1=O,4096540211.0
*CCCCCCCCCC(=O)N*,3792490477.0
*CCOC(=O)c1ccc(-c2ccc(C(=O)O*)cc2)cc1,3851046061.0
*C(=O)Nc1ccc(NC(=O)c2ccc(N3C(=O)c4ccc(*)cc4C3=O)cc2)cc1,4354490115.0
*Cc1cccc(CNC(=O)CCCCC(=O)N*)c1,5139044264.0
*c1cccc(P(=O)(c2cccc(-n3c(=O)c4c(-c5cc(C(F)(F)F)cc(C(F)(F)F)c5)c5c(=O)n(*)c(=O)c5c(-c5cc(C(F)(F)F)cc(C(F)(F)F)c5)c4c3=O)c2)c2cc(C(F)(F)F)cc(C(F)(F)F)c2)c1,1809424333.0
*c1ccc2c(c1)C(=O)N(c1ccc(Oc3c(C)cc(Cc4cc(C)c(Oc5ccc(N6C(=O)c7ccc(C(*)(C(F)(F)F)C(F)(F)F)cc7C6=O)cc5)c(C)c4)cc3C)cc1)C2=O,2690987696.0
*CC(*)C(=O)OC(F)(C(F)(F)F)C(F)(F)Cl,1789555856.0
*c1ccc2c(c1)C(=O)N(c1ccc(Oc3ccc4ccc(Oc5ccc(N6C(=O)c7ccc(C(*)(C(F)(F)F)C(F)(F)F)cc7C6=O)cc5)cc4c3)cc1)C2=O,3111273960.0
*CCC=C(*)CCC,2190256533.0
*CC(*)OC(=O)c1ccccc1Cl,3365498623.0
*CC(*)c1ccc(Cl)c(F)c1,1944664031.0
*CCCSS*,2734301393.0
*CC(*)(C)C(=O)OCCCCCCN(C)c1ccc(/N=N/c2ccc(S(C)(=O)=O)cc2)cc1,4108683031.0
*CC(*)(F)C(C)=O,3794318000.0
*CC(*)C1CC1,2410150327.0
*CC(*)CCCCCCCCCCC,2232573581.0
*CC(OC)C(C(=O)O)C(*)C(=O)O,5921160021.0
*c1ccc(Oc2ccc(N3C(=O)c4ccc(Oc5ccc(C(c6ccc(Oc7ccc8c(c7)C(=O)N(*)C8=O)cc6)(C(F)(F)F)C(F)(F)F)cc5)cc4C3=O)cc2)cc1,3495914493.0
*CCC1CCCC1*,3095424335.0
*CC(*)OC(C)C,2391684571.0
*c1ccc(Oc2ccc(S(=O)(=O)c3ccc(Oc4ccc(-n5c(=O)c6cc7c(=O)n(*)c(=O)c7cc6c5=O)cc4)cc3)cc2)cc1,3539028845.0
*C(F)(F)C(*)(F)OC(F)(F)C(F)(F)F,1428882034.0
*c1ccc(Oc2ccc(C(c3ccc(Oc4ccc(N5C(=O)c6ccc(-c7ccc8c(c7)C(=O)N(*)C8=O)cc6C5=O)cc4)cc3)(C(F)(F)F)C(F)(F)F)cc2)cc1,3560372194.0
*Nc1ccc(*)cc1,4321105817.0
*CCCNC(=O)Cc1ccc(C(=O)N*)cc1,5073582797.0
*CC(*)CC1CCCC1,2825329841.0
*CC(*)c1ccc(COCCO)cc1,3352061246.0
*c1ccc(-c2ccc(-c3ccc(-n4c(=O)c5cc6c(=O)n(*)c(=O)c6cc5c4=O)cc3)cc2)cc1,2729036908.0
*CC(c1ccccn1)C(c1ccccc1)C(*)c1ccccn1,2272399729.0
*CC(*)C(=O)c1ccc(C(C)C)cc1,2411094152.0
*c1ccc(N2C(=O)c3ccc(C(=O)c4ccc5c(c4)C(=O)N(*)C5=O)cc3C2=O)cc1,3667718097.0
*c1ccc(N2C(=O)c3ccc(-c4ccc5c(c4)C(=O)N(*)C5=O)cc3C2=O)c(C)c1,3471301284.0
*c1ccc(Cc2ccc(-n3c(=O)c4cc5c(=O)n(*)c(=O)c5cc4c3=O)c(C)c2)cc1C,3496222443.0
*Nc1cccc(C(O)Cc2ccc(NC(=O)c3ccc(C(*)=O)cc3)cc2)c1,4879130801.0
*CCOC(=O)c1cccc(C(=O)O*)c1,4181702589.0
*CC(*)C(=O)OCCC,2206494604.0
*c1ccc(C(c2ccc(-c3nc4ccc(-c5ccc6nc(*)[nH]c6c5)cc4[nH]3)cc2)(C(F)(F)F)C(F)(F)F)cc1,2673692227.0
*C(=O)Nc1cccc(NC(=O)/C=C/c2cccc(N3C(=O)c4ccc(*)cc4C3=O)c2)c1,3716160830.0
*CC(*)CNc1ccc([N+](=O)[O-])cc1[N+](=O)[O-],5322015187.0
*c1ccc(Oc2cc3ccccc3cc2Oc2ccc(N3C(=O)c4ccc(S(=O)(=O)c5ccc6c(c5)C(=O)N(*)C6=O)cc4C3=O)cc2)cc1,3311722851.0
*NC1CC(C)(C)CC(C)(CNC(=O)CCCCC(*)=O)C1,4031688613.0
*CC(*)c1ccc(C)cc1C,2261298512.0
*CC(*)c1c(F)c(F)c(F)c(F)c1F,2301288934.0
*/C=C\*,2800524577.0
*CC(*)c1ccc(Cl)c(Cl)c1,1800372609.0
*CC(*)OC(=O)C1CCCCC1,2634238079.0
*CC(*)(CC(=O)OCCCC)C(=O)OCCCC,2353997408.0
*CC(*)c1ccccc1F,1937181930.0
*C(F)(F)C(F)(F)C1(F)C(*)(F)OC(F)(F)C1(F)F,2621970752.0
*C(=O)NCCCCCCNC(=O)c1ccc(N2C(=O)c3ccc(*)cc3C2=O)cc1,4662660024.0
*c1ccc(Oc2ccc(C3(c4ccc(Oc5ccc(N6C(=O)c7ccc(Oc8ccccc8Oc8ccc9c(c8)C(=O)N(*)C9=O)cc7C6=O)cc5C(F)(F)F)cc4)c4ccccc4-c4ccccc43)cc2)c(C(F)(F)F)c1,2600310576.0
*OC1C(CO)OC(*)C(O)C1O,5446384923.0
*C(=O)c1ccc2c(c1)C(=O)N(c1ccc(Oc3ccc(-c4ccc(Oc5ccc(N6C(=O)c7ccc(*)cc7C6=O)cc5)cc4)cc3)cc1)C2=O,3196318426.0
*CC(*)C(=O)OCc1ccc(C#N)cc1,3440654345.0
*CC(*)OC(=O)CC1CCCC1,2774396547.0
*CCS*,2837736480.0
*CC1CC(*)C(OC(=O)CCCCCCCCCCOc2ccc(-c3ccc(C#N)cc3)cc2)C1OC(=O)CCCCCCCCCCOc1ccc(-c2ccc(C#N)cc2)cc1,3256926659.0
*CC1CC(*)OC(CCC)O1,2580969489.0
*CC(*)CCc1ccccc1,3247849786.0
*CC(*)c1ccc(COCCOCCCCCCCC)cc1,2066533608.0
*c1ccc(-c2nc3cc(-c4ccc5nc(*)c(-c6ccccc6)nc5c4)ccc3nc2-c2ccccc2)cc1,2142934636.0
*Oc1ccc(OC(=O)c2ccc(-c3ccc(C(*)=O)cc3)cc2)cc1C,3525567446.0
*Oc1ccc(C(=O)CCCCCCCCC(=O)c2ccc(OC(*)=O)cc2)cc1,4101289636.0
*CC(*)O[N+](=O)[O-],4461466878.0
*CC(*)C(N)=O,7230985891.0
*CC(*)CCCCCCCCCC,2347855392.0
*CC(*)OC(=O)C(F)(F)C(F)(F)C(F)(F)C(F)(F)C(F)(F)F,2343945316.0
*CCCCCCN1C(=O)c2ccc(C(c3ccc4c(c3)C(=O)N(*)C4=O)(C(F)(F)F)C(F)(F)F)cc2C1=O,2699948949.0
*CCOC(=O)c1ccc2cc(C(=O)O*)ccc2c1,3783144764.0
*c1ccc(Oc2ccc(Oc3ccc(N4C(=O)c5ccc(-c6ccc7c(c6)C(=O)N(*)C7=O)cc5C4=O)cc3)cc2)cc1,3387407838.0
*c1ccc(Oc2ccc(-c3ccc(Oc4ccc(-n5c(=O)c6cc7c(=O)n(*)c(=O)c7cc6c5=O)cc4)cc3)cc2)cc1,3765384995.0
*Oc1ccc(C2(c3ccc(OC(*)=O)cc3)CCCCC2)cc1,3523558398.0
*C(=O)Oc1ccc(C(C)(C)c2ccc(OC(=O)c3ccc4c(c3)C(=O)N(c3ccc(-c5ccc(N6C(=O)c7ccc(*)cc7C6=O)cc5)cc3)C4=O)cc2)cc1,4106876381.0
*C(=O)c1ccc2c(c1)C(=O)N(c1cc(C(c3ccc(O)c(N4C(=O)c5ccc(*)cc5C4=O)c3)(C(F)(F)F)C(F)(F)F)ccc1O)C2=O,3095790444.0
*CC(*)OC(=O)c1ccc(CC)cc1,2258854439.0
*CC(*)C(=O)OCCCCCCCCCCCC,2479269925.0
*c1ccc(-c2nc3cc(-c4ccc5nc(*)c(-c6ccc7ccccc7c6)nc5c4)ccc3nc2-c2ccc3ccccc3c2)cc1,2379762386.0
*Oc1ccc2c(c1)nc1n2C(=O)c2ccc(-c3ccc4c(c3)C(=O)n3c-4nc4ccc(*)cc43)cc2-1,3592434898.0
*CC(*)OCC(C)(C)CC,2305150212.0
*CC(*)Cc1ccccc1C,2744415284.0
*CC(*)c1cc(C(C)(C)C)ccc1C,2087895041.0
*CC(*)c1ccc(N(C)C)cc1,2736501356.0
*CCCCCCOC(=O)Nc1ccc(C)c(NC(=O)OCCCCCCOc2ccc(-c3ccc(O*)cc3)cc2)c1,3878722335.0
*Oc1ccc(S(=O)(=O)c2ccc(Oc3ccc(C(=O)c4cccc(C(=O)c5ccc(*)cc5)c4)cc3)cc2)cc1,3498355359.0
*c1ccc(Oc2ccc(N3C(=O)c4ccc(Oc5ccc6c(c5)C(=O)N(*)C6=O)cc4C3=O)cc2)cc1,4384654190.0
*CCC=C(*)C(C)C,2468276940.0
*CC(*)Cc1cc(C)ccc1C,2507105676.0
*c1cccc(Oc2ccc(-n3c(=O)c4cc5c(=O)n(*)c(=O)c5cc4c3=O)cc2)c1,4014814813.0
*c1ccc(Oc2ccc(Oc3ccc(N4C(=O)c5ccc(Oc6ccc7c(c6)C(=O)N(*)C7=O)cc5C4=O)cc3)cc2)cc1,3880141476.0
*Oc1ccc(-c2ccc(OC(=O)CCCCCCCCCCCC(*)=O)cc2)cc1,2989076255.0
*CC(*)CCCCCCCCCO,3449573905.0
*CC(*)(C)C#N,5333238048.0
*c1ccc(Oc2ccc(Oc3ccc(N4C(=O)c5ccc(Oc6ccc(C7(c8ccc(Oc9ccc%10c(c9)C(=O)N(*)C%10=O)cc8)CCC(C(C)(C)C)CC7)cc6)cc5C4=O)cc3)c(C(C)(C)C)c2)cc1,3459779359.0
*CC(*)c1ccc(CCCCCCCC)cc1,2201867084.0
*CCCC=C(*)c1ccc(OC)cc1,2976150997.0
*c1ccc(-c2ccc(-n3c(=O)c4cc5c(=O)n(*)c(=O)c5cc4c3=O)c(OC)c2)cc1OC,2051675321.0
*CC(*)C(=O)Oc1c(Cl)c(Cl)c(Cl)c(Cl)c1Cl,2411095349.0
*CC(CC(*)(C#N)C(=O)OC)c1ccccc1,2870086836.0
*CC(*)OC(=O)C(F)(F)C(F)(F)F,2340978991.0
*Oc1ccc(C(CCC)(CCC)c2ccc(OC(*)=O)c(C)c2)cc1C,2048543384.0
*C(C)C(*)C,2479554982.0
*CCCCCC(=O)N*,4718982342.0
*C(=O)c1ccc2c(c1)C(=O)N(c1cccc(N3C(=O)c4ccc(*)cc4C3=O)c1C)C2=O,3091262226.0
*Oc1ccc(NC(=O)c2ccc(C(c3ccc(C(=O)O)c(C(=O)Nc4cc(*)ccc4N)c3)(C(F)(F)F)C(F)(F)F)cc2C(=O)O)c(N)c1,3860889098.0
*c1cccc(N2C(=O)c3ccc(Oc4ccc(C(C)(C)c5ccc(Oc6ccc7c(c6)C(=O)N(*)C7=O)cc5)cc4)cc3C2=O)c1,3719451391.0
*CC(*)c1ccccc1CC,2338315880.0
*c1ccc(Oc2ccc(Oc3ccc(N4C(=O)c5ccc(Oc6ccccc6Oc6ccc7c(c6)C(=O)N(*)C7=O)cc5C4=O)cc3C(F)(F)F)cc2)c(C(F)(F)F)c1,2983771659.0
*CC(*)(CC(=O)OC)C(=O)OC,2840130031.0
*CC(*)C(=O)OCc1ccccc1,3372019776.0
*c1cccc(S(=O)(=O)c2cccc(N3C(=O)c4ccc(Oc5ccc(S(=O)(=O)c6ccc(Oc7ccc8c(c7)C(=O)N(*)C8=O)cc6)cc5)cc4C3=O)c2)c1,3613970998.0
*CC(*)c1ccc(C(C)(O)CC)cc1,2614080310.0
*C([2H])([2H])C(*)([2H])c1c([2H])c([2H])c([2H])c([2H])c1[2H],2067982470.0
*c1ccc(Oc2ccc(C(=O)c3ccc(Oc4ccc(C5(*)OC(=O)c6ccccc65)cc4)cc3)cc2)cc1,3756261154.0
*c1cccc(-c2nc3cc(-c4ccc5nc(*)c(-c6ccc7ccccc7c6)nc5c4)ccc3nc2-c2ccc3ccccc3c2)c1,2028674013.0
*CC(*)c1ccc(COCCCCO)cc1,3771915836.0
*c1cc(C(c2ccc(O)c(N3C(=O)c4ccc(Oc5ccc6c(c5)C(=O)N(*)C6=O)cc4C3=O)c2)(C(F)(F)F)C(F)(F)F)ccc1O,3442364161.0
*CC(*)(CC(=O)OCCCCCCC)C(=O)OCCCCCCC,2389731618.0
*CC(*)c1ccc(CCCCCC)cc1,2190053956.0
*c1ccc(Oc2c(C)cc(C(c3cc(C)c(Oc4ccc(N5C(=O)c6ccc(-c7ccc8c(c7)C(=O)N(*)C8=O)cc6C5=O)cc4)c(C)c3)c3cccc4ccccc34)cc2C)cc1,2659999168.0
*CC(*)c1cc(F)ccc1F,1763680554.0
*Oc1ccc(C(c2ccc(OC(*)=O)cc2)(C(F)(F)F)C(F)(F)F)cc1,2684243108.0
*CC*,2689138059.0
*c1ccc(Oc2cccc3c(Oc4ccc(N5C(=O)c6ccc(Oc7ccc8c(c7)C(=O)N(*)C8=O)cc6C5=O)cc4)cccc23)cc1,3935563882.0
*CC(*)C(=O)OCCCCCCCCCCCCCCCC,2408547463.0
*Oc1ccc2ccc(OC(=O)c3ccccc3/C=C/c3ccc(/C=C/c4ccccc4C(*)=O)cc3)cc2c1,3182657863.0
*CC(*)OCCC,2303284968.0
*CC(*)(C)C(=O)OCCO,3743484423.0
*CC(*)(C)C(C)=O,2868288689.0
*CCCCCCNC(=O)N*,3762855121.0
*CC(*)(C)C(=O)OC(C)(C)C,1681763097.0
*CCC=C(*)C,2580134993.0
*CC(*)(C)c1ccc(C)cc1,2170174729.0
*CC(*)c1ccccc1Cl,1966085543.0
*CC(*)c1ccc(-c2ccccc2)cc1,2442926795.0
*CC(*)OC(=O)c1ccccc1OC(C)=O,3181618786.0
*CCc1ccc(*)c(Cl)c1,3288420521.0
*c1cccc(P(=O)(c2ccccc2)c2cccc(-n3c(=O)c4c(-c5ccccc5)c5c(=O)n(*)c(=O)c5c(-c5ccccc5)c4c3=O)c2)c1,2117925652.0
*CC(*)CC(C)C,2395293933.0
*c1ccc(Cc2ccc(N(*)Cc3ccccc3)cc2)cc1,3437968182.0
*c1ccc(Oc2cccc(Oc3ccc(N4C(=O)c5ccc(-c6ccc7c(c6)C(=O)N(*)C7=O)cc5C4=O)cc3)c2)cc1,4073673115.0
*CC(*)C(=O)N(C)C,3108795607.0
*c1ccc(-c2ccc(-n3c(=O)c4cc5c(=O)n(*)c(=O)c5cc4c3=O)c(C)c2)cc1C,1981828342.0
*CC(*)C(=O)OCCO,5094194840.0
*CCCCCCCC(=O)N*,3932469346.0
*CCCCCCCCCCOC(=O)c1ccc(C(=O)NCCNC(=O)c2ccc(C(=O)O*)cc2)cc1,3924977280.0
*CC(*)C(=O)Oc1ccccc1C(=O)OC,3540168395.0
*CC(*)(C)C,4100197687.0
*CC(*)OC(=O)c1ccccc1OC,3178415039.0
*CCOC(=O)c1ccc(C(=O)O*)c2ccccc12,4433086588.0
*c1ccc2c(c1)C(=O)N(c1ccc(Cc3ccc(N4C(=O)c5ccc(C(F)(F)C(F)(F)C(*)(F)F)cc5C4=O)cc3)cc1)C2=O,3434229050.0
*CC(*)c1ccc(C(=O)CCCCC)cc1,2594603380.0
*CC(*)c1ccccc1COC,2402472377.0
*CC(*)(C)OC,2615501362.0
*CC(*)c1ccc(C(=O)OC(C)C)cc1,2597709818.0
*C1CC2CC1C(*)C2CCCCCC,2155393450.0
*CC(*)C1CCCCC1,2412054197.0
*Oc1ccc(C(C)(C)c2ccc(OC(=O)c3ccc(C(=O)c4ccc(C(*)=O)cc4)cc3)cc2)cc1,3403208770.0
*CCCCCCNC(=O)c1ccc(-c2ccc(C(=O)N*)cc2)cc1,4272452519.0
*Cc1ccc(COC(=O)O*)cc1,3812927311.0
*C(=O)c1ccc2c(c1)C(=O)N(c1cccc(OCCOCCOc3cccc(N4C(=O)c5ccc(*)cc5C4=O)c3)c1)C2=O,4519866251.0
*Oc1ccc(OC(=O)c2cc(OCCCCCCCCCCCC)c(C(*)=O)cc2OCCCCCCCCCCCC)cc1,2937271650.0
*N=P(*)(OCC(F)(F)F)OCC(F)(F)F,1714160277.0
*c1ccc(Oc2ccc(C(C)(C)c3ccc(Oc4ccc(N5C(=O)c6ccc(-c7ccc8c(c7)C(=O)N(*)C8=O)cc6C5=O)cc4)cc3)cc2)cc1,3555651815.0
*CC(*)CCCC,2337311246.0
