SMILES,Calculated glass CTE (10-6/K)
*CC(*)c1ccc(C(=O)OC)cc1,255.823395207269
*C(=O)Nc1ccc(C2(c3ccc(NC(=O)c4ccc(C5(c6ccc(*)cc6)OC(=O)c6ccccc65)cc4)cc3)NC(=O)c3ccccc32)cc1,130.655080387815
*OC(=O)Oc1ccc(Sc2ccc(*)cc2)cc1,202.130637311931
*NC(=O)c1ccc2c(c1)C(=O)N(c1ccc(Cc3ccc(*)cc3)cc1)C2=O,131.960239165959
*OC(=O)Oc1ccc(C(CCC)(CCC)c2ccc(*)cc2)cc1,223.709715835411
*C(F)(F)c1ccc(C(*)(F)F)cc1,247.831361384501
*NCCCCCCNC(=O)CCCCC(*)=O,336.942101408393
*c1ccc(-c2cnc3ccc(C(=O)c4ccc5ncc(*)nc5c4)cc3n2)cc1,121.197551173509
*CC(*)c1ccc(C(C)CC)cc1,417.909725366426
*Oc1ccc(Sc2ccc(Oc3ccc4c(c3)C(=O)N(c3cccc(N5C(=O)c6ccc(*)cc6C5=O)c3)C4=O)cc2)cc1,134.888740975491
*CC(*)(Cl)C(=O)OCC,199.109397229522
*C(=O)Oc1ccc(C2(c3ccc(OC(=O)c4ccc(C5(c6ccc(*)cc6)OC(=O)c6ccccc65)cc4)cc3)OC(=O)c3ccccc32)cc1,160.050752114378
*NCCCCCC(*)=O,342.40538701648
*CC(*)(Cl)C(=O)OC(C)C,239.276789851294
*CC(*)c1ccc(OCCCC)cc1,469.784058722416
*CC(*)(C)C(=O)OC(C)C,293.010211213002
*c1ccc(C(=O)c2ccccc2N2C(=O)c3ccc(C(c4ccc5c(c4)C(=O)N(*)C5=O)(C(F)(F)F)C(F)(F)F)cc3C2=O)cc1,133.344695968175
*CCC[Si](*)(c1ccc(C)cc1)c1ccc(C)cc1,347.394072810819
*CC(*)c1ccccn1,222.636450973866
*Oc1ccc(-n2c(=O)c3cc4c(=O)n(-c5ccc(*)cc5)c(=O)c4cc3c2=O)cc1,126.393260758123
*Oc1ccc(Oc2ccc(Oc3ccc4c(c3)C(=O)N(c3cccc(N5C(=O)c6ccc(*)cc6C5=O)c3)C4=O)cc2)cc1,133.382457569523
*Oc1ccc(*)cc1,249.475089915941
*CC(*)c1ccc(Br)cc1,226.724625650547
*Oc1cccc(*)c1,357.906704021379
*CC(*)c1ccc(Cl)cc1C,243.15324639114
*Oc1ccc(C(=O)c2ccc(Oc3ccc4c(c3)C(=O)N(c3cccc(N5C(=O)c6ccc(*)cc6C5=O)c3)C4=O)cc2)cc1,120.249082320707
*CC(*)(F)C(F)(F)F,279.637309369222
*OC(=O)Oc1ccc(C(=C(Cl)Cl)c2ccc(*)cc2)cc1,189.283318591333
*c1ccc(C(=O)c2ccc(N3C(=O)c4ccc(Oc5ccc(Sc6ccc(Oc7ccc8c(c7)C(=O)N(*)C8=O)cc6)cc5)cc4C3=O)cc2)cc1,140.493837291203
*c1ccc(Oc2ccc(-c3nc4ccc(Oc5ccc6nc(*)c(-c7ccccc7)c(-c7ccccc7)c6c5)cc4c(-c4ccccc4)c3-c3ccccc3)cc2)cc1,174.378634520773
*CC(*)c1ccc(C)cc1C,279.40207578259
*CC(*)Cl,356.401679621304
*C(=O)Nc1ccc(C2(c3ccc(NC(=O)c4ccc(C5(c6ccc(*)cc6)OC(=O)c6ccccc65)cc4)cc3)OC(=O)c3ccccc32)cc1,132.798487547982
*CC(*)c1ccc(Cl)c(C)c1,272.441014690476
*C(=O)c1ccc(-n2c(=O)c3cc4c(=O)n(-c5ccc(*)cc5)c(=O)c4cc3c2=O)cc1,111.482810962958
*OC(=O)Oc1ccc(C(C)(C)c2ccc(*)cc2Cl)c(Cl)c1,172.956069164131
*Oc1ccc(S(=O)(=O)c2ccc(Oc3ccc(S(=O)(=O)c4ccc(*)cc4)cc3)cc2)cc1,138.85202342582
*c1cccc(-c2cc(-c3ccc(Oc4ccc(-c5cc(*)nc6ccccc56)cc4)cc3)c3ccccc3n2)c1,150.634956527912
*CC(*)c1ccc(Cl)cc1,246.119298584579
*CC(*)c1cccc2ccccc12,200.571090970537
*OC(=O)Oc1ccc(C(C)c2ccc(*)cc2)cc1,227.792904913161
*CC(*)c1ccccc1CO,203.967941446107
*CC(*)(C)C(=O)OCCC(C)(C)C,280.679571749467
*CC(*)(C)C(=O)OCC(C)(C)C,301.188871393146
*CC(*)C(F)(F)F,385.34800418506
*Nc1cccc(NC(=O)c2cccc(C(*)=O)c2)c1,119.776071837797
*OC(=O)Oc1ccc(C2(c3ccc(*)cc3)CCCC2)cc1,216.846782588444
*CC(*)(C)C(=O)OC(C)CC,365.817063030406
*c1ccc(-c2ccc(-c3cc(-c4ccccc4)c4cc(Oc5ccc6nc(*)cc(-c7ccccc7)c6c5)ccc4n3)cc2)cc1,156.26281359826
*CC(*)OC=O,257.104587857783
*CC(*)c1ccc(OC)cc1C,277.971899696936
*CC(*)(C)C(=O)OCC,213.486089072907
*Oc1ccc(S(=O)(=O)c2ccc(Oc3ccc(C(C)(C)c4ccc(*)cc4)cc3)cc2)cc1,186.773324062074
*CC(*)CC(C)C,484.398991633133
*CC(*)c1ccc(Cl)cc1Cl,207.5060864557
*CC(*)c1ccccc1F,257.552717608181
*Sc1ccc(*)cc1,307.567067205978
*CC(*)(C)C(=O)OCC(C)C,357.181762734761
*CC(*)CCC1CCCCC1,392.104032355372
*c1ccc(Oc2ccc(-c3nc4ccccc4c(-c4ccc(Oc5ccc(-c6c(-c7ccccc7)c(*)nc7ccccc67)cc5)cc4)c3-c3ccccc3)cc2)cc1,176.631456619569
*NCc1ccc(CNC(=O)CCCCCCCCC(*)=O)cc1,311.563623623058
*Oc1cccc(Oc2cccc(-n3c(=O)c4cc5c(=O)n(-c6cccc(*)c6)c(=O)c5cc4c3=O)c2)c1,128.918583545848
*CC(*)c1ccccc1C,245.474632189458
*CC(*)Cc1ccccc1,421.934687417838
*CC(*)(C)C(=O)OCCC,375.185626407113
*NCc1cccc(CNC(=O)CCCCC(*)=O)c1,195.421234053456
*Nc1ccc(NC(=O)c2ccc(C(*)=O)cc2)cc1,125.445383462487
*CC(*)c1cc(Cl)ccc1Cl,157.026047165498
*NCCCCCCCCCCCC(*)=O,463.28845140578
*CC(*)(C)C(=O)OCCCl,252.764716852684
*CC(*)(C)c1ccc(C)cc1,211.980393959401
*CC(*)c1cccc(Cl)c1,286.429007423509
*CC(*)(C)C#N,213.088090690907
*c1cccc(C(=O)c2cccc(N3C(=O)c4ccc(Oc5ccc(Sc6ccc(Oc7ccc8c(c7)C(=O)N(*)C8=O)cc6)cc5)cc4C3=O)c2)c1,139.272241753651
*OC(=O)Oc1c(Cl)cc(C(C)(C)c2ccc(*)cc2)cc1Cl,175.055595956114
*CC(*)(C)C(=O)OCCO,202.762267445051
*OC(=O)Oc1ccc(Cc2ccc(*)cc2)cc1,229.80992516839
*NCCCCCCC(*)=O,340.440591285407
*c1ccc(-c2nnc(-c3cccc(-c4nnc(*)n4-c4ccccc4)c3)n2-c2ccccc2)cc1,149.347123440212
*NCCCCCCCCCCC(*)=O,451.364041438503
*c1ccc(C(=O)c2cccc(N3C(=O)c4ccc(C(c5ccc6c(c5)C(=O)N(*)C6=O)(C(F)(F)F)C(F)(F)F)cc4C3=O)c2)cc1,121.479877600473
*CC(*)c1cc(C)ccc1C,275.582125199072
*c1ccc(Oc2ccc(-c3cc(-c4ccccc4)c4cc(Oc5ccc6nc(*)cc(-c7ccccc7)c6c5)ccc4n3)cc2)cc1,161.160353772129
*CC(*)c1ccc(OCC)cc1,367.777697938698
*CC1CC(*)OCO1,180.077972848408
*C(F)(F)C(*)(F)c1c(F)c(F)c(F)c(F)c1F,217.844751033745
*c1ccc(-c2ccc(-c3nc4ccc(Oc5ccc6nc(*)c(-c7ccccc7)c(-c7ccccc7)c6c5)cc4c(-c4ccccc4)c3-c3ccccc3)cc2)cc1,161.102431418419
*Cc1ccc(C*)c(C)c1,267.84390393576
*CC(*)C#N,196.320663568717
*OC(=O)Oc1ccc(C(c2ccc(*)cc2)(C(F)(F)F)C(F)(F)F)cc1,188.329574813097
*c1ccc(N2C(=O)c3ccc(Oc4ccc5c(c4)C(=O)N(*)C5=O)cc3C2=O)cc1,114.055627066581
*CC(*)c1cccc(C)c1,308.765109489516
*Oc1ccc(C(C)(C)c2ccc(Oc3ccc4c(c3)C(=O)N(c3cccc(N5C(=O)c6ccc(*)cc6C5=O)c3)C4=O)cc2)cc1,180.333787952763
*OC(=O)Oc1ccc(C(CCC)c2ccc(*)cc2)cc1,274.659370860952
*CC(*)C(C)C=O,271.682868476467
*OC(=O)Oc1ccc(C2(c3ccc(*)cc3)CC3CCC2C3)cc1,185.156388801862
*c1ccc(-c2cc(-c3ccccc3)c3cc(Oc4ccc5nc(*)cc(-c6ccccc6)c5c4)ccc3n2)cc1,156.503599736503
*CC(*)C1CCCCC1,272.142165980087
*Cc1cc(C)c(C*)cc1C,233.111150255328
*NCCCCCCNC(=O)CCCCCCCCC(*)=O,409.948947397139
*CC(*)C(=O)NCCCC,443.720311345778
*Oc1ccc(Oc2ccc(C(=O)c3ccc(*)cc3)cc2)cc1,164.277831013592
*OC(=O)Oc1c(Cl)cc(C(C)(C)c2cc(Cl)c(*)c(Cl)c2)cc1Cl,160.11668675412
*CC(*)c1ccc(OCCC)cc1,426.621611490324
*CC(*)c1ccc(C)cc1,310.986838744793
*CC(*)C(C)C,386.883222097674
*CC(*)c1cc(C)cc(C)c1,320.000611913574
*OC(=O)Oc1ccc(C(C)(CCC)c2ccc(*)cc2)cc1,220.708180444453
*CC(*)C(=O)O,276.813001817377
*c1ccc(C(=O)c2ccccc2N2C(=O)c3ccc(Oc4ccc(Sc5ccc(Oc6ccc7c(c6)C(=O)N(*)C7=O)cc5)cc4)cc3C2=O)cc1,142.802993649028
*c1ccc(C(=O)c2ccc(N3C(=O)c4ccc(C(c5ccc6c(c5)C(=O)N(*)C6=O)(C(F)(F)F)C(F)(F)F)cc4C3=O)cc2)cc1,123.596383809692
*CC(*)c1c(F)c(F)c(F)c(F)c1F,268.321846963847
*CC(*)(C)c1ccccc1,166.056370605356
*c1cccc(C(=O)c2cccc(N3C(=O)c4ccc(C(c5ccc6c(c5)C(=O)N(*)C6=O)(C(F)(F)F)C(F)(F)F)cc4C3=O)c2)c1,123.270115986589
*OC(=O)Oc1ccc(C(c2ccc(*)cc2)C(C)C)cc1,224.967660480699
*Oc1c(C)cc(*)cc1C,245.387279886955
*CCOC(=O)c1ccc(C(=O)O*)c2ccccc12,190.061170617789
*OC(=O)Oc1ccc(C(C)(C)c2ccc(*)c(C)c2)cc1Cl,162.280882594863
*c1ccc(Oc2ccc(-c3cc(-c4ccc(Oc5ccc(-c6cc(*)nc7ccccc67)cc5)cc4)c4ccccc4n3)cc2)cc1,159.382438273077
*c1ccc(-c2nc3cc(-c4ccc5nc(-c6ccccc6)c(*)nc5c4)ccc3nc2-c2ccccc2)cc1,149.457350850334
*Oc1ccc(C(C)(C)c2ccc(OC(*)=O)cc2)cc1,177.280548011915
*C(=O)Oc1ccc(-c2ccc(OC(=O)c3ccc(C4(c5ccc(*)cc5)OC(=O)c5ccccc54)cc3)cc2)cc1,161.957357517351
*NCCCCCCCCC(*)=O,418.348415831815
*Oc1ccc(C(*)=O)cc1,146.341370784613
*CC(*)C1CCCC1,348.622581059489
*CC(*)c1ccncc1,170.099480017402
*OC(=O)Oc1ccc(C(C)(CC)c2ccc(*)cc2Cl)c(Cl)c1,194.669029503942
*OC(=O)Oc1ccc(C(C)(C)c2ccc(*)cc2)cc1Cl,189.884775794741
*CC(*)c1ccc(Cl)c(Cl)c1,180.461697279171
*CC(*)(C)C(=O)OC,157.518926451628
*Cc1ccc(C*)c(Br)c1,215.950985358565
*Cc1ccc(C*)cc1,293.146415937913
*OC(=O)Oc1ccc(C(C)(CC)c2ccc(*)cc2C)c(C)c1,222.0814671453
*CC(*)c1ccc(F)cc1,132.909011432067
*CC(*)(Cl)C(=O)OCCCC,451.157159867883
*c1ccc(Oc2ccc(-c3cnc4cc5ncc(*)nc5cc4n3)cc2)cc1,138.90346135221
*CCC[Si](*)(c1ccccc1)c1ccc(N(C)C)cc1,344.938281259015
*Oc1ccc(Oc2ccc(Oc3ccc4c(c3)C(=O)N(CCCCCCN3C(=O)c5ccc(*)cc5C3=O)C4=O)cc2)cc1,215.751348596293
*CCOC(=O)c1cccc(C(=O)O*)c1,306.463047978101
*CC(*)OC(=O)C(F)(F)F,345.741121071134
*CC1CC(*)OC(CCC)O1,393.252764357153
*CC(*)c1cccc(CO)c1,227.290733038906
*CC(*)C(F)(F)C(F)(F)C(F)(F)F,246.26011224048
*OC(=O)c1ccc(C(=O)Oc2ccc(C(C)(C)c3ccc(*)c(C)c3)cc2C)cc1,182.167075545426
*CC(*)C(F)(F)C(F)(F)F,402.082961557394
*OC(=O)Oc1c(Br)cc(C(C)(C)c2cc(Br)c(*)c(Br)c2)cc1Br,145.49841727141
*[Si](*)(C)C1CCCCC1,275.889820946727
*NCCCCCCCCCC(*)=O,428.651595965917
*OC(=O)Oc1ccc(C(C)(CC)c2ccc(*)cc2)cc1,206.14513782712
*Oc1ccc(-c2ccc(Oc3ccc4c(c3)C(=O)N(c3cccc(N5C(=O)c6ccc(*)cc6C5=O)c3)C4=O)cc2)cc1,128.082141648978
*CC(*)N1CCCC1=O,227.931125222796
*CC(*)c1cc(C(C)(C)C)ccc1C,194.631344421046
*c1ccc(-c2nc3cc4nc(*)c(-c5ccccc5)nc4cc3nc2-c2ccccc2)cc1,159.737210760609
*OC(=O)Oc1cc(C)c(C(C)(C)c2c(C)cc(*)cc2C)c(C)c1,184.547730282649
*[Si](*)(C)c1ccccc1,216.003729684557
*CC(*)OC(C)=O,324.76521887819
*Oc1ccc(-c2ccc(Oc3ccc(S(=O)(=O)c4ccc(*)cc4)cc3)cc2)cc1,174.897275867174
*C(F)(F)C(*)(F)c1ccccc1,186.919555815771
*CCOC(=O)c1ccc(O*)cc1,242.33178127897
*OC(=O)Oc1ccc(C2(c3ccc(*)cc3)CCCCC2)cc1,195.751087635048
*OCC(O)COc1cccc(NC(=O)CCCC(=O)Nc2cccc(*)c2)c1,183.154730783763
*C(F)(F)C(*)(F)Cl,225.403774723835
*CCOC(=O)c1cccc2c(C(=O)O*)cccc12,198.667615877523
*CC(*)c1ccc(-c2ccccc2)cc1,191.993095869578
*OC(=O)Oc1ccc(C2(c3ccc(*)cc3)CC3CC2C2CCCC32)cc1,194.531369212644
*CC(*)c1ccc(OC)cc1,301.492521177884
*CC(COc1ccccc1)O*,372.178315130054
*CC(*)c1ccc(C)c(C)c1,301.165214589314
*CC(*)(Cl)C(=O)OCCC,344.48092462816
*CC(*)(C)C(=O)OC(C)(C)C,248.590784534021
*NCCCCCCCC(*)=O,406.119713916327
*CC(*)c1ccc2ccccc2c1,212.143997650465
*CC(*)c1ccccc1,216.803970277598
*CC(*)(C)C(=O)Oc1ccccc1,204.939218235628
*NCCCCCCNC(=O)c1cccc(C(*)=O)c1,230.719688342974
*CC(*)c1ccc(C(C)C)cc1,398.990677516038
*CC(*)c1cc(C)ccc1F,287.460275232098
*CC(*)C(=O)C(C)C,403.047956677883
*C(=O)Nc1ccc(Oc2ccc(NC(=O)c3ccc(C4(c5ccc(*)cc5)OC(=O)c5ccccc54)cc3)cc2)cc1,142.229057899303
*CC(*)(C)C(=O)OC1CCCCC1,252.848779800172
*c1cccc(-c2nc3cc4nc(*)c(-c5ccccc5)nc4cc3nc2-c2ccccc2)c1,154.534402227402
*OC(=O)Oc1ccc(C(c2ccc(*)cc2)(C(F)(F)Cl)C(F)(F)Cl)cc1,172.01631799061
*CC(*)c1ccc(Cl)c(F)c1,246.275193301603
*CC(*)c1ccccc1CC,299.770171251393
*c1cccc(-c2nc3ccccc3c(-c3ccc(Oc4ccc(-c5c(-c6ccccc6)c(*)nc6ccccc56)cc4)cc3)c2-c2ccccc2)c1,172.819534797077
*c1ccc(-c2cnc3ccc(Oc4ccc5ncc(*)nc5c4)cc3n2)cc1,131.331028357065
*CC(*)CC1CCCCC1,218.990163188387
*Oc1cccc(OC(=O)c2cccc(C(*)=O)c2)c1,247.68956933176
*CC(*)O,179.333751863697
*c1ccc(-c2cnc3ccc(-c4ccc5ncc(*)nc5c4)cc3n2)cc1,126.180936533947
*c1ccc(-c2nc3ccc(Oc4ccc5nc(*)c(-c6ccccc6)c(-c6ccccc6)c5c4)cc3c(-c3ccccc3)c2-c2ccccc2)cc1,174.346968953484
*OC(=O)c1ccc(C(=O)Oc2ccc(C(C)(C)c3ccc(*)cc3)cc2)cc1,183.085804072435
*CC(*)c1ccc(COC)cc1,417.412642274968
*CC(*)(Cl)C(=O)OC1CCCCC1,243.175793454669
*Oc1c(-c2ccccc2)cc(*)cc1-c1ccccc1,207.924464970668
*O[Si](c1ccccc1)(c1ccccc1)c1cccc(*)c1,399.009345356846
*Cc1ccc(C*)c(C#N)c1,258.892794877314
*CC(*)n1c2ccccc2c2ccccc21,206.648265875629
*CC(*)c1ccc(C(C)(C)C)cc1,343.586686840165
*CC(*)c1ccc(CO)cc1,221.399181275307
*Cc1ccc(C*)c(Cl)c1,242.323373377095
*CC(*)c1ccccc1Cl,196.791982327935
*c1ccc(-c2cnc3ccc(S(=O)c4ccc5ncc(*)nc5c4)cc3n2)cc1,119.546089588137
*c1ccc(-c2ccc(-c3ccc(-c4cnc5ccc(-c6ccc7ncc(*)nc7c6)cc5n4)cc3)cc2)cc1,143.221137582814
*OCC(O)COc1ccc(C(C)(C)c2ccc(*)cc2)cc1,284.164105522934
*CC(*)C(=O)OC(C)(C)C,368.595628727013
*OCCOC(=O)c1ccc2cc(C(*)=O)ccc2c1,177.596803782131
*CC(*)(Cl)C(=O)OC(C)CC,328.589340476989
*OC(=O)Oc1ccc(C(C)(c2ccccc2)c2ccc(*)cc2)cc1,197.283380517452
*CC(*)CC1CCCC1,322.281731077269
*c1ccc(C(=O)c2cccc(N3C(=O)c4ccc(Oc5ccc(Sc6ccc(Oc7ccc8c(c7)C(=O)N(*)C8=O)cc6)cc5)cc4C3=O)c2)cc1,137.627895179611
*C(F)(F)C1(F)C(F)(F)C(*)(F)C(F)(F)C1(F)F,248.771096992239
*OCC1CCC(COC(=O)c2ccc(C(*)=O)cc2)CC1,225.3313849341
*NCCCCCCCCCCNC(=O)CCCCCCCCC(*)=O,437.370823871113
*CC(*)(C#N)C(=O)OC,168.378439986171
*C(F)(F)C(*)(F)C(F)(F)F,221.040557728707
*CC(*)c1ccc(OCCC(C)C)cc1,404.659761491465
*c1ccc(N2C(=O)c3ccc(C(=O)c4ccc5c(c4)C(=O)N(*)C5=O)cc3C2=O)cc1,104.314790080574
*CC(*)OC(=O)CCl,294.393255443298
*CC(*)c1cc(F)ccc1F,254.460586530782
*CC(*)(C)C(=O)OCC(C)O,238.460585600608
*c1cccc(C(=O)c2cccc(N3C(=O)c4ccc(C(=O)c5ccc6c(c5)C(=O)N(*)C6=O)cc4C3=O)c2)c1,111.627370947085
*CCOC(=O)c1ccc(C(=O)O*)cc1,210.012210711608
