SMILES,volume_expansion
*C(=O)c1ccc2c(c1)C(=O)N(c1cc(C(c3ccc(O)c(N4C(=O)c5ccc(*)cc5C4=O)c3)(C(F)(F)F)C(F)(F)F)ccc1O)C2=O,0.000174226
*CC(*)c1ccccc1COCCCCC,0.000633888
*CC(*)(C)C(=O)OCc1cc(Cl)cc(Cl)c1,0.000343662
*Oc1ccc(C(C)(C)c2ccc(OC(*)=O)cc2)cc1,0.000287418
*c1ccc2c(c1)C(=O)N(c1ccc(Oc3ccc(N4C(=O)c5ccc(C(C)(C)CCCCC(*)(C)C)cc5C4=O)cc3)cc1)C2=O,0.000174416
*c1ccc(-c2sc(-c3ccc(-n4c(=O)c5cc6c(=O)n(*)c(=O)c6cc5c4=O)cc3)c(-c3ccccc3)c2-c2ccccc2)cc1,0.000214117
*Oc1ccc(C(CCC)(CCC)c2ccc(OC(*)=O)cc2)cc1,0.000236789
*CC(*)(C)C(=O)OCCCCCC,0.00040784
*NC(CCC(=O)OC)C(*)=O,0.000253118
*CC(*)OC(=O)c1ccc(OCC)cc1,0.000374807
*CC(*)C(=O)Oc1ccc(OC)cc1,0.000491565
*c1cccc(Oc2ccc(-n3c(=O)c4cc5c(=O)n(*)c(=O)c5cc4c3=O)cc2)c1,0.000157747
*C1Oc2ccccc2C1*,0.000192237
*CC(*)OC(=O)c1ccc(OC(=O)CCC)cc1,0.000620527
*C(=O)c1ccc2c(c1)C(=O)N(c1c(C)c(C)c(N3C(=O)c4ccc(*)cc4C3=O)c(C)c1C)C2=O,0.000192234
*CCCCCCCCCCCCC(=O)N*,0.00034564
*CC(*)c1ccc(C(=O)O)c(C(=O)O)c1,0.000102406
*CC(*)CCCCC,0.000521237
*CCC1CCCC1*,0.00032099
*c1ccc(C(C)(C)c2ccc(C(C)(C)c3ccc(N4C(=O)c5ccc(Oc6ccc7c(c6)C(=O)N(*)C7=O)cc5C4=O)cc3)cc2)cc1,0.000189675
*CC(*)c1cc(Br)ccc1OCC,0.000348076
*CC(*)C(=O)OCCC,0.000619771
*Oc1c(C)cc(C(C)(C)c2cc(C)c(OC(*)=O)c(C)c2)cc1C,0.000486089
*CC(*)C(=O)OC,0.000370965
*c1ccc(Oc2cccc(Oc3ccc(N4C(=O)c5ccc(C(=O)c6ccc7c(c6)C(=O)N(*)C7=O)cc5C4=O)cc3)c2)cc1,0.000194155
*CC(*)c1c(Cl)cccc1Cl,0.000358696
*CC(CCl)O*,0.000351321
*CC(*)C(CC)CC,0.000399265
*CCC1CC2C(CC(*)C2OC(=O)CCCCCCCCCCOc2ccc(-c3ccc(C#N)cc3)cc2)C1OC(=O)CCCCCCCCCCOc1ccc(-c2ccc(C#N)cc2)cc1,0.000300366
*CC(*)OC(=O)c1ccccc1OC(C)=O,0.000375651
*CC(=C)COCC(=C)COC(=O)O*,0.000527821
*c1ccc2c(c1)C(=O)N(c1cccc(Oc3cccc(Oc4cccc(N5C(=O)c6ccc(C(*)(C(F)(F)F)C(F)(F)F)cc6C5=O)c4)c3)c1)C2=O,0.000175154
*c1ccc(Oc2ccc(Oc3ccc(N4C(=O)c5ccc(Oc6ccc(C7(c8ccc(Oc9ccc%10c(c9)C(=O)N(*)C%10=O)cc8)CCC(C(C)(C)C)CC7)cc6)cc5C4=O)cc3)c(C(C)(C)C)c2)cc1,0.000182761
*CC(*)CCCCCC,0.000496952
*CC(*)O,-7.79e-05
*c1ccc(C(=O)Oc2ccc(-n3c(=O)c4cc5c(=O)n(*)c(=O)c5cc4c3=O)cc2)cc1,0.000157768
*CCOC(=O)c1ccc2ccc(C(=O)O*)cc2c1,0.000276376
*CC(*)c1cccc(Cl)c1,0.000381194
*Oc1ccc(S(=O)(=O)c2ccc(Oc3ccc(C(=O)c4cc(Br)cc(C(=O)c5ccc(*)cc5)c4)cc3)cc2)cc1,0.000225843
*c1ccc(Oc2ccc(Oc3ccc(N4C(=O)c5ccc(Oc6ccc7c(c6)C(=O)N(*)C7=O)cc5C4=O)cc3)cc2)cc1,0.000179448
*CC(*)(CC(=O)OCCCCCCCC)C(=O)OCCCCCCCC,0.000591841
*Oc1cccc2c(OC(=O)c3ccccc3/C=C/c3ccc(/C=C/c4ccccc4C(*)=O)cc3)cccc12,0.000243259
*c1ccc(S(=O)(=O)c2ccc(N3C(=O)c4ccc(Oc5ccc6c(c5)C(=O)N(*)C6=O)cc4C3=O)cc2)cc1,0.000135014
*CC(*)C(=O)OC(C(F)(F)F)C(F)(F)F,0.000382283
*Oc1ccc(C2(c3ccc(OC(*)=O)c(C)c3)CCCCC2)cc1C,0.000379675
*Oc1ccc(C(=C(Cl)Cl)c2ccc(OC(*)=O)cc2)cc1,0.000286475
*CC(*)(C)c1ccc(C)cc1,0.000249345
*CC(*)c1cc(C)ccc1C,0.000387506
*/C=C(/*)c1ccc(-c2ccc(C#C)cc2)cc1,0.000258728
*CC(*)c1ccc(COC)cc1,0.000534049
*CCCCCCOC(=O)O*,0.000486646
*C(=O)c1ccc2c(c1)C(=O)N(c1ccc(Cc3ccc(N4C(=O)c5ccc(*)cc5C4=O)cc3)cc1)C2=O,0.000228169
*CS*,0.000383311
*CC(*)C(=O)OCC(C)O,0.000292949
*CC(*)c1ccc(C(=O)N2CCOCC2)cc1,0.000216991
*c1ccc(Sc2ccc(-n3c(=O)c4cc5c(=O)n(*)c(=O)c5cc4c3=O)cc2)cc1,0.000199434
*CC(*)CCCC(C)(C)C,0.000341688
*CC(*)(C)C(=O)OC(C)C,0.000292427
*CC(*)c1ccc(F)cc1C,0.000273085
*CC(*)CC,0.000423072
*c1ccc2c(c1)C(=O)N(c1ccc(Oc3c(C)cc(Cc4cc(C)c(Oc5ccc(N6C(=O)c7ccc(C(*)(C(F)(F)F)C(F)(F)F)cc7C6=O)cc5)c(C)c4)cc3C)cc1)C2=O,0.000178366
*CCC(C)CO*,0.000541633
*CC(*)c1ccc(Cl)c(C)c1,0.000437567
*c1ccc(Oc2ccc(C(c3ccc(Oc4ccc(N5C(=O)c6ccc(-c7ccc8c(c7)C(=O)N(*)C8=O)cc6C5=O)cc4)cc3)(C(F)(F)F)C(F)(F)F)cc2)cc1,0.000163461
*c1ccc(Oc2ccc(N3C(=O)c4ccc(Oc5ccc(C6(c7ccc(Oc8ccc9c(c8)C(=O)N(*)C9=O)cc7)CCC(c7ccccc7)CC6)cc5)cc4C3=O)cc2)cc1,0.000208961
*Oc1ccc(C(=O)Nc2cccc(C(O)Cc3ccc(NC(=O)c4ccc(*)cc4)cc3)c2)cc1,0.000138542
*CC(*)c1ccc(OCCC)cc1,0.00052795
*C1CCC1*,0.000190615
*Oc1cccc(CCCCCCCCCCc2cccc(OC(*)=O)c2)c1,0.000458356
*c1ccc(-c2ccc(N3C(=O)c4cc5c(cc4C3=O)C(C(F)(F)F)(C(F)(F)F)c3cc4c(cc3O5)C(=O)N(*)C4=O)cc2C(F)(F)F)c(C(F)(F)F)c1,0.000147124
*/C=C/CCC*,0.000934524
*CC(*)c1ccc(C(=O)CCN2CCOCC2)cc1,0.000303604
*CC(*)c1ccc(COCCCCCCOc2ccc(-c3ccc(OC)cc3)cc2)cc1,0.000297189
*CCC(C)C(*)C,0.000352922
*CC(*)(F)F,0.000574177
*CC(*)OC(=O)c1ccccc1C,0.000306648
*c1ccc(Oc2ccc(N3C(=O)c4ccc(Oc5ccc6c(c5)C(=O)N(*)C6=O)cc4C3=O)cc2)cc1,0.000177119
*CC(*)(C)C(=O)OCc1ccc(Cl)c(Cl)c1,0.00030963
*CC(*)c1ccc(-c2ccc(-c3ccccc3)cc2)cc1,0.000289649
*CC(*)SCC,0.000396239
*CC(*)c1ccc(C(=O)CCCCCCC)cc1,0.000483173
*CC(*)c1cc(Br)ccc1OC(C)C,0.000322624
*OC(F)(F)C(F)(F)C(*)(F)F,0.000477832
*CC(*)(C)C(=O)OCCOC,0.000494643
*CC(*)OCC(C)(C)CC(C)C,0.000469527
*CC(*)OC(=O)C(F)(F)C(F)(F)F,0.000438949
*CC(*)OC(=O)c1ccncc1,0.000273013
*CC(*)c1ccc(COCCCC)cc1,0.000566962
*/C=C/CCCCCCCCCC*,0.000631867
*Oc1ccc(-c2ccc(OC(=O)CCCCCCC(*)=O)cc2)cc1,0.000334553
*CCC(c1ccccc1)C(*)c1ccccc1,0.000257341
*c1ccc(Sc2ccc(Oc3ccc(Sc4ccc(N5C(=O)c6ccc(Oc7ccc(C(C)(C)c8ccc(Oc9ccc%10c(c9)C(=O)N(*)C%10=O)cc8)cc7)cc6C5=O)cc4)cc3)cc2)cc1,0.000211132
*C(O)C(*)O,0.000114913
*C(OC(F)(F)F)C(*)(F)F,0.000288343
*CC/C=C(/*)C,0.000474128
*c1ccc2c(c1)C(=O)N(c1ccc3c(c1)-c1cc(N4C(=O)c5ccc(C(*)(C(F)(F)F)C(F)(F)F)cc5C4=O)ccc1C3)C2=O,0.000177132
*C(=O)c1ccc2c(c1)C(=O)N(c1ccc(C)c(N3C(=O)c4ccc(*)cc4C3=O)c1)C2=O,0.000169557
*Oc1c(OC)cc(*)cc1OC,0.00028507
*CC(*)C(=O)c1ccc(Br)cc1,0.000260651
*C(=O)c1ccc2c(c1)C(=O)N(c1ccc(Cc3ccc(N4C(=O)c5ccc(*)cc5C4=O)c(C)c3)cc1C)C2=O,0.000193281
*CC(*)C1CCC1,0.000370949
*C(=O)Nc1ccc(NC(=O)c2ccc3c(c2)C(=O)N(c2ccc(S(=O)(=O)c4ccc(N5C(=O)c6ccc(*)cc6C5=O)cc4)cc2)C3=O)cc1,0.000152641
*Oc1ccc(C(C)(C)c2ccc(C(C)(C)c3ccc(OC(*)=O)c(C)c3)cc2)cc1C,0.000250232
*CC1(*)CCC(C)CC1,0.000192796
*CC(*)OC(=O)C(F)(F)C(F)(F)C(F)(F)C(F)(F)C(F)(F)C(F)(F)C(F)(F)C(F)(F)C(F)(F)F,0.000343057
*CC(*)C(=O)N1CCOCC1,0.000226268
*C(=O)Nc1ccccc1NC(=O)c1ccc(N2C(=O)c3ccc(*)cc3C2=O)cc1,9.69e-05
*CCCCN(C)C(=O)c1ccc(C(=O)N(*)C)cc1,0.00028751
*CC(*)(CC(=O)OCCC1CCCCC1)C(=O)OCCC1CCCCC1,0.000312219
*CC(*)OCC(C)(C)C,0.000432493
*Oc1ccc(C(C)(CCC#N)c2ccc(OC(*)=O)cc2)cc1,0.000206261
*CC(*)C(=O)OC(OCC)C(F)(F)F,0.000461425
*CC(*)(C)C(=O)OCc1cccc(Cl)c1Cl,0.000325525
*CC(*)OC(=O)c1ccc(CC)cc1,0.00041648
*c1ccc(Oc2ccc(N3C(=O)c4ccc(C(=O)c5ccc6c(c5)C(=O)N(*)C6=O)cc4C3=O)cc2)cc1,0.000155595
*CC(*)N1Cc2ccccc2N1,0.000148688
*CC(*)c1ccc(C(=O)C(F)(F)F)cc1,0.000430118
*CC(*)c1ccc(CCCCCCCC)cc1,0.000597138
*CC(*)(Cl)Cl,0.000180503
*c1cccc(-n2c(=O)c3cc4c(=O)n(*)c(=O)c4cc3c2=O)c1C,0.000178649
*CC(*)OC(=O)c1ccccc1Cl,0.000300872
*CC(*)c1ccc(C(C)C)cc1,0.000504075
*c1ccc(*)s1,0.000233136
*c1ccc2c(c1)Cc1cc(N3C(=O)c4ccc(-c5ccc6c(c5)C(=O)N(*)C6=O)cc4C3=O)ccc1-2,0.00014622
*Oc1ccc(C(C)(C)c2ccc(OC(=O)SCCCCCCSC(*)=O)cc2)cc1,0.000344997
*CCCNC(=O)Cc1ccc(C(=O)N*)cc1,0.000205348
*CCCCOC(=O)c1ccc2cc(C(=O)O*)ccc2c1,0.00025403
*CC(*)c1ccc(COCCOCCCC)cc1,0.000522737
*Oc1ccc(C(C)(C)c2ccc(OC(=O)c3ccccc3/C=C/c3ccc(/C=C/c4ccccc4C(*)=O)cc3)cc2)cc1,0.000418782
*CCCS(=O)(=O)c1ccc(/N=N/c2ccc(N(CCCC)CC(=O)O*)cc2)cc1,0.000305513
*CC(*)OC(=O)c1ccc(Cl)cc1,0.000299664
*Oc1cccc(OC(=O)c2ccccc2/C=C/c2ccc(/C=C/c3ccccc3C(*)=O)cc2)c1,0.000161449
*CC(*)(CC(=O)OCCCCCCC)C(=O)OCCCCCCC,0.000506178
*CCOC(=O)c1ccc2cc(C(=O)O*)ccc2c1,0.000285215
*CC(*)c1ccccc1C(=O)NC,0.000294885
*CC(*)(CC(=O)OCCCC1CCCCC1)C(=O)OCCCC1CCCCC1,0.000420647
*CC(*)OC(=O)c1ccccc1,0.00035637
*CCCCOC(=O)CCC(=O)O*,0.00038874
*c1ccc(-c2ccc(-n3c(=O)c4cc5c(=O)n(*)c(=O)c5cc4c3=O)cc2OC(F)(F)F)c(OC(F)(F)F)c1,0.000169277
*CC(*)OCCCl,0.000479414
*CC(*)C(=O)Oc1cccc(C(=O)OCC)c1,0.000358341
*Oc1c(Br)cc(C(C)(C)c2cc(Br)c(OC(*)=O)c(Br)c2)cc1Br,0.000161177
*CC(*)C(=O)OC1CCCCCCCCCCC1,0.000241259
*CC(*)c1c(F)c(F)c(F)c(F)c1F,0.000272513
*CC(*)(C)C(=O)OC(C)(C)C,0.000122795
*c1ccc(Cc2ccc(N3C(=O)c4ccc(-c5ccc6c(c5)C(=O)N(*)C6=O)cc4C3=O)cc2)cc1,0.000157955
*CC(*)c1ccc(N(C)C)cc1,0.000384943
*CC(*)N1CCNC1,0.000221704
*CC(*)c1ccc(COCCC)cc1,0.000479584
*CC(*)OC(C)=O,0.000384755
*CC(*)OC1CCCCC1,0.000247395
*CC(*)c1ccc(CCCCCCCCCC)cc1,0.000500669
*CC1(*)CCCCC1,7.07e-05
*CC(*)c1ccccc1C(=O)OC,0.000364471
*CC(*)(CC(=O)OCC1CCCCC1)C(=O)OCC1CCCCC1,0.000266805
*CC(*)CCCCCCCCCO,0.000304057
*CC(*)OC(=O)c1ccc(C(C)C)cc1,0.00042799
*Oc1ccc(S(=O)(=O)c2ccc(*)cc2)cc1,0.000263717
*Oc1ccc2c(c1)nc1c3cc4c(=O)n5c6cc(*)ccc6nc5c4cc3c(=O)n21,0.00014087
*CC(*)c1ccc(S(=O)(=O)OCCC)cc1,0.000390389
*Oc1ccc(C2(c3ccc(OC(=O)c4cccc(C(*)=O)c4)cc3)c3ccccc3-c3ccccc32)cc1,0.0002337
*Oc1ccc(S(=O)(=O)c2ccc(OC(=O)c3ccc(C(*)=O)cc3)cc2)cc1,0.000238023
*c1ccc(-c2ccc(N3C(=O)c4ccc(-c5ccc6c(c5)C(=O)N(*)C6=O)cc4C3=O)c(OC)c2)cc1OC,0.000199025
*CC(*)OCCOC,0.00049504
*CCC=C(*)Cl,0.000349478
*CC(*)OC(=O)c1cccc([N+](=O)[O-])c1,0.000267335
*CCOC(=O)Nc1cccc(NC(=O)O*)c1,0.00028879
*c1ccc(Oc2ccc(-c3ccc(Oc4ccc(N5C(=O)c6ccc(Oc7ccc(C8(c9ccc(Oc%10ccc%11c(c%10)C(=O)N(*)C%11=O)cc9)CCC(c9ccccc9)CC8)cc7)cc6C5=O)cc4)cc3C)c(C)c2)cc1,0.000245467
*CC(*)C(=O)Oc1cccc(N(C)C)c1,0.000335472
*CC(*)CCC,0.000396029
*c1ccc(C(Cl)(Cl)C(*)Cl)cc1,0.000305206
*c1ccc(Oc2ccc(C(c3ccc(Oc4ccc(N5C(=O)c6ccc(Oc7ccccc7Oc7ccc8c(c7)C(=O)N(*)C8=O)cc6C5=O)cc4C(F)(F)F)cc3)(C(F)(F)F)C(F)(F)F)cc2)c(C(F)(F)F)c1,0.000223015
*CC(*)c1ccc(C(=O)N2CCCCC2)cc1,0.000328821
*C(=O)c1ccc2c(c1)C(=O)N(c1ccc(C(=O)Nc3cccc(N4C(=O)c5ccc(*)cc5C4=O)c3)cc1)C2=O,0.00012278
*CC(*)(CC(=O)OCCc1ccccc1)C(=O)OCCc1ccccc1,0.00029692
*CC(*)c1ccccc1C(=O)Oc1ccccc1,0.000224558
*C(=O)c1ccc2c(c1)C(=O)N(c1c(C)cc(Cc3cc(C)c(N4C(=O)c5ccc(*)cc5C4=O)c(C)c3)cc1C)C2=O,0.000217766
*CCCCNC(=O)CCCCC(=O)N*,0.000215867
*c1ccc(Oc2ccc(Oc3ccc(-n4c(=O)c5cc6c(=O)n(*)c(=O)c6cc5c4=O)cc3)cc2)cc1,0.000187157
*CC(*)c1ccccc1COCCC,0.000563996
*c1ccc(Oc2ccc(N3C(=O)c4ccc(Oc5ccc(S(=O)(=O)c6ccc(Oc7ccc8c(c7)C(=O)N(*)C8=O)cc6)cc5)cc4C3=O)cc2)cc1,0.000176428
*c1ccc(Cc2ccc(N(*)Cc3ccccc3)cc2)cc1,0.000280963
*CC(*)CCCC1CCCCC1,0.000285019
*c1ccc(Oc2ccc(C(c3ccc(Oc4ccc(N5C(=O)c6ccc(Oc7ccc(C8(c9ccc(Oc%10ccc%11c(c%10)C(=O)N(*)C%11=O)cc9)CCC(C(C)(C)C)CC8)cc7)cc6C5=O)cc4)cc3)(C(F)(F)F)C(F)(F)F)cc2)cc1,0.000225741
*CC(*)Cc1ccc(C)c(C)c1,0.000323958
*CC(*)(C)C(=O)OCCCCCCCCCCCC,0.000598643
*CCCCOC(=O)CCCCC(=O)O*,0.000408781
*c1cccc(P(=O)(c2ccccc2)c2cccc(-n3c(=O)c4c(-c5ccc(C(F)(F)F)cc5)c5c(=O)n(*)c(=O)c5c(-c5ccc(C(F)(F)F)cc5)c4c3=O)c2)c1,0.000331997
*CCCCCC(=O)O*,0.000478748
*CCCCCCCCCCCCSC(=O)S*,0.000388605
*Oc1ccc(S(=O)(=O)c2ccc(Oc3c(C)cc(C(C)(C)c4cc(C)c(*)c(C)c4)cc3C)cc2C(O)(C(F)(F)F)C(F)(F)F)c(C(O)(C(F)(F)F)C(F)(F)F)c1,0.000251487
*CCCCCCCCCCC(=O)N(*)C,0.000417245
*CC(*)OC(=O)C(C)(C)C(C)(C)CC,0.000314703
*CC(*)O[N+](=O)[O-],0.000365574
*c1ccc(Cc2ccc(N3C(=O)c4ccc(Oc5ccc(C6(c7ccc(Oc8ccc9c(c8)C(=O)N(*)C9=O)cc7)CCCCCCCCCCC6)cc5)cc4C3=O)cc2)cc1,0.000193293
*CC(*)C(C)(C)C,0.000234874
*CC(*)C(=O)OCCCCCCCCCCCCCC,0.000555891
*CC(*)CNc1ccc([N+](=O)[O-])cc1C,0.000286335
*Oc1cc(C(C)(C)C)c(Oc2ccc(C(=O)Nc3ccc(C(C)(C)c4ccc(NC(=O)c5ccc(*)cc5)c(C)c4)cc3C)cc2)cc1C(C)(C)C,0.000261028
*CCOC(=O)CCCCCCCCC(=O)O*,0.000357861
*c1ccc2c(c1)C(=O)N(c1c(C(C)C)cc(Cc3cc(C(C)C)c(N4C(=O)c5ccc(C(*)(C(F)(F)F)C(F)(F)F)cc5C4=O)c(C(C)C)c3)cc1C(C)C)C2=O,0.000247001
*CC(*)(F)C(C)=O,0.000233821
*c1ccc(Oc2ccc(S(=O)(=O)c3ccc(Oc4ccc(N5C(=O)c6ccc(Oc7ccc8c(c7)C(=O)N(*)C8=O)cc6C5=O)cc4)cc3)cc2)cc1,0.000203191
*CC(*)c1ccccc1C(=O)OCCCCC,0.00050471
*CC(*)(C)C(=O)OCc1cc(Cl)ccc1Cl,0.00021251
*CC(*)Cc1cc(C)cc(C)c1,0.000471866
*CC(*)OC(=O)C1(C)CCCCC1,0.000387175
*C#C/C(COS(=O)(=O)c1ccc(C)cc1)=C(/*)COS(=O)(=O)c1ccc(C)cc1,0.000273251
*CC(OC)C1C(=O)OC(=O)C1*,0.000173541
*CC(*)OCCCCCCCCCCCC,0.000478218
*c1ccc2c(c1)C(=O)N(c1ccc(C(c3ccc(C)c(N4C(=O)c5ccc(C(*)(C(F)(F)F)C(F)(F)F)cc5C4=O)c3)(C(F)(F)F)C(F)(F)F)cc1C)C2=O,0.000399916
*c1ccc(Cc2ccc(N3C(=O)c4ccc(-c5ccc6c(c5)C(=O)N(*)C6=O)cc4C3=O)c(C)c2)cc1C,0.000194579
*CCCCCCNC(=O)CCCCCCCCC(=O)N*,0.000283639
*CCCCOc1ccc(C(=O)OCCOC(=O)c2ccc(O*)cc2)cc1,0.000260905
*c1ccc(N2C(=O)c3ccc(Oc4ccc5c(c4)C(=O)N(*)C5=O)cc3C2=O)cc1,0.000183694
*C(C)C(*)O,0.000144916
*CC(*)c1ccccc1Cl,0.00043313
*C=CCCCCCCCC*,0.000831427
*CC(*)C(=O)c1ccc(Br)c(OC)c1,0.000287913
*c1ccc2c(c1)C(=O)N(c1cc(C(c3ccc(O)c(N4C(=O)c5ccc(C(*)(C(F)(F)F)C(F)(F)F)cc5C4=O)c3)(C(F)(F)F)C(F)(F)F)ccc1O)C2=O,0.000117377
*c1ccc(Oc2ccc(N3C(=O)c4ccc(Oc5ccc(C(c6ccc(Oc7ccc8c(c7)C(=O)N(*)C8=O)cc6)(C(F)(F)F)C(F)(F)F)cc5)cc4C3=O)cc2)cc1,0.000245837
*CC(*)C(=O)OCC(F)(F)C(F)C(F)(F)F,0.000432237
*CCCCCCS(=O)(=O)c1ccc(/N=N/c2ccc(N(C)CCCCCC(=O)O*)cc2)cc1,0.000374704
*c1ccc(Oc2cc(C(C)(C)C)ccc2Oc2ccc(-n3c(=O)c4cc5c(=O)n(*)c(=O)c5cc4c3=O)cc2)cc1,0.000201171
*CC(C)O*,0.000431457
*CC(*)c1ccc(Oc2ccccc2)cc1,0.00032081
*CC(*)c1ccc(CCCCCCCCCCCCCCCCCC)cc1,0.000451736
*CC(*)(C)c1ccc2ccccc2c1,0.000162389
*/C=C\CC*,0.000615461
*NC(CCC(=O)OCCC)C(*)=O,0.000373903
*C(*)C(=O)OCC,0.000434114
*CC(*)CC(C)(C)C,0.000287121
*c1ccc(C(c2ccccc2)(c2ccc(-n3c(=O)c4cc5c(=O)n(*)c(=O)c5cc4c3=O)cc2)C(F)(F)F)cc1,0.00010368
*C(F)(F)C(*)(F)F,0.000272627
*c1ccc2c(c1)C(=O)N(c1ccc(Cc3ccc(N4C(=O)c5ccc(C(F)(F)C(F)(F)C(*)(F)F)cc5C4=O)cc3)cc1)C2=O,0.000186092
*Oc1ccc(C(C)(c2ccccc2)c2ccc(OC(*)=O)cc2)cc1,0.000214263
*CC(*)(C)C(=O)OC(OCC)C(F)(F)F,0.000457249
*C(=O)c1ccc2c(c1)C(=O)N(c1ccc(C(=O)Nc3ccc(N4C(=O)c5ccc(*)cc5C4=O)cc3)cc1)C2=O,0.000168541
*CC(*)OC(=O)c1cccc(C)c1,0.000292481
*C(=O)Oc1ccc(OC(=O)c2ccc3c(c2)C(=O)N(c2ccc(C(=O)Nc4ccc(N5C(=O)c6ccc(*)cc6C5=O)cc4)cc2)C3=O)cc1,0.000232549
*c1ccc2c(c1)C(=O)N(c1ccc(Oc3ccc(C(c4ccc(Oc5ccc(N6C(=O)c7ccc(C(*)(C(F)(F)F)C(F)(F)F)cc7C6=O)cc5)cc4)(C(F)(F)F)C(F)(F)F)cc3)cc1)C2=O,0.000235578
*c1cccc(N2C(=O)c3ccc(Oc4ccc5c(c4)C4(CC(C)(C)c6ccc(Oc7ccc8c(c7)C(=O)N(*)C8=O)cc64)CC5(C)C)cc3C2=O)c1,0.000394006
*CC(*)(C)C(=O)OCCN(C)C,0.00042005
*CC(*)(C)C(=O)Oc1ccc(CC#N)cc1,0.000225386
*CC(*)C(=O)OCC,0.000437615
*CC(*)C(=O)OCCO,0.000317754
*Oc1ccc(C(C)(C)c2ccc(OC(*)=O)c(C(C)C)c2)cc1C(C)C,0.000304872
*CC(*)c1ccc(C(=O)CC)cc1,0.00052547
*C(=O)c1ccc2c(c1)C(=O)N(c1cccc(C(=O)c3cccc(N4C(=O)c5ccc(*)cc5C4=O)c3)c1)C2=O,0.000166709
*C1CCC(*)N1,0.000342366
*CC(*)(CC(=O)OC)C(=O)OC,0.000362061
*Cc1cc(C(C)(C)c2ccc3c(c2)CN(C)CO3)cc(CN(*)C)c1O,0.000273186
*c1ccc(Oc2ccc(-c3ccc(Oc4ccc(N5C(=O)c6ccc(Oc7ccc(C8(c9ccc(Oc%10ccc%11c(c%10)C(=O)N(*)C%11=O)cc9)CCCCCCCCCCC8)cc7)cc6C5=O)cc4)cc3C)c(C)c2)cc1,0.000179127
*c1cccc(N2C(=O)c3ccc(-c4ccc5c(c4)C(=O)N(*)C5=O)cc3C2=O)c1C,0.000144685
*CC(*)c1ccc(I)cc1,0.000291524
*c1ccc2c(c1)C(=O)N(c1ccc(C(c3ccc(N4C(=O)c5ccc(C(*)(C(F)(F)F)C(F)(F)F)cc5C4=O)cc3)(C(F)(F)F)C(F)(F)F)cc1)C2=O,0.000191384
*CC(*)c1ccc(CCCCCCCCCCCC)cc1,0.00063333
*C(=O)Oc1ccc(C(C)(C)c2ccc(OC(=O)c3ccc4c(c3)C(=O)N(c3ccc(-c5ccc(N6C(=O)c7ccc(*)cc7C6=O)cc5)cc3)C4=O)cc2)cc1,0.00018441
*c1ccc(Oc2ccc(C(C)(C)c3ccc(Oc4ccc(N5C(=O)C6CCC7C(=O)N(*)C(=O)C7C6C5=O)cc4)cc3)cc2)cc1,0.000155098
*C(=O)Nc1ccc(Cc2ccc(NC(=O)c3ccc(N4C(=O)c5ccc(*)cc5C4=O)cc3)cc2)cc1,0.000251403
*CC(*)c1ccc(C#N)cc1,0.000207276
*CC(*)(C)C,0.000241108
*CCS*,0.000571392
*CC(*)C(=O)OC1CCCCC1,0.000286247
*CC(*)c1ccc(C(=O)CCC)cc1,0.000530304
*CC(*)C(=O)OCC(F)(F)C(F)(F)C(F)(F)F,0.000602174
*CC(*)(CC(=O)OCC)C(=O)OCC,0.000302492
*Oc1ccc(S(=O)(=O)c2ccc(Oc3ccc(C(C)(C)c4ccc(*)cc4)cc3[N+](=O)[O-])cc2)cc1,0.00037251
*c1ccc(Oc2ccc(Oc3ccc(N4C(=O)c5ccc(-c6ccc7c(c6)C(=O)N(*)C7=O)cc5C4=O)cc3)cc2)cc1,0.000131735
*c1ccc(Oc2ccc(Oc3ccc(N4C(=O)c5ccc(-c6cccc7c6C(=O)N(*)C7=O)cc5C4=O)cc3)cc2)cc1,0.000177863
*c1ccc(Oc2ccc(C(c3ccc(Oc4ccc(N5C(=O)c6ccc(Oc7ccc8c(c7)C(=O)N(*)C8=O)cc6C5=O)cc4)cc3)(C(F)(F)F)C(F)(F)F)cc2)cc1,0.000131303
*Oc1ccc(C(C)(C)c2ccc(OC(=O)Sc3ccc(C(C)(C)c4ccc(SC(*)=O)cc4)cc3)cc2)cc1,0.0001633
*Oc1ccc2c(c1)C1(CC2(C)C)CC(C)(C)c2ccc(OC(=O)c3ccc(C(*)=O)cc3)cc21,0.000219273
*/C=C(/*)c1ccc(C#C)cc1,0.000388121
*CCCCCCOC(=O)CCCCCCCCC(=O)O*,0.000350492
*CCCCCCNC(=O)c1ccc(C(=O)N*)cc1,0.000337148
*CC(*)OC(=O)c1ccc(Br)cc1,0.000374017
*c1ccc2c(c1)C(=O)N(c1ccc(Oc3ccc4ccc(Oc5ccc(N6C(=O)c7ccc(C(*)(C(F)(F)F)C(F)(F)F)cc7C6=O)cc5)cc4c3)cc1)C2=O,0.000184909
*Oc1ccc(Oc2ccc(Oc3ccc(S(=O)(=O)c4ccc(*)cc4)cc3)cc2)cc1,0.000338248
*CC(*)OC(=O)CCCCCCCCC,0.000623341
*C(F)(F)C(*)(F)OC(F)(F)C(F)(F)F,0.000246966
*CC(*)CCCN(CC(C)C)CC(C)C,0.000448367
*CC(*)OC(=O)CCCCCCCCCCC,0.000507698
*C(F)(F)C(F)(F)C1(F)C(*)(F)OC(F)(F)C1(F)F,0.00014887
*CC(*)C(=O)c1ccc(C(C)C)cc1,0.000443282
*OC1C(COC(C)=O)OC(*)C(OC(C)=O)C1OC(C)=O,0.000285459
*c1ccc2c(c1)C(=O)N(c1c(CC)cc(Cc3cc(CC)c(N4C(=O)c5ccc(C(*)(C(F)(F)F)C(F)(F)F)cc5C4=O)c(CC)c3)cc1CC)C2=O,0.000338579
*C(F)(F)C(*)(F)OC(F)C(F)F,0.000454294
*c1ccc2c(c1)C(=O)N(c1ccc(Oc3c(C)cc(C(c4cc(C)c(Oc5ccc(N6C(=O)c7ccc(C(*)(C(F)(F)F)C(F)(F)F)cc7C6=O)cc5)c(C)c4)c4cccc5ccccc45)cc3C)cc1)C2=O,0.000272661
*NC(=O)c1cccc(C(=O)Nc2ccc(-c3ccc(*)cc3)cc2)c1,0.000193042
*C=CC(C)C(*)C(=O)OC,0.000371322
*CC(*)c1ccc(COCCO)cc1,0.000422191
*CC/C=C(/*)Cl,0.000401667
*c1ccc(Oc2cccc(Oc3ccc(-n4c(=O)c5cc6c(=O)n(*)c(=O)c6cc5c4=O)cc3)c2)cc1,0.000265063
*CCCCCCCC(=O)N*,0.000214122
*C(=O)NC1CCC(CC2CCC(NC(=O)c3ccc(N4C(=O)c5ccc(*)cc5C4=O)cc3)CC2)CC1,0.000206428
*c1ccc(Sc2ccc(N3C(=O)c4ccc(-c5ccc6c(c5)C(=O)N(*)C6=O)cc4C3=O)cc2)cc1,0.000176183
*c1ccc(N2C(=O)c3ccc(-c4ccc5c(c4)C(=O)N(*)C5=O)cc3C2=O)nc1,0.000177824
*c1ccc2c(c1)C(=O)N(c1c(C)cc(C)c(N3C(=O)c4ccc(C(*)(C(F)(F)F)C(F)(F)F)cc4C3=O)c1C)C2=O,0.000203102
*c1ccc(Oc2cc3ccccc3cc2Oc2ccc(N3C(=O)c4ccc(S(=O)(=O)c5ccc6c(c5)C(=O)N(*)C6=O)cc4C3=O)cc2)cc1,0.000218613
*CCCCCCN1C(=O)c2ccc(C(c3ccc4c(c3)C(=O)N(*)C4=O)(C(F)(F)F)C(F)(F)F)cc2C1=O,0.000458957
*CC(C)(C)COC(=O)CCC(=O)O*,0.000344311
*CC(*)c1cccc(F)c1,0.000413674
*CCCCCCCCCn1c(=O)c2cc3c(=O)n(*)c(=O)c3cc2c1=O,0.000274404
*C=CC(C)CCCCC*,0.000620814
*C(F)(F)C(*)(F)OC(F)(F)F,0.000306064
*Oc1ccc(C2(c3ccc(OC(*)=O)cc3)CCCC2)cc1,0.000293331
*CCCCCCNC(=O)N*,0.000188726
*C1Cc2ccccc2C1*,0.00017469
*CC(*)(C)C(=O)OC(C)CC,0.000270227
*CC(*)P(=O)(OCC)N(C)C,0.000323731
*CC(*)Cc1cccc(C)c1,0.000376734
*C(CC)C(*)CC,0.000233487
*c1ccc(-n2c(=O)c3cc4c(=O)n(*)c(=O)c4cc3c2=O)c(C)c1,0.000158152
*CC(*)CC1CCCCC1,0.000165731
*C1CCC(CC2CCC(N3C(=O)C4C5C=CC(C6C(=O)N(*)C(=O)C56)C4C3=O)C(C)C2)CC1C,0.000196488
*c1ccc(Oc2ccc(N3C(=O)c4ccc(-c5cccc6c5C(=O)N(*)C6=O)cc4C3=O)cc2)cc1,0.000147039
*c1ccc(Oc2ccc(Oc3ccc(N4C(=O)c5ccc(Oc6ccccc6Oc6ccc7c(c6)C(=O)N(*)C7=O)cc5C4=O)cc3C(F)(F)F)cc2)c(C(F)(F)F)c1,0.000279962
*CC(*)c1ccccc1C(=O)O,0.000155759
*CCCCCCNC(=O)CCCCC(=O)N*,0.000176025
*CC(OC)C(C(=O)O)C(*)C(=O)O,0.000155369
*C(C)C(*)OCCCC,0.000520809
*c1ccc(Oc2ccccc2Oc2ccc(N3C(=O)c4ccc(Oc5ccccc5Oc5ccc6c(c5)C(=O)N(*)C6=O)cc4C3=O)cc2C(F)(F)F)c(C(F)(F)F)c1,0.000237516
*CC(*)c1ccccc1COCC,0.000510099
*CC(*)C(=O)Oc1cccc(C(=O)OC)c1,0.000246459
*CC(*)CCCC,0.000444869
*c1ccc(Oc2ccc(S(=O)(=O)c3ccc(Oc4ccc(N5C(=O)c6ccc(C(=O)c7ccc8c(c7)C(=O)N(*)C8=O)cc6C5=O)cc4)cc3)cc2)cc1,0.000187153
*/C=C/*,0.000291702
*CC(*)CCCCCCCCCCCC,0.000525567
*C(=O)NCCCCCCNC(=O)c1ccc(N2C(=O)c3ccc(*)cc3C2=O)cc1,0.00019935
*CC(*)CCCCCCCCCCC,0.000560155
*Sc1ccc(*)cc1,0.000322375
*Oc1ccc(C(CCC)(CCC)c2ccc(OC(*)=O)c(C)c2)cc1C,0.000307114
*C(=O)c1ccc2c(c1)C(=O)N(c1ccc(Oc3c(C)cc(Cc4cc(C)c(Oc5ccc(N6C(=O)c7ccc(*)cc7C6=O)cc5)c(C)c4)cc3C)cc1)C2=O,0.000227062
*Oc1ccc(-c2ccc(OC(=O)CCCCCCCCCC(*)=O)cc2)cc1,0.000330974
*c1ccc(Sc2ccc3c(c2)Sc2ccc(Sc4ccc(-n5c(=O)c6cc7c(=O)n(*)c(=O)c7cc6c5=O)cc4)cc2S3)cc1,0.000144698
*c1ccc(-c2ccc(N3C(=O)c4ccc(-c5ccc6c(c5)C(=O)N(*)C6=O)cc4C3=O)cc2)cc1,0.000151715
*CC(*)(C)C(=O)OCc1ccccc1,0.00026405
*CC/C=C(\*)Cl,0.000333776
*c1ccc(Oc2ccc(S(=O)(=O)c3ccc(Oc4ccc(-n5c(=O)c6cc7c(=O)n(*)c(=O)c7cc6c5=O)cc4)cc3)cc2)cc1,0.000261105
*c1ccc(-c2ccc(N3C(=O)c4ccc(-c5cccc6c5C(=O)N(*)C6=O)cc4C3=O)cc2C)c(C)c1,0.000219589
*CC(*)C(=O)Oc1ccccc1C(=O)OC,0.000310631
*c1cccc(Oc2ccc(S(=O)(=O)c3ccc(Oc4cccc(-n5c(=O)c6cc7c(=O)n(*)c(=O)c7cc6c5=O)c4)cc3)cc2)c1,0.000273059
*Nc1ccc(*)cc1,0.000240387
*NC(CCC(=O)OCCCCC)C(*)=O,0.000330727
*CC(*)c1ccc(Cl)c(Cl)c1,0.000597382
*CC(*)OCC(C)(C)CC,0.000424628
*NC(=O)NCCCCCCNC(=O)NCCCCC(*)C(=O)OC,0.000291579
*CCOC(=O)c1ccc(C(=O)O*)c2ccccc12,0.000297325
*NC(CCC(=O)OCc1ccccc1)C(*)=O,0.000545179
*CC(*)(C)C(=O)OCc1ccc(Cl)cc1Cl,0.00026854
*CC(*)c1ccccc1C(=O)OCCCC,0.000577491
*CC(*)C(=O)OCc1ccccc1,0.000359354
*CC(*)c1ccc(C(F)(F)C(F)(F)C(F)(F)C(F)(F)C(F)(F)C(F)F)cc1,0.000606329
*c1ccc(Oc2cc3ccccc3cc2Oc2ccc(N3C(=O)c4ccc(Oc5ccc6c(c5)C(=O)N(*)C6=O)cc4C3=O)cc2)cc1,0.000205271
*Oc1ccc(C(C)(C)c2ccc(OC(=O)c3ccccc3/C=C/c3ccc(/C=C/c4ccccc4C(*)=O)cc3)c(C)c2)cc1C,0.000267232
*CCCOC(=O)c1ccc(C(=O)O*)cc1,0.000251829
*CCOC(=O)c1ccc(-c2ccc(C(=O)O*)cc2)cc1,0.000257449
*CC(*)(C)C(=O)OCCCCCCN(C)c1ccc(/N=N/c2ccc(S(C)(=O)=O)cc2)cc1,0.000246794
*c1cc(C(c2ccc(O)c(N3C(=O)c4ccc(-c5ccc6c(c5)C(=O)N(*)C6=O)cc4C3=O)c2)(C(F)(F)F)C(F)(F)F)ccc1O,0.000175134
*CC(*)c1ccccc1COCCCC,0.000391627
*CCCCCCCCCCCC(=O)N*,0.000356668
*CC(*)C(C)C,0.000249562
*c1cccc(Oc2ccc(S(=O)(=O)c3ccc(Oc4cccc(N5C(=O)c6ccc(-c7ccc8c(c7)C(=O)N(*)C8=O)cc6C5=O)c4)cc3)cc2)c1,0.000191105
*CC(*)c1ccc(COCCCCO)cc1,0.000339924
*CC(*)c1ccc(COCCOCCCCCCCC)cc1,0.000773096
*/C=C/C1CC(*)C2C(=O)N(CCCCCC)C(=O)C12,0.000491998
*C(c1ccccc1)C(*)[N+](=O)[O-],0.000109667
*CC(*)OC(=O)CC(C)(C)c1ccccc1,0.000317403
*c1cccc(P(=O)(c2ccc(C(F)(F)F)cc2)c2cccc(-n3c(=O)c4c(-c5ccccc5)c5c(=O)n(*)c(=O)c5c(-c5ccccc5)c4c3=O)c2)c1,0.000223629
*CC(*)P(=O)(c1ccccc1)c1ccccc1,0.000337375
*CCCCCCCC(*)C,0.000671514
*C(=O)Oc1ccc(OC(=O)c2ccc3c(c2)C(=O)N(c2ccc(C(=O)Oc4ccc(N5C(=O)c6ccc(*)cc6C5=O)cc4)cc2)C3=O)cc1,0.000126063
*c1cccc(P(=O)(c2cccc(-n3c(=O)c4cc5c(=O)n(*)c(=O)c5cc4c3=O)c2)c2cc(C(F)(F)F)cc(C(F)(F)F)c2)c1,0.000464354
*CC(*)OC(=O)C1(F)C(F)(F)C(F)(F)C(F)(F)C(F)(F)C1(F)F,0.00027526
*Oc1ccc(S(=O)(=O)c2ccc(Oc3c(C)cc(C(C)(C)c4cc(C)c(*)c(C)c4)cc3C)cc2)cc1,0.000329035
*C(F)(F)C(*)(F)c1ccccc1,0.000319593
*CC(*)(C)C#N,0.000129157
*CC(*)OC(=O)c1ccc(OC(C)=O)cc1,0.000396355
*CC(*)C(=O)OCCCCCCCCCCCC,0.000561528
*CC(*)c1ccc(C(=O)CCCCC)cc1,0.000458895
*Oc1cccc(Oc2cccc(*)c2)c1C#N,0.000317766
*CC(*)c1cccs1,0.000299939
*CC(*)(C)C(=O)OCCCC,0.000610361
*Oc1ccc(S(=O)(=O)c2ccc(Oc3ccc(C(C)(C)c4ccc(*)cc4)cc3)cc2)cc1,0.000234098
*CC(*)c1ccc(COCCCCCC)cc1,0.000511265
*c1ccc(-c2nc3cc(-c4ccc5nc(-c6ccccc6)c(*)nc5c4)ccc3nc2-c2ccccc2)cc1,0.000181315
*c1cccc(P(=O)(c2cccc(-n3c(=O)c4c(-c5ccc(C(F)(F)F)cc5)c5c(=O)n(*)c(=O)c5c(-c5ccc(C(F)(F)F)cc5)c4c3=O)c2)c2cc(C(F)(F)F)cc(C(F)(F)F)c2)c1,0.000220276
*c1ccc(Oc2cc3ccccc3cc2Oc2ccc(N3C(=O)c4ccc(-c5ccc6c(c5)C(=O)N(*)C6=O)cc4C3=O)cc2)cc1,0.000205388
*c1ccc(-c2ccc(N3C(=O)c4ccc(-c5ccc6c(c5)C(=O)N(*)C6=O)cc4C3=O)cc2C(F)(F)F)c(C(F)(F)F)c1,0.000177458
*CC(*)C(=O)C(C)C,0.000409655
*CC(*)OC(=O)c1cccc(OC)c1,0.000311582
*CC(*)(C)C(=O)Oc1c(C(C)C)cccc1C(C)C,0.000229846
*c1cccc(P(=O)(c2ccccc2)c2cccc(-n3c(=O)c4cc5c(=O)n(*)c(=O)c5cc4c3=O)c2)c1,0.000145131
*c1cccc(P(=O)(c2ccccc2)c2cccc(-n3c(=O)c4c(-c5ccccc5)c5c(=O)n(*)c(=O)c5c(-c5ccccc5)c4c3=O)c2)c1,0.000224542
*CC(*)c1ccccc1COCc1ccccc1,0.000447772
*Oc1ccc(NC(=O)c2ccc(C(c3ccc(C(=O)O)c(C(=O)Nc4cc(*)ccc4N)c3)(C(F)(F)F)C(F)(F)F)cc2C(=O)O)c(N)c1,0.000150451
*c1ccc(-c2ccc(-c3ccc(N4C(=O)c5ccc(-c6ccc7c(c6)C(=O)N(*)C7=O)cc5C4=O)cc3)cc2)cc1,0.000113374
*CC(*)CCc1ccccc1C,0.000319776
*c1ccc(Oc2ccccc2Oc2ccc(-n3c(=O)c4cc5c(=O)n(*)c(=O)c5cc4c3=O)cc2)cc1,0.000173198
*CCOc1ccc(C(=O)OCCOC(=O)c2ccc(O*)cc2)cc1,0.000274396
*C=CCCCCCC*,0.000659775
*Oc1ccc(C(c2ccccc2)(c2ccccc2)c2ccc(OC(*)=O)cc2)cc1,0.000243714
*CC(*)(C)C(=O)OC1CCCCC1,0.000189818
*/C=C(/*)c1cccc(C#C)c1,0.000261292
*CC(*)C(C)c1ccccc1,0.000308493
*c1ccc(C(C)(C)c2ccc(N3C(=O)c4ccc(Oc5ccc6c(c5)C(=O)N(*)C6=O)cc4C3=O)cc2)cc1,0.000171143
*CCO*,0.000878824
*CC(*)OC(=O)c1ccc(C#N)cc1,0.000279846
*CC(*)c1cc(C(C)(C)C)ccc1C,0.000304022
*CCCC(*)(C)C,0.000279797
*CC(*)c1ccc(C(=O)c2ccccc2)cc1,0.000307169
*CC(*)c1cc(Br)ccc1OC,0.000315199
*c1ccc(-c2nc3cc4nc(*)oc4cc3o2)cc1,0.000142271
*c1ccc(Oc2ccc(C(C)(C)c3ccc(Oc4ccc(-n5c(=O)c6cc7c(=O)n(*)c(=O)c7cc6c5=O)cc4)cc3)cc2)cc1,0.000199095
*C(=O)c1ccc2c(c1)C(=O)N(c1ccc(-c3ccc(N4C(=O)c5ccc(*)cc5C4=O)cc3)cc1)C2=O,0.000178362
*CC(*)C(=O)c1ccc(Cl)cc1,0.000350074
*c1cccc(N2C(=O)c3ccc(-c4cccc5c4C(=O)N(*)C5=O)cc3C2=O)c1,0.000150897
*Oc1cc(C(C)(C)C)c(Oc2ccc(C(=O)Nc3c(C)cc(C(C)(C)c4cc(C)c(NC(=O)c5ccc(*)cc5)c(C)c4)cc3C)cc2)cc1C(C)(C)C,0.000260968
*c1cccc(-c2nc3cc(-c4ccc5nc(*)c(-c6ccccc6)nc5c4)ccc3nc2-c2ccccc2)c1,0.000196683
*C(=O)c1ccc2c(c1)C(=O)N(c1c(C)cc(C(c3cc(C)c(N4C(=O)c5ccc(*)cc5C4=O)c(C)c3)c3cccc4ccccc34)cc1C)C2=O,0.000217644
*Oc1ccc2c(c1)C1(CC2(C)C)CC(C)(C)c2ccc(OC(=O)c3cccc(C(*)=O)c3)cc21,0.000239907
*CC(*)OC(=O)CC,0.000525693
*CC(C)(CCC)C(=O)O*,0.000389874
*NC(CCC(=O)OCC)C(*)=O,0.000319288
*c1ccc2c(c1)C(=O)N(c1cccc(Oc3ccc(S(=O)(=O)c4ccc(Oc5cccc(N6C(=O)c7ccc(C(*)(C(F)(F)F)C(F)(F)F)cc7C6=O)c5)cc4)cc3)c1)C2=O,0.000231561
*C(C)C(*)OC,0.000324377
*CC(*)OC(=O)c1cccc(Br)c1,0.000268147
*C(F)(F)C(*)(OC(F)(F)F)OC(F)(F)F,0.00027464
*c1ccc(N2C(=O)c3ccc(Oc4ccc(C(C)(C)c5cccc(Oc6ccc7c(c6)C(=O)N(*)C7=O)c5)cc4)cc3C2=O)cc1,0.000212502
*C(C)C(*)C,0.000280557
*c1ccc(Oc2ccc(N3C(=O)C4CCC5C(=O)N(*)C(=O)C5C4C3=O)cc2)cc1,0.000153353
*CC(*)c1ccc(CC)cc1,0.00053124
*CC(*)c1cccc(-c2ccc(-c3ccccc3)cc2)c1,0.000244188
*CC(*)C(=O)OCCCCCCCCCCCCCCCCCCCCCC,0.000524476
*CC(*)C(N)=O,0.000113618
*CC(*)c1ccc(C(C)=O)cc1,0.000522976
*c1ccc2c(c1)C(=O)N(c1ccc(-c3ccc(Oc4ccc5c(c4)C(C)(c4ccc(Oc6ccc(-c7ccc(N8C(=O)c9ccc(C(*)(C(F)(F)F)C(F)(F)F)cc9C8=O)cc7)cc6C(F)(F)F)cc4)CC5(C)C)c(C(F)(F)F)c3)cc1)C2=O,0.000204254
*c1ccc(-c2ccc(N3C(=O)c4ccc(-c5cccc6c5C(=O)N(*)C6=O)cc4C3=O)c(C)c2)cc1C,0.000211711
*CC(*)OC=O,0.000329368
*CC(*)c1cc(C)ccc1F,0.000307654
*C(=O)c1ccc2c(c1)C(=O)N(c1cccc(N3C(=O)c4ccc(*)cc4C3=O)c1C)C2=O,0.000149399
*/C(C)=C(/*)C(C)C,0.000412745
*Oc1ccc(OC(=O)c2cc(OCCCCCCCCCCCC)c(C(*)=O)cc2OCCCCCCCCCCCC)cc1,0.000461874
*CC(C)C(*)(C)C,0.000270213
*CC(*)c1ccc(C)c(C)c1,0.000320275
*CC(*)OC(=O)C(F)(F)C(F)(F)C(F)(F)C(F)(F)C(F)(F)F,0.000470573
*Oc1ccc(C(CCCC)(CCCC)c2ccc(OC(*)=O)cc2)cc1,0.000314053
*CC(*)c1ccc(C(C)=NO)cc1,0.000294078
*C(=O)Nc1ccc(Oc2ccc(N3C(=O)c4ccc(*)cc4C3=O)cc2)cc1,0.000137834
*CC1CCC(COC(=O)CCCCCCCCC(=O)O*)CC1,0.000360554
*C(=O)Oc1ccc(C(C)(C)c2ccc(OC(=O)c3ccc4c(c3)C(=O)N(c3ccc(Oc5ccc(N6C(=O)c7ccc(*)cc7C6=O)cc5)cc3)C4=O)cc2)cc1,0.000178538
*Cc1ccc(-c2ccc(C(=O)O*)cc2)cc1,0.000293366
*CC(*)CCC(C)CC,0.000472028
*CC(*)c1cccc(C)c1,0.000350849
*CC(*)c1ccc(OCCCC)cc1,0.000619562
*CC(*)OC(=O)CCCCC,0.000663799
*Oc1ccc(OC(=O)c2ccc(-c3ccc(C(*)=O)cc3)cc2)cc1C,0.000189332
*CC(*)OC(=O)C(F)(F)C(F)(F)C(F)(F)C(F)(F)C(F)(F)C(F)(F)C(F)(F)F,0.000385313
*c1ccc(Cc2ccc(N3C(=O)c4ccc(Oc5ccc6c(c5)C(=O)N(*)C6=O)cc4C3=O)cc2)cc1,0.000163586
*CC(*)(C)CC,0.000171751
*CCc1cc(C)c(*)cc1C,0.000318913
*CC(*)c1ccc(CCCCCCCCCCCCCC)cc1,0.000481252
*OC(C)COC(*)=O,0.000302168
*CC(*)c1ccccc1C,0.000286508
*CC(*)C1CC1,0.000371071
*CC(*)(CC(=O)OCCCCCCCCC)C(=O)OCCCCCCCCC,0.000537789
*c1cccc2c(N3C(=O)c4ccc(-c5ccc6c(c5)C(=O)N(*)C6=O)cc4C3=O)cccc12,0.000394869
*C(=O)Nc1cccc(C#Cc2cccc(N3C(=O)c4ccc(*)cc4C3=O)c2)c1,-2.5e-05
*CC(*)c1ccc(C)cc1C,0.000348031
*c1cc(CCCC)c(*)s1,0.000306231
*CC(*)(CC(=O)OCCCC)C(=O)OCCCC,0.000506832
*c1ccc2c(c1)C(=O)N(c1ccc(Oc3ccc(-c4ccc(Oc5ccc(N6C(=O)c7ccc(C(*)(C(F)(F)F)C(F)(F)F)cc7C6=O)cc5)cc4)cc3)cc1)C2=O,0.000139802
*CC(*)OC(=O)c1ccccc1OC,0.000427672
*Oc1ccc(S(=O)(=O)c2ccc(Oc3ccc(-c4ccc(*)cc4)cc3)cc2)cc1,0.000236472
*c1ccc(Oc2ccc(C(C)(C)c3ccc(Oc4ccc(N5C(=O)c6ccc(-c7ccc8c(c7)C(=O)N(*)C8=O)cc6C5=O)cc4)cc3)cc2)cc1,0.000186388
*CCCCCCNC(=O)c1cccc(C(=O)N*)c1,0.000189672
*CC(*)OC(=O)CC1CCCC1,0.000521832
*c1ccc(C(c2ccc(-c3nc4cc(-c5ccc6nc(*)[nH]c6c5)ccc4[nH]3)cc2)(C(F)(F)F)C(F)(F)F)cc1,0.000152654
*CC(*)OC(=O)C1CCCC1,0.000394785
*Oc1ccc(S(=O)(=O)c2ccc(OC(*)=O)cc2)cc1,0.000318451
*CC(*)c1cc(Br)ccc1OCCCC,0.000550274
*CC(*)OC(=O)CCCC1CCCCC1,0.000285094
*CC(*)(C)C(=O)OCC(C)O,0.000323555
*NC1CC(C)(C)CC(C)(CNC(=O)CCCCC(*)=O)C1,0.000121335
*c1ccc(Oc2cccc3c(Oc4ccc(-n5c(=O)c6cc7c(=O)n(*)c(=O)c7cc6c5=O)cc4)cccc23)cc1,0.00017919
*Oc1ccccc1OC(=O)c1ccccc1/C=C/c1ccc(/C=C/c2ccccc2C(*)=O)cc1,0.000290159
*CC(*)c1ccc(O)cc1,0.000183838
*Cc1cccc(CNC(=O)CCCCC(=O)N*)c1,0.000255543
*CC(*)c1ccccc1C(=O)OCC(C)C,0.000416783
*C(*)C(=O)OC,0.000359286
*c1ccc(-c2nc3cc(-c4ccc5nc(*)c(-c6ccccc6)nc5c4)ccc3nc2-c2ccccc2)cc1,0.000246028
*C(C)C(*)OCC,0.00041713
*c1ccc(Oc2c(C)cc(C(C)(C)c3cc(C)c(Oc4ccc(N5C(=O)c6ccc(Oc7ccc(C8(c9ccc(Oc%10ccc%11c(c%10)C(=O)N(*)C%11=O)cc9)CCC(c9ccccc9)CC8)cc7)cc6C5=O)cc4)c(C)c3)cc2C)cc1,0.000245343
*CC(*)c1ccc(CCCCCCCCCCCCCCCC)cc1,0.000485945
*C(C)C(*)OCC(C)C,0.000450095
*CC(*)(CC(=O)OCCCc1ccccc1)C(=O)OCCCc1ccccc1,0.000509811
*CC(*)c1ccc(OCC)cc1,0.000412199
*Oc1c(C)cc(*)cc1C,0.000304056
*CC(*)C(=O)Oc1c(Cl)c(Cl)c(Cl)c(Cl)c1Cl,0.00026874
*CC(*)CCC1CCCCC1,0.000309105
*Oc1ccc(C(C)(c2ccccc2)c2ccc(OC(=O)c3cccc(C(*)=O)c3)cc2)cc1,0.00025439
*CC(*)c1ccc(Cl)c(F)c1,0.000398875
*Oc1ccc(S(=O)(=O)c2ccc(Oc3ccc(C(=O)c4cc(I)cc(C(=O)c5ccc(*)cc5)c4)cc3)cc2)cc1,0.000239867
*CC(*)C1CC=CCC1,0.000168326
*c1ccc(Oc2ccc(N3C(=O)c4ccc(-c5ccc6c(c5)C(=O)N(*)C6=O)cc4C3=O)cc2)cc1,0.000116429
*CC(*)Cc1ccccc1,0.000266985
*CCCCOC(=O)NCCCCCCNC(=O)O*,0.000269557
*c1ccc(N2C(=O)c3ccc(-c4cccc5c4C(=O)N(*)C5=O)cc3C2=O)cc1,0.000175399
*C=CC1CCC(*)C1,0.000691708
*CC(*)C1CCCCC1,0.000130214
*CC(*)C(=O)Oc1ccccc1C(=O)OCC,0.000284404
*CC(*)C(=O)OCCCCCCCCCCCCCCCC,0.000562015
*Oc1ccc(C(c2ccc(Oc3ccc(C(=O)c4cccc(C(=O)c5ccc(*)cc5)c4)cc3)cc2)(C(F)(F)F)C(F)(F)F)cc1,0.000205634
*c1ccc(Oc2ccc(-c3ccc(Oc4ccc(N5C(=O)c6ccc(Oc7cccc(Oc8ccc9c(c8)C(=O)N(*)C9=O)c7)cc6C5=O)cc4)cc3)cc2)cc1,0.000244451
*CC(*)OCC(F)(F)F,0.000489964
*Oc1ccc(C(C)(CCC#N)c2ccc(OC(*)=O)c(C)c2)cc1C,0.000369022
*c1ccc2c(c1)C(=O)N(c1ccc(Cc3ccc(N4C(=O)c5ccc(C(*)(C(F)(F)F)C(F)(F)F)cc5C4=O)cc3)cc1)C2=O,0.000262805
*CC(*)C,0.000387744
*Oc1ccc(C(C)(C)c2ccc(OC(=O)c3ccc(C(*)=O)cc3)cc2)cc1,0.000243116
*Oc1ccc(Sc2ccc(OC(*)=O)cc2)cc1,0.000267227
*c1ccc2c(c1)C(=O)N(c1c(C)cc(Cc3cc(C)c(N4C(=O)c5ccc(C(*)(C(F)(F)F)C(F)(F)F)cc5C4=O)c(C)c3)cc1C)C2=O,0.000204536
*C=CCCCCCCCCCC*,0.000583685
*C(C)C(*)OC(C)C,0.000334633
*CC(*)OC(C)CC,0.000468072
*C(=O)c1ccc2c(c1)C(=O)N(c1c(CC)cc(Cc3cc(CC)c(N4C(=O)c5ccc(*)cc5C4=O)c(CC)c3)cc1CC)C2=O,0.00029944
*Oc1ccc(C(=O)c2ccc(*)cc2)cc1,0.000198163
*CC(*)OC(=O)CCl,0.000519753
*Oc1ccc2ccc(OC(=O)c3ccccc3/C=C/c3ccc(/C=C/c4ccccc4C(*)=O)cc3)cc2c1,0.000303897
*CC(*)OCc1ccccc1,0.000406633
*CC(*)C(=O)Oc1ccc(-c2ccccc2)cc1,0.000245754
*Oc1cc(C)c(*)c(C)c1Br,0.000288283
*Oc1ccc(C(C#N)(c2ccccc2)c2ccc(OC(*)=O)cc2)cc1,0.000222158
*Oc1ccc(C(C)(C)c2ccc(OC(=O)CCCCC(*)=O)cc2)cc1,0.000263781
*c1ccc(S(*)(=O)=O)cc1,0.000280446
*CC(*)OC(=O)CCCC(=O)c1ccccc1,0.000426689
*c1ccc(Oc2c(C)cc(Cc3cc(C)c(Oc4ccc(N5C(=O)c6ccc(-c7ccc8c(c7)C(=O)N(*)C8=O)cc6C5=O)cc4)c(C)c3)cc2C)cc1,0.000168672
*CC(*)CC(C)C,0.000388881
*CC(*)CC(C)CC,0.000387475
*CCCCCCOC(=O)CCCCCNC(=O)CCCCC(=O)NCCCCCC(=O)O*,0.000416287
*CC(*)OC,0.000353949
*CC(*)C(=O)N1CCCCC1,0.000254275
*C1CCC(CC2CCC(N3C(=O)C4C5C=CC(C6C(=O)N(*)C(=O)C56)C4C3=O)CC2)CC1,0.000212174
*Oc1ccc(OC(=O)Oc2ccc(-c3ccc(OC(*)=O)cc3)cc2)cc1,0.000222691
*c1cccc(-c2nc3cc(-c4ccc5nc(*)c(-c6ccc7ccccc7c6)nc5c4)ccc3nc2-c2ccc3ccccc3c2)c1,0.000447185
*CC(*)CCCCCCCCC,0.000547754
*CC(*)c1ccc(Cl)cc1,0.000294442
*/C=C/C(C*)OC,0.000595968
*c1cccc(N2C(=O)c3ccc(Oc4ccc(C(C)(C)c5ccc(Oc6ccc7c(c6)C(=O)N(*)C7=O)cc5)cc4)cc3C2=O)c1,0.000192836
*Oc1cccc(S(=O)(=O)c2ccc(*)cc2)c1,0.000198982
*CC(*)OC(F)(C(F)(F)F)C(F)(F)F,0.000322291
*CCCCCCCCNC(=O)CCCCCCCCC(=O)N*,0.000462807
*CCCC=C(*)c1ccccc1,0.000341659
*CC(*)c1ccc(CCCCCCCCC)cc1,0.00053709
*CCCCCCNC(=O)NCc1ccc(CNC(=O)N*)cc1,0.000264518
*CC(*)(C)c1ccc(C(C)C)cc1,0.000385216
*CC(*)C1CCC(C)CC1,0.000274998
*CC1CC(*)C(OC(=O)CCCCCCCCCCOc2ccc(-c3ccc(C#N)cc3)cc2)C1,0.000276976
*c1ccc(Oc2ccc(-c3ccc(Oc4ccc(-n5c(=O)c6cc7c(=O)n(*)c(=O)c7cc6c5=O)cc4)cc3)cc2)cc1,0.000151005
*CC(*)(C(=O)OC)c1ccccc1,0.000195692
*Oc1cc(C(C)(C)C)c(Oc2ccc(C(=O)Nc3ccc(C(C)(C)c4ccc(NC(=O)c5ccc(*)cc5)cc4)cc3)cc2)cc1C(C)(C)C,0.000346629
*CCc1ccc(*)c(C)c1,0.000310309
*NC(=O)NCCCCCCNC(=O)Nc1ccc(Cc2ccc(*)cc2)cc1,0.000203771
*CC(*)c1nc(C)nc(C)n1,0.000364916
*C(F)(F)C(*)(F)Cl,0.000158943
*Oc1ccc2c(c1)nc1n2C(=O)c2ccc(-c3ccc4c(c3)C(=O)n3c-4nc4ccc(*)cc43)cc2-1,0.000189742
*c1cc(C(c2ccc(O)c(N3C(=O)c4ccc(Oc5ccc6c(c5)C(=O)N(*)C6=O)cc4C3=O)c2)(C(F)(F)F)C(F)(F)F)ccc1O,0.000161762
*CC(*)c1ccc(CCCCCC)cc1,0.0005237
*Oc1ccc(C(C)(C)c2ccc(OC(=O)SCCCSC(*)=O)cc2)cc1,0.000381997
*CC(*)C(=O)OCCC#N,0.000240772
*CC(*)(CC(=O)OC1CCCCC1)C(=O)OC1CCCCC1,7.22e-05
*c1ccc(-c2nc3cc(-c4ccc5nc(*)c(-c6ccc7ccccc7c6)nc5c4)ccc3nc2-c2ccc3ccccc3c2)cc1,0.00014933
*CC(*)OC(=O)c1ccc(C)cc1,0.000348349
*CCCCCCOC(=O)Nc1ccc(C)c(NC(=O)OCCCCCCOc2ccc(-c3ccc(O*)cc3)cc2)c1,0.000269838
*Oc1cc(C(C)(C)C)c(Oc2ccc(C(=O)Nc3c(C)cc(Cc4cc(C)c(NC(=O)c5ccc(*)cc5)c(C(C)C)c4)cc3C(C)C)cc2)cc1C(C)(C)C,0.000257298
*CC(*)c1ccc(C(=O)c2ccc(C)cc2)cc1,0.000244505
*CC(*)c1ccccc1COCCc1ccccc1,0.00048686
*Oc1ccc(C(C)(C)c2ccc(OC(=O)c3ccc(C(=O)c4ccc(C(*)=O)cc4)cc3)cc2)cc1,0.000280404
*CC(*)c1ccc(CCCC)cc1,0.00056745
*Oc1ccc(S(=O)(=O)c2ccc(Oc3ccc(Cc4ccc(*)cc4)cc3)cc2)cc1,0.000225364
*Oc1ccc(SC(=O)Oc2ccc(C(C)(C)c3ccc(OC(=O)Sc4ccc(*)cc4)cc3)cc2)cc1,0.000251166
*CCCSS*,0.000564512
*Oc1ccc(C(c2ccccc2)(c2ccccc2)c2ccc(OC(=O)c3cccc(C(*)=O)c3)cc2)cc1,0.000273465
*C([2H])([2H])C(*)([2H])c1c([2H])c([2H])c([2H])c([2H])c1[2H],0.000565855
*CC(*)SCCCC,0.000651944
*CCCCCNC(=O)O*,0.000272197
*CC(*)OCC,0.000506183
*CC(*)c1ccccc1C(=O)OCCC(C)C,0.000395095
*CC(*)C(=O)c1ccc(C(C)(C)C)cc1,0.000335655
*CC(*)c1cc(F)ccc1F,0.000391901
*CC(*)(C)CCC,0.000208065
*c1cccc(Oc2cccc(Oc3cccc(-n4c(=O)c5cc6c(=O)n(*)c(=O)c6cc5c4=O)c3)c2)c1,0.000200681
*C(C)C(*)OC(C)(C)C,0.000264415
*CC(*)OCC(CC)CCCC,0.000504518
*CC(*)c1ccccc1C(=O)OCCN(C)C,0.000413154
*CC(*)c1ccc(C(=O)OCC)cc1,0.000450307
*C(=O)c1ccc2c(c1)C(=O)N(c1ccc(N3C(=O)c4ccc(*)cc4C3=O)nc1)C2=O,0.000152503
*CC(*)c1ccc(F)cc1,0.000315025
*CC(*)CCCCCCCCCCCCCC,0.000424525
*CC(*)CCc1ccc(C)cc1,0.000349318
*CC(*)(C)C(=O)OC,0.000148746
*CC(*)C(=O)c1ccc(CCC)cc1,0.000494208
*c1cccc(S(=O)(=O)c2cccc(N3C(=O)c4ccc(Oc5ccc(S(=O)(=O)c6ccc(Oc7ccc8c(c7)C(=O)N(*)C8=O)cc6)cc5)cc4C3=O)c2)c1,0.000221434
*CC(*)CCCCCCCC,0.000519833
*CC(*)c1ccccc1C(=O)OCCCCCC,0.000506025
*CCCCCOC(=O)c1ccc2cc(C(=O)O*)ccc2c1,0.000323555
*C(=O)CCCCCCCCC(=O)N1CCN(*)CC1,0.000382704
*Oc1ccc(Oc2ccc(C(=O)c3ccc(*)cc3)cc2)cc1,0.000289949
*CCCCCCNC(=O)c1ccc(-c2ccc(C(=O)N*)cc2)cc1,0.000260718
*CC(*)C(=O)OC(C)(C)C,0.000411693
*CC(*)N1CCCC1=O,0.000357076
*Oc1cccc2c(OC(=O)Oc3ccc(OC(*)=O)cc3)cccc12,0.000246696
*CC(*)(CC(=O)OCc1ccccc1)C(=O)OCc1ccccc1,0.000384876
*C1CCC(*)C1,0.000265585
*CC(*)OC(=O)C(C)(C)C(C)C(C)C,0.000351367
*C(F)(F)C(*)(F)OC(F)(F)C(F)(F)C(F)(F)C(F)(F)F,0.00052956
*CC(*)(CCC(C)C(=O)OC)C(=O)OC,0.000191045
*CCCCCCN(C)C(=O)CCCCC(=O)N(*)C,0.000431971
*C(F)C(*)(F)F,0.000250903
*c1ccc2sc3ccc(-c4nc5cc(-c6ccc7[nH]c(*)nc7c6)ccc5[nH]4)cc3c2c1,0.000152406
*CCCC=C(*)c1ccc(OC)cc1,0.000410619
*CC(*)(C)C(=O)Oc1ccc(C#N)cc1,0.00026306
*C1C(*)C2CC1C1C=CCC12,0.000117093
*Oc1ccc(S(=O)(=O)c2ccc(Oc3ccc(C(=O)c4cc(C(=O)c5ccc(*)cc5)cc(C(C)(C)C)c4)cc3)cc2)cc1,0.000288147
*c1cccc(Oc2ccc(N3C(=O)c4ccc(-c5ccc6c(c5)C(=O)N(*)C6=O)cc4C3=O)cc2)c1,0.000149706
*NC(=O)c1ccc(C(=O)Nc2ccc(*)cc2)cc1,0.000191847
*c1cccc(P(=O)(c2cccc(-n3c(=O)c4c(-c5cc(C(F)(F)F)cc(C(F)(F)F)c5)c5c(=O)n(*)c(=O)c5c(-c5cc(C(F)(F)F)cc(C(F)(F)F)c5)c4c3=O)c2)c2cc(C(F)(F)F)cc(C(F)(F)F)c2)c1,0.000346768
*CC(*)c1ccccc1C(=O)N(C)C,0.000396182
*CC(*)c1ccc(C(O)CCN2CCOCC2)cc1,0.000253571
*C(=O)c1ccc2c(c1)C(=O)N(c1ccc(Oc3cccc4c(Oc5ccc(N6C(=O)c7ccc(*)cc7C6=O)cc5)cccc34)cc1)C2=O,0.000141211
*OC(C)C(*)=O,0.000451632
*CC(*)C(=O)O,0.000134519
*CC1CCC(*)C1,0.000315175
*c1ccc(-c2ccc(N3C(=O)c4ccc(Oc5ccc6c(c5)C(=O)N(*)C6=O)cc4C3=O)cc2)cc1,0.000154135
*CCOC(=O)c1cccc2c(C(=O)O*)cccc12,0.0002569
*c1ccc2c(c1)C(=O)N(c1ccc(Sc3ccc(Oc4ccc(Sc5ccc(N6C(=O)c7ccc(C(*)(C(F)(F)F)C(F)(F)F)cc7C6=O)cc5)cc4)cc3)cc1)C2=O,0.000150745
*Oc1ccc(S(=O)(=O)c2ccc(Oc3ccc(C(=O)c4cccc(C(=O)c5ccc(*)cc5)c4)cc3)cc2)cc1,0.00027736
*Oc1ccc(-c2ccc(OC(=O)CCCCCCCCCCCC(*)=O)cc2)cc1,0.00047629
*C(C)C(*)OCCC,0.000571269
*c1ccc2c(c1)C(=O)N(c1cccc(S(=O)(=O)c3cccc(N4C(=O)c5ccc(C(*)(C(F)(F)F)C(F)(F)F)cc5C4=O)c3)c1)C2=O,0.000221714
*CCCCCCOC(=O)Nc1ccc(Cc2ccc(NC(=O)O*)cc2)cc1,0.000284254
*c1cccc(N2C(=O)c3ccc(Oc4ccc(S(=O)(=O)c5ccc(Oc6ccc7c(c6)C(=O)N(*)C7=O)cc5)cc4)cc3C2=O)c1,0.000198876
*c1ccc(Oc2ccc(N3C(=O)c4ccc(Oc5cccc6c5C(=O)N(*)C6=O)cc4C3=O)cc2)cc1,0.00015979
*c1cccc(N2C(=O)c3ccc(Oc4ccc5c(c4)C(=O)N(*)C5=O)cc3C2=O)c1,0.000288248
*Oc1c(Cl)cc(C(C)(C)c2cc(Cl)c(OC(*)=O)c(Cl)c2)cc1Cl,0.000327937
*c1cccc(Oc2ccc(N3C(=O)c4ccc(C(c5ccc6c(c5)C(=O)N(*)C6=O)(C(F)(F)F)C(F)(F)F)cc4C3=O)cc2)c1,0.000178049
*c1ccc(Oc2ccccc2Oc2ccc(N3C(=O)c4ccc(-c5ccc6c(c5)C(=O)N(*)C6=O)cc4C3=O)cc2)cc1,0.000183043
*CC(*)C(=O)Oc1ccc(C(=O)OCCCC)cc1,0.000401555
*Oc1ccc2c(c1)C1(CC2(C)C)CC(C)(C)c2ccc(OC(*)=O)cc21,0.000263193
*CC(*)(C)C(=O)Oc1c(C)cccc1C,0.000279977
*CC(*)c1cc(Br)ccc1OCCC,0.000481903
*c1ccc(C)c(N2C(=O)c3ccc(-c4ccc5c(c4)C(=O)N(*)C5=O)cc3C2=O)c1,0.000225879
*c1ccc(S(=O)(=O)c2ccc(-n3c(=O)c4cc5c(=O)n(*)c(=O)c5cc4c3=O)cc2)cc1,0.000147739
*CC(*)C(=O)N(C)C,0.000422172
*CC(*)c1ccc(OC(C)=O)cc1,0.000362464
*c1ccc(Oc2cccc(Oc3ccc(N4C(=O)c5ccc(Oc6ccc7c(c6)C(=O)N(*)C7=O)cc5C4=O)cc3)c2)cc1,0.000209161
*c1ccc(Oc2ccc(Oc3ccc(-n4c(=O)c5cc6c(=O)n(*)c(=O)c6cc5c4=O)cc3)cc2C(C)(C)C)cc1,0.000154838
*CC(*)Cl,0.000227567
*CC(*)C(=O)NC(C)C,0.000559867
*Oc1ccc(S(=O)(=O)c2ccc(Oc3ccc(C(C)(C)c4ccc(*)c(C(OC)(C(F)(F)F)C(F)(F)F)c4)cc3C(OC)(C(F)(F)F)C(F)(F)F)cc2)cc1,0.000268106
*c1ccc(C(=O)Nc2ccc(-n3c(=O)c4cc5c(=O)n(*)c(=O)c5cc4c3=O)cc2)cc1,0.000129295
*c1ccc(S(=O)(=O)c2ccc(N3C(=O)c4ccc(C(=O)c5ccc6c(c5)C(=O)N(*)C6=O)cc4C3=O)cc2)cc1,0.000199201
*CC(*)(C)C(=O)OCc1ccccc1Cl,0.000303674
*CC(*)(C)C(=O)OCc1ccc(Cl)cc1,0.000253632
*CC(*)(CC(=O)OCCC)C(=O)OCCC,0.000401492
*CC(*)CCCCCCCCCCCCCCCC,0.000541641
*C(=O)c1ccc2c(c1)C(=O)N(c1ccc3c(c1)Cc1cc(N4C(=O)c5ccc(*)cc5C4=O)ccc1-3)C2=O,0.000156779
*CC(*)C(=O)OCc1ccc(C#N)cc1,0.000316924
*c1ccc(Oc2c(C)cc(Cc3cc(C)c(Oc4ccc(-n5c(=O)c6cc7c(=O)n(*)c(=O)c7cc6c5=O)cc4)c(C)c3)cc2C)cc1,0.000479675
*CC(*)c1ccc2ccccc2c1,0.000284786
*c1ccc(C(c2ccc(N3C(=O)c4cc5c(cc4C3=O)C(C(F)(F)F)(C(F)(F)F)c3cc4c(cc3O5)C(=O)N(*)C4=O)cc2)(C(F)(F)F)C(F)(F)F)cc1,0.000188364
*CC(*)C=C,0.000428332
*CC(*)OC(=O)c1cccnc1,0.000351924
*c1ccc(Oc2c(C)cc(C(c3cc(C)c(Oc4ccc(-n5c(=O)c6cc7c(=O)n(*)c(=O)c7cc6c5=O)cc4)c(C)c3)c3cccc4ccccc34)cc2C)cc1,0.000244347
*CC(*)c1ccccc1C(=O)OCC,0.000511121
*c1ccc(Oc2ccc(Oc3ccc(N4C(=O)c5ccc(C(c6ccc7c(c6)C(=O)N(*)C7=O)(C(F)(F)F)C(F)(F)F)cc5C4=O)cc3)cc2)cc1,0.000191408
*Oc1c(-c2ccccc2)cc(*)cc1-c1ccccc1,0.000284542
*CCCCO*,0.000881945
*c1ccc(OC(=O)c2ccccc2/C=C/c2ccc(/C=C/c3ccccc3C(=O)Oc3ccc(C4(*)OC(=O)c5ccccc54)cc3)cc2)cc1,0.000287886
*c1ccc(Oc2cccc3c(Oc4ccc(N5C(=O)c6ccc(Oc7ccc8c(c7)C(=O)N(*)C8=O)cc6C5=O)cc4)cccc23)cc1,0.000195803
*c1ccc(Oc2ccc(C(=O)c3ccc(Oc4ccc(C5(*)OC(=O)c6ccccc65)cc4)cc3)cc2)cc1,0.000224978
*/C=C/CC*,0.000825563
*CCCCCCCCCC(=O)N*,0.000282752
*CC(*)c1ccc(C(=O)OCCC)cc1,0.0005154
*C(=O)Oc1ccc(OC(=O)c2ccc3c(c2)C(=O)N(c2ccc(-c4ccc(N5C(=O)c6ccc(*)cc6C5=O)cc4C(F)(F)F)c(C(F)(F)F)c2)C3=O)cc1,0.000212658
*Oc1ccc(SC(=O)Sc2ccc(*)cc2)cc1,0.000267071
*c1ccc(Oc2cccc(Oc3ccc(N4C(=O)c5ccc(-c6cccc7c6C(=O)N(*)C7=O)cc5C4=O)cc3)c2)cc1,0.000180266
*CC(*)c1ccccc1,0.000270676
*CCOC(=O)Nc1ccc(-c2ccc(NC(=O)O*)cc2)cc1,0.000278058
*CC(*)c1ccccc1CC,0.000347592
*CC/C=C(\*)C,0.000529654
*CC(*)C(=O)OC(CC)CC,0.000540937
*CC(*)C(=O)OC(F)(C(F)(F)F)C(F)(F)Cl,0.000608971
*CC(*)c1cc(Br)ccc1OCCCCC,0.000601316
*CC(*)(C)C(=O)OCCC,0.000435792
*CC(*)C(=O)OC(F)(C(F)(F)Cl)C(F)(F)Cl,0.000316767
*c1cccc(S(=O)(=O)NCCCCCCNS(*)(=O)=O)c1,0.000239995
*CC(*)CCCCCCCCCCCCCCCCCCCC,0.000553422
*CCCCCCCCCCC(=O)N*,0.000290808
*CC(*)C(=O)OC1CC2CCC1(C)C2(C)C,0.000250571
*CC(*)c1ccc(C(O)CCN2CCCCC2)cc1,0.000441169
*c1ccc(Oc2c(C)cc(-c3cc(C)c(Oc4ccc(N5C(=O)c6ccc(Oc7ccccc7Oc7ccc8c(c7)C(=O)N(*)C8=O)cc6C5=O)cc4C(F)(F)F)c(C)c3)cc2C)c(C(F)(F)F)c1,0.000221401
*c1ccc(N2C(=O)c3ccc(C(=O)c4ccc5c(c4)C(=O)N(*)C5=O)cc3C2=O)cc1,8.54e-05
*CC(*)Cc1cc(C)ccc1C,0.000385728
*c1ccc2c(c1)-c1cc(-c3nc4cc(-c5ccc6[nH]c(*)nc6c5)ccc4[nH]3)ccc1S2(=O)=O,0.000117162
*c1ccc(-c2ccc(-n3c(=O)c4cc5c(=O)n(*)c(=O)c5cc4c3=O)cc2)cc1,0.000214928
*/C=C\CCCC*,0.000633541
*CC(*)c1ccccc1COC(C)C,0.000380503
*CC(*)OC(C)(C)C,0.000321575
*c1cccc(-n2c(=O)c3cc4c(=O)n(*)c(=O)c4cc3c2=O)c1,0.000159929
*C1CC2CC1C(*)C2CCCCCC,0.000446918
*C(=O)Nc1cccc(NC(=O)/C=C/c2cccc(N3C(=O)c4ccc(*)cc4C3=O)c2)c1,0.000345207
*c1ccc(Oc2cccc(Oc3ccc(N4C(=O)c5ccc(-c6ccc7c(c6)C(=O)N(*)C7=O)cc5C4=O)cc3)c2)cc1,0.000140202
*CC(*)(C)C(=O)Oc1ccccc1,0.000235303
*c1ccc(Oc2ccc(Oc3ccc(N4C(=O)c5ccc(Oc6ccc(C7(c8ccc(Oc9ccc%10c(c9)C(=O)N(*)C%10=O)cc8)CCC(c8ccccc8)CC7)cc6)cc5C4=O)cc3)c(C(C)(C)C)c2)cc1,0.000185159
*CC(*)c1cc(Cl)ccc1Cl,0.000264194
*Oc1ccc(NC(=O)c2cccc(C(=O)Nc3ccc(*)cc3)c2)cc1,0.000169754
*c1ccc2c(c1)C(=O)N(c1ccc(Oc3ccc(N4C(=O)c5ccc(C(C)(C)CCCCCCCCC(*)(C)C)cc5C4=O)cc3)cc1)C2=O,0.000203666
*Oc1ccc(-c2ccc(OC(=O)CCCCCCCC(*)=O)cc2)cc1,0.000285686
*C(F)(F)C(*)(F)c1c(F)c(F)c(F)c(F)c1F,0.000328459
*c1ccc(Oc2c(C)cc(C(c3cc(C)c(Oc4ccc(N5C(=O)c6ccc(-c7ccc8c(c7)C(=O)N(*)C8=O)cc6C5=O)cc4)c(C)c3)c3cccc4ccccc34)cc2C)cc1,0.000261052
*C=CC(C*)OC,0.00057553
*c1cccc(P(=O)(c2cccc(-n3c(=O)c4c(-c5ccccc5)c5c(=O)n(*)c(=O)c5c(-c5ccccc5)c4c3=O)c2)c2cc(C(F)(F)F)cc(C(F)(F)F)c2)c1,0.000583339
*CC(*)c1ccccn1,0.000308762
*CC(*)C(=O)C1CCCCC1,0.000420882
*CCCCCCCCCNC(=O)c1ccc(C(=O)N*)cc1,0.000272233
*Oc1ccc(-c2ccc(OC(=O)CCCCCC(*)=O)cc2)cc1,0.00025362
*CC(*)C(=O)Oc1ccc(C(=O)OC)cc1,0.000285876
*C(=O)Oc1ccc(OC(=O)c2ccc3c(c2)C(=O)N(c2ccc(Oc4ccc(N5C(=O)c6ccc(*)cc6C5=O)cc4)cc2)C3=O)cc1,0.000200178
*OC1C(CO)OC(*)C(N)C1O,0.000135423
*/C=C\CCC*,0.000601444
*CCC=C(*)c1ccccc1,0.000455262
*CC(*)C1CCCC(C)C1,0.000180988
*CCCCCCCCCCOC(=O)c1ccc(C(=O)NCCNC(=O)c2ccc(C(=O)O*)cc2)cc1,0.000259182
*c1c(C)cc(C(c2cc(C)c(N3C(=O)c4ccc(-c5ccc6c(c5)C(=O)N(*)C6=O)cc4C3=O)c(C)c2)c2cccc3ccccc23)cc1C,0.000207695
*c1ccc(Oc2ccc(-n3c(=O)c4cc5c(=O)n(*)c(=O)c5cc4c3=O)cc2)cc1,0.000132765
*c1ccc(Oc2ccc(C(C)(C)c3ccc(Oc4ccc(N5C(=O)c6ccc(C(=O)c7ccc8c(c7)C(=O)N(*)C8=O)cc6C5=O)cc4)cc3)cc2)cc1,0.000237367
*CC(*)c1ccc(C(=O)N(C)C)cc1,0.000303154
*Oc1ccc(C(C)(CCC)c2ccc(OC(*)=O)cc2)cc1,0.000240278
*Oc1ccc(NC(=O)c2cc(C(c3ccc(C(=O)O)c(C(=O)Nc4ccc(Oc5ccc(C(c6ccc(*)cc6)(C(F)(F)F)C(F)(F)F)cc5)cc4)c3)(C(F)(F)F)C(F)(F)F)ccc2C(=O)O)cc1,0.00031553
*Oc1ccc(-c2ccc(OC(=O)CCCCCCCCCCC(*)=O)cc2)cc1,0.00066659
*CCOCCOC(=O)c1cccc(C(=O)O*)c1,0.000332487
*CC(*)(C)C(=O)OCCS(=O)CC,0.000374022
*c1ccc(-c2ccc(Oc3ccc(C4(C)CC(C)(C)c5ccc(Oc6ccc(-c7ccc(N8C(=O)c9ccc(Oc%10ccc%11c(c%10)C(=O)N(*)C%11=O)cc9C8=O)cc7)cc6C(F)(F)F)cc54)cc3)c(C(F)(F)F)c2)cc1,0.000219709
*C(=O)c1ccc2c(c1)C(=O)N(c1ccc(N3C(=O)c4ccc(*)cc4C3=O)c(C)c1)C2=O,0.000150162
*c1ccc(*)cc1,4.06e-05
*N=P(*)(OCC(F)(F)F)OCC(F)(F)F,0.000645189
*c1ccc(Oc2ccc(-c3ccc(Oc4ccc(N5C(=O)c6ccc(-c7ccc8c(c7)C(=O)N(*)C8=O)cc6C5=O)cc4)cc3)cc2)cc1,0.000180901
*C(=O)c1ccc2c(c1)C(=O)N(c1cccc(C(=O)Nc3cccc(N4C(=O)c5ccc(*)cc5C4=O)c3)c1)C2=O,0.000128279
*CC(*)(C)C(=O)OCC(C)C,0.000376116
*CC(*)C(C)CC,0.000351929
*Oc1ccc(S(=O)(=O)c2ccc(Oc3ccc(C(C)(C)c4ccc(*)c(C(O)(C(F)(F)F)C(F)(F)F)c4)cc3C(O)(C(F)(F)F)C(F)(F)F)cc2)cc1,0.000237404
*CC(*)C(=O)c1ccccc1,0.000257459
*CC/C=C(\*)C(C)(C)C,0.00034142
*c1ccc(-n2c(=O)c3cc4c(=O)n(*)c(=O)c4cc3c2=O)cc1,0.000134747
*CC(*)(C)C(=O)OCC,0.000321803
*CC(*)C(=O)OCCCCCCC,0.000541527
*NC(=O)Nc1ccc(Cc2ccc(*)cc2)cc1,0.000197137
*C(=O)Nc1ccc(Oc2ccc(NC(=O)c3ccc4c(c3)C(=O)N(c3ccc(S(=O)(=O)c5ccc(N6C(=O)c7ccc(*)cc7C6=O)cc5)cc3)C4=O)cc2)cc1,0.000178287
*CC(*)(C)OC,0.000285948
*CC(*)OC(=O)C(C)(C)CCC,0.000479648
*CCOC(=O)NCC1(C)CC(NC(=O)O*)CC(C)(C)C1,0.000243712
*CC(*)(C)C(=O)OCCO,0.000211257
*c1ccc(C(c2ccc(-c3nc4ccc(-c5ccc6nc(*)[nH]c6c5)cc4[nH]3)cc2)(C(F)(F)F)C(F)(F)F)cc1,0.000179822
*C(=O)Nc1ccc(NC(=O)c2ccc(N3C(=O)c4ccc(*)cc4C3=O)cc2)cc1,0.000205218
*CC(*)c1ccc(COC(C)CC)cc1,0.000632499
*CC(*)C(=O)OCCCCCCCCCCCCCCCCCC,0.000542021
*CCOCC(=O)O*,0.000312911
*c1cccc(N2C(=O)c3ccc(C(=O)c4ccc5c(c4)C(=O)N(*)C5=O)cc3C2=O)c1,0.000163524
*CC(*)(C)C(=O)OCCC#N,0.000251979
*c1ccc(Oc2cccc(N3C(=O)c4ccc(-c5cccc6c5C(=O)N(*)C6=O)cc4C3=O)c2)cc1,0.000209091
*CC(*)c1ccc(C(O)CCN(C)C)cc1,0.000411076
*C(=O)c1ccc2c(c1)C(=O)N(c1cccc(OCCOCCOc3cccc(N4C(=O)c5ccc(*)cc5C4=O)c3)c1)C2=O,0.000194099
*CC(*)P(=O)(Oc1ccccc1)N(C)C,0.000381297
*CC(*)C(=O)OCCc1ccccc1,0.000426642
*c1cccc(P(=O)(c2ccc(C(F)(F)F)cc2)c2cccc(-n3c(=O)c4c(-c5ccc(C(F)(F)F)cc5)c5c(=O)n(*)c(=O)c5c(-c5ccc(C(F)(F)F)cc5)c4c3=O)c2)c1,0.000277203
*c1ccc(Oc2ccc(C3(c4ccc(Oc5ccc(N6C(=O)c7ccc(Oc8ccc(C9(c%10ccc(Oc%11ccc%12c(c%11)C(=O)N(*)C%12=O)cc%10)CCCCCCCCCCC9)cc8)cc7C6=O)cc5)cc4)CCC(C(C)(C)C)CC3)cc2)cc1,0.000243363
*C(=O)NCCNC(=O)c1ccc(N2C(=O)c3ccc(*)cc3C2=O)cc1,0.00016315
*CC*,0.00050748
*C(=O)c1ccc2c(c1)C(=O)N(c1ccc(-c3ccc(-c4ccc(N5C(=O)c6ccc(*)cc6C5=O)cc4)cc3)cc1)C2=O,0.000167473
*C(F)(F)C(*)(F)C(F)(F)F,0.000148886
*CCCCNC(=O)CCCCCCC(=O)N*,0.00027059
*C(=O)c1ccc2c(c1)C(=O)N(c1ccc(-c3ccc(N4C(=O)c5ccc(*)cc5C4=O)c(OC)c3)cc1OC)C2=O,0.000179152
*CC(*)C(=O)OCC(F)(F)F,0.000359395
*CCC=C(*)CCCCCCC,0.000541195
*c1ccc2c(c1)-c1nc3cc(-c4ccc5nc6n(c5c4)C(=O)c4cc(C(*)(C(F)(F)F)C(F)(F)F)ccc4-6)ccc3n1C2=O,0.000213683
*CC(*)CCc1ccccc1,0.000355548
*CC(*)c1ccc(C(=O)OCCN(C)C)cc1,0.000422968
*c1ccc(Oc2ccc(C(c3ccc(Oc4ccc(-n5c(=O)c6cc7c(=O)n(*)c(=O)c7cc6c5=O)cc4)cc3)(C(F)(F)F)C(F)(F)F)cc2)cc1,0.000170424
*CC(*)c1cccc(CC)c1,0.000484541
*NC(CCC(=O)OCCCCCC)C(*)=O,0.000602434
*CC(*)(C)C(=O)OCC(=O)c1ccccc1,0.000214273
*Oc1ccc(-c2ccc(OC(=O)CCCCCCCCCCCCC(*)=O)cc2)cc1,0.000486636
*Oc1ccc(-c2ccc(OC(=O)CCCCCCCCC(*)=O)cc2)cc1,0.000365821
*c1ccc(-c2ccc(-n3c(=O)c4cc5c(=O)n(*)c(=O)c5cc4c3=O)cc2C(F)(F)F)c(C(F)(F)F)c1,0.000134043
*CCCCCCCCC(=O)N*,0.000360407
*C([2H])([2H])C(*)(C(=O)OC([2H])([2H])[2H])C([2H])([2H])[2H],-4.38e-05
*c1c(C)c(C)c(-n2c(=O)c3cc4c(=O)n(*)c(=O)c4cc3c2=O)c(C)c1C,0.000148461
*CC(*)C(=O)Oc1ccc(C(=O)OCC)cc1,0.000366016
*CCCCCCN1C(=O)c2ccc(Oc3ccc4c(c3)C(=O)N(*)C4=O)cc2C1=O,0.000178975
*Oc1ccc(OC(=O)c2ccccc2/C=C/c2ccc(/C=C/c3ccccc3C(*)=O)cc2)cc1,0.000307583
*Cc1cc(*)c(O)cc1C,0.000243408
*CC(*)(C)c1ccccc1,0.000140468
*CC(*)OC(=O)C(C)(C)CC(C)(C)C,0.000305577
*CC(*)C(=O)c1ccc(C)cc1,0.000277946
*c1ccc2c(c1)C(=O)N(c1ccc(Oc3ccc(N4C(=O)c5ccc(C(F)(F)C(F)(F)C(*)(F)F)cc5C4=O)cc3)cc1)C2=O,0.000282199
*Oc1ccc(Oc2ccc(C(=O)c3ccc(C(=O)c4ccc(*)cc4)c4ccccc34)cc2)cc1,0.000345852
*c1ccc2c(c1)-c1nc3cc(Oc4ccc5nc6n(c5c4)C(=O)c4cc(C(*)(C(F)(F)F)C(F)(F)F)ccc4-6)ccc3n1C2=O,0.000155979
*c1cccc(Oc2ccc(N3C(=O)c4ccc(Oc5ccc6c(c5)C(=O)N(*)C6=O)cc4C3=O)cc2)c1,0.000195736
*CCC1CC(OC(=O)CCCCCCCCCCOc2ccc(-c3ccc(C#N)cc3)cc2)CC1*,0.000341075
*c1ccc(N2C(=O)c3ccc(-c4ccc5c(c4)C(=O)N(*)C5=O)cc3C2=O)cc1,0.000129695
*CC(*)c1ccc(C(=O)Cc2ccccc2)cc1,0.000323488
*CC(*)c1ccc(C(=O)N(CC)CC)cc1,0.000392374
*CC(*)(C)C(=O)OCCO[N+](=O)[O-],0.000245771
*Oc1ccc(C(C)(C)c2ccc(OC(*)=O)c(CC)c2)cc1CC,0.0003133
*C(=O)c1ccc2c(c1)C(=O)N(c1ccc(-c3ccc(N4C(=O)c5ccc(*)cc5C4=O)c(C)c3)cc1C)C2=O,0.000163329
*CCCCOC(=O)c1ccc(C(=O)O*)cc1,0.000334888
*CCC(*)(C)C,0.000235879
*c1ccc(-c2ccc(-c3ccc(-n4c(=O)c5cc6c(=O)n(*)c(=O)c6cc5c4=O)cc3)cc2)cc1,0.000106778
*c1ccc(Cc2ccc(N3C(=O)C4CCC5C(=O)N(*)C(=O)C5C4C3=O)c(C)c2)cc1C,0.000199944
*CC(*)C(=O)OC(C)C,0.000421743
*CC(*)C(=O)OCCCC,0.00067018
*CC(*)c1ccc(C(C)(C)C)cc1,0.000351724
*c1cccc(P(=O)(c2ccc(C(F)(F)F)cc2)c2cccc(-n3c(=O)c4cc5c(=O)n(*)c(=O)c5cc4c3=O)c2)c1,0.000171113
*Oc1ccc2ccc(OC(=O)Oc3ccc(OC(*)=O)cc3)cc2c1,0.000400756
*c1ccc(Oc2ccc(Oc3ccc(N4C(=O)c5ccc(-c6ccc7c(c6)C(=O)N(*)C7=O)cc5C4=O)cc3)c(-c3ccccc3)c2)cc1,0.000179456
*c1cccc(Oc2ccc(N3C(=O)c4ccc(C(=O)c5ccc6c(c5)C(=O)N(*)C6=O)cc4C3=O)cc2)c1,0.000180019
*CCCCCCCCCCCCNC(=O)CCCCCCCCCCCCCCCCCCC(=O)N*,0.000373908
*CC(*)CCC(C)(C)C,0.000361923
*CC(*)OC(=O)c1ccc(C(C)(C)C)cc1,0.000425984
*Oc1ccc(S(=O)(=O)c2ccc(OC(=O)c3ccccc3/C=C/c3ccc(/C=C/c4ccccc4C(*)=O)cc3)cc2)cc1,0.000240366
*CC(*)c1ccc(C(F)(F)C(F)(F)C(F)(F)C(F)(F)C(F)(F)C(F)(F)C(F)(F)F)cc1,0.000503476
*c1ccc(NC(=O)CCCCC(=O)Nc2ccc(S(*)(=O)=O)cc2)cc1,0.000314322
*CC(*)(CC(=O)Oc1ccccc1)C(=O)Oc1ccccc1,0.00041288
*c1cccc(N2C(=O)c3ccc(-c4ccc5c(c4)C(=O)N(*)C5=O)cc3C2=O)c1,0.000191457
*CC(*)OCCCCCCCCCCCCCCCCCC,0.000538348
*CC(*)C(=O)c1ccc(OC)cc1,0.00023852
*CC(*)(C)C(=O)OCCBr,0.000520067
*Cc1ccc(COC(=O)O*)cc1,0.000294678
*CC(*)CCCCCCCCCC,0.000499341
*NC(C)C(*)=O,0.000262092
*C1CCC(N2C(=O)c3ccc(-c4ccc5c(c4)C(=O)N(*)C5=O)cc3C2=O)CC1,0.000168496
*Oc1ccc(C(c2ccc(OC(*)=O)cc2)(C(F)(F)F)C(F)(F)F)cc1,0.0002981
*CC(F)(F)C(F)(F)C(F)(F)C(F)(F)COC(=O)O*,0.000391426
*C(F)C(*)(F)OC(F)(F)F,0.000292731
*CC(*)c1ccc(C(=O)OCCCC)cc1,0.000478313
*c1cc(C(c2ccc(O)c(-n3c(=O)c4cc5c(=O)n(*)c(=O)c5cc4c3=O)c2)(C(F)(F)F)C(F)(F)F)ccc1O,0.000152214
*NC(=O)c1ccc(C(=O)Nc2ccc(-c3ccc(*)cc3)cc2)cc1,6.33e-05
*Oc1ccc(S(=O)(=O)c2ccc(Oc3ccc(C(C)(C)c4ccc(*)cc4)cc3)c([N+](=O)[O-])c2)cc1[N+](=O)[O-],0.000242225
*CC(*)OC(=O)CC1CCCCC1,0.000394908
*CCCCCCS(*)(=O)=O,0.000493975
*CC(*)C(=O)Oc1ccccc1,0.000282308
*CC(*)C1CCCC1,0.000291416
*c1ccc2c(c1)C(=O)N(c1cc(N3C(=O)c4ccc(C(*)(C(F)(F)F)C(F)(F)F)cc4C3=O)ccc1C)C2=O,0.000120143
*CC(*)C(=O)Oc1ccc(Cl)cc1Cl,0.0002846
*Oc1c(C)cc(C(C)(C)c2cc(C)c(ON3C(=O)c4ccc(Oc5ccc(C6(c7ccc(Oc8ccc9c(c8)C(=O)N(*)C9=O)cc7)CCC(C(C)(C)C)CC6)cc5)cc4C3=O)c(C)c2)cc1C,0.000340641
*c1ccc2c(c1)C(=O)N(c1ccc(C(C)(C)c3ccc(N4C(=O)c5ccc(C(*)(C(F)(F)F)C(F)(F)F)cc5C4=O)cc3)cc1)C2=O,0.000259943
*CC(*)c1ccc(C(C)CC)cc1,0.000384475
*CC(*)c1cccc(C)n1,0.000356359
*C=CCC(C)(CC*)C(=O)OC,0.000421782
*CCCCCCC(=O)N*,0.000221704
*Oc1ccc(S(=O)(=O)c2ccc(Oc3ccc(C(c4ccc(*)cc4)(C(F)(F)F)C(F)(F)F)cc3)cc2)cc1,0.00021182
*CC(*)c1ccc(Br)cc1,0.000255191
*CC(*)n1c2ccccc2c2ccccc21,0.000217436
*CCCCCCNC(=O)CCCCC(=O)N(*)C,0.000423551
*CC(*)c1ccc(C(=O)OC(C)C)cc1,0.000320313
*CC(*)C(=O)OCC(F)(F)C(F)(F)F,0.000485497
*CC(*)c1ccc(C(C)(O)CC)cc1,0.000502349
*CC(*)c1ccc(C)cc1,0.000196845
*CC(*)(C)C(=O)OCc1c(Cl)cccc1Cl,0.000285302
*NC1CCC(CC2CCC(NC(=O)CCCCCCCCCCCCC(*)=O)CC2)CC1,0.000289223
*Nc1cccc(C(O)Cc2ccc(NC(=O)c3ccc(C(*)=O)cc3)cc2)c1,0.000147057
*CC(*)c1ccc(-c2ccccc2)cc1,0.000318232
*CCCCCCNC(=O)c1ccc(C(C)(C)c2ccc(C(=O)N*)cc2)cc1,0.000305572
*Oc1ccc(C2(c3ccc(OC(*)=O)cc3)c3ccccc3-c3ccccc32)cc1,0.000234883
*CC(*)c1ccc(C(C)(C)O)cc1,0.000295424
*CC(*)SC,0.000331399
*CCc1ccc(*)c(Cl)c1,0.000287979
*CC(*)C(=O)OC(F)(C(F)(F)F)C(F)(F)F,0.000410778
*CC(*)C(=O)OCCCCCC,0.000573064
*C(*)C(=O)OCCC,0.000588643
*CCCCCCCCCSC(=O)S*,0.00039557
*CC(*)c1ccc(C(C)(O)CCCCC)cc1,0.000536287
*CCCCCCCCCCCCNC(=O)CCCCCCCCCCC(=O)N*,0.000356241
*CC(*)C(=O)C(C)(C)C,0.000278574
*CCCCCCOC(=O)c1ccc(-c2ccc(C(=O)O*)cc2)cc1,0.000405057
*CC(*)CNc1ccc([N+](=O)[O-])cc1[N+](=O)[O-],0.000334652
*CC(*)c1ccccc1C(=O)OCCC,0.000486877
*c1ccc(N2C(=O)c3ccc(-c4ccc5c(c4)C(=O)N(*)C5=O)cc3C2=O)c(C)c1,0.000178653
*CC(*)C(C)=O,0.000312264
*c1ccc2c(c1)Cc1cc(-n3c(=O)c4cc5c(=O)n(*)c(=O)c5cc4c3=O)ccc1-2,0.000105309
*OC1C(CO)OC(*)C(O)C1O,0.00017351
*CC(*)c1ccc(C(=O)OCC(C)C)cc1,0.000357471
*c1ccc(-c2ccc(N3C(=O)c4cc5c(cc4C3=O)C(C(F)(F)F)(C(F)(F)F)c3cc4c(cc3O5)C(=O)N(*)C4=O)cc2OC(F)(F)F)c(OC(F)(F)F)c1,0.000142101
*CC(*)c1ccc(COCC(CC)CCCC)cc1,0.000572595
*CC(*)c1ccccc1C(=O)Nc1ccccc1,0.000342813
*CC(*)CC(C)(C)CC,0.000316114
*Cc1cccc(COC(=O)Nc2ccc(Cc3ccc(NC(=O)O*)cc3)cc2)c1,0.000283104
*CC(*)c1cc(C)c(C)cc1C,0.000275825
*CCCOC(=O)c1ccc2cc(C(=O)O*)ccc2c1,0.000294344
*c1ccc(Oc2ccc(C3(c4ccc(Oc5ccc(N6C(=O)c7ccc(Oc8ccc(C9(c%10ccc(Oc%11ccc%12c(c%11)C(=O)N(*)C%12=O)cc%10)CCC(c%10ccccc%10)CC9)cc8)cc7C6=O)cc5)cc4)CC4CC3C3CCCC43)cc2)cc1,0.000231902
*CCCCCCNC(=O)c1ccc(C2(C)CC(C)(C)c3ccc(C(=O)N*)cc32)cc1,0.000259209
*c1cccc(P(=O)(c2ccccc2)c2cccc(-n3c(=O)c4c(-c5cc(C(F)(F)F)cc(C(F)(F)F)c5)c5c(=O)n(*)c(=O)c5c(-c5cc(C(F)(F)F)cc(C(F)(F)F)c5)c4c3=O)c2)c1,0.000350245
*OS(=O)(=O)c1ccc(*)cc1,0.000215125
*C(=O)Nc1cccc(/C=C/C(=O)/C=C/c2cccc(NC(=O)c3ccc(N4C(=O)c5ccc(*)cc5C4=O)cc3)c2)c1,0.000199952
*C(=O)OCCOC(=O)c1ccc(*)o1,0.000188224
*Oc1ccc(C2(c3ccc(OC(*)=O)cc3)CCCCC2)cc1,0.000226034
*C(=O)C1CCCN1*,0.000331585
*c1ccc(C(=O)Oc2ccc(N3C(=O)c4ccc(-c5ccc6c(c5)C(=O)N(*)C6=O)cc4C3=O)cc2)cc1,0.00016142
*Oc1ccc2[nH]c(-c3ccc4sc5ccc(-c6nc7cc(*)ccc7[nH]6)cc5c4c3)nc2c1,0.000118256
*CC(*)CC(CC)CC,0.000374213
*Oc1ccc(C(C)(C)c2ccc(OC(*)=O)c(C)c2)cc1C,0.000271435
*CC(*)c1ccccc1F,0.000375253
*CC(*)c1ccc(C(C)C)cc1C(C)C,0.000316931
*C1CC2CC1C(*)C2CCCC,0.000343834
*CC(*)OC(=O)C(F)(F)F,0.000390907
*CC(*)OC(=O)C(C)(C(C)C)C(C)C,0.000316665
*CC(*)Cc1ccccc1C,0.000297426
*Oc1ccc(C(=O)CCCCCCCCC(=O)c2ccc(OC(*)=O)cc2)cc1,0.00029802
*CC(*)c1ccc(C(C)(O)CCCC)cc1,0.000422133
*CC(*)OC(=O)C(F)(F)C(F)(F)C(F)(F)F,0.000470139
*c1ccc(Oc2ccc(N3C(=O)c4ccc(C(c5ccc6c(c5)C(=O)N(*)C6=O)(C(F)(F)F)C(F)(F)F)cc4C3=O)cc2)cc1,0.000186405
*c1ccc(Oc2cc(C(C)(C)C)ccc2Oc2ccc(N3C(=O)c4ccc(-c5ccc6c(c5)C(=O)N(*)C6=O)cc4C3=O)cc2)cc1,0.000233038
*CCOC(=O)CCC(=O)O*,0.000319208
*/C=C(/*)C(C)(C)C,0.000306902
*CCCCOC(=O)NCC(F)(F)C(F)(F)C(F)(F)C(F)(F)CNC(=O)O*,0.000346228
*C(=O)c1ccc2c(c1)C(=O)N(c1c(C(C)C)cc(Cc3cc(C(C)C)c(N4C(=O)c5ccc(*)cc5C4=O)c(C(C)C)c3)cc1C(C)C)C2=O,0.000249072
*CC(*)NC(=O)OC(C)(C)C,0.000321611
*CCOC(=O)c1ccc(C(=O)O*)cc1,0.000283313
*c1ccc(Oc2ccc(N3C(=O)c4cccc(Oc5cccc6c5C(=O)N(*)C6=O)c4C3=O)cc2)cc1,0.00017001
*CC(*)C(=O)c1ccc(CC)cc1,0.000482003
*c1ccc(Oc2ccc(Oc3ccc(N4C(=O)c5cccc(Oc6cccc7c6C(=O)N(*)C7=O)c5C4=O)cc3)cc2)cc1,0.000178216
*CC(*)OCCC,0.000502684
*CC(*)(CC)C(=O)OCC,0.000357383
*CC(*)C=O,0.000246052
*CC(*)OC(=O)c1ccc(OC)cc1,0.000385071
*CC(*)CNc1ccc([N+](=O)[O-])cn1,0.00033615
*CC(*)OC(=O)C1CCCCC1,0.000354593
*CC(*)c1ccc(Cl)cc1C,0.00032062
*CC(*)CCN(C(C)C)C(C)C,0.000458223
*CC1(C)CC(*)(C)C(=O)OC1=O,0.000125067
*c1ccc(Cc2ccc(-n3c(=O)c4cc5c(=O)n(*)c(=O)c5cc4c3=O)c(C)c2)cc1C,0.000163284
*CCCC(*)(C)CC,0.000301817
*c1cc(Br)c(OC(=O)c2ccc(C(=O)Oc3c(Br)cc(C4(*)OC(=O)c5ccccc54)cc3Br)cc2)c(Br)c1,0.000202262
*CCCCCC(=O)N*,0.000222311
*C(=O)Nc1cccc(NC(=O)c2ccc(N3C(=O)c4ccc(*)cc4C3=O)cc2)c1,-3.31e-05
*C(=O)c1ccc2c(c1)C(=O)N(c1cccc(C(=O)Nc3ccc(N4C(=O)c5ccc(*)cc5C4=O)cc3)c1)C2=O,0.000146073
*c1ccc(Oc2ccc(C3(c4ccc(Oc5ccc(N6C(=O)c7ccc(Oc8ccccc8Oc8ccc9c(c8)C(=O)N(*)C9=O)cc7C6=O)cc5C(F)(F)F)cc4)c4ccccc4-c4ccccc43)cc2)c(C(F)(F)F)c1,0.000252364
*c1ccc(Oc2ccc(Oc3ccc(N4C(=O)C5CCC6C(=O)N(*)C(=O)C6C5C4=O)cc3)cc2)cc1,0.000135608
*C(=O)c1ccc2c(c1)C(=O)N(c1ccc(Oc3ccc(C(=O)c4cccc(C(=O)c5ccc(Oc6ccc(N7C(=O)c8ccc(*)cc8C7=O)cc6)cc5)c4)cc3)cc1)C2=O,0.00029006
*CCC=C(*)C(C)C,0.000378509
*CC(*)CC1CCCC1,0.000275293
*Cc1ccc2[nH]c(-c3ccc4c(c3)-c3cc(-c5nc6cc(*)ccc6[nH]5)ccc3S4(=O)=O)nc2c1,0.000157343
*CC(*)c1ccc(C(=O)CCCC)cc1,0.000453413
*CC(*)(CC(=O)Oc1ccc(OCCCCCCC)cc1)C(=O)Oc1ccc(OCCCCCCC)cc1,0.00076084
*CCC=C(*)C,0.00048002
*CCCCCCOC(=O)c1ccc(C(=O)O*)cc1,0.000480131
*c1ccc2c(c1)-c1nc3cc(Oc4ccc5c(c4)nc4n5C(=O)c5cc(C(*)(C(F)(F)F)C(F)(F)F)ccc5-4)ccc3n1C2=O,0.000183171
*CC(*)CCCN(C(C)C)C(C)C,0.000573332
*CC(*)c1ccc(C(=O)OC)cc1,0.000361057
*c1ccc2c(c1)C(=O)N(c1c(C)cc(C(c3cc(C)c(N4C(=O)c5ccc(C(*)(C(F)(F)F)C(F)(F)F)cc5C4=O)c(C)c3)c3cccc4ccccc34)cc1C)C2=O,0.000219747
*Oc1ccc(S(=O)(=O)c2ccc(Oc3c(C)cc(C(c4cc(C)c(*)c(C)c4)(C(F)(F)F)C(F)(F)F)cc3C)cc2)cc1,0.000209159
*Oc1cc(C(C)(C)C)c(Oc2ccc(C(=O)Nc3ccc(C(c4ccc(NC(=O)c5ccc(*)cc5)cc4)(C(F)(F)F)C(F)(F)F)cc3)cc2)cc1C(C)(C)C,0.000429804
*CCCCCCOC(=O)CCCCCCCC(=O)O*,0.000446471
*Oc1ccc2[nH]c(-c3ccc4c(c3)-c3cc(-c5nc6cc(*)ccc6[nH]5)ccc3S4(=O)=O)nc2c1,0.000111829
*CC(O)COc1ccc(C(C)(C)c2ccc(O*)cc2)cc1,0.000218196
*CCCCCCOC(=O)Nc1ccc(NC(=O)O*)cc1,0.000312513
*CC(*)c1cc(C(C)C)ccc1C(C)C,0.000287903
*CC(*)CNc1ccc([N+](=O)[O-])c(C(F)(F)F)c1,0.000209405
*C(=O)c1ccc2c(c1)C(=O)N(c1ccc(Sc3ccc(N4C(=O)c5ccc(*)cc5C4=O)cc3)cc1)C2=O,0.000171402
*c1ccc(Oc2ccc(Oc3ccc(N4C(=O)c5ccc(-c6ccc7c(c6)C(=O)N(*)C7=O)cc5C4=O)cc3)c(C(C)(C)C)c2)cc1,0.000221537
*CC(*)C(=O)Oc1ccc(C#N)cc1,0.000213549
*c1ccc(-c2ccc(N3C(=O)c4ccc(-c5cccc6c5C(=O)N(*)C6=O)cc4C3=O)cc2C(F)(F)F)c(C(F)(F)F)c1,0.000212196
*/C=C/C(C(=O)OCc1ccc(Cl)cc1)C(*)C(=O)OCc1ccc(Cl)cc1,0.000378804
*CCCCCCCCOC(=O)c1cccc(C(=O)O*)c1,0.000366941
*C(=O)c1ccc2c(c1)C(=O)N(c1cccc(C(=O)N(C)c3ccc(N4C(=O)c5ccc(*)cc5C4=O)cc3)c1)C2=O,0.000221162
*CCCCCCCCCCCNC(=O)CCCCC(=O)N*,0.000343817
*C(=O)Oc1ccc(C(C)(C)c2ccc(OC(=O)c3ccc4c(c3)C(=O)N(c3ccc(-c5ccc(N6C(=O)c7ccc(*)cc7C6=O)c(C)c5)cc3C)C4=O)cc2)cc1,0.000236426
*CC(*)C(=O)OCC(C)(C)C,0.000363753
*c1ccc(S(=O)(=O)c2ccc(N3C(=O)c4ccc(-c5ccc6c(c5)C(=O)N(*)C6=O)cc4C3=O)cc2)cc1,0.000161104
*CC(*)C#N,0.000136499
*c1ccc(Oc2ccc(Oc3ccc(N4C(=O)c5ccc(Oc6ccc(C7(c8ccc(Oc9ccc%10c(c9)C(=O)N(*)C%10=O)cc8)CCCCCCCCCCC7)cc6)cc5C4=O)cc3)c(C(C)(C)C)c2)cc1,0.000242131
*CC(*)c1ccc(C)nc1,0.000353058
*CC(*)(C)C(C)=O,0.000105134
*CCOC(=O)c1cccc(C(=O)O*)c1,0.000265042
*c1ccc(S(=O)(=O)c2ccc(N3C(=O)c4ccc(C(c5ccc6c(c5)C(=O)N(*)C6=O)(C(F)(F)F)C(F)(F)F)cc4C3=O)cc2)cc1,0.000172118
*CC1CCC(COC(=O)CCC(=O)O*)CC1,0.000386975
*Oc1cccc2ccc(OC(=O)c3ccccc3/C=C/c3ccc(/C=C/c4ccccc4C(*)=O)cc3)cc12,0.000276267
*c1ccc(Oc2ccc(C3(c4ccc(Oc5ccc(N6C(=O)c7ccc(Oc8ccc(C9(c%10ccc(Oc%11ccc%12c(c%11)C(=O)N(*)C%12=O)cc%10)CCC(C(C)(C)C)CC9)cc8)cc7C6=O)cc5)cc4)CC4CC3C3CCCC43)cc2)cc1,0.000187598
*c1ccc(Sc2ccc(Sc3ccc(Sc4ccc(-n5c(=O)c6cc7c(=O)n(*)c(=O)c7cc6c5=O)cc4)cc3)cc2)cc1,0.000148758
*CC(*)c1ccc(COCCOCC)cc1,0.000556555
*/C=C/C1CC(*)C2C(=O)N(CCCCC)C(=O)C12,0.000470607
*c1ccc(-c2ccc(N3C(=O)c4ccc(-c5ccc6c(c5)C(=O)N(*)C6=O)cc4C3=O)c(C)c2)cc1C,0.000201902
*CC(c1ccccn1)C(c1ccccc1)C(*)c1ccccn1,0.000265173
*CCCCCCOC(=O)c1ccc2cc(C(=O)O*)ccc2c1,0.000239552
*C1C2CC(C)C(C2)C1*,0.000135226
*CC(*)c1ccccc1COC,0.000347446
*c1ccc2c(c1)C(=O)N(c1c(C)c(C)c(N3C(=O)c4ccc(C(*)(C(F)(F)F)C(F)(F)F)cc4C3=O)c(C)c1C)C2=O,0.000238342
*c1cccc(N2C(=O)c3ccc(C(c4ccc5c(c4)C(=O)N(*)C5=O)(C(F)(F)F)C(F)(F)F)cc3C2=O)c1,0.00019281
*CC(*)OC(C)C,0.00037006
*CC(*)c1ccccc1C(=O)OC(C)C,0.000365484
*CCC=C(*)CCC,0.000652723
*c1ccc(-c2ccc(-n3c(=O)c4cc5c(=O)n(*)c(=O)c5cc4c3=O)c(C)c2)cc1C,0.000135708
*Cc1ccc2[nH]c(-c3ccc4sc5ccc(-c6nc7cc(*)ccc7[nH]6)cc5c4c3)nc2c1,0.00015612
*CC(*)C(=O)c1ccc(C)c(C)c1,0.000308195
*CCCC=C(*)c1ccc(Cl)cc1,0.000370258
*CC(*)OC(=O)CCCCCCC,0.0005706
*c1ccc(Oc2ccc(Oc3ccc(N4C(=O)c5ccc(Oc6cccc7c6C(=O)N(*)C7=O)cc5C4=O)cc3)cc2)cc1,0.000201633
*CC(*)(C)C(=O)OCc1cccc(Cl)c1,0.000423035
*CC(*)c1ccc(OC)cc1,0.000324763
*Nc1ccc(NC(=O)c2cc(C(*)=O)c(C(=O)OCC)cc2C(=O)OCC)cc1,0.000268474
*CC(*)OC(=O)C(F)(F)C(F)(F)C(F)(F)C(F)(F)F,0.000630617
*CC1CC(*)OC(CCC)O1,0.000406627
*CCCC(=O)N*,0.000205975
*CC(*)C(=O)OCC(C)C,0.000395489
*c1ccc(Oc2ccc(Oc3ccc(-n4c(=O)c5cc6c(=O)n(*)c(=O)c6cc5c4=O)cc3)cc2-c2ccccc2)cc1,0.000273331
*CCOC(=O)Nc1cccc2c(NC(=O)O*)cccc12,0.0002772
*CC(*)CNc1ccc([N+](=O)[O-])cc1,0.000219355
*C(=O)c1ccc2c(c1)C(=O)N(c1ccc(Oc3cc4ccccc4cc3Oc3ccc(N4C(=O)c5ccc(*)cc5C4=O)cc3)cc1)C2=O,0.000182752
*CC(*)c1ccc(C(C)(O)CCC)cc1,0.000286927
*CC(*)c1c(C)cc(C)cc1C,0.000311094
*/C=C\CCCCC*,0.000745629
*C(=O)Oc1ccc(C(C)(C)c2ccc(OC(=O)c3ccc4c(c3)C(=O)n3c-4nc4ccc(Oc5ccc6c(c5)nc5n6C(=O)c6ccc(*)cc6-5)cc43)cc2)cc1,0.00017897
*c1ccc(Oc2ccc(C3(c4ccc(Oc5ccc(N6C(=O)c7ccc(Oc8ccc(C9(c%10ccc(Oc%11ccc%12c(c%11)C(=O)N(*)C%12=O)cc%10)CCCCCCCCCCC9)cc8)cc7C6=O)cc5)cc4)C4CC5CC(C4)CC3C5)cc2)cc1,0.000331708
*CC(*)c1cccc2ccccc12,0.00026309
*CC(*)Cc1ccc(C)cc1,0.000314496
*CC(*)OC(=O)c1cccc(Cl)c1,0.000334638
*CC(C)CNC(=O)O*,0.000215804
*CC(*)c1ccccc1COCCC(C)C,0.000390539
*CC(*)CCCCCCC,0.000559427
*CCOC(=O)C1CCC(C(=O)O*)CC1,0.000274107
*CC(*)C(=O)n1c2ccccc2c2ccccc21,0.000324767
*CC(*)c1ccc(C(=O)CCN2CCCCC2)cc1,0.000279699
*c1ccc(N2C(=O)c3ccc(C(c4ccc5c(c4)C(=O)N(*)C5=O)(C(F)(F)F)C(F)(F)F)cc3C2=O)cc1,0.000166937
*CC(*)c1ccc(C(=O)c2ccc(OC)cc2)cc1,0.000292297
*C=CCC*,0.000832885
*c1ccc(-c2ccc(-n3c(=O)c4cc5c(=O)n(*)c(=O)c5cc4c3=O)c(OC)c2)cc1OC,0.000176491
*CC(CC(*)(C#N)C(=O)OC)c1ccccc1,0.000327716
*CC(*)c1ccc(CCC)cc1,0.000510054
*C(=O)c1ccc2c(c1)C(=O)N(c1ccc(Oc3ccc(-c4ccc(Oc5ccc(N6C(=O)c7ccc(*)cc7C6=O)cc5)cc4)cc3)cc1)C2=O,9.24e-05
*CC(*)C(=O)OCC=C,0.000543573
*CC1CC(*)C(OC(=O)CCCCCCCCCCOc2ccc(-c3ccc(C#N)cc3)cc2)C1OC(=O)CCCCCCCCCCOc1ccc(-c2ccc(C#N)cc2)cc1,0.000402525
*CCCCNC(=O)CCCCCCCCC(=O)N*,0.000346739
*CC(*)C(=O)OCCCCCCCC,0.000544011
*C(*)C(=O)OC(C)C,0.0004218
*C(=O)Oc1ccc(OC(=O)c2ccc3c(c2)C(=O)N(C2CCC(N4C(=O)c5ccc(*)cc5C4=O)CC2)C3=O)cc1,0.000219627
*CC(*)CCCCCCCCCCCCC,0.000480666
*CC(*)c1ccc(Cl)cc1Cl,0.00035981
*/C(Cl)=C(/*)c1ccccc1,0.000329993
*CC(*)c1ccncc1,0.000236119
*C(=O)Nc1ccc(C2(c3ccc(NC(=O)c4ccc5c(c4)C(=O)N(c4ccc(Sc6ccc(Oc7ccc(Sc8ccc(N9C(=O)c%10ccc(*)cc%10C9=O)cc8)cc7)cc6)cc4)C5=O)cc3)c3ccccc3-c3ccccc32)cc1,0.000173616
*c1ccc(Oc2ccc(NC(=O)CN3C(=O)c4ccc(C(c5ccc6c(c5)C(=O)N(CC(=O)Nc5ccc(Oc7ccc(-c8nnc(*)o8)cc7)cc5)C6=O)(C(F)(F)F)C(F)(F)F)cc4C3=O)cc2)cc1,0.000105562
*CC(*)(C)C(=O)OCCCCCCCC,0.000419806
*CC(=O)N*,0.00015501
*CCOCCOC(=O)c1ccc(-c2ccc(C(=O)O*)cc2)cc1,0.000271631
*CC(*)(C)C(=O)Oc1ccc(C(=O)OC)cc1,0.000271566
*Sc1ccc(Cc2ccc(SC(*)=O)cc2)cc1,0.00025517
*CC(*)c1ccc(OCCC(C)C)cc1,0.000425991
*C(=O)c1ccc2c(c1)C(=O)N(c1ccc(C3(c4ccc(N5C(=O)c6ccc(*)cc6C5=O)cc4)c4ccccc4-c4ccccc43)cc1)C2=O,0.000139112
*CC(*)c1ccc(C(=O)OCCCCCC)cc1,0.000526825
*OC(C)CC(*)=O,0.000586919
*CC(*)c1cc(C)cc(C)c1,0.000336918
*c1cccc(Oc2cccc(Oc3cccc(N4C(=O)c5ccc(-c6cccc7c6C(=O)N(*)C7=O)cc5C4=O)c3)c2)c1,0.000447056
*CCCCCCNC(=O)Cc1ccc(C(=O)N*)cc1,0.000238315
*CC(*)c1ccccc1OC,0.000315983
*/C=C\*,0.000331678
*CC(*)C(=O)c1ccccc1O,0.0003946
*CCCCCCCCCCN1C(=O)C2C3C=CC(C4C(=O)N(*)C(=O)C34)C2C1=O,0.00026519
*c1ccc(Oc2ccc3ccc(Oc4ccc(-n5c(=O)c6cc7c(=O)n(*)c(=O)c7cc6c5=O)cc4)cc3c2)cc1,0.000250193
*c1cccc(P(=O)(c2ccc(C(F)(F)F)cc2)c2cccc(-n3c(=O)c4c(-c5cc(C(F)(F)F)cc(C(F)(F)F)c5)c5c(=O)n(*)c(=O)c5c(-c5cc(C(F)(F)F)cc(C(F)(F)F)c5)c4c3=O)c2)c1,0.000696061
*CCOC(=O)Nc1ccc(NC(=O)O*)cc1,0.000204537
*Oc1ccc(C(C)(C)c2ccc(OC(=O)c3cccc(C(*)=O)c3)cc2)cc1,0.000213622
*/C=C/C(C*)C(C)CC,0.00044474
*c1ccc(Oc2ccc(S(=O)(=O)c3ccc(Oc4ccc(N5C(=O)c6ccc(C(c7ccc8c(c7)C(=O)N(*)C8=O)(C(F)(F)F)C(F)(F)F)cc6C5=O)cc4)cc3)cc2)cc1,0.000167934
*CC(*)c1cc(Br)ccc1OCCC(C)C,0.000290529
*c1ccc2c(c1)C(=O)N(c1ccc(Oc3cccc(Oc4ccc(N5C(=O)c6ccc(C(*)(C(F)(F)F)C(F)(F)F)cc6C5=O)cc4)c3)cc1)C2=O,0.000182145
