SMILES,CO2 permeability (barrer)
*CC(*)OC1C2CC3CC(C2)CC1C3,1.4014005407815442
*c1ccc(C(=C(Cl)Cl)c2ccc(*)cc2)cc1,0.7481880270062004
*c1ccc(C(c2ccc(C3=NC4C=C(c5ccc6nc(*)oc6c5)C=CC4O3)cc2)(C(F)(F)F)C(F)(F)F)cc1,2.3048494191928897
*c1ccc(-c2ccc(N3C(=O)c4ccc(C(c5ccc6c(c5)C(=O)N(*)C6=O)(C(F)(F)F)C(F)(F)F)cc4C3=O)c(OC(C)=O)c2)cc1OC(C)=O,1.0791812460476249
*c1ccc(N(c2ccc(N3C(=O)c4ccc(C(c5ccc6c(c5)C(=O)N(*)C6=O)(C(F)(F)F)C(F)(F)F)cc4C3=O)cc2)c2ccc(N(c3ccccc3)c3ccccc3)cc2)cc1,1.0707764628434346
*Oc1ccc(C(=O)c2ccc(Oc3ccc(C(c4ccc(*)cc4)(C(F)(F)F)C(F)(F)F)cc3)cc2)c2ccccc12,0.7810369386211319
*Oc1c(C)cc(C(C)(C)c2cc(C)c(Oc3ccc(S(=O)(=O)c4ccc(*)cc4)cc3)c(C)c2)cc1C,1.3222192947339193
*Oc1ccc(Oc2ccc(Oc3ccc(S(=O)(=O)c4ccc(*)cc4)cc3)cc2)cc1,0.6334684555795865
*CCOC(=O)c1ccc2cc(C(=C)O*)ccc2c1,-1.698970004336021
*c1ccc(Oc2c3c(c(ON4C(=O)c5ccc(C(c6ccc7c(c6)C(=O)N(*)C7=O)(C(F)(F)F)C(F)(F)F)cc5C4=O)c4c2C2c5ccccc5C4c4ccccc42)C2c4ccccc4C3c3ccccc32)cc1C(F)(F)F,2.12057393120585
*=CC1CC(C=*)C(F)(OC(F)(F)C(F)(F)C(F)(F)F)C1(F)F,2.3010299956639813
*/C=C/c1ccc(*)cc1[Si](C)(C)C(C)(C)C,1.414973347970818
*Cc1ccc(C*)c(Cl)c1,-1.0241088635982072
*Oc1ccc(C(c2ccc(Oc3ccc(C(=O)c4ccc(C(C)(C)c5ccc(C(=O)c6ccc(*)cc6)cc5)cc4)cc3)cc2)(C(F)(F)F)C(F)(F)F)cc1,0.9344984512435677
*c1cc(C(=O)OCCC(F)(F)C(F)(F)C(F)(F)C(F)(F)C(F)(F)C(F)(F)F)cc(N2C(=O)c3ccc(Oc4ccc5c(c4)C(=O)N(*)C5=O)cc3C2=O)c1,1.0425755124401905
*Nc1ccc(C(c2ccc(NC(=O)c3cc(C(*)=O)cc(-c4ccccc4)c3)cc2)(C(F)(F)F)C(F)(F)F)cc1,1.3222192947339193
*C(C)=C(*)c1ccc([Si](C)(C)C)cc1,2.9777236052888476
*/C(=C(/*)c1ccc([Si](C)(C)C)cc1)c1ccccc1,3.690196080028514
*c1cc(C)c2c(c1)CN1CN2Cc2c1ccc(-n1c(=O)c3cc4oc5cc6c(cc5oc4cc3c1=O)C1(CC(C)(C)c3cc4oc5cc7c(=O)n(*)c(=O)c7cc5oc4cc31)CC6(C)C)c2C,2.951823035315912
*c1c(C)cc(-c2cc(C)c(N3C(=O)c4ccc(C(c5ccc6c(c5)C(=O)N(*)C6=O)(C(F)(F)F)C(F)(F)F)cc4C3=O)c3ccccc23)c2ccccc12,2.9813655090785445
*c1cc(C)c(Oc2cc(C)c(*)c(C)c2)c(C)c1C(=O)c1ccc(Cl)cc1,1.2253092817258628
*Sc1ccc(*)cc1,0.10037054511756291
*c1cc2c(cc1C)-c1cc(C)c(N3C(=O)c4ccc(-c5ccc6c(c5)C(=O)N(*)C6=O)cc4C3=O)cc1S2(=O)=O,0.6989700043360189
*c1ccc(-c2ccc(Oc3ccc4c(c3)C(C)(c3ccc(Oc5ccc(-c6ccc(N7C(=O)c8ccc(Oc9ccc(C(C)(C)c%10ccc(Oc%11ccc%12c(c%11)C(=O)N(*)C%12=O)cc%10)cc9)cc8C7=O)cc6)cc5C(F)(F)F)cc3)CC4(C)C)c(C(F)(F)F)c2)cc1,1.5960470075454392
*Nc1ccc(C(c2ccc(NC(=O)c3ccc4c(c3)C(C)(C)CC4(C)c3ccc(C(*)=O)cc3)cc2)(C(F)(F)F)C(F)(F)F)cc1,1.5477747053878226
*C(=C(*)c1ccc2c(c1)C(C)(C)c1ccccc1-2)c1ccccc1,4.186108379813206
*C(C)=C(*)[Ge](C)(C)C,4.146128035678238
*Oc1ccc(C(c2ccc(Oc3ccc(S(=O)(=O)c4ccc(*)cc4)cc3)cc2)c2ccccc2C(=O)O)cc1,0.3521825181113625
*c1ccc(N2C(=O)c3ccc(C(c4ccc5c(c4)C(=O)N(*)C5=O)(C(F)(F)F)C(F)(F)F)cc3C2=O)cc1,1.1128283466060453
*c1ccc2c(c1)C1c3cc(N4C(=O)c5ccc(C(c6ccc7c(c6)C(=O)N(*)C7=O)(C(F)(F)F)C(F)(F)F)cc5C4=O)ccc3C2c2cc3ccccc3cc21,2.2671717284030137
*/C(C)=C(/*)c1ccccc1,2.4149733479708178
*c1ccc(Cc2ccc(N3C(=O)c4ccc(-c5ccc6c(c5)C(=O)N(*)C6=O)cc4C3=O)cc2Br)c(Br)c1,-0.5016894462103995
*C(C)=C(*)CCCCCCC,2.462397997898956
*CC(*)c1ccc(C)cc1,1.4742162640762553
*/C=C/C1CC(*)CC1[Si](C)(C)C[Si](C)(C)C,1.8260748027008264
*c1ccc(C(c2ccc(-c3nnc(*)o3)cc2)(C(F)(F)F)C(F)(F)F)cc1,1.8920946026904804
*C(=O)c1ccc(C2(c3ccc(C(=O)c4ccc(Oc5ccc(C(=O)c6cccc(C(=O)c7ccc(Oc8ccc(*)cc8)cc7)c6)cc5)cc4)cc3)OC(=O)c3ccccc32)cc1,-0.040958607678906384
*Oc1c(Br)cc(C2(c3cc(Br)c(OC(=O)c4cccc(C(*)=O)c4)c(Br)c3)c3ccccc3-c3ccccc32)cc1Br,1.3096301674258988
*c1c(C)c(C)c(N2C(=O)c3ccc(Oc4ccc(C)cc4Oc4ccc5c(c4)C(=O)N(*)C5=O)cc3C2=O)c(C)c1C,1.3010299956639813
*Oc1c(C)cc(Cc2cc(C)c(Oc3ccc(S(=O)(=O)c4ccc(*)cc4)cc3)c(C)c2)cc1C,1.1760912590556813
*=CC1CC(C=*)C2C(=O)N(c3cc(C(F)(F)F)cc(C(F)(F)F)c3)C(=O)C12,1.8277568629786167
*C(=C(*)c1cccc(O)c1)c1ccc(C(C)(C)C)cc1,3.4771212547196626
*OC(=O)Oc1c(C)cc(C(C)(C)c2cc(C)c(*)c(C)c2)cc1C,1.2933625547114456
*C(Cl)=C(*)c1ccccc1,1.7853298350107671
*C(C)=C(*)CCC,2.0791812460476247
*CC(*)(C)C(=O)OCC,0.8457180179666587
*c1ccc(Oc2ccc(ON3C(=O)c4ccc(C(c5ccc6c(c5)C(=O)N(*)C6=O)(C(F)(F)F)C(F)(F)F)cc4C3=O)c3c2C2c4ccccc4C3c3ccccc32)cc1C(F)(F)F,1.294466226161593
*Oc1ccc2cc(Oc3ccc(S(=O)(=O)c4ccc(*)cc4)cc3)ccc2c1,0.17609125905568124
*CC(C)=C(C)C*,0.8733206018153987
*c1ccc(N(c2ccccc2)c2ccc(N3C(=O)c4ccc(C(=O)c5ccc6c(c5)C(=O)N(*)C6=O)cc4C3=O)cc2)cc1,0.5185139398778874
*Oc1c(C)cc(C(C)(C)c2cc(C)c(Oc3ccc(S(=O)(=O)c4ccc(*)cc4C(O)(C(F)(F)F)C(F)(F)F)c(C(O)(C(F)(F)F)C(F)(F)F)c3)c(C)c2)cc1C,1.4771212547196624
*C(=C(*)c1ccc([Si](C)(C)C)cc1)c1ccc(-c2ccc(C(C)(C)C)cc2)cc1,3.5185139398778875
*c1ccc(-c2nc3cc(C(c4ccc5oc(*)nc5c4)(C(F)(F)F)C(F)(F)F)ccc3o2)cc1,1.724275869600789
*O[Si](*)(C)CCC(F)(F)F,3.142389466118836
*c1ccc(-c2ccc(Oc3ccc4c(c3)C(C)(c3ccc(Oc5ccc(-c6ccc(N7C(=O)c8ccc(C(c9ccc%10c(c9)C(=O)N(*)C%10=O)(C(F)(F)F)C(F)(F)F)cc8C7=O)cc6)cc5C(F)(F)F)cc3)CC4(C)C)c(C(F)(F)F)c2)cc1,1.759290033024304
*c1ccc(C(C)(C)c2ccc(-n3c(=O)c4cc5c(=O)n(*)c(=O)c5cc4c3=O)cc2)cc1,1.4279727136082088
*c1ccc(-c2ccc(N3C(=O)c4ccc(-c5ccc6c(c5)C(=O)N(*)C6=O)cc4C3=O)c(O)c2)cc1O,-1.5044556624535514
*Nc1ccc(C(=O)c2ccc(NC(=O)c3cc(C(*)=O)cc(C(C)(C)C)c3)cc2)cc1,0.6954816764901974
*c1cc(C)c(N2C(=O)c3ccc(C(c4ccc5c(c4)C(=O)N(*)C5=O)(C(F)(F)F)C(F)(F)F)cc3C2=O)cc1C,1.6304278750250238
*Oc1c(C)cc(C(C)(C)c2cc(C)c(OC(=O)c3ccc(C(*)=O)cc3)c(C)c2)cc1C,0.6720978579357175
*Oc1ccc(C2(c3ccc(Oc4ccc(S(=O)(=O)c5ccc(*)cc5)cc4)cc3)c3ccccc3-c3ccccc32)cc1,1.1398790864012365
*C=C(C*)C(=O)OCCOCCOCC,2.123851640967086
*/C=C/c1ccc(*)cc1[Si](C)(C)CCCCCCCC,1.7781512503836436
*c1cc(C)c(Oc2cc(C)c(*)c(C)c2)c(C)c1C(=O)c1ccc(C)cc1,1.3304137733491908
*c1ccc2c(c1)Cc1cc(N3C(=O)c4ccc(C(c5ccc6c(c5)C(=O)N(*)C6=O)(C(F)(F)F)C(F)(F)F)cc4C3=O)ccc1-2,1.4019746247804104
*OCCCCCCC(*)=O,2.459392487759231
*c1ccc(Oc2ccc(N3C(=O)c4cc(Oc5ccc(C)cc5)c(-c5cc6c(cc5Oc5ccc(C)cc5)C(=O)N(*)C6=O)cc4C3=O)cc2)cc1,1.6434526764861874
*OC1OC(COCC)C(*)C(O)C1OCC,1.9486574321413204
*c1cc(C)c(C)c(N2C(=O)c3ccc(Oc4cc(C)c(Oc5ccc6c(c5)C(=O)N(*)C6=O)c(C)c4C)cc3C2=O)c1C,2.041392685158225
*C(C)=C(*)CCCCC,2.3010299956639813
*C(=C(*)c1ccc([Si](C)(C)CCCCCCCC)cc1)c1ccc(CCCC)cc1,2.041392685158225
*CC(*)OC(=O)c1cccc(C)c1,0.3283796034387377
*CC(*)c1ccc(C[Si](C)(C)C)cc1,1.9017306917292187
*c1ccc(Oc2ccc(C(c3ccc(Oc4ccc(N5C(=O)c6ccc(-c7ccc8c(c7)C(=O)N(*)C8=O)cc6C5=O)cc4)cc3)(C(F)(F)F)C(F)(F)F)cc2)cc1,0.7596678446896304
*C(=C(*)c1ccc([Si](C)(C)C)cc1)c1ccc(O[Si](C)(C)C(C)(C)C)cc1,3.57978359661681
*=CC1CC(C=*)C2C(=O)N(C3CCCC3)C(=O)C12,0.9444826721501687
*Oc1ccc(-c2ccc3c(c2)C(C)(C)c2cc(-c4ccc(OC(=O)c5cccc(C(*)=O)c5)cc4)ccc2C3=O)cc1,0.9542425094393249
*Oc1ccc(S(=O)(=O)c2ccc(Oc3c(C)cc(C(C)(C)c4cccc(C(C)(C)c5cc(C)c(*)c(C)c5)c4)cc3C)cc2)cc1,0.8450980400142568
*Nc1cccc(NC(=O)c2ccc3c(c2)C(C)(C)CC3(C)c2ccc(C(*)=O)cc2)c1,0.7160033436347992
*Nc1ccc(C2(c3ccc(NC(=O)CN4C(=O)c5ccc(C(*)=O)cc5C4=O)cc3)c3ccccc3-c3ccccc32)cc1,0.1872386198314787
*C(=C(*)c1ccc2c(c1)CCC2)c1ccccc1,2.591064607026499
*c1cccc(-c2cc(C)c(-c3cccc(*)c3C)cc2C)c1C,2.278753600952829
*Oc1c(C)cc(-c2cc(C)c(Oc3ccc(S(=O)(=O)c4ccc(*)cc4)cc3)c(C)c2C)c(C)c1C,1.4065401804339552
*c1cccc(-c2nnc(*)n2-c2ccccc2)c1,0.43136376415898736
*C(=C(*)c1ccc2c(c1)C(C)(C)c1ccccc1-2)c1ccc(C(C)(C)C)cc1,4.041392685158225
*c1ccc(C(c2ccc(N3C(=O)c4ccc(Oc5cc(C)c(Oc6ccc7c(c6)C(=O)N(*)C7=O)c(C)c5C)cc4C3=O)cc2)(C(F)(F)F)C(F)(F)F)cc1,1.7323937598229686
*CC(*)C(=O)OCC(F)(F)C(F)(F)C(F)(F)C(F)(F)C(F)(F)C(F)(F)C(F)(F)F,2.716003343634799
*c1ccc(-c2nnc(-c3ccc(-c4nnc(*)n4-c4ccccc4)cc3)n2-c2ccccc2)cc1,0.7160033436347992
*NC(=O)c1ccc(C(c2ccc(C(=O)O)c(C(=O)Nc3cc(Oc4ccc(*)c(N)c4)ccc3N)c2)(C(F)(F)F)C(F)(F)F)cc1C(=O)O,0.5670263661590603
*C(=C(*)c1ccc(O[Si](C)(C)C(C)(C)C)cc1)c1ccc(F)cc1,2.9030899869919438
*Oc1c(Br)cc(C(C)(C)c2cc(Br)c(OC(=O)c3cccc(C(*)=O)c3)c(Br)c2)cc1Br,0.69284691927723
*C(C)=C(*)CCCCCCCC,2.462397997898956
*c1ccc2c(c1C)N1Cc3ccc(-n4c(=O)c5cc6oc7cc8c(cc7oc6cc5c4=O)C4(CC(C)(C)c5cc6oc7cc9c(=O)n(*)c(=O)c9cc7oc6cc54)CC8(C)C)c(C)c3N(C2)C1,3.083860800866573
*Oc1c(C)cc(C(C)(C)c2ccc(C(C)(C)c3cc(C)c(Oc4ccc(S(=O)(=O)c5ccc(*)cc5)cc4)c(C)c3)cc2)cc1C,1.1205739312058498
*C=C(C*)C(=O)OCCOCC,0.9324737646771533
*C(=C(*)c1ccc([Si](C)(C)CCCCCCCC)cc1)c1ccc(C(C)(C)C)cc1,2.0
*CC(*)C,0.9637878273455552
*CC(*)(C)C(=O)OC,-0.5279753022997186
*Oc1ccc(C2(c3ccc(Oc4ccc(C(=O)c5ccc(C(=O)c6ccc(*)cc6)cc5)cc4)cc3)OC(=O)c3ccccc32)cc1,0.3364597338485295
*c1ccc(C(c2ccc(-c3nc4ccc(C(c5ccc6oc(*)nc6c5)(C(F)(F)F)C(F)(F)F)cc4o3)cc2)(C(F)(F)F)C(F)(F)F)cc1,2.0484418035504044
*c1ccc(C(=O)c2ccc(-c3nc4cc(C(c5ccc6oc(*)nc6c5)(C(F)(F)F)C(F)(F)F)ccc4o3)cc2)cc1,1.0569048513364727
*c1ccc(C(c2ccc(-c3nc4cc(C(c5ccc6oc(*)nc6c5)(C(F)(F)F)C(F)(F)F)ccc4o3)cc2)(C(F)(F)F)C(F)(F)F)cc1,2.3276994240014997
*Oc1ccc(Oc2cccc(*)c2C#N)c(-c2cc(C(F)(F)F)cc(C(F)(F)F)c2)c1,1.2787536009528289
*C(C)=C(*)SCCCCCC,2.1760912590556813
*Oc1ccc(Oc2ccc(C(=O)c3ccc(*)cc3)cc2)c(-c2cc(C)cc(C)c2)c1,0.2041199826559248
*Oc1ccc(C(C)(C)c2ccc(Oc3ccc(S(=O)(=O)c4ccc(*)cc4)cc3)c(C)c2)cc1C,0.3222192947339193
*c1ccc(Oc2ccc(C(C)(C)c3ccc(Oc4ccc(N5C(=O)c6ccc(C(=O)c7ccc8c(c7)C(=O)N(*)C8=O)cc6C5=O)cc4)cc3)cc2)cc1,0.4471580313422192
*c1c(C)c2c(c(C)c1Br)N1Cc3c(C)c(N4C(=O)c5ccc(C(c6ccc7c(c6)C(=O)N(*)C7=O)(C(F)(F)F)C(F)(F)F)cc5C4=O)c(Br)c(C)c3N(C2)C1,2.708845638048179
*c1cccc(N2C(=O)c3ccc(Oc4ccc5c(c4)C(=O)N(*)C5=O)cc3C2=O)c1,-0.5214335044061567
*c1ccc(-c2ccc(-n3c(=O)c4cc5oc6cc7c(cc6oc5cc4c3=O)C3(CC(C)(C)c4cc5oc6cc8c(=O)n(*)c(=O)c8cc6oc5cc43)CC7(C)C)cc2C(F)(F)F)c(C(F)(F)F)c1,2.6232492903979003
*Nc1ccc(C(=O)c2ccc(NC(=O)c3cccc(C(*)=O)c3)cc2)cc1,-0.494850021680094
*Oc1ccc(S(=O)(=O)c2ccc(*)cc2)cc1,0.45331834004703764
*Cc1ccc(C*)c(C)c1,-0.5767541260631921
*/C=C/c1ccc(*)cc1[Si](C)(C)CCCCCCCCCCCCCCCCCC,1.7853298350107671
*C(=C(*)c1ccc2c(c1)C(C)(C)c1ccccc1-2)c1cccc(F)c1,4.2552725051033065
*C(=C(*)c1ccc([Si](C)(C)CCCCCCCC)cc1)c1ccccc1,2.230448921378274
*c1cc(CCCCCCCCCCCC)c(-c2sc(-c3cc(CCCCCCCCCCCC)c(-c4sc(-c5cc(CCCCCCCCCCCC)c(*)s5)cc4CCCCCCCCCCCC)s3)cc2CCCCCCCCCCCC)s1,1.9454685851318196
*C(=C(*)c1ccc2c(c1)C(C)(C)c1ccccc1-2)c1ccc(F)c(F)c1,4.414973347970818
*C(=C(*)c1ccc2c(c1)C(C)(C)CC2(C)C)c1ccc(C)cc1,4.227886704613674
*Oc1cc(C)c(C(c2cc(C(C)C)c(Oc3ccc(S(=O)(=O)c4ccc(*)cc4)cc3)cc2C)c2ccccc2C(=O)O)cc1C(C)C,1.3996737214810382
*N=P(*)(C)C,1.4683473304121573
*c1cc2c(c(N3C(=O)c4ccc(-c5ccc6c(c5)C(=O)N(*)C6=O)cc4C3=O)c1C)C(C)(C)CC2,2.5171958979499744
*N=P(N=P(*)(Cl)Oc1cc(C(C)C)cc(C(C)C)c1)(Oc1cc(C(C)C)cc(C(C)C)c1)Oc1cc(C(C)C)cc(C(C)C)c1,1.4313637641589874
*c1c(C)c(C)c(N2C(=O)c3ccc(Oc4cccc(C)c4Oc4ccc5c(c4)C(=O)N(*)C5=O)cc3C2=O)c(C)c1C,1.4313637641589874
*Oc1ccc2c(c1)C1(CC2(C)C)CC(C)(C)c2ccc(OC(=O)c3ccc(C(*)=O)cc3)cc21,1.745855195173729
*C(=C(*)c1ccc(-c2ccccc2)cc1)c1ccccc1,3.113943352306837
*c1ccc(Cc2ccc(N3C(=O)c4ccc(C(c5ccc6c(c5)C(=O)N(*)C6=O)(C(F)(F)F)C(F)(F)F)cc4C3=O)c(C)c2)cc1C,0.9420080530223133
*Oc1ccc(C(C)(C)c2ccc(OC(=O)c3cc(C(*)=O)cc(C(C)(C)C)c3)c(C(C)C)c2)cc1C(C)C,1.2068258760318498
*Oc1ccc(C(=O)c2ccc(-c3ccc(C(=O)c4ccc(Oc5ccc(S(=O)(=O)c6ccc(*)cc6)cc5)cc4)cc3)cc2)cc1,0.5145477526602861
*c1cc2c(cc1C)-c1cc(C)c(N3C(=O)c4ccc(S(=O)(=O)c5ccc6c(c5)C(=O)N(*)C6=O)cc4C3=O)cc1S2(=O)=O,1.1613680022349748
*Oc1c(Br)cc(C(C)(C)c2cc(Br)c(OC(*)=O)c(Br)c2)cc1Br,0.6232492903979004
*/C(C)=C(/*)[Si](C)(C)C,4.531478917042255
*c1ccc(Oc2ccc(C(c3ccc(Oc4ccc(N5C(=O)c6ccc(C(c7ccc8c(c7)C(=O)N(*)C8=O)(C(F)(F)F)C(F)(F)F)cc6C5=O)cc4C(F)(F)F)cc3)(C(F)(F)F)C(F)(F)F)cc2)c(C(F)(F)F)c1,1.3579348470004537
*Oc1ccc(C2(c3ccc(OC(=O)c4cccc(C(*)=O)c4)cc3)OC(=O)c3ccccc32)cc1C(C)(C)C,1.376576957056512
*Nc1ccc(NC(=O)c2ccc3c(c2)C(C)(C)CC3(C)c2ccc(C(*)=O)cc2)cc1,0.9493900066449128
*C=CCCC*,3.3010299956639813
*c1c(C)cc2c(c1C)CN1CN2Cc2c1cc(C)c(N1C(=O)c3ccc(C(c4ccc5c(c4)C(=O)N(*)C5=O)(C(F)(F)F)C(F)(F)F)cc3C1=O)c2C,3.1271047983648077
*c1c(C)cc(-c2cc(C)c(-n3c(=O)c4cc5oc6cc7c(cc6oc5cc4c3=O)C3(CC(C)(C)c4cc5oc6cc8c(=O)n(*)c(=O)c8cc6oc5cc43)CC7(C)C)c3ccccc23)c2ccccc12,3.4749443354653877
*C(C)=C(*)[Si](C)(C)CCCCCCCC,2.0
*c1ccc2c(c1)C(=O)N(c1ccc(-c3ccc(N4C(=O)c5ccc(C(*)(C(F)(F)F)C(F)(F)F)cc5C4=O)c(N)c3)cc1N)C2=O,2.1335389083702174
*C1C(*)C2CC1C1C2C([Si](C)(C)C)C1[Si](C)(C)C,4.052309099647323
*C(=C(*)c1ccc2c(c1)C(C)(C)c1ccccc1-2)c1cc(F)cc(F)c1,3.963787827345555
*C1C(*)C2CC1C1CC([Si](C)(C)C)C21,3.724275869600789
*Oc1ccc(Oc2ccc(C(=O)c3ccc(*)cc3)cc2)c(-c2cc(C(F)(F)F)cc(C(F)(F)F)c2)c1,0.9395192526186185
*CC(*)OC(=O)c1ccccc1C,0.34830486304816066
*Oc1ccc(C(=O)c2ccccc2-c2ccccc2C(=O)c2ccc(Oc3c(C)cc(-c4cc(C)c(*)c(C)c4)cc3C)cc2)cc1,0.8426092396105621
*Oc1ccc(-c2ccc(-c3ccc(OC(=O)c4cc(C(*)=O)cc(C(C)(C)C)c4)cc3)c3c2C(=O)OC3(C)C)cc1,1.376576957056512
*CC(O)COc1ccc(C(C)(C)c2ccc(O*)cc2)cc1,-0.3979400086720376
*C(=C(*)c1cccc([Si](C)(C)C)c1)c1ccccc1,3.6020599913279625
*c1ccc(-c2ccc(C(*)(C(F)(F)F)C(F)(F)F)cc2)cc1,2.6720978579357175
*c1c(C)cc(C)c2c1CN1CN2Cc2c1c(C)cc(C)c2N1C(=O)c2ccc(C(c3ccc4c(c3)C(=O)N(*)C4=O)(C(F)(F)F)C(F)(F)F)cc2C1=O,2.6861892342440234
*c1ccc(Oc2ccc(N3C(=O)c4ccc([Si](C)(C)c5ccc6c(c5)C(=O)N(*)C6=O)cc4C3=O)cc2)cc1,0.5198279937757188
*[NH+]=C1C=CC(=[NH+]c2ccc(Nc3ccc(Nc4ccc(*)cc4)cc3)cc2)C=C1.[Cl-].[Cl-],-0.5361070110140927
*C(C)=C(*)c1ccccc1,1.9474337218870508
*Oc1ccc(C(C)(C)c2ccc(OCCCC(*)O)cc2)cc1,-0.3010299956639812
*=CC1CC(C=*)C2C(=O)N(C34CC5CC(CC(C5)C3)C4)C(=O)C12,0.9237619608287003
*c1ccc2c(c1)C(=O)N(c1ccc(*)cc1C(F)(F)F)C2=O,1.1510632533537501
*c1ccc(Oc2ccc(Oc3ccc(Oc4ccc(N5C(=O)c6ccc(C(c7ccc8c(c7)C(=O)N(*)C8=O)(C(F)(F)F)C(F)(F)F)cc6C5=O)cc4)cc3)cc2)cc1,0.8948696567452525
*Oc1ccc(C2(c3ccc(Oc4ccc(C(=O)c5ccc(*)cc5)cc4)c(C)c3)OC(=O)c3ccccc32)cc1C,0.414973347970818
*C(=C(*)c1ccc2c(ccc3ccccc32)c1)c1ccc([Si](C)(C)C)cc1,3.322219294733919
*Oc1ccc(C2(c3ccc(Oc4ccc(S(=O)(=O)c5ccc(*)cc5)cc4)cc3)OC(=O)c3ccccc32)cc1,0.7649229846498885
*c1ccc(C2(c3ccc(*)cc3)CC3CCC2C3)cc1,0.9590413923210935
*c1cccc(N2C(=O)c3ccc(C(c4ccc5c(c4)C(=O)N(*)C5=O)(C(F)(F)F)C(F)(F)F)cc3C2=O)c1,0.933588510196653
*NC(=O)c1ccc(C(c2ccc(C(=O)O)c(C(=O)Nc3c(C)cc(C)c(*)c3C)c2)(C(F)(F)F)C(F)(F)F)cc1C(=O)O,2.7450747915820575
*c1cccc(-c2nc3cc(-c4ccc5[nH]c(*)nc5c4)ccc3[nH]2)c1,-0.7958800173440752
*c1cc(C)c(Oc2cc(C)c(*)c(C)c2)c(C)c1C(=O)c1ccccc1,1.1553360374650619
*Oc1cccc2c(Oc3ccc(S(=O)(=O)c4ccc(*)cc4)cc3)cccc12,0.2041199826559248
*c1cc2c(c(N3C(=O)c4ccc(C(c5ccc6c(c5)C(=O)N(*)C6=O)(C(F)(F)F)C(F)(F)F)cc4C3=O)c1C)C(C)(C)CC2,2.840106094456758
*Oc1c(Br)cc(C(c2cc(Br)c(OC(=O)c3cc(C(*)=O)cc(C(C)(C)C)c3)c(Br)c2)(C(F)(F)F)C(F)(F)F)cc1Br,1.9299295600845878
*Oc1ccc(-c2ccc(Oc3c(F)c(F)c(COC(c4cccc(C(OCc5c(F)c(F)c(*)c(F)c5F)(C(F)(F)F)C(F)(F)F)c4)(C(F)(F)F)C(F)(F)F)c(F)c3F)cc2)cc1,0.9138138523837167
*c1c(C)cc(C)c(N2C(=O)c3ccc(C(c4ccc5c(c4)C(=O)N(*)C5=O)(C(F)(F)F)C(F)(F)F)cc3C2=O)c1C,2.6113196194600805
*CO*,-0.3467874862246563
*c1ccc(-c2ccc(C(*)(c3ccccc3)C(F)(F)F)cc2)cc1,2.220108088040055
*Oc1ccc2ccc(Oc3ccc(S(=O)(=O)c4ccc(*)cc4)cc3)cc2c1,0.25527250510330607
*c1cc(C)c(Oc2cc(C)c(*)c(C)c2)c(C)c1C(=O)c1ccc([N+](=O)[O-])cc1,1.0569048513364727
*C(=C(*)c1ccc2c(c1)C1(CC1)c1ccccc1-2)c1ccc([Si](C)(C)C)cc1,3.6127838567197355
*NC(=O)c1ccc2c(c1)C(=O)N(c1cccc(*)c1)C2=O,-0.6925039620867871
*CC=C(Cl)C*,1.409087369447835
*/C=C/C1CCC(*)C1,1.187520720836463
*C(C)=C(*)[Si](C)(C)CCCC,2.0
*OC(=O)Oc1ccc2c(c1)CC(C)(C)C21Cc2cc(*)ccc2C1(C)C,1.4771212547196624
*c1c(C)cc(-c2cc(C)c(N3C(=O)c4cc5c(cc4C3=O)C3(c4ccccc4-c4cc6c(cc43)C(=O)N(*)C6=O)c3ccccc3-5)c3ccccc23)c2ccccc12,3.5776641047321274
*c1ccc(Cc2ccc(N3C(=O)c4ccc(Oc5ccc(Oc6ccc7c(c6)C(=O)N(*)C7=O)cc5)cc4C3=O)cc2)cc1,0.08635983067474821
*c1cc2c(cc1C)-c1cc(C)c(N3C(=O)c4ccc(C(c5ccc6c(c5)C(=O)N(*)C6=O)(C(F)(F)F)C(F)(F)F)cc4C3=O)cc1S2(=O)=O,1.8992731873176039
*c1cccc(-c2nc3cc(C(c4ccc5oc(-c6cccc(*)c6)nc5c4)(C(F)(F)F)C(F)(F)F)ccc3o2)c1,3.0060379549973173
*Oc1ccc(-c2nn(-c3ccc(S(=O)(=O)c4ccc(*)cc4)cc3)c(=O)c3ccccc23)cc1,-0.036212172654444715
*=CC1CC(C=*)C2C1CC2[Si](O[Si](C)(C)C)(O[Si](C)(C)C)O[Si](C)(C)C,2.9190780923760737
*OCCOC(=O)c1ccc(C(*)=O)cc1,-0.5844702208423621
*Oc1ccc(C2(c3ccc(Oc4ccc(S(=O)(=O)c5ccc(*)cc5)cc4)c(C)c3)OC(=O)c3ccccc32)cc1C,0.4941545940184428
*c1ccc(Oc2ccc(C(c3ccc(Oc4ccc(N5C(=O)c6ccc(C(=O)c7ccc8c(c7)C(=O)N(*)C8=O)cc6C5=O)cc4)cc3)(C(F)(F)F)C(F)(F)F)cc2)cc1,0.6688516480825187
*c1ccc(-c2ccc(Oc3ccc4c(c3)C(C)(c3ccc(Oc5ccc(-c6ccc(N7C(=O)c8ccc(C(=O)c9ccc%10c(c9)C(=O)N(*)C%10=O)cc8C7=O)cc6)cc5C(F)(F)F)cc3)CC4(C)C)c(C(F)(F)F)c2)cc1,1.534026106056135
*Oc1c(C)cc(C(C)(C)c2cc(C)c(OC(=O)c3cc(C(*)=O)cc(C(C)(C)C)c3)c(Br)c2)cc1Br,1.3560258571931227
*Oc1ccc(C2(c3ccc(OC(=O)c4cccc(C(*)=O)c4)cc3)OC(=O)c3ccccc32)cc1,0.8286598965353198
*c1ccc(Cc2ccc(N3C(=O)c4ccc(-c5ccc6c(c5)C(=O)N(*)C6=O)cc4C3=O)cc2)cc1,0.0
*Oc1ccc(C(C)(C)c2ccc(Oc3ccc4c(c3)C(=O)N(c3cccc(N5C(=O)c6ccc(*)cc6C5=O)c3)C4=O)cc2)cc1,0.1903316981702915
*c1cc(C(=O)OCCC(F)(F)C(F)(F)C(F)(F)C(F)(F)C(F)(F)C(F)(F)F)cc(N2C(=O)c3ccc(C(c4ccc5c(c4)C(=O)N(*)C5=O)(C(F)(F)F)C(F)(F)F)cc3C2=O)c1,1.250420002308894
*c1cc(C(=O)OC)cc(N2C(=O)c3ccc(Oc4ccc(Oc5ccc6c(c5)C(=O)N(*)C6=O)cc4)cc3C2=O)c1,0.07188200730612536
*Oc1ccc(Oc2cccc(*)c2C#N)c(-c2cc(C)cc(C)c2)c1,0.5440680443502757
*N=P(*)(OCC(F)(F)F)OC(F)(F)C(F)(F)C(F)(F)C(F)(F)C(F)(F)C(F)F,2.5268559871258747
*CCCCCC(=O)O*,1.2253092817258628
*Nc1ccc(Oc2ccc(C(C)(C)c3ccc(Oc4ccc(NC(=O)c5ccc6c(c5)C(C)(C)CC6(C)c5ccc(C(*)=O)cc5)cc4)cc3)cc2)cc1,0.9822712330395684
*C(=C(*)c1ccc2c(ccc3ccccc32)c1)c1ccccc1,3.724275869600789
*Oc1ccc(S(=O)(=O)c2ccc(Oc3c(C)cc(C(C)(C)c4ccc(C(C)(C)c5cc(C)c(*)c(C)c5)cc4)cc3C)cc2)cc1,1.1205739312058498
*Nc1ccc(S(=O)(=O)c2ccc(NC(=O)c3cccc(C(*)=O)c3)cc2)cc1,-0.10790539730951958
*c1ccc2c(c1)C(C)(c1ccc(-c3nnc(*)o3)cc1)CC2(C)C,1.968482948553935
*CC(*)c1ccc(C(C)(C)C)cc1,2.146283113159587
*c1c(C)c(C)c(N2C(=O)c3ccc(Oc4cc(C)c(Oc5ccc6c(c5)C(=O)N(*)C6=O)c(C)c4C)cc3C2=O)c(C)c1C,2.3010299956639813
*CC(*)C(=O)OCC,2.24551266781415
*Nc1ccc(Oc2ccc(Oc3ccc(NC(=O)CN4C(=O)c5ccc(C(*)=O)cc5C4=O)cc3)cc2)cc1,-0.12551818230053352
*c1ccc(NC(=O)C(F)(F)C(F)(F)C(F)(F)C(F)(F)C(F)(F)C(F)(F)C(=O)Nc2ccc(N3C(=O)c4ccc(C(c5ccc6c(c5)C(=O)N(*)C6=O)(C(F)(F)F)C(F)(F)F)cc4C3=O)cc2)cc1,0.9498777040368748
*Oc1ccc(C2(c3ccc(OC(=O)c4ccc(C(*)=O)cc4)cc3)OC(=O)c3ccccc32)cc1,1.0681858617461617
*c1cccc(NC(=O)C(F)(F)C(F)(F)C(F)(F)C(F)(F)C(F)(F)C(F)(F)C(=O)Nc2cccc(N3C(=O)c4ccc(C(c5ccc6c(c5)C(=O)N(*)C6=O)(C(F)(F)F)C(F)(F)F)cc4C3=O)c2)c1,0.561101383649056
*CC(*)CC(C)C,1.9666109866819343
*c1ccc(C(c2ccc(N3C(=O)c4ccc(C(=O)c5ccc6c(c5)C(=O)N(*)C6=O)cc4C3=O)cc2)(C(F)(F)F)C(F)(F)F)cc1,0.9395192526186185
*Oc1ccc(C(c2ccc(OC(=O)c3cccc(C(*)=O)c3)cc2)(C(F)(F)F)C(F)(F)F)cc1,1.2278867046136737
*OC1OC(COCC)C(OC2OC(COCC)C(*)C(OCC)C2OCC)C(OCC)C1O,1.9319661147281726
*CC(*)C(=O)OCCCCCCCCCCCCCC,2.4727564493172123
*CC(*)c1ccncc1,0.5199591807520684
*c1ccc(-c2ccc(Oc3ccc(C4(c5ccc(Oc6ccc(-c7ccc(N8C(=O)c9ccc(Oc%10ccc(C(C)(C)c%11ccc(Oc%12ccc%13c(c%12)C(=O)N(*)C%13=O)cc%11)cc%10)cc9C8=O)cc7)cc6C(F)(F)F)cc5)c5ccccc5-c5ccccc54)cc3)c(C(F)(F)F)c2)cc1,1.3525683861793085
*Oc1c(C)cc(C(C)(C)c2cc(C)c(Oc3ccc(C(=O)c4ccc(*)cc4)cc3)c(C)c2)cc1C,1.3010299956639813
*CC(*)c1ccccc1,1.1128283466060453
*Oc1ccc2c(c1)C1(CC2(C)C)CC(C)(C)c2ccc(Oc3ccc4c(c3)C(=O)N(c3cccc(N5C(=O)c6ccc(*)cc6C5=O)c3)C4=O)cc21,0.6532125137753437
*C(C)=C(*)CCC(C)C,2.591064607026499
*OC(=O)c1ccc(C(=O)Oc2ccc(C3(c4ccc(O*)c(C)c4)OC(=O)c4ccccc43)cc2C)cc1,0.6989700043360189
*c1ccc(*)n1C,0.8388490907372553
*Oc1ccc(C2(c3ccc(Oc4ccc(C(=O)c5ccc(*)cc5)cc4)cc3)OC(=O)c3ccccc32)cc1,0.42921378708542823
*C(=C(*)c1ccc2c(c1)C(C)(C)C(C)(C)C2(C)C)c1ccccc1,4.5532760461371
*c1cccc(C(c2cccc(N3C(=O)c4ccc(C(c5ccc6c(c5)C(=O)N(*)C6=O)(C(F)(F)F)C(F)(F)F)cc4C3=O)c2)(C(F)(F)F)C(F)(F)F)c1,0.7075701760979364
*O[Si](C)(C)c1ccc([Si](*)(C)C)cc1,1.724275869600789
*c1ccc(S(=O)(=O)c2ccc(N3C(=O)c4ccc(C(c5ccc6c(c5)C(=O)N(*)C6=O)(C(F)(F)F)C(F)(F)F)cc4C3=O)cc2)cc1,1.2041199826559248
*c1ccc2c(c1)C(=O)N(c1ccc(Oc3ccc(N4C(=O)c5ccc(*)cc5C4=O)cc3)cc1)C2=O,0.43136376415898736
*c1ccc(N(c2ccccc2)c2ccc(N3C(=O)c4ccc(Oc5ccc6c(c5)C(=O)N(*)C6=O)cc4C3=O)cc2)cc1,0.45939248775923086
*C(F)(F)C(F)(F)C(F)(OC(F)(F)C(F)(OC(F)(F)C(F)(F)S(=O)(=O)O)C(*)(F)F)C(F)(F)C(F)(F)C(F)(F)F,0.38560627359831223
*Oc1c(C)cc(C2(c3cc(C)c(OC(=O)c4cc(C(*)=O)cc(C(C)(C)C)c4)c(C)c3)c3ccccc3-c3ccccc32)cc1C,2.041392685158225
*=CC1CC(C=*)C2C(=O)C(c3ccccc3)C(=O)C12,1.0584260244570054
*Nc1ccc(C(c2ccc(NC(=O)c3cc(C(*)=O)cc(C(C)(C)C)c3)cc2)(C(F)(F)F)C(F)(F)F)cc1,1.3434085938038574
*c1ccc(Cc2ccc(N3C(=O)c4ccc(-c5ccc6c(c5)C(=O)N(*)C6=O)cc4C3=O)c(Cl)c2)cc1Cl,-0.009661145212398569
*CC(*)c1ccc(OC)cc1,1.276461804173244
*CC(*)C(=O)OC,0.909823369650912
*Oc1ccc(C(C)(C)c2ccc(OC(=O)c3cc(C(*)=O)cc(C(C)(C)C)c3)c(C)c2)cc1C,0.9030899869919435
*c1cccc(Oc2ccc(C(c3ccc(Oc4cccc(-n5c(=O)c6cc7c(=O)n(*)c(=O)c7cc6c5=O)c4)cc3)(C(F)(F)F)C(F)(F)F)cc2)c1,0.7867514221455612
*Oc1ccc(C(c2ccc(OC(*)=O)cc2)(C(F)(F)F)C(F)(F)F)cc1,1.380211241711606
*c1ccc(Cc2ccc(N3C(=O)c4ccc(Oc5ccc(Oc6ccc7c(c6)C(=O)N(*)C7=O)cc5)cc4C3=O)cc2C)c(C)c1,0.17897694729316943
*c1ccc(Oc2cccc(-n3c(=O)c4cc5c(=O)n(*)c(=O)c5cc4c3=O)c2)cc1,0.060320028688285184
*Oc1ccc(C(C)(C)c2ccc(OC(=O)c3ccc(C(*)=O)cc3)c(C)c2)cc1C,0.7634279935629372
*C(C)=C(*)SCCCCCCCCCC,2.278753600952829
*c1c(C)cc(-c2cc(C)c(N3C(=O)c4cc5c(cc4C3=O)C3(C)c4ccccc4C5(C)c4cc5c(cc43)C(=O)N(*)C5=O)c3ccccc23)c2ccccc12,3.525044807036845
*Cc1ccc(C2(c3ccc(*)cc3)OC(=O)c3ccccc32)cc1,1.8573324964312685
*O[Si](*)(C)CCC,3.2041199826559246
*CC(*)c1ccc([Si](C)(C)C)cc1,2.3560258571931225
*Oc1ccc(Oc2cccc(*)c2C#N)c(-c2cccc(C(F)(F)F)c2)c1,0.568201724066995
*Oc1ccc(C2(c3ccc(Oc4ccc(C(=O)c5ccc(*)cc5)cc4)cc3)c3ccccc3C(=O)N2CCC)cc1,0.6493348587121419
*O[Si](C)(C)CC[Si](*)(C)C,3.274850320016665
*C(=C(*)c1ccc(C(C)(C)C)cc1)c1ccc(O)cc1,2.724275869600789
*c1ccc(Oc2ccc(-c3ccc(-c4ccc(-c5ccc(Oc6ccc(N7C(=O)c8ccc(C(c9ccc%10c(c9)C(=O)N(*)C%10=O)(C(F)(F)F)C(F)(F)F)cc8C7=O)cc6)c(C(F)(F)F)c5)cc4)cc3)cc2C(F)(F)F)cc1,1.563599728881531
*Nc1ccc(C2(c3ccc(NC(=O)c4ccc(C(*)=O)cc4)cc3)c3ccccc3-c3ccccc32)cc1,1.1846914308175989
*C=C(*)C(C)(C)C,2.9822712330395684
*CC(*)c1ccc(C([Si](C)(C)C)[Si](C)(C)C)cc1,2.1760912590556813
*C1C(*)C2CC1C1CC([Ge](C)(C)C)C21,3.5854607295085006
*Cc1ccc(C*)c(C#N)c1,-0.5214335044061567
*C(C)=C(*)[Si](C)(C)C(C)C,3.342422680822206
*c1cc2c(c(N3C(=O)c4ccc(C(=O)c5ccc6c(c5)C(=O)N(*)C6=O)cc4C3=O)c1C)C(C)(C)CC2,2.146128035678238
*c1cc(C(c2ccc(O)c(N3C(=O)c4ccc(-c5ccc6c(c5)C(=O)N(*)C6=O)cc4C3=O)c2)(C(F)(F)F)C(F)(F)F)ccc1O,0.43136376415898736
*C(=C(*)c1ccc([Si](C)(C)C)cc1)c1ccccc1,3.674401812845282
*c1ccc(Oc2ccc(N3C(=O)c4ccc(C(=O)c5ccc6c(c5)C(=O)N(*)C6=O)cc4C3=O)cc2)cc1,-0.2041199826559248
*c1ccc(Oc2ccc(Oc3ccc(Oc4ccc(N5C(=O)c6ccc(-c7ccc8c(c7)C(=O)N(*)C8=O)cc6C5=O)cc4)cc3)cc2)cc1,0.09691001300805642
*Oc1ccc(C(C)(C)c2ccc(Oc3ccc(C(=O)c4ccc(*)cc4)cc3)cc2)cc1,0.5440680443502757
*N=P(*)(OCCCC)OCCCC,2.8109042806687006
*c1ccc(-c2ccc(Oc3ccc(C4(c5ccc(Oc6ccc(-c7ccc(N8C(=O)c9ccc(C(=O)c%10ccc%11c(c%10)C(=O)N(*)C%11=O)cc9C8=O)cc7)cc6C(F)(F)F)cc5)c5ccccc5-c5ccccc54)cc3)c(C(F)(F)F)c2)cc1,1.557146142318363
*Oc1c(Br)cc(C2(c3cc(Br)c(OC(=O)c4cccc(C(*)=O)c4)c(Br)c3)OC(=O)c3ccccc32)cc1Br,0.9211660506377387
*C(F)(F)C(F)(F)C1(F)OC(C(F)(F)F)(C(F)(F)F)OC1(*)F,3.484299839346786
*OC1OC(COC(C)=O)C(*)C(OC(C)=O)C1OC(C)=O,0.4983105537896005
*Oc1ccc(Sc2ccc(Oc3ccc(C(=O)c4ccc5c(c4)C(C)(C4CCCCC4)CC5(c4ccc(C(=O)c5ccc(*)cc5)cc4)C4CCCCC4)cc3)cc2)cc1,0.7558748556724915
*Oc1ccc(Oc2ccc(Oc3ccc(C(=O)c4ccc5c(c4)C(C)(C4CCCCC4)CC5(c4ccc(C(=O)c5ccc(*)cc5)cc4)C4CCCCC4)cc3)cc2)cc1,0.6211762817750351
*NC(=O)c1ccc2c(c1)C(=O)N(c1c(C)cc(C)c(*)c1C)C2=O,1.252853030979893
*c1ccc(Oc2ccc(C(c3ccc(Oc4ccc(N5C(=O)c6ccc(C(=O)c7ccc8c(c7)C(=O)N(*)C8=O)cc6C5=O)cc4C(F)(F)F)cc3)(C(F)(F)F)C(F)(F)F)cc2)c(C(F)(F)F)c1,0.8413594704548549
*Oc1c(Br)cc(C(c2cc(Br)c(OC(*)=O)c(Br)c2)(C(F)(F)F)C(F)(F)F)cc1Br,1.505149978319906
*Oc1ccc(C2(c3ccc(Oc4ccc(S(=O)(=O)c5ccc(*)cc5)cc4)cc3)NC(=O)c3ccccc32)cc1,0.5693739096150459
*c1cccc(Oc2cccc(-n3c(=O)c4cc5c(=O)n(*)c(=O)c5cc4c3=O)c2)c1,-0.3010299956639812
*c1ccc(Sc2ccc(N3C(=O)c4ccc(C(c5ccc6c(c5)C(=O)N(*)C6=O)(C(F)(F)F)C(F)(F)F)cc4C3=O)cc2)cc1,1.3637999454791092
*Oc1c(C)cc(C(C)(C)c2cc(C)c(OC(*)=O)c(C)c2)cc1C,1.2695129442179163
*c1ccc(N(c2ccc(N3C(=O)c4ccc(C(c5ccc6c(c5)C(=O)N(*)C6=O)(C(F)(F)F)C(F)(F)F)cc4C3=O)cc2)c2ccc(N(c3ccc(OC)cc3)c3ccc(OC)cc3)cc2)cc1,1.1129399760840801
*c1cccc2c(-n3c(=O)c4cc5oc6cc7c(cc6oc5cc4c3=O)C3(CC(C)(C)c4cc5oc6cc8c(=O)n(*)c(=O)c8cc6oc5cc43)CC7(C)C)cccc12,2.7075701760979363
*c1ccc(Cc2ccc(-n3c(=O)c4cc5c(=O)n(*)c(=O)c5cc4c3=O)cc2)cc1,0.3996737214810381
*=CC1CC(C=*)C(C(F)(F)F)(C(F)(F)F)C1(F)F,2.1789769472931693
*Oc1c(C)cc(C(C)(C)c2ccc(Oc3ccc(S(=O)(=O)c4ccc(*)cc4)cc3)cc2)cc1C,0.3222192947339193
*c1cc(C(=O)OCCC(F)(F)C(F)(F)C(F)(F)C(F)(F)C(F)(F)C(F)(F)F)cc(N2C(=O)c3ccc(C(=O)c4ccc5c(c4)C(=O)N(*)C5=O)cc3C2=O)c1,1.0043213737826426
*Oc1ccc(C(C)(C)c2ccc(Oc3ccc(S(=O)(=O)c4ccc(*)cc4)cc3)cc2)cc1,0.7363965022766424
*c1ccc(Oc2ccc(N3C(=O)c4ccc(C(c5ccc6c(c5)C(=O)N(*)C6=O)(C(F)(F)F)C(F)(F)F)cc4C3=O)cc2)cc1,1.2612628687924936
*C(=C(*)c1ccc([Si](C)(C)CCCCCCCC)cc1)c1ccc(C(C)C)cc1,2.0791812460476247
*Oc1ccc(C(C)(C)c2ccc(C(C)(C)c3ccc(Oc4ccc(S(=O)(=O)c5ccc(*)cc5)cc4)cc3)cc2)cc1,0.8325089127062363
*CC*,1.1491806096648052
*Oc1ccc(C2(c3ccc(Oc4ccc(S(=O)(=O)c5ccc(*)cc5)cc4)cc3)CCCCC2)cc1,0.40483371661993806
*c1ccc(Oc2ccc(-c3cccc(-c4ccc(Oc5ccc(N6C(=O)c7ccc(C(c8ccc9c(c8)C(=O)N(*)C9=O)(C(F)(F)F)C(F)(F)F)cc7C6=O)cc5)c(C(F)(F)F)c4)n3)cc2C(F)(F)F)cc1,1.715334683792313
*Oc1ccc(Oc2ccc(C(=O)c3ccc(*)cc3)cc2)c(-c2cccc(C)c2)c1,0.0
*c1ccc(Sc2ccc(Sc3ccc(N4C(=O)c5ccc(C(c6ccc7c(c6)C(=O)N(*)C7=O)(C(F)(F)F)C(F)(F)F)cc5C4=O)cc3)cc2)cc1,0.9503648543761231
*C(=C(*)c1ccc2c(c1)C(C)(C)c1cc(Br)ccc1-2)c1ccccc1,3.9030899869919438
*Oc1ccc(-c2ccc(-c3ccc(Oc4ccc(C5(c6ccc(*)cc6)c6ccccc6-c6ccccc65)cc4)c(C(F)(F)F)c3)s2)cc1C(F)(F)F,1.4116197059632303
*Oc1ccc(C(C)(C)c2ccc(OC(=O)c3cccc(C(=O)c4ccc5ccccc5c4-c4c(*)ccc5ccccc45)c3)cc2)cc1,0.6020599913279624
*c1ccc(Sc2ccc(Sc3ccc(Sc4ccc(N5C(=O)c6ccc(C(c7ccc8c(c7)C(=O)N(*)C8=O)(C(F)(F)F)C(F)(F)F)cc6C5=O)cc4)cc3)cc2)cc1,0.92272545799326
*c1cc(C)c(C)c(N2C(=O)c3ccc(Oc4cc(C(C)(C)C)ccc4Oc4ccc5c(c4)C(=O)N(*)C5=O)cc3C2=O)c1C,1.7993405494535817
*CC(*)c1ccc(OC(C)=O)cc1,1.212187604403958
*c1ccc(-c2ccc(Oc3ccc(C4(c5cccc(Oc6ccc(-c7ccc(N8C(=O)c9ccc(Oc%10ccc%11c(c%10)C(=O)N(*)C%11=O)cc9C8=O)cc7)cc6C(F)(F)F)c5)c5ccccc5C(=O)N4c4ccccc4)cc3)c(C(F)(F)F)c2)cc1,1.1640552918934517
*c1c(C)cc2c(c1C)CN1CN2Cc2c1cc(C)c(N1C(=O)c3cc4c(cc3C1=O)C1(CC(C)(C)c3cc5c(cc31)C(=O)N(*)C5=O)CC4(C)C)c2C,3.580696939712437
*Oc1ccc(C(C)(CC(C)C)c2ccc(OC(=O)c3cccc(C(*)=O)c3)cc2)cc1,1.2013971243204515
*Oc1ccc2c(c1)C1(CC2(C)C)CC(C)(C)c2ccc(OC(=O)c3cccc(C(*)=O)c3)cc21,1.276461804173244
*Oc1ccc(C(C)(C)c2ccc(Oc3ccc(C(=O)c4ccc(C(=O)c5ccc(*)cc5)cc4)cc3)cc2)cc1,0.34044411484011833
*O[Si](C)(C)CCCCCC[Si](*)(C)C,3.115943176939055
*Oc1c(C)cc(C(C)(C)c2cc(C)c(OC(=O)c3cccc(C(*)=O)c3)c(Br)c2)cc1Br,0.7363965022766424
*c1ccc(Sc2ccc(Sc3ccc(Sc4ccc(Sc5ccc(N6C(=O)c7ccc(C(c8ccc9c(c8)C(=O)N(*)C9=O)(C(F)(F)F)C(F)(F)F)cc7C6=O)cc5)cc4)cc3)cc2)cc1,0.8208579894396999
*c1cc2c(cc1C)S(=O)(=O)c1cc(C)c(N3C(=O)c4cc5c(cc4C3=O)S(=O)(=O)c3cc4c(cc3S5(=O)=O)C(=O)N(*)C4=O)cc1-2,1.380211241711606
*Oc1c(C)cc(C(C)(C)c2cc(C)c(OC(=O)c3cc(C(*)=O)cc(C(C)(C)C)c3)c(C)c2)cc1C,1.680033185186619
*C(=C(*)c1ccc(CCCC)cc1)c1ccccc1,2.2041199826559246
*c1ccc(Oc2ccc(N3C(=O)c4ccc(-c5ccc6c(c5)C(=O)N(*)C6=O)cc4C3=O)cc2)cc1,0.07918124604762482
*c1ccc(Oc2cccc(N3C(=O)c4ccc(C(c5ccc6c(c5)C(=O)N(*)C6=O)(C(F)(F)F)C(F)(F)F)cc4C3=O)c2)cc1,0.7860412102425542
*c1cccc(-c2nc3cc(C(c4ccc5oc(*)nc5c4)(C(F)(F)F)C(F)(F)F)ccc3o2)c1,1.3617278360175928
*c1cc(N2C(=O)c3ccc(C(c4ccc5c(c4)C(=O)N(*)C5=O)(C(F)(F)F)C(F)(F)F)cc3C2=O)cc(C(F)(F)F)c1,1.3352572564345317
*c1ccc2c(c1C)N1Cc3c(ccc(N4C(=O)c5ccc(C(c6ccc7c(c6)C(=O)N(*)C7=O)(C(F)(F)F)C(F)(F)F)cc5C4=O)c3C)N(C2)C1,2.45484486000851
*C1=CCC(*)=[NH+]1.O=[N+]([O-])[O-],0.45024910831936105
*c1cc(C(c2ccc(O)c(N3C(=O)c4ccc(Oc5ccc6c(c5)C(=O)N(*)C6=O)cc4C3=O)c2)(C(F)(F)F)C(F)(F)F)ccc1O,0.24303804868629444
*C(C)=C(*)CC(C)C,2.9542425094393248
*c1c(C)cc(-c2cc(C)c(N3C(=O)c4cc5c(cc4C3=O)S(=O)(=O)c3cc4c(cc3S5(=O)=O)C(=O)N(*)C4=O)c(C)c2)cc1C,1.591064607026499
*c1c(C)cc(-c2cc(C)c(N3C(=O)c4cc5c(cc4C3=O)C3(C)CCC5(C)C4C=C5C(=O)N(*)C(=O)C5=CC43)c3ccccc23)c2ccccc12,3.723044991643445
*CC(*)Cl,-0.5900668766687055
*Nc1c(C)cc(C(C)(C)c2cc(C)c(NC(=O)c3ccc(Oc4cc(C(C)(C)C)c(Oc5ccc(C(*)=O)cc5)cc4C(C)(C)C)cc3)c(C)c2)cc1C,1.6334684555795864
*Oc1ccc(S(=O)(=O)c2ccc(Oc3ccc(C(C)(C)c4ccc(*)cc4)cc3)cc2)cc1,0.760924848409133
*c1cc(C)c2c(c1)CN1CN2Cc2c1ccc(N1C(=O)c3ccc(C(c4ccc5c(c4)C(=O)N(*)C5=O)(C(F)(F)F)C(F)(F)F)cc3C1=O)c2C,2.1903316981702914
*c1cc(C)c2c(c1)CN1CN2Cc2cc(N3C(=O)c4ccc(Oc5ccc6c(c5)C(=O)N(*)C6=O)cc4C3=O)cc(C)c21,1.1271047983648077
*C(=C(*)c1ccc2c(c1)C(C)(C)c1ccccc1-2)c1ccc(F)cc1,4.3222192947339195
*Oc1c(C)cc(C(C)(C)c2cc(C)c(OC(=O)c3cccc(C(*)=O)c3)c(C)c2)cc1C,1.255272505103306
*N=P(*)(Oc1cccc(C(C)(C)C)c1)Oc1cccc(C(C)(C)C)c1,1.2304489213782739
*Oc1ccc(C(C)(CCC(=O)OC)c2ccc(OC(=O)c3cccc(C(*)=O)c3)cc2)cc1,0.5440680443502757
*N=P(*)(OC(C)CC)OC(C)CC,2.247973266361807
*c1ccc(Oc2ccc(N3C(=O)c4cc(Oc5ccc(C(C)(C)C)cc5)c(-c5cc6c(cc5Oc5ccc(C(C)(C)C)cc5)C(=O)N(*)C6=O)cc4C3=O)cc2)cc1,1.9324737646771533
*Nc1ccc(S(=O)(=O)c2ccc(NC(=O)c3cc(C(*)=O)cc(-c4ccccc4)c3)cc2)cc1,0.505149978319906
*Nc1ccc(C2(c3ccc(NC(=O)c4cc(C(*)=O)cc(C(C)(C)C)c4)cc3)c3ccccc3-c3ccccc32)cc1,1.5763413502057928
*Cc1cc(Cl)c(C*)cc1Cl,-0.10623823794205658
*Oc1ccc(Cc2ccc(Oc3c(F)c(F)c(COC(c4cccc(C(OCc5c(F)c(F)c(*)c(F)c5F)(C(F)(F)F)C(F)(F)F)c4)(C(F)(F)F)C(F)(F)F)c(F)c3F)cc2)cc1,0.8808135922807914
*c1ccc2c(c1)C(=O)N(c1cccc(N3C(=O)c4ccc(*)cc4C3=O)c1)C2=O,0.11394335230683679
*c1ccc(NC(=O)C(F)(F)C(F)(F)C(F)(F)C(F)(F)C(=O)Nc2ccc(N3C(=O)c4ccc(C(c5ccc6c(c5)C(=O)N(*)C6=O)(C(F)(F)F)C(F)(F)F)cc4C3=O)cc2)cc1,0.7573960287930241
*OC(=O)Oc1ccc(C(C)(C)c2ccc(*)cc2)cc1,0.8488047010518038
*c1cccc(N2C(=O)c3ccc(C(=O)c4ccc5c(c4)C(=O)N(*)C5=O)cc3C2=O)c1,-0.368556230986828
*C=C(*)c1cccc(O[Si](C)(C)C(C)(C)C)c1,1.7634279935629373
*C(=C(*)c1ccc(C(C)(C)C)cc1)c1ccccc1,3.792391689498254
*c1ccc(Cc2ccc(N3C(=O)c4ccc(-c5ccc6c(c5)C(=O)N(*)C6=O)cc4C3=O)c(C)c2)cc1C,0.14921911265537988
*c1c(C)cc(-c2cc(C)c(N3C(=O)c4cc5c(cc4C3=O)C3Cc4cc6c(cc4C(C5)C3)C(=O)N(*)C6=O)c3ccccc23)c2ccccc12,3.089198366805149
*Nc1cccc(S(=O)(=O)c2cccc(NC(=O)c3ccc4c(c3)C(C)(C)CC4(C)c3ccc(C(*)=O)cc3)c2)c1,0.3424226808222063
*Oc1cc(C)c(C2(c3cc(C)c(Oc4ccc(C(=O)c5ccc(*)cc5)cc4)cc3C)OC(=O)c3ccccc32)cc1C,0.7355988996981799
*C(=O)c1ccc(C2(c3ccc(C(=O)c4ccc(Oc5ccc(C(=O)c6ccc(Oc7ccc(*)cc7)cc6)cc5)cc4)cc3)OC(=O)c3ccccc32)cc1,0.4913616938342727
*c1ccc(Oc2ccc(N3C(=O)c4ccc(Sc5ccc6c(c5)C(=O)N(*)C6=O)cc4C3=O)cc2)cc1,0.9800033715837464
*c1ccc(N2C(=O)c3ccc([Si](C)(C)c4ccc5c(c4)C(=O)N(*)C5=O)cc3C2=O)cc1,0.43933269383026263
*Oc1ccc(C(c2ccc(Oc3c(F)c(F)c(COC(c4cccc(C(OCc5c(F)c(F)c(*)c(F)c5F)(C(F)(F)F)C(F)(F)F)c4)(C(F)(F)F)C(F)(F)F)c(F)c3F)cc2)(C(F)(F)F)C(F)(F)F)cc1,1.0791812460476249
*c1c(C)c(C)c(N2C(=O)c3ccc(Oc4cc(C(C)(C)C)ccc4Oc4ccc5c(c4)C(=O)N(*)C5=O)cc3C2=O)c(C)c1C,1.8512583487190752
*Oc1ccc(S(=O)(=O)c2ccc(Oc3ccc(C(C)(C)c4cccc(*)c4)cc3)cc2)cc1,0.17609125905568124
*=CC1CC[C@@H](/C=C/C2CCC(/C=C/[C@H]3CCC(C=*)C3)C2)C1,1.3729120029701065
*Oc1ccc(C(=O)c2cccc(-c3cccc(C(=O)c4ccc(Oc5ccc(C6(c7ccc(*)cc7)c7ccccc7-c7ccccc76)cc5)cc4)c3)c2)cc1,0.27184160653649897
*Cc1ccc(C*)c(Br)c1,-1.4436974992327127
*=CC1CC(C=*)C2C(=O)N(C3CCCCC3)C(=O)C12,1.135291704475752
*c1ccc(-c2ccc(Oc3ccc(C4(c5cccc(Oc6ccc(-c7ccc(-n8c(=O)c9cc%10c(=O)n(*)c(=O)c%10cc9c8=O)cc7)cc6C(F)(F)F)c5)c5ccccc5C(=O)N4c4ccccc4)cc3)c(C(F)(F)F)c2)cc1,1.5973660502660276
*C=C(*)c1ccccc1[Si](C)(C)C,2.462397997898956
*C(=C(*)c1ccc2c(c1)C(C)(C)c1ccccc1-2)c1ccc(Br)cc1,4.230448921378274
*Oc1ccc(C(=O)c2ccc(Oc3ccc(*)cc3)cc2)cc1,-0.0163737128754655
*c1ccc(C(C)(C)c2ccc(N3C(=O)c4ccc(Oc5ccc(Oc6ccc7c(c6)C(=O)N(*)C7=O)cc5)cc4C3=O)cc2)cc1,0.42324587393680785
*C[Si](*)(C)C,2.7075701760979363
*Oc1cc(C)c(C2(c3cc(C(C)C)c(Oc4ccc(S(=O)(=O)c5ccc(*)cc5)cc4)cc3C)OC(=O)c3ccccc32)cc1C(C)C,1.287801729930226
*C(C)=C(*)[Si](C)(C)CCC,2.361727836017593
*CC(O)CO*,-1.9211808169011513
*OC(=O)Oc1ccc(C(C)(c2ccccc2)c2ccc(*)cc2)cc1,0.9768083373380663
*C=C(*)[Si](C)(C)C,2.2041199826559246
*c1ccc2c(c1)C1(c3ccccc3-2)c2ccccc2-c2ccc(N3C(=O)c4cc5c(cc4C3=O)OC3C=C4C(=CC3O5)C(C)(C)CC43CC(C)(C)c4cc5oc6cc7c(=O)n(*)c(=O)c7cc6oc5cc43)cc21,2.788168371141168
*C(=C(*)c1ccc(C[Si](C)(C)C)cc1)c1ccccc1,2.806179973983887
*Oc1ccc(C(C)(C)c2ccc(OC(*)=O)cc2)cc1,0.57316180901509
*c1ccc(Oc2ccc(C(*)(c3ccccc3)C(F)(F)F)cc2)cc1,1.2304489213782739
*c1cc(C(c2ccc(C)c(-n3c(=O)c4cc5oc6cc7c(cc6oc5cc4c3=O)C3(CC(C)(C)c4cc5oc6cc8c(=O)n(*)c(=O)c8cc6oc5cc43)CC7(C)C)c2)(C(F)(F)F)C(F)(F)F)ccc1C,2.322219294733919
*c1cc2c(cc1Br)-c1ccccc1C21c2ccccc2-c2cc(Br)c(N3C(=O)c4ccc(C(c5ccc6c(c5)C(=O)N(*)C6=O)(C(F)(F)F)C(F)(F)F)cc4C3=O)cc21,2.7634279935629373
*c1ccc(Oc2ccc(ON3C(=O)c4ccc(C(c5ccc6c(c5)C(=O)N(*)C6=O)(C(F)(F)F)C(F)(F)F)cc4C3=O)c3c2C2c4ccccc4C3c3ccccc32)cc1,1.1583624920952498
*c1cc2c(cc1Br)-c1ccccc1C21c2ccccc2-c2cc(Br)c(-n3c(=O)c4cc5c(=O)n(*)c(=O)c5cc4c3=O)cc21,2.8407332346118066
*Oc1ccc(C(C)(C)c2ccc(OC(=O)c3ccc(C(*)=O)cc3)cc2)cc1,1.0102999566398119
*c1ccc(C(c2ccc(-c3nc4ccc(-c5ccc6nc(*)oc6c5)cc4o3)cc2)(C(F)(F)F)C(F)(F)F)cc1,2.183725258045578
*C1C(*)C2CC1C1CC([Si](O[Si](C)(C)C)(O[Si](C)(C)C)O[Si](C)(C)C)C21,3.60422605308447
*c1ccc(N(c2ccccc2)c2ccc(N3C(=O)c4ccc(-c5ccc6c(c5)C(=O)N(*)C6=O)cc4C3=O)cc2)cc1,0.6720978579357175
*c1ccc(C(c2ccc(N3C(=O)c4ccc(-c5ccc6c(c5)C(=O)N(*)C6=O)cc4C3=O)cc2)(C(F)(F)F)C(F)(F)F)cc1,1.3796076356632203
*N=P(*)(OCC(C)C)OCC(C)C,2.59659709562646
*N=P(*)(OCC(C)(C)C)OCC(C)(C)C,1.6875289612146342
*Oc1cc(C)c(C2(c3cc(C(C)C)c(Oc4ccc(C(=O)c5ccc(*)cc5)cc4)cc3C)OC(=O)c3ccccc32)cc1C(C)C,1.2855573090077739
*c1ccc(Oc2ccc(-n3c(=O)c4cc5sc6cc7c(=O)n(*)c(=O)c7cc6sc5cc4c3=O)cc2)cc1,0.6020599913279624
*c1c(C)c(C)c(N2C(=O)c3ccc(Oc4cc(C(C)(C)C)cc(C)c4Oc4ccc5c(c4)C(=O)N(*)C5=O)cc3C2=O)c(C)c1C,1.8260748027008264
*CC(*)OC(=O)c1ccc(C)cc1,0.8280150642239769
*c1ccc(N(c2ccc(OC)cc2)c2ccc(N3C(=O)c4ccc(C(c5ccc6c(c5)C(=O)N(*)C6=O)(C(F)(F)F)C(F)(F)F)cc4C3=O)cc2)cc1,1.2258259914618934
*c1ccc(Cc2ccc(N3C(=O)c4ccc(-c5ccc6c(c5)C(=O)N(*)C6=O)cc4C3=O)cc2F)c(F)c1,-0.266000713461613
*C(=C(*)c1ccc2c(c1)C(C)(C)CC2(C)C)c1cc(F)cc(F)c1,4.557507201905658
*c1c(C)cc(-c2cc(C)c(N3C(=O)c4ccc(Oc5cc(C)c(Oc6ccc7c(c6)C(=O)N(*)C7=O)c(C)c5C)cc4C3=O)c(C)c2)cc1C,1.591064607026499
*c1ccc(Oc2ccc(N3C(=O)c4cc(Oc5ccccc5)c(-c5cc6c(cc5Oc5ccccc5)C(=O)N(*)C6=O)cc4C3=O)cc2)cc1,1.4785664955938433
*c1ccc2c(c1)C(=O)N(c1ccc(Oc3ccc(N4C(=O)c5ccc(-c6nc7cc(Cc8ccc9nc(*)oc(=O)c9c8)ccc7c(=O)o6)cc5C4=O)cc3)cc1)C2=O,-0.585026652029182
*N=C1C=CC(=Nc2ccc(Nc3ccc(Nc4ccc(*)cc4OC)cc3OC)cc2OC)C=C1OC,0.02530586526477026
*c1c(C)cc2c(c1C)CN1CN2Cc2c1cc(C)c(-n1c(=O)c3cc4c(=O)n(*)c(=O)c4cc3c1=O)c2C,3.4877744973806672
*C(=C(*)c1ccc([Si](C(C)C)(C(C)C)C(C)C)cc1)c1ccccc1,3.113943352306837
*Oc1ccc(C(=C(Cl)Cl)c2ccc(OC(*)=O)cc2)cc1,0.8129133566428556
*CCO*,1.0791812460476249
*Oc1ccc(C(C)(c2ccccc2)c2ccc(Oc3ccc(S(=O)(=O)c4ccc(*)cc4)cc3)cc2)cc1,0.9095560292411753
*c1cc(C(c2ccc(O)c(N3C(=O)c4ccc(C(c5ccc6c(c5)C(=O)N(*)C6=O)(C(F)(F)F)C(F)(F)F)cc4C3=O)c2)(C(F)(F)F)C(F)(F)F)ccc1O,1.1257306016804787
*CC(*)OCC1CC2CC1C1CCCC21,0.4548448600085102
*C(C)=C(*)[Si](C)(C)CC,3.662757831681574
*Oc1ccc(C(C)(C)c2ccc(OC(=O)c3ccc(C(=O)c4ccc5ccccc5c4-c4c(*)ccc5ccccc45)cc3)cc2)cc1,0.9956351945975499
*Oc1ccc(C(=O)c2ccc(Oc3ccc(C4(c5ccc(*)cc5)c5ccccc5-c5ccccc54)cc3)cc2)c2ccccc12,0.696356388733332
*c1ccc(-c2ccc(Oc3ccc(C4(c5cccc(Oc6ccc(-c7ccc(N8C(=O)c9ccc(C(c%10ccc%11c(c%10)C(=O)N(*)C%11=O)(C(F)(F)F)C(F)(F)F)cc9C8=O)cc7)cc6C(F)(F)F)c5)c5ccccc5C(=O)N4c4ccccc4)cc3)c(C(F)(F)F)c2)cc1,1.7311857076340005
*c1ccc2c(c1C)N1Cc3cc(C)c(N4C(=O)c5ccc(Oc6ccc7c(c6)C(=O)N(*)C7=O)cc5C4=O)cc3N(C2)C1,2.0253058652647704
*CC(*)C(=O)OCCCCCCCCCCCCCCCCCCCCCC,2.606381365110605
*Nc1cccc2c(NC(=O)c3ccc4c(c3)C(C)(C)CC4(C)c3ccc(C(*)=O)cc3)cccc12,0.6127838567197355
*c1ccc(-c2ccc(Oc3ccc(C4(c5ccc(Oc6ccc(-c7ccc(N8C(=O)c9ccc(Oc%10ccc%11c(c%10)C(=O)N(*)C%11=O)cc9C8=O)cc7)cc6C(F)(F)F)cc5)c5ccccc5-c5ccccc54)cc3)c(C(F)(F)F)c2)cc1,1.413467412985825
*O[Si](C)(C)CCCCCCCC[Si](*)(C)C,3.0788191830988487
*c1cc(C)c(Oc2cc(C)c(*)c(C)c2)c(C)c1C(=O)c1ccc(Br)cc1,1.255272505103306
*c1ccc2c(c1)C1(c3ccccc3-2)c2ccccc2-c2ccc(-n3c(=O)c4cc5c(=O)n(*)c(=O)c5cc4c3=O)cc21,2.294466226161593
*N=C1C=CC(=Nc2ccc(Nc3ccc(Nc4ccc(*)cc4OCC)cc3OCC)cc2OCC)C=C1OCC,0.3463529744506387
*c1ccc(-c2ccc(Oc3ccc4c(c3)C3(CC4(C)C)CC(C)(C)c4ccc(Oc5ccc(-c6ccc(N7C(=O)c8ccc(Oc9ccc%10c(c9)C(=O)N(*)C%10=O)cc8C7=O)cc6)cc5C(F)(F)F)cc43)c(C(F)(F)F)c2)cc1,1.3548764225162337
*Oc1ccc(C(C)(C)c2ccc(OC(=O)c3cccc(C(*)=O)c3)c(C(C)C)c2)cc1C(C)C,0.7126497016272114
*c1ccc(-c2ccc(Oc3ccc4c(c3)C(C)(c3ccc(Oc5ccc(-c6ccc(N7C(=O)c8ccc(Oc9ccc%10c(c9)C(=O)N(*)C%10=O)cc8C7=O)cc6)cc5C(F)(F)F)cc3)CC4(C)C)c(C(F)(F)F)c2)cc1,1.5536403362313542
*c1ccc(Oc2ccc(C(c3ccc(Oc4ccc(N5C(=O)c6ccc(C(c7ccc8c(c7)C(=O)N(*)C8=O)(C(F)(F)F)C(F)(F)F)cc6C5=O)cc4)cc3)(C(F)(F)F)C(F)(F)F)cc2)cc1,1.2795148535261855
*c1cccc(N2C(=O)c3ccc(C(c4ccc5c(c4)C(=O)N(*)C5=O)(C(F)(F)F)C(F)(F)F)cc3C2=O)c1C,1.574417135795665
*Oc1ccc(N2CCC3(CCC(=O)N3c3ccc(Oc4c(F)c(F)c(COC(c5cccc(C(OCc6c(F)c(F)c(*)c(F)c6F)(C(F)(F)F)C(F)(F)F)c5)(C(F)(F)F)C(F)(F)F)c(F)c4F)cc3)C2=O)cc1,0.8512583487190752
*c1c(C)cc(-c2cc(C)c(-c3cc(C)c(*)c(C)c3)cc2C)cc1C,2.5563025007672873
*c1ccc2c(c1)C(=O)n1c-2nc2cc(-c3ccc4c(c3)nc3n4C(=O)c4cc(C(*)(C(F)(F)F)C(F)(F)F)ccc4-3)ccc21,2.4683473304121573
*CC(*)C#N,-2.744727494896694
*/C=C/C1CC(*)CC1[Si](C)(C)C,1.9493900066449128
*C(=C(*)c1ccc2c(c1)C1(CC1)c1ccccc1-2)c1ccccc1,3.5759571887637573
*c1ccc(-c2ccc(-c3ccc(C(*)(c4ccccc4)C(F)(F)F)cc3)cc2)cc1,2.342422680822206
*c1c(C)c(C)c(-n2c(=O)c3cc4oc5cc6c(cc5oc4cc3c2=O)C2(CC(C)(C)c3cc4oc5cc7c(=O)n(*)c(=O)c7cc5oc4cc32)CC6(C)C)c(C)c1C,3.041392685158225
*c1ccc2[nH]c3ccc(N4C(=O)c5ccc(C(c6ccc7c(c6)C(=O)N(*)C7=O)(C(F)(F)F)C(F)(F)F)cc5C4=O)cc3c2c1,1.2329961103921538
*C(=C(*)c1ccc2c(c1)C(C)(C)CC2(C)C)c1ccc(Cl)cc1,4.546542663478131
*Oc1ccc(C2(c3ccc(OC(*)=O)cc3)CC3CCC2C3)cc1,0.9590413923210935
*/C=C/c1ccc(*)cc1[Si](C)(C)CCCC,1.146128035678238
*C(C)=C(*)CCCCCC,2.361727836017593
*c1cc(C(c2ccc(O)c(N3C(=O)c4cc5c(cc4C3=O)C3(C)c4ccccc4C5(C)c4cc5c(cc43)C(=O)N(*)C5=O)c2)(C(F)(F)F)C(F)(F)F)ccc1O,1.5440680443502757
*CC(*)c1ccc(Cl)cc1,0.6334684555795865
*N=P(*)(C)c1ccccc1,0.8129133566428556
*C(=C(*)c1ccc2c(c1)C(C)(C)CC2(C)C)c1ccc(F)cc1,4.672097857935717
*C1C2CC(CCCCCCCCCC)C(C2)C1*,2.0457140589408676
*C(F)(F)C1(F)OC(F)(F)C(F)(F)C1(F)C(*)(F)F,1.5440680443502757
*Oc1ccc(C(c2ccc(Oc3ccc(C(=O)c4ccc(C(c5ccc(C(=O)c6ccc(*)cc6)cc5)(C(F)(F)F)C(F)(F)F)cc4)cc3)cc2)(C(F)(F)F)C(F)(F)F)cc1,1.110589710299249
*c1ccc(-c2nc3cc(C(c4ccc5oc(-c6ccc(C(*)(C(F)(F)F)C(F)(F)F)cc6)nc5c4)(C(F)(F)F)C(F)(F)F)ccc3o2)cc1,3.532966592278862
*c1cccc(Oc2ccc(C(c3ccc(Oc4cccc(N5C(=O)c6ccc(C(c7ccc8c(c7)C(=O)N(*)C8=O)(C(F)(F)F)C(F)(F)F)cc6C5=O)c4)cc3)(C(F)(F)F)C(F)(F)F)cc2)c1,0.7993405494535817
*Oc1ccc(C(C)(C)c2ccc(Oc3ccc(C(=O)c4ccc5c(c4)C(C)(C4CCCCC4)CC5(c4ccc(C(=O)c5ccc(*)cc5)cc4)C4CCCCC4)cc3)cc2)cc1,0.9712758487381052
*c1c(C)c(C)c(N2C(=O)c3cc4c(cc3C2=O)C2(CC(C)(C)c3cc5c(cc32)C(=O)N(*)C5=O)CC4(C)C)c(C)c1C,3.595496221825574
*C(=C(*)c1cccc(O[Si](C)(C)C(C)(C)C)c1)c1ccc(C(C)(C)C)cc1,3.8573324964312685
*c1ccc2c(c1)C1c3ccccc3C2c2ccc(N3C(=O)c4ccc(C(c5ccc6c(c5)C(=O)N(*)C6=O)(C(F)(F)F)C(F)(F)F)cc4C3=O)cc21,2.0453229787866576
*c1cc(N2C(=O)c3ccc(C(c4ccc5c(c4)C(=O)N(*)C5=O)(C(F)(F)F)C(F)(F)F)cc3C2=O)ccc1O,1.0413926851582251
*N=C1C=CC(=Nc2ccc(Nc3ccc(Nc4ccc(*)cc4)cc3)cc2)C=C1,-0.2516181347929012
*O[Si](*)(C)C,3.587449037524363
*=CC1CC(C=*)C2C1C([Si](O[Si](C)(C)C)(O[Si](C)(C)C)O[Si](C)(C)C)C2[Si](O[Si](C)(C)C)(O[Si](C)(C)C)O[Si](C)(C)C,3.0644579892269186
*CC(*)OC1CC2CC1C1CCCC21,1.100370545117563
*C(=C(*)c1ccc2c(c1)C(C)(C)CCC2(C)C)c1ccccc1,4.056904851336473
*c1ccc(Oc2ccc(C(c3ccc(Oc4ccc(-n5c(=O)c6cc7c(=O)n(*)c(=O)c7cc6c5=O)cc4C(F)(F)F)cc3)(C(F)(F)F)C(F)(F)F)cc2)c(C(F)(F)F)c1,1.390935107103379
*Oc1ccc(C2(c3ccc(Oc4ccc(C(=O)c5ccc6c(c5)C(C)(C5CCCCC5)CC6(c5ccc(C(=O)c6ccc(*)cc6)cc5)C5CCCCC5)cc4)cc3)CC(C)CC(C)(C)C2)cc1,1.276461804173244
*c1ccc2c(c1)c1cc(N3C(=O)c4ccc(C(c5ccc6c(c5)C(=O)N(*)C6=O)(C(F)(F)F)C(F)(F)F)cc4C3=O)ccc1n2CC,1.5289167002776547
*Oc1ccc(C(C)(C)c2ccc(Oc3c(F)c(F)c(COC(c4cccc(C(OCc5c(F)c(F)c(*)c(F)c5F)(C(F)(F)F)C(F)(F)F)c4)(C(F)(F)F)C(F)(F)F)c(F)c3F)cc2)cc1,0.8061799739838872
*c1c(C)cc(Cc2cc(C)c(N3C(=O)c4ccc(-c5ccc6c(c5)C(=O)N(*)C6=O)cc4C3=O)c(C)c2)cc1C,1.3502480183341627
*c1ccc(C(C)(C)c2cccc(N3C(=O)c4ccc(C(c5ccc6c(c5)C(=O)N(*)C6=O)(C(F)(F)F)C(F)(F)F)cc4C3=O)c2)cc1,1.0293837776852097
*c1ccc(C(c2ccc(N3C(=O)c4ccc(C(c5ccc6c(c5)C(=O)N(*)C6=O)(C(F)(F)F)C(F)(F)F)cc4C3=O)cc2)(C(F)(F)F)C(F)(F)F)cc1,1.7965743332104296
*c1ccc(C)c(N2C(=O)c3ccc(C(c4ccc5c(c4)C(=O)N(*)C5=O)(C(F)(F)F)C(F)(F)F)cc3C2=O)c1,1.4568213480215986
*CC1CC(C*)C2C1C([Si](O[Si](C)(C)C)(O[Si](C)(C)C)O[Si](C)(C)C)C2[Si](O[Si](C)(C)C)(O[Si](C)(C)C)O[Si](C)(C)C,2.9242792860618816
*c1ccc(Oc2ccc(N3C(=O)c4cc5c(cc4C3=O)S(=O)(=O)c3cc4c(cc3S5(=O)=O)C(=O)N(*)C4=O)cc2)cc1,0.9822712330395684
*Oc1ccc(C(=O)c2ccc(Oc3ccc(C(=O)c4ccc5c(c4)C(C)(C4CCCCC4)CC5(c4ccc(C(=O)c5ccc(*)cc5)cc4)C4CCCCC4)cc3)cc2)cc1,0.6989700043360189
*Cc1ccc(C*)cc1,0.11947584090679786
*Cc1ccc(C*)c(CC)c1,0.2764618041732441
*c1cccc(NC(=O)C(F)(F)C(F)(F)C(F)(F)C(F)(F)C(=O)Nc2cccc(N3C(=O)c4ccc(C(c5ccc6c(c5)C(=O)N(*)C6=O)(C(F)(F)F)C(F)(F)F)cc4C3=O)c2)c1,0.22010808804005508
*Nc1ccc(-c2ccc(NC(=O)c3ccc4c(c3)C(C)(C)CC4(C)c3ccc(C(*)=O)cc3)cc2C(F)(F)F)c(C(F)(F)F)c1,1.4941545940184429
*c1ccc(-c2ccc(Oc3ccc4c(c3)C(C)(c3ccc(Oc5ccc(-c6ccc(-n7c(=O)c8cc9c(=O)n(*)c(=O)c9cc8c7=O)cc6)cc5C(F)(F)F)cc3)CC4(C)C)c(C(F)(F)F)c2)cc1,1.6501131644435714
*Oc1c(C)cc(C(C)(C)c2cccc(C(C)(C)c3cc(C)c(Oc4ccc(S(=O)(=O)c5ccc(*)cc5)cc4)c(C)c3)c2)cc1C,0.8450980400142568
*c1ccc(-c2ccc(N3C(=O)c4ccc(C(c5ccc6c(c5)C(=O)N(*)C6=O)(C(F)(F)F)C(F)(F)F)cc4C3=O)c(O)c2)cc1O,0.6857417386022636
*CC(*)[Si](C)(C)c1ccccc1,1.089905111439398
*Oc1ccc(C2(c3ccc(OC(=O)c4cccc(C(*)=O)c4)cc3)c3ccccc3-c3ccccc32)cc1,1.1543225142935096
*c1ccc(Cc2ccc(N3C(=O)c4ccc(C(c5ccc6c(c5)C(=O)N(*)C6=O)(C(F)(F)F)C(F)(F)F)cc4C3=O)c(Cl)c2)cc1Cl,0.8312296938670634
*c1ccc(Cc2ccc(N3C(=O)c4ccc(Oc5ccc(Oc6ccc7c(c6)C(=O)N(*)C7=O)cc5)cc4C3=O)c(C)c2)cc1C,0.22010808804005508
*c1ccc(C(c2ccc(-c3nc4cc(-c5ccc6[nH]c(*)nc6c5)ccc4[nH]3)cc2)(C(F)(F)F)C(F)(F)F)cc1,0.4638929889859073
*c1ccc(Oc2ccc(-n3c(=O)c4cc5c(=O)n(*)c(=O)c5cc4c3=O)cc2)cc1,0.3252419195898849
*Oc1c(C)cc(-c2cc(C)c(Oc3ccc(S(=O)(=O)c4ccc(*)cc4)cc3)c(C)c2)cc1C,1.5024271199844328
*C(=C(*)c1ccc2c(c1)C(C)(C)CC2(C)C)c1cccc(F)c1,4.546542663478131
*c1ccc(C(c2ccc(-c3nc4cc(-c5ccc6nc(*)oc6c5)ccc4o3)cc2)(C(F)(F)F)C(F)(F)F)cc1,1.7708520116421442
*/C=C/c1ccc(*)cc1[Si](CC)(CC)CC,1.380211241711606
*c1ccc(-c2ccc(Oc3ccc4c(c3)C3(CC4(C)C)CC(C)(C)c4ccc(Oc5ccc(-c6ccc(N7C(=O)c8ccc(Oc9ccc(C(C)(C)c%10ccc(Oc%11ccc%12c(=C)n(*)c(=C)c%12c%11)cc%10)cc9)cc8C7=O)cc6)cc5C(F)(F)F)cc43)c(C(F)(F)F)c2)cc1,1.3778524190067545
*c1ccc(-c2ccc(N3C(=O)c4ccc(Oc5cc(C(C)(C)C)ccc5Oc5ccc6c(c5)C(=O)N(*)C6=O)cc4C3=O)c(OC)c2)cc1OC,0.8260748027008264
*c1ccc(S(=O)(=O)c2ccc(N3C(=O)c4ccc(-c5ccc6c(c5)C(=O)N(*)C6=O)cc4C3=O)cc2)cc1,0.3283796034387377
*OC(=O)Oc1c(Cl)cc(C(C)(C)c2cc(Cl)c(*)c(Cl)c2)cc1Cl,0.8247764624755457
*CC(*)c1ccc(F)cc1,1.235528446907549
*c1c(C)cc(-c2cc(C)c(-c3cc(C)c(N4C(=O)c5ccc(C(c6ccc7c(c6)C(=O)N(*)C7=O)(C(F)(F)F)C(F)(F)F)cc5C4=O)c(C)c3)cc2C)cc1C,2.369215857410143
*=CC1CC(C=*)C2C(=O)N(c3ccccc3)C(=O)C12,1.0584260244570054
*CC(*)(F)F,-0.2865094569060575
*c1c(C)cc2c(c1C)CN1CN2Cc2c1cc(C)c(N1C(=O)c3cc4c(cc3C1=O)C1(c3ccccc3-c3cc5c(cc31)C(=O)N(*)C5=O)c1ccccc1-4)c2C,3.4840861993579386
*C(=C(*)c1ccc2c(c1)Cc1ccccc1-2)c1ccccc1,3.929418925714293
*c1ccc(Oc2ccc(N3C(=O)c4ccc(Oc5ccc6c(c5)C(=O)N(*)C6=O)cc4C3=O)cc2)cc1,-0.22548303427145044
*Oc1ccc(C2(c3ccc(Oc4ccc(C(=O)c5ccc(*)cc5)cc4)cc3)NC(=O)c3ccccc32)cc1,0.37291200297010657
*Oc1c(C)cc(*)cc1C,1.7920802556506281
*C(=C(*)c1ccc2c(c1)CCC2)c1ccc([Si](C)(C)C)cc1,3.3010299956639813
*NCCCCCC(*)=O,-0.7958800173440752
*CC(*)(C)C(=O)OC(C)(C)C,1.1789769472931695
*Oc1ccc(C2(c3ccc(OC(*)=O)cc3)c3ccccc3-c3ccccc32)cc1,1.1789769472931695
*C(=C(*)c1ccc(-c2ccc([Si](C)(C)C)cc2)cc1)c1ccccc1,3.342422680822206
*=CC1CC(C=*)C([Si](C)(C)C)C1,2.0868934713094554
*c1cc(N2C(=O)c3ccc(C(c4ccc5c(c4)C(=O)N(*)C5=O)(C(F)(F)F)C(F)(F)F)cc3C2=O)c(O)cc1O,0.9084850188786497
*Oc1ccc(S(=O)(=O)c2ccc(Oc3ccc(C(C)(C)c4ccc(C(C)(C)c5ccc(*)cc5)cc4)cc3)cc2)cc1,0.8325089127062363
*CC=CC*,2.1398790864012365
*c1ccc(Oc2ccc(-c3ccc(-c4ccc(Oc5ccc(N6C(=O)c7ccc(C(c8ccc9c(c8)C(=O)N(*)C9=O)(C(F)(F)F)C(F)(F)F)cc7C6=O)cc5)c(C(F)(F)F)c4)cc3)cc2C(F)(F)F)cc1,1.5200903281128424
*CC[Si](C)(C)CC[Si](C)(C)c1ccc([Si](*)(C)C)cc1,0.6031443726201823
*c1ccc(-c2ccc(Oc3ccc(C4(c5ccc(Oc6ccc(-c7ccc(N8C(=O)c9ccc(C(c%10ccc%11c(c%10)C(=O)N(*)C%11=O)(C(F)(F)F)C(F)(F)F)cc9C8=O)cc7)cc6C(F)(F)F)cc5)c5ccccc5-c5ccccc54)cc3)c(C(F)(F)F)c2)cc1,1.725012725341157
*C(=C(*)c1ccccc1)c1ccccc1,3.8195439355418688
*Oc1ccc(C(C)(C)c2cccc(Oc3ccc(S(=O)(=O)c4ccc(*)cc4)cc3)c2)cc1,0.17609125905568124
*/C(=C(/*)c1ccc([Si](c2ccccc2)(c2ccccc2)c2ccccc2)cc1)c1ccccc1,1.8965262174895554
*OC(=O)Oc1ccc(C2(c3ccc(*)cc3)c3ccccc3-c3ccccc32)cc1,1.1789769472931695
*Oc1ccc(C(c2ccc(Oc3ccc(S(=O)(=O)c4ccc(*)cc4)cc3)cc2)(C(F)(F)F)C(F)(F)F)cc1,1.0791812460476249
*c1ccc(C)c(-c2cc(C)c(-c3cc(*)ccc3C)cc2C)c1,1.792391689498254
*O[Si](C)(C)c1cccc([Si](*)(C)C)c1,2.6989700043360187
*C1C2CC(C)C(C2)C1*,2.59802407233419
*C(=C(*)c1cccc(O[Si](C)(C)C(C)(C)C)c1)c1ccc([Si](C)(C)C)cc1,3.462397997898956
*Oc1ccc(C(C)(c2ccccc2)c2ccc(OC(=O)c3cccc(C(*)=O)c3)cc2)cc1,1.0773679052841565
*NC(=O)c1ccc2c(c1)C(=O)N(c1c(CC)cc(CC)c(*)c1C)C2=O,1.5171958979499742
*c1cc(C(c2ccc(O)c(-n3c(=O)c4cc5c(=O)n(*)c(=O)c5cc4c3=O)c2)(C(F)(F)F)C(F)(F)F)ccc1O,0.9956351945975499
*C(=C(*)c1ccc(-c2ccc(C(C)(C)C)cc2)cc1)c1ccccc1,3.0863598306747484
*c1nc2cc(C(c3ccc4oc(*)nc4c3)(C(F)(F)F)C(F)(F)F)ccc2o1,3.73559889969818
*Nc1ccc(Oc2ccc(NC(=O)c3ccc4c(c3)C(C)(C)CC4(C)c3ccc(C(*)=O)cc3)cc2)cc1,0.9242792860618817
*CC(*)c1ccc(Br)cc1,0.9294189257142927
*O[Si](*)(C)CCCCCCCC,2.9694159123539814
*Oc1c(C)cc(C(c2cc(C)c(OC(*)=O)c(C)c2)(C(F)(F)F)C(F)(F)F)cc1C,2.0453229787866576
*c1ccc(Oc2ccc(C(C)(C)c3ccc(Oc4ccc(N5C(=O)c6ccc(Oc7ccc8c(c7)C(=O)N(*)C8=O)cc6C5=O)cc4)cc3)cc2)cc1,0.43136376415898736
*c1cc(C)c(Cc2cc(C)c(N3C(=O)c4ccc(Oc5ccc(Oc6ccc7c(c6)C(=O)N(*)C7=O)cc5)cc4C3=O)cc2C)cc1C,0.35793484700045375
*Oc1ccc(C2(c3ccc(OC(*)=O)cc3)CCCCC2)cc1,0.3424226808222063
*c1ccc(-c2ccc(*)cc2)cc1,0.7481880270062004
*c1c(C)cc(Cc2cc(C)c(-n3c(=O)c4cc5c(=O)n(*)c(=O)c5cc4c3=O)c(C)c2)cc1C,1.9894498176666917
*c1ccc(Oc2ccc(-c3ccc(-c4ccc(Oc5ccc(N6C(=O)c7ccc(C(c8ccc9c(c8)C(=O)N(*)C9=O)(C(F)(F)F)C(F)(F)F)cc7C6=O)cc5)c(C(F)(F)F)c4)s3)cc2C(F)(F)F)cc1,1.6561940621791857
*Oc1ccc(C(C)(C)c2ccc(Oc3ccc(C(=O)c4ccc(C(C)(C)c5ccc(C(=O)c6ccc(*)cc6)cc5)cc4)cc3)cc2)cc1,0.6627578316815741
*c1ccc(Oc2ccc(C(c3ccc(Oc4ccc(N5C(=O)c6ccc(-c7ccc8c(c7)C(=O)N(*)C8=O)cc6C5=O)cc4C(F)(F)F)cc3)(C(F)(F)F)C(F)(F)F)cc2)c(C(F)(F)F)c1,0.9614210940664483
*c1cccc(N2C(=O)c3ccc(Oc4ccc(Oc5ccc6c(c5)C(=O)N(*)C6=O)cc4)cc3C2=O)c1,-0.22329881601158919
*/C=C(/C*)C(=O)OCCOCCOCCOCC,1.8715729355458788
*/C(C)=C(/*)C(C)C,4.041392685158225
*CCOC(=O)c1ccc2cc(C(=O)O*)ccc2c1,-1.191114132640188
*Oc1ccc(C(c2ccc(Oc3ccc(C(=O)c4ccc(*)cc4)cc3)cc2)c2ccccc2C(=O)O)cc1,0.2576785748691845
*Nc1c(C)cc(Cc2cc(C)c(NC(=O)c3ccc(Oc4cc(C(C)(C)C)c(Oc5ccc(C(*)=O)cc5)cc4C(C)(C)C)cc3)c(C(C)C)c2)cc1C(C)C,1.4313637641589874
*c1c(C)cc(-c2cc(C)c(N3C(=O)c4ccc(Oc5cc(C(C)(C)C)c(Oc6ccc7c(c6)C(=O)N(*)C7=O)cc5C(C)(C)C)cc4C3=O)c(C)c2)cc1C,1.9777236052888478
*c1cccc(C(c2cccc(N3C(=O)c4ccc(C(=O)c5ccc6c(c5)C(=O)N(*)C6=O)cc4C3=O)c2)(C(F)(F)F)C(F)(F)F)c1,0.021189299069938092
*C(=C(*)c1ccc(C(C)C)cc1)c1ccccc1,3.041392685158225
*Oc1ccc(C(C)(C)c2ccc(OC(=O)c3cc(C(*)=O)cc(C(C)(C)C)c3)cc2)cc1,1.3838153659804313
*C1C2CC(CCCC)C(C2)C1*,2.151982395457474
*c1ccc(Oc2ccc(S(=O)c3ccc(Oc4ccc(N5C(=O)c6ccc(-c7ccc8c(c7)C(=O)N(*)C8=O)cc6C5=O)cc4)cc3)cc2)cc1,0.26717172840301384
*Oc1ccc(C(c2ccc(OC(=O)c3cc(C(*)=O)cc(C(C)(C)C)c3)cc2)(C(F)(F)F)C(F)(F)F)cc1,1.785567089582034
*c1ccc(Cc2ccc(N3C(=O)c4ccc(-c5ccc6c(c5)C(=O)N(*)C6=O)cc4C3=O)cc2Cl)c(Cl)c1,-0.47495519296315475
*Oc1ccc(Oc2cccc(*)c2C#N)c(-c2cccc(C)c2)c1,0.2787536009528289
*c1c(O)ccc2c1CN1CN2Cc2c1ccc(O)c2N1C(=O)c2ccc(C(c3ccc4c(c3)C(=O)N(*)C4=O)(C(F)(F)F)C(F)(F)F)cc2C1=O,1.8260748027008264
*c1ccc(Oc2c3c(c(ON4C(=O)c5ccc(C(c6ccc7c(c6)C(=O)N(*)C7=O)(C(F)(F)F)C(F)(F)F)cc5C4=O)c4c2C2c5ccccc5C4c4ccccc42)C2c4ccccc4C3c3ccccc32)cc1,1.863322860120456
*c1cc2c(cc1Br)-c1ccccc1C21c2ccccc2-c2cc(Br)c(N3C(=O)c4cc5c(cc4C3=O)OC3C=C4C(=CC3O5)C(C)(C)CC43CC(C)(C)c4cc5oc6cc7c(=O)n(*)c(=O)c7cc6oc5cc43)cc21,3.1271047983648077
*c1ccc(C(C)(C)c2ccc(N3C(=O)c4ccc(C(c5ccc6c(c5)C(=O)N(*)C6=O)(C(F)(F)F)C(F)(F)F)cc4C3=O)cc2)cc1,1.4771212547196624
*C(=C(*)c1ccc2c(c1)C(C)(C)c1cc([Si](C)(C)C)ccc1-2)c1ccccc1,4.2552725051033065
*Oc1ccc(C2(c3ccc(Oc4ccc(C(=O)c5ccc6c(c5)C(C)(C5CCCCC5)CC6(c5ccc(C(=O)c6ccc(*)cc6)cc5)C5CCCCC5)cc4)cc3)CCCCC2)cc1,0.8686444383948257
*Nc1ccc(C(c2ccc(NC(=O)c3cccc(C(*)=O)c3)cc2)(C(F)(F)F)C(F)(F)F)cc1,0.8893017025063102
*C(=O)c1ccc(C2(c3ccc(C(=O)c4ccc(Oc5ccc(C(=O)c6ccc(C(=O)c7ccc(Oc8ccc(*)cc8)cc7)cc6)cc5)cc4)cc3)OC(=O)c3ccccc32)cc1,0.33041377334919086
*Oc1ccc(C(C)(C)c2cccc(C(C)(C)c3ccc(Oc4ccc(S(=O)(=O)c5ccc(*)cc5)cc4)cc3)c2)cc1,0.4471580313422192
*CC(*)OC1CCCCC1,1.1335389083702174
*Oc1ccc(C(C)(C)c2ccc(Oc3ccc(S(=O)(=O)c4ccc(*)cc4)cc3)c(C(O)(C(F)(F)F)C(F)(F)F)c2)cc1C(O)(C(F)(F)F)C(F)(F)F,0.7323937598229685
*c1ccc(Oc2ccc(-c3nc4cc(C(c5ccc6oc(*)nc6c5)(C(F)(F)F)C(F)(F)F)ccc4o3)cc2)cc1,0.8512583487190752
*Oc1c(C)cc(C2(c3cc(C)c(OC(=O)c4cc(C(*)=O)cc(C(C)(C)C)c4)c(Br)c3)c3ccccc3-c3ccccc32)cc1Br,1.8512583487190752
*c1cc(C)c(Oc2cc(C)c(*)c(C)c2C(O)(C(F)(F)F)C(F)(F)F)c(C)c1,1.9493900066449128
*Oc1cc(C)c(C(c2cc(C(C)C)c(Oc3ccc(C(=O)c4ccc(*)cc4)cc3)cc2C)c2ccccc2C(=O)O)cc1C(C)C,1.3579348470004537
*CC(*)(C)C(=O)OCC(F)(F)C(F)(F)C(F)(F)C(F)(F)C(F)(F)C(F)(F)C(F)(F)F,2.113943352306837
*CC(*)(C)c1ccccc1,0.47712125471966244
*Oc1ccc(C(C)(C)c2ccc(OC(=O)c3cccc(C(*)=O)c3)cc2)cc1,0.7416767433920751
*Oc1ccc(S(=O)(=O)c2ccc(Oc3ccc(C4(c5ccc(*)cc5)c5ccccc5-c5ccccc54)cc3)cc2)cc1,1.1398790864012365
*C(=C(*)c1ccc2c(c1)C(C)(C)c1ccccc1-2)c1ccc([Si](C)(C)C)cc1,3.278753600952829
*c1ccc(Oc2c3c(c(ON4C(=O)c5ccc(C(c6ccc7c(c6)C(=O)N(*)C7=O)(C(F)(F)F)C(F)(F)F)cc5C4=O)c4c2C2c5ccccc5C4c4ccccc42)C2c4ccccc4C3c3ccccc32)cc1C,1.7403626894942439
*Oc1c(C)cc(C2(c3ccc(Oc4ccc(S(=O)(=O)c5ccc(*)cc5)cc4)cc3)CCCCC2)cc1C,0.146128035678238
*c1ccc(C(=O)c2ccc(-c3nc4cc(C(C)(C)c5ccc6oc(*)nc6c5)ccc4o3)cc2)cc1,0.43136376415898736
*c1c(C)cc(-c2cc(C)c(N3C(=O)c4cc5c(cc4C3=O)C3(C(C)C)c4ccccc4C5(C(C)C)c4cc5c(cc43)C(=O)N(*)C5=O)c3ccccc23)c2ccccc12,3.4760583463459716
*OC1OC(COC(C)=O)C(*)C(O)C1OC(C)=O,0.7752462597402364
*Oc1ccc(-c2ccc(Oc3ccc(C(=O)c4ccc5c(c4)C(C)(C4CCCCC4)CC5(c4ccc(C(=O)c5ccc(*)cc5)cc4)C4CCCCC4)cc3)cc2)cc1,0.8095597146352678
*Nc1ccc(C(C)(C)c2ccc(NC(=O)c3ccc(Oc4cc(C(C)(C)C)c(Oc5ccc(C(*)=O)cc5)cc4C(C)(C)C)cc3)c(C)c2)cc1C,1.3222192947339193
*Oc1ccc(C(C)(C)c2ccc(OC(=O)c3cccc(C(*)=O)c3)c(C)c2)cc1C,0.27184160653649897
*Oc1ccc(-c2ccc(Oc3ccc(S(=O)(=O)c4ccc(*)cc4)cc3)cc2)cc1,0.7481880270062004
*Nc1ccc(C(C)(C)c2ccc(NC(=O)c3ccc(Oc4cc(C(C)(C)C)c(Oc5ccc(C(*)=O)cc5)cc4C(C)(C)C)cc3)cc2)cc1,1.1139433523068367
*c1c(C)cc(-c2cc(C)c(-n3c(=O)c4cc5oc6cc7c(cc6oc5cc4c3=O)C3(C)CCC7(C)c4cc5oc6cc7c(=O)n(*)c(=O)c7cc6oc5cc43)c3ccccc23)c2ccccc12,3.510240263522363
*Oc1c(Br)cc(C2(c3cc(Br)c(OC(=O)c4cc(C(*)=O)cc(C(C)(C)C)c4)c(Br)c3)c3ccccc3-c3ccccc32)cc1Br,1.841984804590114
*CC=C(C)C*,2.1633601822507593
*C(C)=C(*)[Si](C)(C)c1ccccc1,1.575187844927661
*Oc1ccc(C(C)(CC)c2ccc(OC(=O)c3cccc(C(*)=O)c3)cc2)cc1,0.6627578316815741
*C/C=C(/C*)[Si](C)(OC(C)C)OC(C)C,2.537819095073274
*C(C)=C(*)C(C)C,3.9954157985424152
*Oc1ccc(C(=O)c2cccc(-c3cccc(C(=O)c4ccc(Oc5ccc(C(c6ccc(*)cc6)(C(F)(F)F)C(F)(F)F)cc5)cc4)c3)c2)cc1,0.290034611362518
*c1ccc(-c2cc(C)c(-c3ccc(*)cc3C)cc2C)c(C)c1,1.505149978319906
*Oc1ccc(-c2cncc(-c3ccc(Oc4ccc(C5(c6ccc(*)cc6)c6ccccc6-c6ccccc65)cc4)c(C(F)(F)F)c3)c2)cc1C(F)(F)F,1.5526682161121932
*Nc1cccc(NC(=O)c2ccc(C(c3ccc(C(*)=O)cc3)(C(F)(F)F)C(F)(F)F)cc2)c1,0.9242792860618817
*c1ccc(Oc2ccc(C(=O)c3ccc(Oc4ccc(C(*)(c5ccccc5)C(F)(F)F)cc4)cc3)cc2)cc1,0.6232492903979004
*c1c(C)c(C)c(N2C(=O)c3ccc(Oc4c(C)ccc(C)c4Oc4ccc5c(c4)C(=O)N(*)C5=O)cc3C2=O)c(C)c1C,1.7993405494535817
*Oc1ccc(S(=O)(=O)c2ccc(Oc3ccc(C(C)(C)c4cccc(C(C)(C)c5ccc(*)cc5)c4)cc3)cc2)cc1,0.4471580313422192
*Oc1c(-c2ccccc2)cc(*)cc1-c1ccccc1,1.571320548830742
*C(=C(*)c1ccc2c(c1)Cc1ccccc1-2)c1ccc([Si](C)(C)C)cc1,3.8095597146352675
*c1ccc(Cc2ccc(N3C(=O)c4cc(Oc5ccccc5)c(-c5cc6c(cc5Oc5ccccc5)C(=O)N(*)C6=O)cc4C3=O)cc2)cc1,1.462397997898956
*Oc1ccc(C(C)(C)c2ccc(Oc3ccc(S(=O)(=O)c4ccc(*)cc4)cc3)c(C(OC)(C(F)(F)F)C(F)(F)F)c2)cc1C(OC)(C(F)(F)F)C(F)(F)F,0.8864907251724818
*c1ccc(-c2ccc(N3C(=O)c4ccc(C(c5ccc6c(c5)C(=O)N(*)C6=O)(C(F)(F)F)C(F)(F)F)cc4C3=O)c(C)c2)cc1C,1.2304489213782739
*C=C(*)c1ccccc1[Ge](C)(C)C,2.4313637641589874
*CC(*)C(=O)OCCCCCCCCCC,2.416640507338281
*c1ccc(Cc2ccc(N3C(=O)c4ccc(Oc5ccc(Oc6ccc7c(c6)C(=O)N(*)C7=O)cc5)cc4C3=O)c(C)c2C)c(C)c1C,0.35410843914740087
*CCOC(=O)c1cccc(C(=O)O*)c1,-1.413412695328245
*OCC(*)CCl,0.9030899869919435
*Oc1ccc(C(=O)c2ccc(Oc3c(C)cc(-c4cc(C)c(*)c(C)c4)cc3C)cc2)cc1,1.287801729930226
*C1C2CCC(C2)C1*,1.526339277389844
*c1cc2c(c(N3C(=O)c4ccc(Oc5ccc6c(c5)C(=O)N(*)C6=O)cc4C3=O)c1C)C(C)(C)CC2,2.2068258760318495
*CC(*)C(=O)OCCCCCCCCCCCCCCCCCC,2.6314437690131722
*c1c(C)c(C)c(N2C(=O)c3ccc(C(c4ccc5c(c4)C(=O)N(*)C5=O)(C(F)(F)F)C(F)(F)F)cc3C2=O)c(C)c1C,2.651278013998144
*N=P(*)(Oc1ccccc1)Oc1ccccc1,1.0413926851582251
*c1ccc(Oc2ccc(ON3C(=O)c4ccc(C(c5ccc6c(c5)C(=O)N(*)C6=O)(C(F)(F)F)C(F)(F)F)cc4C3=O)c3c2C2c4ccccc4C3c3ccccc32)cc1C,0.9542425094393249
*C(C)=C(*)SCCCCCCCC,2.255272505103306
*CC(*)OCc1ccccc1,1.0453229787866574
*C(=C(*)c1ccc2c(c1)C(C)(C)CC2(C)C)c1ccccc1,4.587710965018911
*OC(=O)Oc1c(Br)cc(C(C)(C)c2cc(Br)c(*)c(Br)c2)cc1Br,0.6263403673750424
*c1cc(C)c(C)c(N2C(=O)c3ccc(Oc4ccc(C)cc4Oc4ccc5c(c4)C(=O)N(*)C5=O)cc3C2=O)c1C,1.3424226808222062
*c1ccc(Cc2ccc(N3C(=O)c4ccc(C(c5ccc6c(c5)C(=O)N(*)C6=O)(C(F)(F)F)C(F)(F)F)cc4C3=O)cc2)cc1,1.2317243833285165
*c1ccc2c(c1)C1(CC2(C)C)CC(C)(C)c2ccc(N3C(=O)c4cc5c(cc4C3=O)C3(CC(C)(C)c4cc6c(cc43)C(=O)N(*)C6=O)CC5(C)C)cc21,3.1826999033360424
*CC(*)[Si](C)(C)C,2.278753600952829
*c1ccc(-c2ccc(Oc3ccc4c(c3)C3(CC4(C)C)CC(C)(C)c4ccc(Oc5ccc(-c6ccc(N7C(=O)c8ccc(C(c9ccc%10c(c9)C(=O)N(*)C%10=O)(C(F)(F)F)C(F)(F)F)cc8C7=O)cc6)cc5C(F)(F)F)cc43)c(C(F)(F)F)c2)cc1,1.7241119539612122
*CC(*)OC1CC2CCC1C2,1.3979400086720377
*Nc1cc(C(c2ccc(O)c(NC(=O)c3ccc(C(c4ccc(C(*)=O)cc4)(C(F)(F)F)C(F)(F)F)cc3)c2)(C(F)(F)F)C(F)(F)F)ccc1O,1.021189299069938
*Oc1ccc(S(=O)(=O)c2ccc(Oc3ccc(C(C)(c4ccccc4)c4ccc(*)cc4)cc3)cc2)cc1,0.9095560292411753
*c1cc(C(c2ccc(O)c(N3C(=O)c4ccc(C(=O)c5ccc6c(c5)C(=O)N(*)C6=O)cc4C3=O)c2)(C(F)(F)F)C(F)(F)F)ccc1O,0.146128035678238
*c1cccc(Oc2cccc(N3C(=O)c4ccc(C(c5ccc6c(c5)C(=O)N(*)C6=O)(C(F)(F)F)C(F)(F)F)cc4C3=O)c2)c1,0.8939466075520738
*c1cc(C(=O)OCC)cc(N2C(=O)c3ccc(Oc4ccc(Oc5ccc6c(c5)C(=O)N(*)C6=O)cc4)cc3C2=O)c1,0.35410843914740087
*c1ccc(Oc2ccc(C(C)(C)c3ccc(Oc4ccc(N5C(=O)c6ccc(-c7ccc8c(c7)C(=O)N(*)C8=O)cc6C5=O)cc4)cc3)cc2)cc1,0.4471580313422192
*Nc1ccc(C2(c3ccc(NC(=O)c4cccc(C(*)=O)c4)cc3)c3ccccc3-c3ccccc32)cc1,0.724275869600789
*Oc1ccc(C(=O)c2ccccc2-c2ccccc2C(=O)c2ccc(Oc3ccc(C4(c5ccc(*)cc5)c5ccccc5-c5ccccc54)cc3)cc2)cc1,0.38021124171160603
*c1c(C)cc(C)c(N2C(=O)c3ccc(C(=O)c4ccc5c(c4)C(=O)N(*)C5=O)cc3C2=O)c1C,1.4899584794248346
*Oc1ccc(S(=O)(=O)c2ccc(Oc3ccc(C(=O)c4ccc5c(c4)C(C)(C4CCCCC4)CC5(c4ccc(C(=O)c5ccc(*)cc5)cc4)C4CCCCC4)cc3)cc2)cc1,0.8573324964312685
*Oc1ccc(C(=O)c2ccc(-c3ccc(C(=C)c4ccc(Oc5ccc(C(C)(C)c6ccc(*)cc6)cc5)cc4)cc3)cc2)cc1,0.5185139398778874
*c1ccc(Sc2ccc(N3C(=O)c4ccc(-c5ccc6c(c5)C(=O)N(*)C6=O)cc4C3=O)cc2)cc1,-0.11125903931710739
*c1ccc(C(c2ccc(-n3c(=O)c4cc5oc6cc7c(cc6oc5cc4c3=O)C3(CC(C)(C)c4cc5oc6cc8c(=O)n(*)c(=O)c8cc6oc5cc43)CC7(C)C)cc2)(C(F)(F)F)C(F)(F)F)cc1,2.716003343634799
*Oc1cc(C)c(C2(c3cc(C)c(Oc4ccc(S(=O)(=O)c5ccc(*)cc5)cc4)cc3C)OC(=O)c3ccccc32)cc1C,0.8859263398014311
*Nc1ccc(C(c2ccc(NC(=O)c3ccc(Oc4cc(C(C)(C)C)c(Oc5ccc(C(*)=O)cc5)cc4C(C)(C)C)cc3)cc2)(C(F)(F)F)C(F)(F)F)cc1,1.5563025007672873
*Nc1ccc(C2(c3ccc(NC(=O)Cn4c(=O)c5cc6c(=O)n(CC(*)=O)c(=O)c6cc5c4=O)cc3)c3ccccc3-c3ccccc32)cc1,0.22993768590793387
*C(=C(*)c1ccc2c(c1)C(C)(C)CC2(C)C)c1ccc(Br)cc1,4.515873843711679
*Oc1ccc(C(c2ccc(Oc3ccc(C(=O)c4ccc5c(c4)C(C)(C4CCCCC4)CC5(c4ccc(C(=O)c5ccc(*)cc5)cc4)C4CCCCC4)cc3)cc2)(C(F)(F)F)C(F)(F)F)cc1,0.8864907251724818
*Oc1ccc(S(=O)(=O)c2ccc(-c3ccc(S(=O)(=O)c4ccc(Oc5ccc(C(C)(C)c6ccc(*)cc6)cc5)cc4)cc3)cc2)cc1,1.0334237554869496
*Oc1c(C)cc(C(c2cc(C)c(Oc3ccc(S(=O)(=O)c4ccc(*)cc4C(O)(C(F)(F)F)C(F)(F)F)c(C(O)(C(F)(F)F)C(F)(F)F)c3)c(C)c2)(C(F)(F)F)C(F)(F)F)cc1C,1.9084850188786497
*Nc1ccc(Oc2c(F)c(F)c(Oc3ccc(NC(=O)CN4C(=O)c5ccc(C(*)=O)cc5C4=O)cc3)c(F)c2F)cc1,0.10482840365365537
*C(=C(*)c1ccc(C(C)(C)C)cc1)c1ccc(O[Si](C)(C)C(C)(C)C)cc1,3.361727836017593
*O[Si](*)(C)c1ccccc1,2.3783979009481375
*c1ccc(Oc2ccc(C(c3ccc(Oc4ccc(N5C(=O)c6ccc7c8c(ccc(c68)C5=O)C(=O)N(*)C7=O)cc4)cc3)(C(F)(F)F)C(F)(F)F)cc2)cc1,1.3222192947339193
*c1ccc2cc(-c3nc4cc(C(c5ccc6oc(*)nc6c5)(C(F)(F)F)C(F)(F)F)ccc4o3)ccc2c1,0.6720978579357175
*C(C)=C(*)SCCCC,2.2041199826559246
*N=P(*)(Oc1ccc(Br)cc1)Oc1ccc(Br)cc1,0.6127838567197355
*CCCCCCCCCCC(=O)N*,0.0
*CCOCCS(=S)S(*)=S,0.49692964807321494
*c1ccc(-c2ccc(Oc3ccc(C4(c5cccc(Oc6ccc(-c7ccc(N8C(=O)c9ccc(Oc%10ccc(C(C)(C)c%11ccc(Oc%12ccc%13c(c%12)C(=O)N(*)C%13=O)cc%11)cc%10)cc9C8=O)cc7)cc6C(F)(F)F)c5)c5ccccc5C(=O)N4c4ccccc4)cc3)c(C(F)(F)F)c2)cc1,1.2203696324513944
*N=P(*)(OCCOCCOC)OCCOCCOC,2.3979400086720375
*c1cccc(S(=O)(=O)c2cccc(N3C(=O)c4ccc(C(c5ccc6c(c5)C(=O)N(*)C6=O)(C(F)(F)F)C(F)(F)F)cc4C3=O)c2)c1,0.3654879848908996
*Oc1c(C)cc(C(c2cc(C)c(Oc3ccc(S(=O)(=O)c4ccc(*)cc4)cc3)c(C)c2)(C(F)(F)F)C(F)(F)F)cc1C,1.8573324964312685
*c1c(C)cc(C)c(N2C(=O)c3ccc(-c4ccc5c(c4)C(=O)N(*)C5=O)cc3C2=O)c1C,2.2027606873931997
*c1ccc(N(c2ccccc2)c2ccc(N3C(=O)c4ccc(C(c5ccc6c(c5)C(=O)N(*)C6=O)(C(F)(F)F)C(F)(F)F)cc4C3=O)cc2)cc1,1.1419198739138805
*c1ccc(S(=O)c2ccc(N3C(=O)c4ccc(-c5ccc6c(c5)C(=O)N(*)C6=O)cc4C3=O)cc2)cc1,0.24303804868629444
*C(=C(*)c1ccc2c(c1)C(C)(C)CC2(C)C)c1ccc(F)c(F)c1,4.645422269349092
*Oc1c(Br)cc(C(C)(C)c2cc(Br)c(OC(=O)c3cc(C(*)=O)cc(C(C)(C)C)c3)c(Br)c2)cc1Br,1.3138672203691535
*Oc1ccc(C2(c3ccc(OC(=O)c4cc(C(*)=O)cc(C(C)(C)C)c4)cc3)c3ccccc3-c3ccccc32)cc1,1.5658478186735176
*c1ccc2c(c1)C(=O)N(c1cc(C(c3ccc(O)c(N4C(=O)c5ccc(C(*)(C(F)(F)F)C(F)(F)F)cc5C4=O)c3)(C(F)(F)F)C(F)(F)F)ccc1O)C2=O,0.9956351945975499
*N=P(*)(OCC(F)(F)F)OCC(F)(F)F,2.6178038464044997
*C1C2CC(C1*)C([Si](C)(C)C)C2,3.651035594521069
*c1ccc(C(C)(C)c2ccc(Oc3ccc(S(=O)(=O)c4ccc(*)cc4)cc3)cc2)cc1,0.7634279935629372
*=CC1CC(C=*)C2C(=O)N(c3c(F)c(F)c(F)c(F)c3F)C(=O)C12,1.4008832155483628
*OC(=O)OC1C(C)(C)C(*)C1(C)C,1.7387805584843692
*C(C)=C(*)[Si](C)(C)C,4.475447670830096
*C/C=C(/C*)[Si](OC(C)C)(OC(C)C)OC(C)C,3.089905111439398
*CC(*)c1ccc([Si](C)(C)CCC(F)(F)F)cc1,2.4533183400470375
*C(C)=C(*)SCC,2.2041199826559246
*c1ccc(-c2ccc(Oc3ccc(C4(c5cccc(Oc6ccc(-c7ccc(N8C(=O)c9ccc(C(=O)c%10ccc%11c(c%10)C(=O)N(*)C%11=O)cc9C8=O)cc7)cc6C(F)(F)F)c5)c5ccccc5C(=O)N4c4ccccc4)cc3)c(C(F)(F)F)c2)cc1,1.2327420627207368
*=CC1CC[C@@H](/C=C/C2CCC(/C=C/[C@@H]3CCC(C=*)C3)C2)C1,1.1613680022349748
*Oc1ccc(Oc2ccc(C(=O)c3ccc(*)cc3)cc2)c(-c2cccc(C(F)(F)F)c2)c1,0.17609125905568124
*=CC1OC(C=*)C2C(=O)N(c3c(F)c(F)c(F)c(F)c3F)C(=O)C12,1.212187604403958
*CCOC(=O)c1ccc(C(=O)O*)cc1,-0.6270879970298935
*c1ccc2c(c1)C1(c3ccccc3-2)c2ccccc2-c2ccc(N3C(=O)c4ccc(C(c5ccc6c(c5)C(=O)N(*)C6=O)(C(F)(F)F)C(F)(F)F)cc4C3=O)cc21,2.2600713879850747
*CC(*)OCC1CCCCC1,0.7701152947871016
*Oc1ccc(C(=O)c2ccccc2-c2ccccc2C(=O)c2ccc(Oc3ccc(C(c4ccc(*)cc4)(C(F)(F)F)C(F)(F)F)cc3)cc2)cc1,0.4941545940184428
*c1c(C)cc(-c2cc(C)c(N3C(=O)c4cc5c(cc4C3=O)C3(CC(C)(C)c4cc6c(cc43)C(=O)N(*)C6=O)CC5(C)C)c3ccccc23)c2ccccc12,3.6055205234374688
*Oc1c(Br)cc(C(c2cc(Br)c(OC(=O)c3cccc(C(*)=O)c3)c(Br)c2)(C(F)(F)F)C(F)(F)F)cc1Br,1.551449997972875
*c1c(C)cc(-c2cc(C)c(N3C(=O)c4cc5c(cc4C3=O)C3CC(C5=O)c4cc5c(cc4C3=O)C(=O)N(*)C5=O)c3ccccc23)c2ccccc12,2.873320601815399
*C/C=C(/C*)[Si](C)(C)OC(C)C,1.3654879848908996
*NCCCCCCNC(=O)CCCCC(*)=O,-0.769551078621726
*Oc1ccc(Cc2ccc(Oc3ccc(S(=O)(=O)c4ccc(*)cc4)cc3)cc2)cc1,0.6532125137753437
*c1c(C)cc(Cc2cc(C)c(N3C(=O)c4ccc(C(c5ccc6c(c5)C(=O)N(*)C6=O)(C(F)(F)F)C(F)(F)F)cc4C3=O)c(C)c2)cc1C,1.6424645202421213
*c1cc(-c2nc3cc(-c4ccc5[nH]c(*)nc5c4)ccc3[nH]2)cc(C(C)(C)C)c1,0.28103336724772754
*O[Si](*)(C)CC,3.177824971864682
*c1cc(C(=O)O)cc(N2C(=O)c3ccc(Oc4ccc(Oc5ccc6c(c5)C(=O)N(*)C6=O)cc4)cc3C2=O)c1,-0.1655792963184674
*Oc1ccc(-c2ccc(-c3ccc(OC(=O)c4cccc(C(*)=O)c4)cc3)c3c2C(=O)OC3(C)C)cc1,0.8286598965353198
*C(F)(F)C(*)(F)F,1.1038037209559568
*c1ccc(Oc2ccc(C(c3ccc(Oc4ccc(-n5c(=O)c6cc7c(=O)n(*)c(=O)c7cc6c5=O)cc4)cc3)(C(F)(F)F)C(F)(F)F)cc2)cc1,1.1377759613134721
*Oc1ccc(C(=O)c2ccc(Oc3ccc(*)c(C(C)(C)C)c3)cc2)cc1,0.667452952889954
*c1nc2ccc(-c3ccc4nc(*)oc4c3)cc2o1,1.7558748556724915
*Nc1ccc(Cc2ccc(NC(=O)CN3C(=O)c4ccc(C(*)=O)cc4C3=O)cc2)cc1,-0.5783960731301689
*c1ccc2c(c1)C(=O)c1cc(N3C(=O)c4ccc(C(c5ccc6c(c5)C(=O)N(*)C6=O)(C(F)(F)F)C(F)(F)F)cc4C3=O)ccc1-2,0.885361220031512
