SMILES,CO2/CH4 Selectivity
*C=C(C*)C(=O)OCCOCC,6.95934959349594
*O[Si](*)(C)CCCCCCCC,2.9776357827476
*Nc1ccc(NC(=O)c2ccc3c(c2)C(C)(C)CC3(C)c2ccc(C(*)=O)cc2)cc1,49.4444444444445
*O[Si](C)(C)CC[Si](*)(C)C,3.15410385259632
*Oc1ccc(-c2ccc(Oc3c(F)c(F)c(COC(c4cccc(C(OCc5c(F)c(F)c(*)c(F)c5F)(C(F)(F)F)C(F)(F)F)c4)(C(F)(F)F)C(F)(F)F)c(F)c3F)cc2)cc1,24.1176470588235
*Oc1ccc(C2(c3ccc(OC(*)=O)cc3)c3ccccc3-c3ccccc32)cc1,25.9896729776248
*Oc1c(Br)cc(C2(c3cc(Br)c(OC(=O)c4cc(C(*)=O)cc(C(C)(C)C)c4)c(Br)c3)c3ccccc3-c3ccccc32)cc1Br,25.0902527075812
*Nc1ccc(Oc2ccc(NC(=O)c3ccc4c(c3)C(C)(C)CC4(C)c3ccc(C(*)=O)cc3)cc2)cc1,40.0
*c1ccc(N2C(=O)c3ccc([Si](C)(C)c4ccc5c(c4)C(=O)N(*)C5=O)cc3C2=O)cc1,42.96875
*c1ccc(Oc2ccc(N3C(=O)c4cc(Oc5ccc(C(C)(C)C)cc5)c(-c5cc6c(cc5Oc5ccc(C(C)(C)C)cc5)C(=O)N(*)C6=O)cc4C3=O)cc2)cc1,27.0886075949367
*Oc1c(C)cc(C(C)(C)c2cccc(C(C)(C)c3cc(C)c(Oc4ccc(S(=O)(=O)c5ccc(*)cc5)cc4)c(C)c3)c2)cc1C,25.0
*c1ccc(C2(c3ccc(*)cc3)CC3CCC2C3)cc1,18.9583333333333
*c1cccc(Oc2ccc(C(c3ccc(Oc4cccc(-n5c(=O)c6cc7c(=O)n(*)c(=O)c7cc6c5=O)c4)cc3)(C(F)(F)F)C(F)(F)F)cc2)c1,36.0
*Oc1ccc(C(C)(C)c2ccc(OC(=O)c3ccc(C(*)=O)cc3)c(C)c2)cc1C,34.1176470588235
*c1c(C)cc(-c2cc(C)c(N3C(=O)c4cc5c(cc4C3=O)C3(CC(C)(C)c4cc6c(cc43)C(=O)N(*)C6=O)CC5(C)C)c3ccccc23)c2ccccc12,11.2311977715877
*=CC1CC(C=*)C2C(=O)N(C34CC5CC(CC(C5)C3)C4)C(=O)C12,14.4655172413793
*c1ccc(-c2ccc(N3C(=O)c4ccc(Oc5cc(C(C)(C)C)ccc5Oc5ccc6c(c5)C(=O)N(*)C6=O)cc4C3=O)c(OC)c2)cc1OC,41.875
*C(C)=C(*)C(C)C,4.74580335731415
*Oc1ccc2ccc(Oc3ccc(S(=O)(=O)c4ccc(*)cc4)cc3)cc2c1,36.0
*C(=C(*)c1cccc([Si](C)(C)C)c1)c1ccccc1,2.66666666666667
*Oc1ccc(Oc2ccc(C(=O)c3ccc(*)cc3)cc2)c(-c2cc(C)cc(C)c2)c1,32.0
*OC(=O)Oc1c(Cl)cc(C(C)(C)c2cc(Cl)c(*)c(Cl)c2)cc1Cl,29.9551569506726
*c1ccc(-c2ccc(Oc3ccc(C4(c5cccc(Oc6ccc(-c7ccc(N8C(=O)c9ccc(Oc%10ccc%11c(c%10)C(=O)N(*)C%11=O)cc9C8=O)cc7)cc6C(F)(F)F)c5)c5ccccc5C(=O)N4c4ccccc4)cc3)c(C(F)(F)F)c2)cc1,17.3690476190476
*CC(*)C(=O)OCC,11.8120805369128
*Oc1ccc(C2(c3ccc(OC(*)=O)cc3)CC3CCC2C3)cc1,18.9979123173278
*C(C)=C(*)[Si](C)(C)C,2.0631970260223
*C(=C(*)c1cccc(O)c1)c1ccc(C(C)(C)C)cc1,6.12244897959184
*C/C=C(/C*)[Si](OC(C)C)(OC(C)C)OC(C)C,4.67680608365019
*c1cc(C)c(Oc2cc(C)c(*)c(C)c2)c(C)c1C(=O)c1ccc(Br)cc1,15.929203539823
*Nc1ccc(C(c2ccc(NC(=O)c3cc(C(*)=O)cc(C(C)(C)C)c3)cc2)(C(F)(F)F)C(F)(F)F)cc1,30.625
*Oc1ccc(S(=O)(=O)c2ccc(Oc3ccc(C(C)(c4ccccc4)c4ccc(*)cc4)cc3)cc2)cc1,25.375
*c1cccc(-c2nc3cc(C(c4ccc5oc(-c6cccc(*)c6)nc5c4)(C(F)(F)F)C(F)(F)F)ccc3o2)c1,24.7317073170732
*N=P(*)(OCC(C)C)OCC(C)C,4.00202634245187
*C1=CCC(*)=[NH+]1.O=[N+]([O-])[O-],16.5882352941176
*Nc1cccc2c(NC(=O)c3ccc4c(c3)C(C)(C)CC4(C)c3ccc(C(*)=O)cc3)cccc12,45.5555555555556
*OC(=O)Oc1ccc(C(C)(C)c2ccc(*)cc2)cc1,22.3417721518987
*c1c(C)cc2c(c1C)CN1CN2Cc2c1cc(C)c(N1C(=O)c3cc4c(cc3C1=O)C1(CC(C)(C)c3cc5c(cc31)C(=O)N(*)C5=O)CC4(C)C)c2C,6.44331641285956
*Oc1ccc(C(=O)c2cccc(-c3cccc(C(=O)c4ccc(Oc5ccc(C6(c7ccc(*)cc7)c7ccccc7-c7ccccc76)cc5)cc4)c3)c2)cc1,34.0
*Oc1ccc(C(c2ccc(Oc3ccc(C(=O)c4ccc(C(c5ccc(C(=O)c6ccc(*)cc6)cc5)(C(F)(F)F)C(F)(F)F)cc4)cc3)cc2)(C(F)(F)F)C(F)(F)F)cc1,23.8888888888889
*Oc1ccc(C2(c3ccc(Oc4ccc(S(=O)(=O)c5ccc(*)cc5)cc4)cc3)NC(=O)c3ccccc32)cc1,54.5588235294118
*Nc1ccc(C(c2ccc(NC(=O)c3cc(C(*)=O)cc(-c4ccccc4)c3)cc2)(C(F)(F)F)C(F)(F)F)cc1,26.9230769230769
*Oc1ccc(C(C)(C)c2ccc(Oc3ccc(S(=O)(=O)c4ccc(*)cc4)cc3)cc2)cc1,26.5853658536585
*Oc1ccc(C(C)(C)c2ccc(OC(=O)c3cccc(C(=O)c4ccc5ccccc5c4-c4c(*)ccc5ccccc45)c3)cc2)cc1,27.027027027027
*CC*,2.67401612138454
*Oc1ccc(C2(c3ccc(OC(=O)c4cc(C(*)=O)cc(C(C)(C)C)c4)cc3)c3ccccc3-c3ccccc32)cc1,15.4816996213715
*c1cc(C)c2c(c1)CN1CN2Cc2cc(N3C(=O)c4ccc(Oc5ccc6c(c5)C(=O)N(*)C6=O)cc4C3=O)cc(C)c21,36.2162162162162
*Oc1c(Br)cc(C2(c3cc(Br)c(OC(=O)c4cccc(C(*)=O)c4)c(Br)c3)c3ccccc3-c3ccccc32)cc1Br,35.978835978836
*c1ccc(C(c2ccc(N3C(=O)c4ccc(Oc5cc(C)c(Oc6ccc7c(c6)C(=O)N(*)C7=O)c(C)c5C)cc4C3=O)cc2)(C(F)(F)F)C(F)(F)F)cc1,31.7647058823529
*Oc1ccc(C2(c3ccc(Oc4ccc(C(=O)c5ccc(*)cc5)cc4)c(C)c3)OC(=O)c3ccccc32)cc1C,37.0898716119829
*Oc1ccc(C(c2ccc(Oc3ccc(C(=O)c4ccc(*)cc4)cc3)cc2)c2ccccc2C(=O)O)cc1,43.6144578313253
*c1ccc(C(=O)c2ccc(-c3nc4cc(C(C)(C)c5ccc6oc(*)nc6c5)ccc4o3)cc2)cc1,31.3953488372093
*c1ccc(Oc2ccc(N3C(=O)c4ccc(C(c5ccc6c(c5)C(=O)N(*)C6=O)(C(F)(F)F)C(F)(F)F)cc4C3=O)cc2)cc1,51.7975402081362
*Oc1c(C)cc(-c2cc(C)c(Oc3ccc(S(=O)(=O)c4ccc(*)cc4)cc3)c(C)c2C)c(C)c1C,27.0700636942675
*Oc1ccc(C(C)(C)c2ccc(Oc3ccc(C(=O)c4ccc(*)cc4)cc3)cc2)cc1,19.4444444444444
*c1ccc(C(C)(C)c2cccc(N3C(=O)c4ccc(C(c5ccc6c(c5)C(=O)N(*)C6=O)(C(F)(F)F)C(F)(F)F)cc4C3=O)c2)cc1,49.3087557603687
*c1c(C)cc(-c2cc(C)c(N3C(=O)c4ccc(Oc5cc(C(C)(C)C)c(Oc6ccc7c(c6)C(=O)N(*)C7=O)cc5C(C)(C)C)cc4C3=O)c(C)c2)cc1C,16.9642857142857
*c1ccc(Oc2c3c(c(ON4C(=O)c5ccc(C(c6ccc7c(c6)C(=O)N(*)C7=O)(C(F)(F)F)C(F)(F)F)cc5C4=O)c4c2C2c5ccccc5C4c4ccccc42)C2c4ccccc4C3c3ccccc32)cc1C,27.5
*C(=C(*)c1ccc([Si](C)(C)C)cc1)c1ccc(O[Si](C)(C)C(C)(C)C)cc1,3.45454545454545
*CC(*)C(=O)OCCCCCCCCCCCCCC,4.56221198156682
*Oc1ccc(-c2ccc(-c3ccc(OC(=O)c4cc(C(*)=O)cc(C(C)(C)C)c4)cc3)c3c2C(=O)OC3(C)C)cc1,20.5172413793103
*Oc1c(C)cc(*)cc1C,4.3164576559839
*c1ccc(C(C)(C)c2ccc(N3C(=O)c4ccc(Oc5ccc(Oc6ccc7c(c6)C(=O)N(*)C7=O)cc5)cc4C3=O)cc2)cc1,38.2947976878613
*Oc1ccc(S(=O)(=O)c2ccc(Oc3ccc(C(C)(C)c4cccc(*)c4)cc3)cc2)cc1,29.4117647058824
*c1c(C)cc2c(c1C)CN1CN2Cc2c1cc(C)c(N1C(=O)c3ccc(C(c4ccc5c(c4)C(=O)N(*)C5=O)(C(F)(F)F)C(F)(F)F)cc3C1=O)c2C,15.2272727272727
*CC(*)c1ccc(OC)cc1,20.7692307692308
*CC(*)c1ccc(C(C)(C)C)cc1,8.38622754491018
*Nc1ccc(Oc2ccc(C(C)(C)c3ccc(Oc4ccc(NC(=O)c5ccc6c(c5)C(C)(C)CC6(C)c5ccc(C(*)=O)cc5)cc4)cc3)cc2)cc1,29.0909090909091
*c1ccc(Oc2ccc(C(c3ccc(Oc4ccc(N5C(=O)c6ccc7c8c(ccc(c68)C5=O)C(=O)N(*)C7=O)cc4)cc3)(C(F)(F)F)C(F)(F)F)cc2)cc1,43.75
*CC(*)c1ccc(C[Si](C)(C)C)cc1,10.224358974359
*c1cccc(-c2cc(C)c(-c3cccc(*)c3C)cc2C)c1C,33.9285714285714
*c1ccc(Cc2ccc(N3C(=O)c4ccc(Oc5ccc(Oc6ccc7c(c6)C(=O)N(*)C7=O)cc5)cc4C3=O)cc2)cc1,54.954954954955
*c1ccc(Cc2ccc(N3C(=O)c4ccc(Oc5ccc(Oc6ccc7c(c6)C(=O)N(*)C7=O)cc5)cc4C3=O)c(C)c2C)c(C)c1C,55.9405940594059
*=CC1CC(C=*)C2C(=O)N(c3ccccc3)C(=O)C12,21.1851851851852
*c1ccc(Cc2ccc(N3C(=O)c4ccc(-c5ccc6c(c5)C(=O)N(*)C6=O)cc4C3=O)cc2F)c(F)c1,42.015503875969
*Oc1cc(C)c(C2(c3cc(C)c(Oc4ccc(C(=O)c5ccc(*)cc5)cc4)cc3C)OC(=O)c3ccccc32)cc1C,32.0
*O[Si](C)(C)CCCCCC[Si](*)(C)C,3.30632911392405
*c1ccc(Cc2ccc(-n3c(=O)c4cc5c(=O)n(*)c(=O)c5cc4c3=O)cc2)cc1,43.5385949696444
*c1cc2c(cc1Br)-c1ccccc1C21c2ccccc2-c2cc(Br)c(-n3c(=O)c4cc5c(=O)n(*)c(=O)c5cc4c3=O)cc21,18.986301369863
*C1C(*)C2CC1C1CC([Si](C)(C)C)C21,5.24752475247525
*Oc1ccc(C2(c3ccc(Oc4ccc(C(=O)c5ccc(*)cc5)cc4)cc3)OC(=O)c3ccccc32)cc1,32.9787234042554
*CC(*)OC(=O)c1ccccc1C,19.3913043478261
*c1ccc(C)c(-c2cc(C)c(-c3cc(*)ccc3C)cc2C)c1,32.6315789473684
*NC(=O)c1ccc(C(c2ccc(C(=O)O)c(C(=O)Nc3c(C)cc(C)c(*)c3C)c2)(C(F)(F)F)C(F)(F)F)cc1C(=O)O,22.6938775510204
*Oc1cc(C)c(C2(c3cc(C(C)C)c(Oc4ccc(S(=O)(=O)c5ccc(*)cc5)cc4)cc3C)OC(=O)c3ccccc32)cc1C(C)C,20.9051724137931
*c1cc(C(c2ccc(O)c(N3C(=O)c4ccc(C(c5ccc6c(c5)C(=O)N(*)C6=O)(C(F)(F)F)C(F)(F)F)cc4C3=O)c2)(C(F)(F)F)C(F)(F)F)ccc1O,87.1152173913044
*C(C)=C(*)[Si](C)(C)c1ccccc1,22.1176470588235
*C(=C(*)c1ccc2c(c1)Cc1ccccc1-2)c1ccccc1,3.54166666666667
*CC(*)c1ccc(C)cc1,13.5454545454545
*c1c(C)cc(-c2cc(C)c(N3C(=O)c4ccc(Oc5cc(C)c(Oc6ccc7c(c6)C(=O)N(*)C7=O)c(C)c5C)cc4C3=O)c(C)c2)cc1C,32.5
*c1ccc(-c2ccc(*)cc2)cc1,22.4
*Nc1ccc(S(=O)(=O)c2ccc(NC(=O)c3cc(C(*)=O)cc(-c4ccccc4)c3)cc2)cc1,29.0909090909091
*=CC1CC(C=*)C2C1CC2[Si](O[Si](C)(C)C)(O[Si](C)(C)C)O[Si](C)(C)C,4.61111111111111
*Oc1ccc(C(=O)c2ccc(Oc3ccc(*)c(C(C)(C)C)c3)cc2)cc1,21.0407239819005
*c1ccc2c(c1)C1(c3ccccc3-2)c2ccccc2-c2ccc(N3C(=O)c4cc5c(cc4C3=O)OC3C=C4C(=CC3O5)C(C)(C)CC43CC(C)(C)c4cc5oc6cc7c(=O)n(*)c(=O)c7cc6oc5cc43)cc21,14.9391727493917
*c1c(C)cc(Cc2cc(C)c(-n3c(=O)c4cc5c(=O)n(*)c(=O)c5cc4c3=O)c(C)c2)cc1C,11.8879415347138
*c1ccc(-c2ccc(C(*)(C(F)(F)F)C(F)(F)F)cc2)cc1,13.8235294117647
*C(C)=C(*)SCC,8.0
*c1cc(C)c(Oc2cc(C)c(*)c(C)c2)c(C)c1C(=O)c1ccc([N+](=O)[O-])cc1,15.0
*CC(*)C(=O)OCCCCCCCCCCCCCCCCCC,4.7136563876652
*c1c(C)cc2c(c1C)CN1CN2Cc2c1cc(C)c(N1C(=O)c3cc4c(cc3C1=O)C1(c3ccccc3-c3cc5c(cc31)C(=O)N(*)C5=O)c1ccccc1-4)c2C,12.2923387096774
*OC(=O)Oc1ccc(C(C)(c2ccccc2)c2ccc(*)cc2)cc1,22.6252983293556
*CC[Si](C)(C)CC[Si](C)(C)c1ccc([Si](*)(C)C)cc1,7.56603773584906
*c1ccc(Oc2ccc(-c3nc4cc(C(c5ccc6oc(*)nc6c5)(C(F)(F)F)C(F)(F)F)ccc4o3)cc2)cc1,16.9047619047619
*=CC1CC(C=*)C(F)(OC(F)(F)C(F)(F)C(F)(F)F)C1(F)F,11.1111111111111
*N=P(*)(Oc1ccccc1)Oc1ccccc1,8.46153846153846
*C(C)=C(*)SCCCCCCCC,3.75
*Nc1c(C)cc(Cc2cc(C)c(NC(=O)c3ccc(Oc4cc(C(C)(C)C)c(Oc5ccc(C(*)=O)cc5)cc4C(C)(C)C)cc3)c(C(C)C)c2)cc1C(C)C,22.3140495867769
*Oc1ccc(C(=O)c2cccc(-c3cccc(C(=O)c4ccc(Oc5ccc(C(c6ccc(*)cc6)(C(F)(F)F)C(F)(F)F)cc5)cc4)c3)c2)cc1,33.6206896551724
*Oc1ccc(Cc2ccc(Oc3ccc(S(=O)(=O)c4ccc(*)cc4)cc3)cc2)cc1,23.8095238095238
*Oc1ccc(C(=O)c2ccc(Oc3ccc(C(c4ccc(*)cc4)(C(F)(F)F)C(F)(F)F)cc3)cc2)c2ccccc12,28.7619047619048
*Oc1ccc(C2(c3ccc(Oc4ccc(C(=O)c5ccc(*)cc5)cc4)cc3)NC(=O)c3ccccc32)cc1,34.2028985507246
*c1c(C)cc(-c2cc(C)c(N3C(=O)c4cc5c(cc4C3=O)C3(C)c4ccccc4C5(C)c4cc5c(cc43)C(=O)N(*)C5=O)c3ccccc23)c2ccccc12,17.9144385026738
*CC(*)(C)C(=O)OCC(F)(F)C(F)(F)C(F)(F)C(F)(F)C(F)(F)C(F)(F)C(F)(F)F,9.28571428571429
*C=C(*)c1ccccc1[Ge](C)(C)C,3.91304347826087
*c1ccc(Oc2ccc(C(C)(C)c3ccc(Oc4ccc(N5C(=O)c6ccc(-c7ccc8c(c7)C(=O)N(*)C8=O)cc6C5=O)cc4)cc3)cc2)cc1,33.096926713948
*Oc1ccc(C2(c3ccc(OC(=O)c4ccc(C(*)=O)cc4)cc3)OC(=O)c3ccccc32)cc1,24.8936170212766
*c1ccc(-c2ccc(Oc3ccc4c(c3)C3(CC4(C)C)CC(C)(C)c4ccc(Oc5ccc(-c6ccc(N7C(=O)c8ccc(Oc9ccc(C(C)(C)c%10ccc(Oc%11ccc%12c(=C)n(*)c(=C)c%12c%11)cc%10)cc9)cc8C7=O)cc6)cc5C(F)(F)F)cc43)c(C(F)(F)F)c2)cc1,68.2
*c1c(C)c(C)c(N2C(=O)c3ccc(Oc4cccc(C)c4Oc4ccc5c(c4)C(=O)N(*)C5=O)cc3C2=O)c(C)c1C,38.5714285714286
*c1cc(C)c(Oc2cc(C)c(*)c(C)c2)c(C)c1C(=O)c1ccc(Cl)cc1,17.1428571428571
*Nc1cccc(NC(=O)c2ccc3c(c2)C(C)(C)CC3(C)c2ccc(C(*)=O)cc2)c1,57.7777777777778
*Nc1ccc(Oc2c(F)c(F)c(Oc3ccc(NC(=O)CN4C(=O)c5ccc(C(*)=O)cc5C4=O)cc3)c(F)c2F)cc1,97.9230769230769
*c1ccc(Oc2ccc(ON3C(=O)c4ccc(C(c5ccc6c(c5)C(=O)N(*)C6=O)(C(F)(F)F)C(F)(F)F)cc4C3=O)c3c2C2c4ccccc4C3c3ccccc32)cc1,38.9189189189189
*C(=C(*)c1ccc2c(c1)C(C)(C)C(C)(C)C2(C)C)c1ccccc1,1.44736842105263
*Oc1ccc(C(c2ccc(Oc3ccc(S(=O)(=O)c4ccc(*)cc4)cc3)cc2)(C(F)(F)F)C(F)(F)F)cc1,21.9512195121951
*=CC1CC(C=*)C(C(F)(F)F)(C(F)(F)F)C1(F)F,13.3984028393966
*Oc1ccc(C(C)(C)c2ccc(OC(=O)c3cc(C(*)=O)cc(C(C)(C)C)c3)c(C)c2)cc1C,20.0
*C=C(*)C(C)(C)C,7.83673469387755
*Oc1ccc(C2(c3ccc(OC(=O)c4cccc(C(*)=O)c4)cc3)OC(=O)c3ccccc32)cc1,26.96
*OC(=O)Oc1ccc(C2(c3ccc(*)cc3)c3ccccc3-c3ccccc32)cc1,25.9896729776248
*Oc1c(C)cc(C2(c3ccc(Oc4ccc(S(=O)(=O)c5ccc(*)cc5)cc4)cc3)CCCCC2)cc1C,34.5679012345679
*c1ccc(Oc2ccc(N3C(=O)c4ccc(C(=O)c5ccc6c(c5)C(=O)N(*)C6=O)cc4C3=O)cc2)cc1,57.3394495412844
*Oc1c(Br)cc(C(c2cc(Br)c(OC(=O)c3cc(C(*)=O)cc(C(C)(C)C)c3)c(Br)c2)(C(F)(F)F)C(F)(F)F)cc1Br,25.327380952381
*Oc1ccc(C(C)(C)c2ccc(Oc3c(F)c(F)c(COC(c4cccc(C(OCc5c(F)c(F)c(*)c(F)c5F)(C(F)(F)F)C(F)(F)F)c4)(C(F)(F)F)C(F)(F)F)c(F)c3F)cc2)cc1,20.0
*c1nc2ccc(-c3ccc4nc(*)oc4c3)cc2o1,33.5294117647059
*NC(=O)c1ccc2c(c1)C(=O)N(c1c(C)cc(C)c(*)c1C)C2=O,51.2893982808023
*c1ccc(Oc2ccc(N3C(=O)c4ccc([Si](C)(C)c5ccc6c(c5)C(=O)N(*)C6=O)cc4C3=O)cc2)cc1,20.5590062111801
*c1c(C)c(C)c(N2C(=O)c3ccc(C(c4ccc5c(c4)C(=O)N(*)C5=O)(C(F)(F)F)C(F)(F)F)cc3C2=O)c(C)c1C,15.886524822695
*c1ccc(Oc2ccc(C(c3ccc(Oc4ccc(N5C(=O)c6ccc(-c7ccc8c(c7)C(=O)N(*)C8=O)cc6C5=O)cc4)cc3)(C(F)(F)F)C(F)(F)F)cc2)cc1,34.0909090909091
*C(=C(*)c1ccc(C(C)(C)C)cc1)c1ccc(O)cc1,11.5217391304348
*C(C)=C(*)CCC,5.71428571428571
*c1ccc(N(c2ccccc2)c2ccc(N3C(=O)c4ccc(C(c5ccc6c(c5)C(=O)N(*)C6=O)(C(F)(F)F)C(F)(F)F)cc4C3=O)cc2)cc1,36.4868421052632
*Oc1ccc(Oc2ccc(C(=O)c3ccc(*)cc3)cc2)c(-c2cccc(C(F)(F)F)c2)c1,36.5853658536585
*Oc1ccc(-c2ccc3c(c2)C(C)(C)c2cc(-c4ccc(OC(=O)c5cccc(C(*)=O)c5)cc4)ccc2C3=O)cc1,26.9461077844311
*Oc1ccc(C(C)(C)c2ccc(OC(=O)c3cc(C(*)=O)cc(C(C)(C)C)c3)c(C(C)C)c2)cc1C(C)C,11.2587412587413
*Oc1ccc(S(=O)(=O)c2ccc(Oc3c(C)cc(C(C)(C)c4cccc(C(C)(C)c5cc(C)c(*)c(C)c5)c4)cc3C)cc2)cc1,25.0
*c1cc(C)c2c(c1)CN1CN2Cc2c1ccc(N1C(=O)c3ccc(C(c4ccc5c(c4)C(=O)N(*)C5=O)(C(F)(F)F)C(F)(F)F)cc3C1=O)c2C,46.969696969697
*CC(*)(F)F,25.85
*C(C)=C(*)[Ge](C)(C)C,5.18518518518519
*C(C)=C(*)[Si](C)(C)C(C)C,6.11111111111111
*Oc1ccc(C(c2ccc(Oc3ccc(S(=O)(=O)c4ccc(*)cc4)cc3)cc2)c2ccccc2C(=O)O)cc1,56.9620253164557
*c1cccc2c(-n3c(=O)c4cc5oc6cc7c(cc6oc5cc4c3=O)C3(CC(C)(C)c4cc5oc6cc8c(=O)n(*)c(=O)c8cc6oc5cc43)CC7(C)C)cccc12,18.8888888888889
*C(=C(*)c1ccc2c(ccc3ccccc32)c1)c1ccccc1,3.6551724137931
*Oc1ccc(C(=O)c2ccc(-c3ccc(C(=C)c4ccc(Oc5ccc(C(C)(C)c6ccc(*)cc6)cc5)cc4)cc3)cc2)cc1,23.5714285714286
*C(C)=C(*)SCCCCCCCCCC,3.27586206896552
*c1ccc(S(=O)(=O)c2ccc(N3C(=O)c4ccc(C(c5ccc6c(c5)C(=O)N(*)C6=O)(C(F)(F)F)C(F)(F)F)cc4C3=O)cc2)cc1,47.0588235294118
*CC(*)C(=O)OCC(F)(F)C(F)(F)C(F)(F)C(F)(F)C(F)(F)C(F)(F)C(F)(F)F,9.12280701754386
*Oc1c(Br)cc(C(c2cc(Br)c(OC(*)=O)c(Br)c2)(C(F)(F)F)C(F)(F)F)cc1Br,35.9752670039348
*c1cc(-c2nc3cc(-c4ccc5[nH]c(*)nc5c4)ccc3[nH]2)cc(C(C)(C)C)c1,38.2
*Oc1c(C)cc(C2(c3cc(C)c(OC(=O)c4cc(C(*)=O)cc(C(C)(C)C)c4)c(Br)c3)c3ccccc3-c3ccccc32)cc1Br,21.5151515151515
*Oc1cc(C)c(C(c2cc(C(C)C)c(Oc3ccc(C(=O)c4ccc(*)cc4)cc3)cc2C)c2ccccc2C(=O)O)cc1C(C)C,16.8888888888889
*c1ccc(C(c2ccc(-n3c(=O)c4cc5oc6cc7c(cc6oc5cc4c3=O)C3(CC(C)(C)c4cc5oc6cc8c(=O)n(*)c(=O)c8cc6oc5cc43)CC7(C)C)cc2)(C(F)(F)F)C(F)(F)F)cc1,19.2592592592593
*O[Si](C)(C)c1ccc([Si](*)(C)C)cc1,4.41666666666667
*CC(*)(C)C(=O)OC(C)(C)C,21.0013908205841
*Oc1ccc(S(=O)(=O)c2ccc(*)cc2)cc1,28.6868686868687
*c1ccc2c(c1)C(=O)n1c-2nc2cc(-c3ccc4c(c3)nc3n4C(=O)c4cc(C(*)(C(F)(F)F)C(F)(F)F)ccc4-3)ccc21,36.2962962962963
*CC(*)C(=O)OCCCCCCCCCCCCCCCCCCCCCC,4.3254817987152
*c1ccc(Oc2ccc(Oc3ccc(Oc4ccc(N5C(=O)c6ccc(C(c7ccc8c(c7)C(=O)N(*)C8=O)(C(F)(F)F)C(F)(F)F)cc6C5=O)cc4)cc3)cc2)cc1,36.5116279069767
*Nc1ccc(Oc2ccc(Oc3ccc(NC(=O)CN4C(=O)c5ccc(C(*)=O)cc5C4=O)cc3)cc2)cc1,49.9333333333333
*NC(=O)c1ccc(C(c2ccc(C(=O)O)c(C(=O)Nc3cc(Oc4ccc(*)c(N)c4)ccc3N)c2)(C(F)(F)F)C(F)(F)F)cc1C(=O)O,42.4137931034483
*c1ccc(-c2ccc(Oc3ccc4c(c3)C(C)(c3ccc(Oc5ccc(-c6ccc(N7C(=O)c8ccc(Oc9ccc%10c(c9)C(=O)N(*)C%10=O)cc8C7=O)cc6)cc5C(F)(F)F)cc3)CC4(C)C)c(C(F)(F)F)c2)cc1,36.5102040816327
*Sc1ccc(*)cc1,24.0764331210191
*C(=C(*)c1ccc(C[Si](C)(C)C)cc1)c1ccccc1,5.33333333333333
*Nc1ccc(C2(c3ccc(NC(=O)CN4C(=O)c5ccc(C(*)=O)cc5C4=O)cc3)c3ccccc3-c3ccccc32)cc1,90.5294117647059
*Oc1ccc(Oc2cccc(*)c2C#N)c(-c2cc(C)cc(C)c2)c1,58.3333333333333
*C(F)(F)C(F)(F)C1(F)OC(C(F)(F)F)(C(F)(F)F)OC1(*)F,6.16161616161616
*c1cc(C(c2ccc(O)c(N3C(=O)c4ccc(Oc5ccc6c(c5)C(=O)N(*)C6=O)cc4C3=O)c2)(C(F)(F)F)C(F)(F)F)ccc1O,87.5
*Oc1ccc(C(=O)c2ccccc2-c2ccccc2C(=O)c2ccc(Oc3c(C)cc(-c4cc(C)c(*)c(C)c4)cc3C)cc2)cc1,26.3636363636364
*c1ccc(Oc2ccc(C(c3ccc(Oc4ccc(-n5c(=O)c6cc7c(=O)n(*)c(=O)c7cc6c5=O)cc4C(F)(F)F)cc3)(C(F)(F)F)C(F)(F)F)cc2)c(C(F)(F)F)c1,26.2540021344717
*Oc1ccc(-c2cncc(-c3ccc(Oc4ccc(C5(c6ccc(*)cc6)c6ccccc6-c6ccccc65)cc4)c(C(F)(F)F)c3)c2)cc1C(F)(F)F,19.8333333333333
*OC(=O)OC1C(C)(C)C(*)C1(C)C,13.3658536585366
*c1ccc(N(c2ccccc2)c2ccc(N3C(=O)c4ccc(Oc5ccc6c(c5)C(=O)N(*)C6=O)cc4C3=O)cc2)cc1,33.8823529411765
*c1cc2c(cc1C)S(=O)(=O)c1cc(C)c(N3C(=O)c4cc5c(cc4C3=O)S(=O)(=O)c3cc4c(cc3S5(=O)=O)C(=O)N(*)C4=O)cc1-2,40.6779661016949
*c1ccc(-c2ccc(N3C(=O)c4ccc(C(c5ccc6c(c5)C(=O)N(*)C6=O)(C(F)(F)F)C(F)(F)F)cc4C3=O)c(O)c2)cc1O,86.2989323843416
*=CC1CC[C@@H](/C=C/C2CCC(/C=C/[C@H]3CCC(C=*)C3)C2)C1,5.02127659574468
*O[Si](*)(C)CC,3.17721518987342
*Nc1ccc(C2(c3ccc(NC(=O)c4ccc(C(*)=O)cc4)cc3)c3ccccc3-c3ccccc32)cc1,27.9197080291971
*O[Si](*)(C)C,1.06672182766784
*c1ccc(Sc2ccc(Sc3ccc(Sc4ccc(N5C(=O)c6ccc(C(c7ccc8c(c7)C(=O)N(*)C8=O)(C(F)(F)F)C(F)(F)F)cc6C5=O)cc4)cc3)cc2)cc1,38.0454545454545
*Oc1cc(C)c(C(c2cc(C(C)C)c(Oc3ccc(S(=O)(=O)c4ccc(*)cc4)cc3)cc2C)c2ccccc2C(=O)O)cc1C(C)C,22.212389380531
*C(=C(*)c1ccc2c(c1)C(C)(C)CC2(C)C)c1ccc(Cl)cc1,1.55066079295154
*c1cc(N2C(=O)c3ccc(C(c4ccc5c(c4)C(=O)N(*)C5=O)(C(F)(F)F)C(F)(F)F)cc3C2=O)ccc1O,95.6521739130436
*Nc1ccc(-c2ccc(NC(=O)c3ccc4c(c3)C(C)(C)CC4(C)c3ccc(C(*)=O)cc3)cc2C(F)(F)F)c(C(F)(F)F)c1,34.6666666666667
*c1ccc(-c2ccc(Oc3ccc(C4(c5ccc(Oc6ccc(-c7ccc(N8C(=O)c9ccc(C(c%10ccc%11c(c%10)C(=O)N(*)C%11=O)(C(F)(F)F)C(F)(F)F)cc9C8=O)cc7)cc6C(F)(F)F)cc5)c5ccccc5-c5ccccc54)cc3)c(C(F)(F)F)c2)cc1,39.6194029850746
*c1ccc(Oc2c3c(c(ON4C(=O)c5ccc(C(c6ccc7c(c6)C(=O)N(*)C7=O)(C(F)(F)F)C(F)(F)F)cc5C4=O)c4c2C2c5ccccc5C4c4ccccc42)C2c4ccccc4C3c3ccccc32)cc1C(F)(F)F,24.0
*c1ccc(Oc2cccc(-n3c(=O)c4cc5c(=O)n(*)c(=O)c5cc4c3=O)c2)cc1,44.5348837209302
*Oc1cc(C)c(C2(c3cc(C(C)C)c(Oc4ccc(C(=O)c5ccc(*)cc5)cc4)cc3C)OC(=O)c3ccccc32)cc1C(C)C,17.7064220183486
*c1ccc(Oc2ccc(-n3c(=O)c4cc5c(=O)n(*)c(=O)c5cc4c3=O)cc2)cc1,41.2617886178862
*Nc1ccc(Cc2ccc(NC(=O)CN3C(=O)c4ccc(C(*)=O)cc4C3=O)cc2)cc1,26.4
*C(=C(*)c1ccc2c(c1)C(C)(C)CC2(C)C)c1ccc(F)c(F)c1,1.26285714285714
*c1cccc(C(c2cccc(N3C(=O)c4ccc(C(c5ccc6c(c5)C(=O)N(*)C6=O)(C(F)(F)F)C(F)(F)F)cc4C3=O)c2)(C(F)(F)F)C(F)(F)F)c1,63.75
*c1cccc(Oc2cccc(N3C(=O)c4ccc(C(c5ccc6c(c5)C(=O)N(*)C6=O)(C(F)(F)F)C(F)(F)F)cc4C3=O)c2)c1,56.7632850241546
*Oc1ccc(C(C)(C)c2ccc(Oc3ccc(C(=O)c4ccc(C(=O)c5ccc(*)cc5)cc4)cc3)cc2)cc1,26.0714285714286
*Oc1ccc(Oc2cccc(*)c2C#N)c(-c2cccc(C(F)(F)F)c2)c1,41.1111111111111
*c1cc(C(=O)OCCC(F)(F)C(F)(F)C(F)(F)C(F)(F)C(F)(F)C(F)(F)F)cc(N2C(=O)c3ccc(C(=O)c4ccc5c(c4)C(=O)N(*)C5=O)cc3C2=O)c1,34.8275862068966
*c1c(C)c(C)c(N2C(=O)c3ccc(Oc4cc(C(C)(C)C)cc(C)c4Oc4ccc5c(c4)C(=O)N(*)C5=O)cc3C2=O)c(C)c1C,30.4545454545455
*Oc1ccc2c(c1)C1(CC2(C)C)CC(C)(C)c2ccc(OC(=O)c3ccc(C(*)=O)cc3)cc21,13.2304038004751
*c1ccc2c(c1C)N1Cc3cc(C)c(N4C(=O)c5ccc(Oc6ccc7c(c6)C(=O)N(*)C7=O)cc5C4=O)cc3N(C2)C1,48.1818181818182
*c1ccc(Cc2ccc(N3C(=O)c4cc(Oc5ccccc5)c(-c5cc6c(cc5Oc5ccccc5)C(=O)N(*)C6=O)cc4C3=O)cc2)cc1,34.1176470588235
*Oc1ccc(C(C)(C)c2ccc(Oc3ccc(C(=O)c4ccc(C(C)(C)c5ccc(C(=O)c6ccc(*)cc6)cc5)cc4)cc3)cc2)cc1,20.0
*Oc1ccc(C(C)(C)c2ccc(Oc3ccc(S(=O)(=O)c4ccc(*)cc4)cc3)c(C)c2)cc1C,29.7450424929179
*C(F)(F)C(*)(F)F,1.27
*c1c(C)cc(C)c(N2C(=O)c3ccc(C(c4ccc5c(c4)C(=O)N(*)C5=O)(C(F)(F)F)C(F)(F)F)cc3C2=O)c1C,20.9334016393443
*Oc1ccc(C(=O)c2ccc(-c3ccc(C(=O)c4ccc(Oc5ccc(S(=O)(=O)c6ccc(*)cc6)cc5)cc4)cc3)cc2)cc1,27.25
*C(=C(*)c1ccc2c(c1)C(C)(C)c1ccccc1-2)c1ccccc1,1.60985841636078
*Oc1ccc(C(C)(c2ccccc2)c2ccc(OC(=O)c3cccc(C(*)=O)c3)cc2)cc1,22.3364485981308
*c1cc(C(=O)OCCC(F)(F)C(F)(F)C(F)(F)C(F)(F)C(F)(F)C(F)(F)F)cc(N2C(=O)c3ccc(C(c4ccc5c(c4)C(=O)N(*)C5=O)(C(F)(F)F)C(F)(F)F)cc3C2=O)c1,40.4545454545455
*C1C2CC(CCCCCCCCCC)C(C2)C1*,3.95373665480427
*c1cc(N2C(=O)c3ccc(C(c4ccc5c(c4)C(=O)N(*)C5=O)(C(F)(F)F)C(F)(F)F)cc3C2=O)c(O)cc1O,98.1818181818182
*c1ccc(-c2ccc(Oc3ccc4c(c3)C3(CC4(C)C)CC(C)(C)c4ccc(Oc5ccc(-c6ccc(N7C(=O)c8ccc(Oc9ccc%10c(c9)C(=O)N(*)C%10=O)cc8C7=O)cc6)cc5C(F)(F)F)cc43)c(C(F)(F)F)c2)cc1,55.219512195122
*c1ccc2c(c1)C1(c3ccccc3-2)c2ccccc2-c2ccc(-n3c(=O)c4cc5c(=O)n(*)c(=O)c5cc4c3=O)cc21,21.6483516483517
*C(C)=C(*)CCCCCC,3.59375
*C(=C(*)c1ccc(-c2ccccc2)cc1)c1ccccc1,7.64705882352941
*=CC1CC(C=*)C2C(=O)N(c3cc(C(F)(F)F)cc(C(F)(F)F)c3)C(=O)C12,15.714953271028
*Oc1ccc(Oc2ccc(Oc3ccc(S(=O)(=O)c4ccc(*)cc4)cc3)cc2)cc1,23.9554317548747
*c1ccc2c(c1)Cc1cc(N3C(=O)c4ccc(C(c5ccc6c(c5)C(=O)N(*)C6=O)(C(F)(F)F)C(F)(F)F)cc4C3=O)ccc1-2,51.566757493188
*Oc1ccc(Oc2cccc(*)c2C#N)c(-c2cc(C(F)(F)F)cc(C(F)(F)F)c2)c1,22.8915662650602
*c1ccc(Oc2ccc(N3C(=O)c4ccc(Oc5ccc6c(c5)C(=O)N(*)C6=O)cc4C3=O)cc2)cc1,59.5
*c1ccc(S(=O)c2ccc(N3C(=O)c4ccc(-c5ccc6c(c5)C(=O)N(*)C6=O)cc4C3=O)cc2)cc1,43.859649122807
*C(=C(*)c1cccc(O[Si](C)(C)C(C)(C)C)c1)c1ccc(C(C)(C)C)cc1,2.18181818181818
*C(=C(*)c1ccc2c(c1)CCC2)c1ccc([Si](C)(C)C)cc1,4.25531914893617
*c1ccc(C(=O)c2ccc(-c3nc4cc(C(c5ccc6oc(*)nc6c5)(C(F)(F)F)C(F)(F)F)ccc4o3)cc2)cc1,40.7142857142857
*Oc1c(C)cc(C(c2cc(C)c(Oc3ccc(S(=O)(=O)c4ccc(*)cc4)cc3)c(C)c2)(C(F)(F)F)C(F)(F)F)cc1C,24.0
*c1cc(C(c2ccc(C)c(-n3c(=O)c4cc5oc6cc7c(cc6oc5cc4c3=O)C3(CC(C)(C)c4cc5oc6cc8c(=O)n(*)c(=O)c8cc6oc5cc43)CC7(C)C)c2)(C(F)(F)F)C(F)(F)F)ccc1C,23.3333333333333
*Oc1ccc(C2(c3ccc(Oc4ccc(C(=O)c5ccc(*)cc5)cc4)cc3)c3ccccc3C(=O)N2CCC)cc1,28.5897435897436
*C[Si](*)(C)C,3.92307692307692
*c1ccc(Cc2ccc(N3C(=O)c4ccc(Oc5ccc(Oc6ccc7c(c6)C(=O)N(*)C7=O)cc5)cc4C3=O)c(C)c2)cc1C,79.4258373205742
*C=CCCC*,4.65116279069768
*c1ccc(N2C(=O)c3ccc(C(c4ccc5c(c4)C(=O)N(*)C5=O)(C(F)(F)F)C(F)(F)F)cc3C2=O)cc1,60.2167182662539
*CC(*)[Si](C)(C)C,10.5555555555556
*CC(*)c1ccc(OC(C)=O)cc1,16.4646464646465
*c1ccc2c(c1)C(C)(c1ccc(-c3nnc(*)o3)cc1)CC2(C)C,25.9776536312849
*c1c(C)cc(-c2cc(C)c(N3C(=O)c4ccc(C(c5ccc6c(c5)C(=O)N(*)C6=O)(C(F)(F)F)C(F)(F)F)cc4C3=O)c3ccccc23)c2ccccc12,24.0100250626566
*c1c(C)c(C)c(N2C(=O)c3ccc(Oc4c(C)ccc(C)c4Oc4ccc5c(c4)C(=O)N(*)C5=O)cc3C2=O)c(C)c1C,33.1578947368421
*C1C2CC(C1*)C([Si](C)(C)C)C2,4.76583288983502
*c1ccc(Oc2ccc(C(*)(c3ccccc3)C(F)(F)F)cc2)cc1,26.1538461538462
*c1ccc(S(=O)(=O)c2ccc(N3C(=O)c4ccc(-c5ccc6c(c5)C(=O)N(*)C6=O)cc4C3=O)cc2)cc1,60.8571428571429
*Oc1c(-c2ccccc2)cc(*)cc1-c1ccccc1,17.5786163522013
*c1ccc(Oc2ccc(N3C(=O)c4ccc(-c5ccc6c(c5)C(=O)N(*)C6=O)cc4C3=O)cc2)cc1,46.1538461538462
*=CC1CC(C=*)C2C(=O)N(C3CCCC3)C(=O)C12,16.2962962962963
*c1cc(C(=O)OCCC(F)(F)C(F)(F)C(F)(F)C(F)(F)C(F)(F)C(F)(F)F)cc(N2C(=O)c3ccc(Oc4ccc5c(c4)C(=O)N(*)C5=O)cc3C2=O)c1,30.6388888888889
*/C(=C(/*)c1ccc([Si](C)(C)C)cc1)c1ccccc1,3.0625
*Nc1ccc(S(=O)(=O)c2ccc(NC(=O)c3cccc(C(*)=O)c3)cc2)cc1,55.7142857142857
*c1ccc2c(c1)C(=O)c1cc(N3C(=O)c4ccc(C(c5ccc6c(c5)C(=O)N(*)C6=O)(C(F)(F)F)C(F)(F)F)cc4C3=O)ccc1-2,59.5348837209302
*c1cc(C)c2c(c1)CN1CN2Cc2c1ccc(-n1c(=O)c3cc4oc5cc6c(cc5oc4cc3c1=O)C1(CC(C)(C)c3cc4oc5cc7c(=O)n(*)c(=O)c7cc5oc4cc31)CC6(C)C)c2C,19.8888888888889
*CC(*)C(=O)OC,30.952380952381
*c1ccc(-c2nc3cc(C(c4ccc5oc(*)nc5c4)(C(F)(F)F)C(F)(F)F)ccc3o2)cc1,37.8571428571429
*/C(C)=C(/*)[Si](C)(C)C,2.26666666666667
*c1ccc(Oc2cccc(N3C(=O)c4ccc(C(c5ccc6c(c5)C(=O)N(*)C6=O)(C(F)(F)F)C(F)(F)F)cc4C3=O)c2)cc1,48.88
*CC(*)c1ccc(F)cc1,16.2264150943396
*c1c(O)ccc2c1CN1CN2Cc2c1ccc(O)c2N1C(=O)c2ccc(C(c3ccc4c(c3)C(=O)N(*)C4=O)(C(F)(F)F)C(F)(F)F)cc2C1=O,72.8260869565217
*C(=C(*)c1ccc2c(c1)C(C)(C)CCC2(C)C)c1ccccc1,1.72727272727273
*c1c(C)cc(-c2cc(C)c(N3C(=O)c4cc5c(cc4C3=O)C3(C)CCC5(C)C4C=C5C(=O)N(*)C(=O)C5=CC43)c3ccccc23)c2ccccc12,17.2430668841762
*Oc1ccc(C(C)(CC)c2ccc(OC(=O)c3cccc(C(*)=O)c3)cc2)cc1,27.0588235294118
*Oc1ccc(C2(c3ccc(OC(*)=O)cc3)CCCCC2)cc1,23.9520958083832
*OC1OC(COCC)C(OC2OC(COCC)C(*)C(OCC)C2OCC)C(OCC)C1O,10.2395209580838
*c1ccc(Oc2ccc(C(c3ccc(Oc4ccc(N5C(=O)c6ccc(C(c7ccc8c(c7)C(=O)N(*)C8=O)(C(F)(F)F)C(F)(F)F)cc6C5=O)cc4C(F)(F)F)cc3)(C(F)(F)F)C(F)(F)F)cc2)c(C(F)(F)F)c1,32.4324324324324
*Oc1c(C)cc(C2(c3cc(C)c(OC(=O)c4cc(C(*)=O)cc(C(C)(C)C)c4)c(C)c3)c3ccccc3-c3ccccc32)cc1C,16.793893129771
*CC(*)C(=O)OCCCCCCCCCC,5.46025104602511
*c1cccc(S(=O)(=O)c2cccc(N3C(=O)c4ccc(C(c5ccc6c(c5)C(=O)N(*)C6=O)(C(F)(F)F)C(F)(F)F)cc4C3=O)c2)c1,52.1934758155232
*C(=C(*)c1ccc2c(c1)C(C)(C)CC2(C)C)c1ccccc1,1.32989690721649
*Nc1ccc(C2(c3ccc(NC(=O)Cn4c(=O)c5cc6c(=O)n(CC(*)=O)c(=O)c6cc5c4=O)cc3)c3ccccc3-c3ccccc32)cc1,22.3421052631579
*c1ccc(Cc2ccc(N3C(=O)c4ccc(-c5ccc6c(c5)C(=O)N(*)C6=O)cc4C3=O)cc2Cl)c(Cl)c1,60.9090909090909
*Oc1ccc(C2(c3ccc(Oc4ccc(S(=O)(=O)c5ccc(*)cc5)cc4)cc3)c3ccccc3-c3ccccc32)cc1,25.9887005649718
*c1ccc(Oc2ccc(S(=O)c3ccc(Oc4ccc(N5C(=O)c6ccc(-c7ccc8c(c7)C(=O)N(*)C8=O)cc6C5=O)cc4)cc3)cc2)cc1,46.5994962216625
*c1c(C)cc(Cc2cc(C)c(N3C(=O)c4ccc(-c5ccc6c(c5)C(=O)N(*)C6=O)cc4C3=O)c(C)c2)cc1C,27.3838630806846
*c1ccc(C(c2ccc(-c3nc4cc(C(c5ccc6oc(*)nc6c5)(C(F)(F)F)C(F)(F)F)ccc4o3)cc2)(C(F)(F)F)C(F)(F)F)cc1,23.5424354243542
*Nc1cccc(NC(=O)c2ccc(C(c3ccc(C(*)=O)cc3)(C(F)(F)F)C(F)(F)F)cc2)c1,35.0
*c1cc2c(cc1Br)-c1ccccc1C21c2ccccc2-c2cc(Br)c(N3C(=O)c4ccc(C(c5ccc6c(c5)C(=O)N(*)C6=O)(C(F)(F)F)C(F)(F)F)cc4C3=O)cc21,23.2931726907631
*OC(=O)Oc1c(C)cc(C(C)(C)c2cc(C)c(*)c(C)c2)cc1C,20.5759162303665
*=CC1CC(C=*)C2C(=O)N(c3c(F)c(F)c(F)c(F)c3F)C(=O)C12,18.3722627737226
*C(=C(*)c1ccc2c(c1)C(C)(C)CC2(C)C)c1cc(F)cc(F)c1,1.24054982817869
*c1ccc(Sc2ccc(Sc3ccc(N4C(=O)c5ccc(C(c6ccc7c(c6)C(=O)N(*)C7=O)(C(F)(F)F)C(F)(F)F)cc5C4=O)cc3)cc2)cc1,31.8571428571429
*Oc1ccc(C(=O)c2ccccc2-c2ccccc2C(=O)c2ccc(Oc3ccc(C4(c5ccc(*)cc5)c5ccccc5-c5ccccc54)cc3)cc2)cc1,30.7692307692308
*=CC1CC(C=*)C2C(=O)C(c3ccccc3)C(=O)C12,21.1851851851852
*C(C)=C(*)[Si](C)(C)CCCC,5.88235294117647
*C1C(*)C2CC1C1CC([Ge](C)(C)C)C21,6.20967741935484
*N=P(*)(OCCOCCOC)OCCOCCOC,22.7272727272727
*c1ccc(-c2ccc(Oc3ccc4c(c3)C3(CC4(C)C)CC(C)(C)c4ccc(Oc5ccc(-c6ccc(N7C(=O)c8ccc(C(c9ccc%10c(c9)C(=O)N(*)C%10=O)(C(F)(F)F)C(F)(F)F)cc8C7=O)cc6)cc5C(F)(F)F)cc43)c(C(F)(F)F)c2)cc1,43.7851239669421
*c1cc(C(c2ccc(O)c(N3C(=O)c4ccc(-c5ccc6c(c5)C(=O)N(*)C6=O)cc4C3=O)c2)(C(F)(F)F)C(F)(F)F)ccc1O,90.0
*Oc1ccc(-c2ccc(-c3ccc(Oc4ccc(C5(c6ccc(*)cc6)c6ccccc6-c6ccccc65)cc4)c(C(F)(F)F)c3)s2)cc1C(F)(F)F,16.2264150943396
*CC(*)(C)C(=O)OCC,20.2017291066282
*Oc1ccc(Oc2ccc(C(=O)c3ccc(*)cc3)cc2)c(-c2cccc(C)c2)c1,41.6666666666667
*c1nc2cc(C(c3ccc4oc(*)nc4c3)(C(F)(F)F)C(F)(F)F)ccc2o1,37.5172413793103
*C(=C(*)c1ccc2c(c1)C(C)(C)c1ccccc1-2)c1ccc([Si](C)(C)C)cc1,3.61904761904762
*Oc1c(C)cc(C(C)(C)c2cc(C)c(OC(=O)c3cc(C(*)=O)cc(C(C)(C)C)c3)c(C)c2)cc1C,17.4674613793942
*Oc1ccc(C(C)(C)c2ccc(Oc3ccc4c(c3)C(=O)N(c3cccc(N5C(=O)c6ccc(*)cc6C5=O)c3)C4=O)cc2)cc1,41.3333333333333
*c1ccc(Cc2ccc(N3C(=O)c4ccc(-c5ccc6c(c5)C(=O)N(*)C6=O)cc4C3=O)cc2)cc1,48.7804878048781
*c1ccc(Oc2ccc(-c3ccc(-c4ccc(Oc5ccc(N6C(=O)c7ccc(C(c8ccc9c(c8)C(=O)N(*)C9=O)(C(F)(F)F)C(F)(F)F)cc7C6=O)cc5)c(C(F)(F)F)c4)s3)cc2C(F)(F)F)cc1,26.9702380952381
*Oc1c(Br)cc(C(c2cc(Br)c(OC(=O)c3cccc(C(*)=O)c3)c(Br)c2)(C(F)(F)F)C(F)(F)F)cc1Br,59.6314907872697
*c1c(C)cc(-c2cc(C)c(N3C(=O)c4cc5c(cc4C3=O)C3CC(C5=O)c4cc5c(cc4C3=O)C(=O)N(*)C5=O)c3ccccc23)c2ccccc12,25.1939291736931
*Oc1c(C)cc(C(C)(C)c2ccc(C(C)(C)c3cc(C)c(Oc4ccc(S(=O)(=O)c5ccc(*)cc5)cc4)c(C)c3)cc2)cc1C,22.0
*C(C)=C(*)[Si](C)(C)CCCCCCCC,7.69230769230769
*Oc1ccc(C(=O)c2ccc(Oc3c(C)cc(-c4cc(C)c(*)c(C)c4)cc3C)cc2)cc1,19.0009794319295
*Oc1ccc(N2CCC3(CCC(=O)N3c3ccc(Oc4c(F)c(F)c(COC(c5cccc(C(OCc6c(F)c(F)c(*)c(F)c6F)(C(F)(F)F)C(F)(F)F)c5)(C(F)(F)F)C(F)(F)F)c(F)c4F)cc3)C2=O)cc1,28.4
*C/C=C(/C*)[Si](C)(OC(C)C)OC(C)C,5.45886075949367
*c1cc2c(c(N3C(=O)c4ccc(Oc5ccc6c(c5)C(=O)N(*)C6=O)cc4C3=O)c1C)C(C)(C)CC2,15.631067961165
*c1c(C)cc(C)c(N2C(=O)c3ccc(-c4ccc5c(c4)C(=O)N(*)C5=O)cc3C2=O)c1C,19.8383084577114
*OCCCCCCC(*)=O,12.7433628318584
*c1cc(C)c(Oc2cc(C)c(*)c(C)c2)c(C)c1C(=O)c1ccc(C)cc1,14.3624161073825
*Oc1cc(C)c(C2(c3cc(C)c(Oc4ccc(S(=O)(=O)c5ccc(*)cc5)cc4)cc3C)OC(=O)c3ccccc32)cc1C,34.1777777777778
*Oc1c(C)cc(C(C)(C)c2cc(C)c(OC(*)=O)c(C)c2)cc1C,20.8988764044944
*CC1CC(C*)C2C1C([Si](O[Si](C)(C)C)(O[Si](C)(C)C)O[Si](C)(C)C)C2[Si](O[Si](C)(C)C)(O[Si](C)(C)C)O[Si](C)(C)C,3.90697674418605
*C(=C(*)c1ccc([Si](C(C)C)(C(C)C)C(C)C)cc1)c1ccccc1,4.12698412698413
*c1c(C)cc(-c2cc(C)c(-c3cc(C)c(*)c(C)c3)cc2C)cc1C,24.0
*c1ccc(C(c2ccc(-c3nnc(*)o3)cc2)(C(F)(F)F)C(F)(F)F)cc1,27.9569892473118
*Oc1ccc(-c2ccc(Oc3ccc(S(=O)(=O)c4ccc(*)cc4)cc3)cc2)cc1,21.9607843137255
*N=C1C=CC(=Nc2ccc(Nc3ccc(Nc4ccc(*)cc4)cc3)cc2)C=C1,60.8967391304348
*c1ccc(N(c2ccccc2)c2ccc(N3C(=O)c4ccc(C(=O)c5ccc6c(c5)C(=O)N(*)C6=O)cc4C3=O)cc2)cc1,35.4838709677419
*C(=C(*)c1ccc([Si](C)(C)C)cc1)c1ccc(-c2ccc(C(C)(C)C)cc2)cc1,4.52054794520548
*Nc1cc(C(c2ccc(O)c(NC(=O)c3ccc(C(c4ccc(C(*)=O)cc4)(C(F)(F)F)C(F)(F)F)cc3)c2)(C(F)(F)F)C(F)(F)F)ccc1O,45.6521739130435
*C(=C(*)c1ccc([Si](C)(C)C)cc1)c1ccccc1,3.08152173913044
*c1cc(N2C(=O)c3ccc(C(c4ccc5c(c4)C(=O)N(*)C5=O)(C(F)(F)F)C(F)(F)F)cc3C2=O)cc(C(F)(F)F)c1,48.0888888888889
*C=C(*)c1ccccc1[Si](C)(C)C,7.63157894736842
*c1cc(C)c(Oc2cc(C)c(*)c(C)c2)c(C)c1C(=O)c1ccccc1,15.0526315789474
*CC(*)c1ccc(Cl)cc1,16.5384615384615
*C(=C(*)c1ccc(O[Si](C)(C)C(C)(C)C)cc1)c1ccc(F)cc1,5.71428571428571
*c1ccc(C(c2ccc(N3C(=O)c4ccc(C(=O)c5ccc6c(c5)C(=O)N(*)C6=O)cc4C3=O)cc2)(C(F)(F)F)C(F)(F)F)cc1,45.5497382198953
*c1ccc(N(c2ccc(OC)cc2)c2ccc(N3C(=O)c4ccc(C(c5ccc6c(c5)C(=O)N(*)C6=O)(C(F)(F)F)C(F)(F)F)cc4C3=O)cc2)cc1,33.64
*O[Si](C)(C)c1cccc([Si](*)(C)C)c1,4.71698113207547
*c1ccc(Oc2ccc(ON3C(=O)c4ccc(C(c5ccc6c(c5)C(=O)N(*)C6=O)(C(F)(F)F)C(F)(F)F)cc4C3=O)c3c2C2c4ccccc4C3c3ccccc32)cc1C,39.1304347826087
*C(=C(*)c1ccc2c(c1)C(C)(C)c1ccccc1-2)c1ccc(F)cc1,1.90909090909091
*c1ccc2c(c1)C1(c3ccccc3-2)c2ccccc2-c2ccc(N3C(=O)c4ccc(C(c5ccc6c(c5)C(=O)N(*)C6=O)(C(F)(F)F)C(F)(F)F)cc4C3=O)cc21,28.4375
*N=P(*)(Oc1ccc(Br)cc1)Oc1ccc(Br)cc1,11.7142857142857
*c1cc2c(cc1C)-c1cc(C)c(N3C(=O)c4ccc(S(=O)(=O)c5ccc6c(c5)C(=O)N(*)C6=O)cc4C3=O)cc1S2(=O)=O,63.0434782608696
*Oc1c(Br)cc(C(C)(C)c2cc(Br)c(OC(=O)c3cc(C(*)=O)cc(C(C)(C)C)c3)c(Br)c2)cc1Br,24.3642814902425
*c1cc(C)c(C)c(N2C(=O)c3ccc(Oc4cc(C(C)(C)C)ccc4Oc4ccc5c(c4)C(=O)N(*)C5=O)cc3C2=O)c1C,25.2
*c1cccc(Oc2cccc(-n3c(=O)c4cc5c(=O)n(*)c(=O)c5cc4c3=O)c2)c1,62.5
*CC(*)c1ccc(Br)cc1,17.7083333333333
*c1ccc(Oc2ccc(ON3C(=O)c4ccc(C(c5ccc6c(c5)C(=O)N(*)C6=O)(C(F)(F)F)C(F)(F)F)cc4C3=O)c3c2C2c4ccccc4C3c3ccccc32)cc1C(F)(F)F,37.1698113207547
*C(=C(*)c1ccc2c(c1)C(C)(C)c1ccccc1-2)c1cc(F)cc(F)c1,2.19047619047619
*Oc1ccc2c(c1)C1(CC2(C)C)CC(C)(C)c2ccc(OC(=O)c3cccc(C(*)=O)c3)cc21,16.5789473684211
*N=P(*)(OC(C)CC)OC(C)CC,4.52685421994885
*=CC1CC[C@@H](/C=C/C2CCC(/C=C/[C@@H]3CCC(C=*)C3)C2)C1,6.59090909090909
*c1ccc(Sc2ccc(N3C(=O)c4ccc(C(c5ccc6c(c5)C(=O)N(*)C6=O)(C(F)(F)F)C(F)(F)F)cc4C3=O)cc2)cc1,35.0151515151515
*c1ccc(Oc2ccc(C(c3ccc(Oc4ccc(N5C(=O)c6ccc(-c7ccc8c(c7)C(=O)N(*)C8=O)cc6C5=O)cc4C(F)(F)F)cc3)(C(F)(F)F)C(F)(F)F)cc2)c(C(F)(F)F)c1,32.7956989247312
*c1ccc2[nH]c3ccc(N4C(=O)c5ccc(C(c6ccc7c(c6)C(=O)N(*)C7=O)(C(F)(F)F)C(F)(F)F)cc5C4=O)cc3c2c1,56.4356435643564
*Oc1c(C)cc(C(C)(C)c2cc(C)c(OC(=O)c3cc(C(*)=O)cc(C(C)(C)C)c3)c(Br)c2)cc1Br,21.4150943396226
*c1c(C)c(C)c(-n2c(=O)c3cc4oc5cc6c(cc5oc4cc3c2=O)C2(CC(C)(C)c3cc4oc5cc7c(=O)n(*)c(=O)c7cc5oc4cc32)CC6(C)C)c(C)c1C,14.2857142857143
*c1ccc(-c2ccc(N3C(=O)c4ccc(-c5ccc6c(c5)C(=O)N(*)C6=O)cc4C3=O)c(O)c2)cc1O,76.3414634146342
*O[Si](C)(C)CCCCCCCC[Si](*)(C)C,3.746875
*OC1OC(COC(C)=O)C(*)C(OC(C)=O)C1OC(C)=O,32.3076923076923
*c1cccc(-c2nc3cc(-c4ccc5[nH]c(*)nc5c4)ccc3[nH]2)c1,88.8888888888889
*c1ccc(Oc2ccc(N3C(=O)c4cc(Oc5ccccc5)c(-c5cc6c(cc5Oc5ccccc5)C(=O)N(*)C6=O)cc4C3=O)cc2)cc1,35.4117647058824
*c1ccc2c(c1C)N1Cc3c(ccc(N4C(=O)c5ccc(C(c6ccc7c(c6)C(=O)N(*)C7=O)(C(F)(F)F)C(F)(F)F)cc5C4=O)c3C)N(C2)C1,35.625
*OC(=O)Oc1c(Br)cc(C(C)(C)c2cc(Br)c(*)c(Br)c2)cc1Br,33.5714285714286
*C(=C(*)c1ccc2c(c1)Cc1ccccc1-2)c1ccc([Si](C)(C)C)cc1,3.225
*c1ccc(-c2ccc(Oc3ccc4c(c3)C(C)(c3ccc(Oc5ccc(-c6ccc(-n7c(=O)c8cc9c(=O)n(*)c(=O)c9cc8c7=O)cc6)cc5C(F)(F)F)cc3)CC4(C)C)c(C(F)(F)F)c2)cc1,29.3947368421053
*C(=C(*)c1ccc2c(c1)C(C)(C)CC2(C)C)c1ccc(F)cc1,1.37026239067055
*c1cccc(N2C(=O)c3ccc(C(c4ccc5c(c4)C(=O)N(*)C5=O)(C(F)(F)F)C(F)(F)F)cc3C2=O)c1C,42.8707405292214
*/C=C/C1CCC(*)C1,6.16
*Oc1ccc(C(C)(C)c2ccc(C(C)(C)c3ccc(Oc4ccc(S(=O)(=O)c5ccc(*)cc5)cc4)cc3)cc2)cc1,20.0
*c1c(C)cc(C)c2c1CN1CN2Cc2c1c(C)cc(C)c2N1C(=O)c2ccc(C(c3ccc4c(c3)C(=O)N(*)C4=O)(C(F)(F)F)C(F)(F)F)cc2C1=O,19.8163265306122
*C(=C(*)c1ccc(C(C)(C)C)cc1)c1ccc(O[Si](C)(C)C(C)(C)C)cc1,4.25925925925926
*[NH+]=C1C=CC(=[NH+]c2ccc(Nc3ccc(Nc4ccc(*)cc4)cc3)cc2)C=C1.[Cl-].[Cl-],58.2
*c1ccc(Cc2ccc(N3C(=O)c4ccc(C(c5ccc6c(c5)C(=O)N(*)C6=O)(C(F)(F)F)C(F)(F)F)cc4C3=O)c(Cl)c2)cc1Cl,56.0330578512397
*c1c(C)cc(-c2cc(C)c(N3C(=O)c4cc5c(cc4C3=O)S(=O)(=O)c3cc4c(cc3S5(=O)=O)C(=O)N(*)C4=O)c(C)c2)cc1C,32.2314049586777
*c1ccc(-c2ccc(Oc3ccc(C4(c5cccc(Oc6ccc(-c7ccc(-n8c(=O)c9cc%10c(=O)n(*)c(=O)c%10cc9c8=O)cc7)cc6C(F)(F)F)c5)c5ccccc5C(=O)N4c4ccccc4)cc3)c(C(F)(F)F)c2)cc1,50.0886075949367
*c1ccc(-c2ccc(Oc3ccc(C4(c5ccc(Oc6ccc(-c7ccc(N8C(=O)c9ccc(Oc%10ccc(C(C)(C)c%11ccc(Oc%12ccc%13c(c%12)C(=O)N(*)C%13=O)cc%11)cc%10)cc9C8=O)cc7)cc6C(F)(F)F)cc5)c5ccccc5-c5ccccc54)cc3)c(C(F)(F)F)c2)cc1,22.2970297029703
*C1C2CC(CCCC)C(C2)C1*,4.99647887323944
*c1c(C)c2c(c(C)c1Br)N1Cc3c(C)c(N4C(=O)c5ccc(C(c6ccc7c(c6)C(=O)N(*)C7=O)(C(F)(F)F)C(F)(F)F)cc5C4=O)c(Br)c(C)c3N(C2)C1,17.05
*CCO*,20.0
*c1cc2c(c(N3C(=O)c4ccc(C(=O)c5ccc6c(c5)C(=O)N(*)C6=O)cc4C3=O)c1C)C(C)(C)CC2,17.283950617284
*Oc1ccc(C(C)(C)c2ccc(OC(=O)c3cccc(C(*)=O)c3)c(C)c2)cc1C,41.6017797552837
*C(=C(*)c1ccccc1)c1ccccc1,1.78378378378378
*O[Si](*)(C)CCC(F)(F)F,8.16470588235294
*CC(*)Cl,9.77186311787072
*c1cc(C)c(C)c(N2C(=O)c3ccc(Oc4cc(C)c(Oc5ccc6c(c5)C(=O)N(*)C6=O)c(C)c4C)cc3C2=O)c1C,27.5
*CC(O)COc1ccc(C(C)(C)c2ccc(O*)cc2)cc1,20.5128205128205
*c1ccc(C(c2ccc(-c3nc4ccc(C(c5ccc6oc(*)nc6c5)(C(F)(F)F)C(F)(F)F)cc4o3)cc2)(C(F)(F)F)C(F)(F)F)cc1,46.5833333333333
*c1ccc(Oc2ccc(-c3ccc(-c4ccc(-c5ccc(Oc6ccc(N7C(=O)c8ccc(C(c9ccc%10c(c9)C(=O)N(*)C%10=O)(C(F)(F)F)C(F)(F)F)cc8C7=O)cc6)c(C(F)(F)F)c5)cc4)cc3)cc2C(F)(F)F)cc1,24.2450331125828
*C(=O)c1ccc(C2(c3ccc(C(=O)c4ccc(Oc5ccc(C(=O)c6cccc(C(=O)c7ccc(Oc8ccc(*)cc8)cc7)c6)cc5)cc4)cc3)OC(=O)c3ccccc32)cc1,32.9710144927536
*c1cccc(-c2nnc(*)n2-c2ccccc2)c1,54.989816700611
*c1c(C)cc(-c2cc(C)c(N3C(=O)c4cc5c(cc4C3=O)C3Cc4cc6c(cc4C(C5)C3)C(=O)N(*)C6=O)c3ccccc23)c2ccccc12,18.620166793025
*c1ccc(-c2ccc(Oc3ccc4c(c3)C(C)(c3ccc(Oc5ccc(-c6ccc(N7C(=O)c8ccc(C(c9ccc%10c(c9)C(=O)N(*)C%10=O)(C(F)(F)F)C(F)(F)F)cc8C7=O)cc6)cc5C(F)(F)F)cc3)CC4(C)C)c(C(F)(F)F)c2)cc1,35.462962962963
*CC(*)(C)C(=O)OC,63.4903640256959
*Oc1ccc(C(c2ccc(Oc3ccc(C(=O)c4ccc(C(C)(C)c5ccc(C(=O)c6ccc(*)cc6)cc5)cc4)cc3)cc2)(C(F)(F)F)C(F)(F)F)cc1,24.9275362318841
*Nc1ccc(C(C)(C)c2ccc(NC(=O)c3ccc(Oc4cc(C(C)(C)C)c(Oc5ccc(C(*)=O)cc5)cc4C(C)(C)C)cc3)c(C)c2)cc1C,23.3333333333333
*Oc1ccc2cc(Oc3ccc(S(=O)(=O)c4ccc(*)cc4)cc3)ccc2c1,40.9836065573771
*=CC1CC(C=*)C2C1C([Si](O[Si](C)(C)C)(O[Si](C)(C)C)O[Si](C)(C)C)C2[Si](O[Si](C)(C)C)(O[Si](C)(C)C)O[Si](C)(C)C,3.86666666666667
*C(C)=C(*)SCCCCCC,3.33333333333333
*c1cccc(N2C(=O)c3ccc(Oc4ccc5c(c4)C(=O)N(*)C5=O)cc3C2=O)c1,47.03125
*CC(*)OC(=O)c1ccc(C)cc1,16.1390887290168
*C(=C(*)c1ccc2c(c1)C(C)(C)CC2(C)C)c1cccc(F)c1,1.26618705035971
*c1ccc(Oc2ccc(C(c3ccc(Oc4ccc(N5C(=O)c6ccc(C(=O)c7ccc8c(c7)C(=O)N(*)C8=O)cc6C5=O)cc4C(F)(F)F)cc3)(C(F)(F)F)C(F)(F)F)cc2)c(C(F)(F)F)c1,36.7195767195767
*Oc1c(C)cc(C(c2cc(C)c(OC(*)=O)c(C)c2)(C(F)(F)F)C(F)(F)F)cc1C,23.6170212765957
*C(=C(*)c1ccc2c(c1)C(C)(C)c1ccccc1-2)c1ccc(Br)cc1,1.82795698924731
*c1ccc(Cc2ccc(N3C(=O)c4ccc(-c5ccc6c(c5)C(=O)N(*)C6=O)cc4C3=O)c(Cl)c2)cc1Cl,59.6341463414634
*C(C)=C(*)[Si](C)(C)CC,3.83333333333333
*c1ccc2c(c1)C(=O)N(c1cc(C(c3ccc(O)c(N4C(=O)c5ccc(C(*)(C(F)(F)F)C(F)(F)F)cc5C4=O)c3)(C(F)(F)F)C(F)(F)F)ccc1O)C2=O,123.75
*c1c(C)cc(-c2cc(C)c(N3C(=O)c4cc5c(cc4C3=O)C3(c4ccccc4-c4cc6c(cc43)C(=O)N(*)C6=O)c3ccccc3-5)c3ccccc23)c2ccccc12,13.1989528795812
*/C(=C(/*)c1ccc([Si](c2ccccc2)(c2ccccc2)c2ccccc2)cc1)c1ccccc1,14.1218637992832
*c1ccc(C(c2ccc(N3C(=O)c4ccc(-c5ccc6c(c5)C(=O)N(*)C6=O)cc4C3=O)cc2)(C(F)(F)F)C(F)(F)F)cc1,35.9320339830085
*C(C)=C(*)CCCCC,3.92156862745098
*CC(*)c1ccc([Si](C)(C)C)cc1,6.67647058823529
*c1ccc(-c2ccc(Oc3ccc(C4(c5ccc(Oc6ccc(-c7ccc(N8C(=O)c9ccc(C(=O)c%10ccc%11c(c%10)C(=O)N(*)C%11=O)cc9C8=O)cc7)cc6C(F)(F)F)cc5)c5ccccc5-c5ccccc54)cc3)c(C(F)(F)F)c2)cc1,38.3723404255319
*c1ccc(C(c2ccc(-c3nc4cc(-c5ccc6nc(*)oc6c5)ccc4o3)cc2)(C(F)(F)F)C(F)(F)F)cc1,36.875
*c1ccc(Oc2ccc(N3C(=O)c4cc(Oc5ccc(C)cc5)c(-c5cc6c(cc5Oc5ccc(C)cc5)C(=O)N(*)C6=O)cc4C3=O)cc2)cc1,30.3448275862069
*C/C=C(/C*)[Si](C)(C)OC(C)C,7.48387096774194
*C(=O)c1ccc(C2(c3ccc(C(=O)c4ccc(Oc5ccc(C(=O)c6ccc(Oc7ccc(*)cc7)cc6)cc5)cc4)cc3)OC(=O)c3ccccc32)cc1,31.0
*C(=C(*)c1ccc2c(c1)C(C)(C)c1cc(Br)ccc1-2)c1ccccc1,2.66666666666667
*c1ccc(Oc2ccc(Oc3ccc(Oc4ccc(N5C(=O)c6ccc(-c7ccc8c(c7)C(=O)N(*)C8=O)cc6C5=O)cc4)cc3)cc2)cc1,40.9836065573771
*C(C)=C(*)CCCCCCCC,3.49397590361446
*c1ccc(C(C)(C)c2ccc(Oc3ccc(S(=O)(=O)c4ccc(*)cc4)cc3)cc2)cc1,22.3076923076923
*c1cc2c(cc1Br)-c1ccccc1C21c2ccccc2-c2cc(Br)c(N3C(=O)c4cc5c(cc4C3=O)OC3C=C4C(=CC3O5)C(C)(C)CC43CC(C)(C)c4cc5oc6cc7c(=O)n(*)c(=O)c7cc6oc5cc43)cc21,13.1372549019608
*Oc1ccc(C2(c3ccc(Oc4ccc(C(=O)c5ccc(C(=O)c6ccc(*)cc6)cc5)cc4)cc3)OC(=O)c3ccccc32)cc1,38.4751773049645
*Cc1ccc(C2(c3ccc(*)cc3)OC(=O)c3ccccc32)cc1,25.0
*Oc1ccc(C(=O)c2ccccc2-c2ccccc2C(=O)c2ccc(Oc3ccc(C(c4ccc(*)cc4)(C(F)(F)F)C(F)(F)F)cc3)cc2)cc1,35.8620689655172
*c1ccc(N(c2ccc(N3C(=O)c4ccc(C(c5ccc6c(c5)C(=O)N(*)C6=O)(C(F)(F)F)C(F)(F)F)cc4C3=O)cc2)c2ccc(N(c3ccccc3)c3ccccc3)cc2)cc1,9.49193548387097
*c1cc2c(c(N3C(=O)c4ccc(C(c5ccc6c(c5)C(=O)N(*)C6=O)(C(F)(F)F)C(F)(F)F)cc4C3=O)c1C)C(C)(C)CC2,13.7029702970297
*Nc1ccc(C2(c3ccc(NC(=O)c4cc(C(*)=O)cc(C(C)(C)C)c4)cc3)c3ccccc3-c3ccccc32)cc1,24.4012944983819
*c1ccc2c(c1)C(=O)N(c1cccc(N3C(=O)c4ccc(*)cc4C3=O)c1)C2=O,36.7231638418079
*Oc1ccc(C(c2ccc(OC(*)=O)cc2)(C(F)(F)F)C(F)(F)F)cc1,22.9665071770335
*c1cccc(N2C(=O)c3ccc(C(=O)c4ccc5c(c4)C(=O)N(*)C5=O)cc3C2=O)c1,49.7674418604651
*Oc1ccc(C(=O)c2ccc(Oc3ccc(C4(c5ccc(*)cc5)c5ccccc5-c5ccccc54)cc3)cc2)c2ccccc12,25.8854166666667
*Oc1ccc(Oc2ccc(C(=O)c3ccc(*)cc3)cc2)c(-c2cc(C(F)(F)F)cc(C(F)(F)F)c2)c1,22.8947368421053
*Oc1ccc(C(C)(C)c2ccc(OC(=O)c3ccc(C(*)=O)cc3)cc2)cc1,17.69789146215
*c1ccc(Sc2ccc(Sc3ccc(Sc4ccc(Sc5ccc(N6C(=O)c7ccc(C(c8ccc9c(c8)C(=O)N(*)C9=O)(C(F)(F)F)C(F)(F)F)cc7C6=O)cc5)cc4)cc3)cc2)cc1,25.4615384615385
*c1ccc(-c2ccc(Oc3ccc(C4(c5cccc(Oc6ccc(-c7ccc(N8C(=O)c9ccc(C(=O)c%10ccc%11c(c%10)C(=O)N(*)C%11=O)cc9C8=O)cc7)cc6C(F)(F)F)c5)c5ccccc5C(=O)N4c4ccccc4)cc3)c(C(F)(F)F)c2)cc1,27.5645161290323
*c1ccc(-c2nc3cc(C(c4ccc5oc(-c6ccc(C(*)(C(F)(F)F)C(F)(F)F)cc6)nc5c4)(C(F)(F)F)C(F)(F)F)ccc3o2)cc1,24.591542527631
*Nc1ccc(C(c2ccc(NC(=O)c3cccc(C(*)=O)c3)cc2)(C(F)(F)F)C(F)(F)F)cc1,46.969696969697
*C1C2CC(C)C(C2)C1*,13.0792079207921
*c1ccc(C(c2ccc(-c3nc4cc(-c5ccc6[nH]c(*)nc6c5)ccc4[nH]3)cc2)(C(F)(F)F)C(F)(F)F)cc1,41.5714285714286
*C(=C(*)c1ccc2c(c1)C(C)(C)c1ccccc1-2)c1ccc(F)c(F)c1,2.16666666666667
*Oc1c(Br)cc(C(C)(C)c2cc(Br)c(OC(*)=O)c(Br)c2)cc1Br,35.0
*c1ccc(C(=C(Cl)Cl)c2ccc(*)cc2)cc1,24.3478260869565
*OC1OC(COCC)C(*)C(O)C1OCC,9.81767955801105
*Oc1c(C)cc(C(C)(C)c2cc(C)c(Oc3ccc(C(=O)c4ccc(*)cc4)cc3)c(C)c2)cc1C,18.1818181818182
*O[Si](*)(C)c1ccccc1,6.63888888888889
*c1ccc(Oc2ccc(-c3cccc(-c4ccc(Oc5ccc(N6C(=O)c7ccc(C(c8ccc9c(c8)C(=O)N(*)C9=O)(C(F)(F)F)C(F)(F)F)cc7C6=O)cc5)c(C(F)(F)F)c4)n3)cc2C(F)(F)F)cc1,26.625641025641
*/C(C)=C(/*)C(C)C,3.79310344827586
*c1cccc(NC(=O)C(F)(F)C(F)(F)C(F)(F)C(F)(F)C(F)(F)C(F)(F)C(=O)Nc2cccc(N3C(=O)c4ccc(C(c5ccc6c(c5)C(=O)N(*)C6=O)(C(F)(F)F)C(F)(F)F)cc4C3=O)c2)c1,40.4444444444445
*Oc1ccc(C(C)(C)c2ccc(OC(=O)c3ccc(C(=O)c4ccc5ccccc5c4-c4c(*)ccc5ccccc45)cc3)cc2)cc1,21.0191082802548
*c1ccc2c(c1)C1(CC2(C)C)CC(C)(C)c2ccc(N3C(=O)c4cc5c(cc4C3=O)C3(CC(C)(C)c4cc6c(cc43)C(=O)N(*)C6=O)CC5(C)C)cc21,11.8062015503876
*C(C)=C(*)CCCCCCC,3.45238095238095
*C(C)=C(*)CC(C)C,4.73684210526316
*c1ccc(C(c2ccc(C3=NC4C=C(c5ccc6nc(*)oc6c5)C=CC4O3)cc2)(C(F)(F)F)C(F)(F)F)cc1,24.6357346357346
*CCOC(=O)c1ccc(C(=O)O*)cc1,0.0786666666666667
*c1ccc(-c2ccc(Oc3ccc(C4(c5cccc(Oc6ccc(-c7ccc(N8C(=O)c9ccc(Oc%10ccc(C(C)(C)c%11ccc(Oc%12ccc%13c(c%12)C(=O)N(*)C%13=O)cc%11)cc%10)cc9C8=O)cc7)cc6C(F)(F)F)c5)c5ccccc5C(=O)N4c4ccccc4)cc3)c(C(F)(F)F)c2)cc1,19.7738095238095
*C(C)=C(*)c1ccc([Si](C)(C)C)cc1,4.75
*C(=C(*)c1ccc2c(c1)C1(CC1)c1ccccc1-2)c1ccccc1,2.88265306122449
*Oc1ccc(C(C)(C)c2ccc(OC(=O)c3cccc(C(*)=O)c3)c(C(C)C)c2)cc1C(C)C,16.9180327868852
*Oc1ccc(C(C)(c2ccccc2)c2ccc(Oc3ccc(S(=O)(=O)c4ccc(*)cc4)cc3)cc2)cc1,25.375
*c1cc(C)c(N2C(=O)c3ccc(C(c4ccc5c(c4)C(=O)N(*)C5=O)(C(F)(F)F)C(F)(F)F)cc3C2=O)cc1C,39.9065420560748
*c1cccc(Oc2ccc(C(c3ccc(Oc4cccc(N5C(=O)c6ccc(C(c7ccc8c(c7)C(=O)N(*)C8=O)(C(F)(F)F)C(F)(F)F)cc6C5=O)c4)cc3)(C(F)(F)F)C(F)(F)F)cc2)c1,48.4615384615385
*c1ccc(Oc2c3c(c(ON4C(=O)c5ccc(C(c6ccc7c(c6)C(=O)N(*)C7=O)(C(F)(F)F)C(F)(F)F)cc5C4=O)c4c2C2c5ccccc5C4c4ccccc42)C2c4ccccc4C3c3ccccc32)cc1,29.2
*c1cc(C(c2ccc(O)c(N3C(=O)c4cc5c(cc4C3=O)C3(C)c4ccccc4C5(C)c4cc5c(cc43)C(=O)N(*)C5=O)c2)(C(F)(F)F)C(F)(F)F)ccc1O,61.9469026548673
*c1ccc(Oc2ccc(-c3ccc(-c4ccc(Oc5ccc(N6C(=O)c7ccc(C(c8ccc9c(c8)C(=O)N(*)C9=O)(C(F)(F)F)C(F)(F)F)cc7C6=O)cc5)c(C(F)(F)F)c4)cc3)cc2C(F)(F)F)cc1,27.8319327731092
*CC=C(C)C*,4.80748074807481
*Oc1ccc(C(C)(C)c2cccc(Oc3ccc(S(=O)(=O)c4ccc(*)cc4)cc3)c2)cc1,28.8461538461538
*C1C(*)C2CC1C1C2C([Si](C)(C)C)C1[Si](C)(C)C,3.39759036144578
*/C=C/C1CC(*)CC1[Si](C)(C)C[Si](C)(C)C,7.88235294117647
*Oc1ccc2c(c1)C1(CC2(C)C)CC(C)(C)c2ccc(Oc3ccc4c(c3)C(=O)N(c3cccc(N5C(=O)c6ccc(*)cc6C5=O)c3)C4=O)cc21,29.0322580645161
*N=P(N=P(*)(Cl)Oc1cc(C(C)C)cc(C(C)C)c1)(Oc1cc(C(C)C)cc(C(C)C)c1)Oc1cc(C(C)C)cc(C(C)C)c1,5.4
*N=P(*)(C)c1ccccc1,9.28571428571429
*c1ccc(-c2ccc(Oc3ccc(C4(c5ccc(Oc6ccc(-c7ccc(N8C(=O)c9ccc(Oc%10ccc%11c(c%10)C(=O)N(*)C%11=O)cc9C8=O)cc7)cc6C(F)(F)F)cc5)c5ccccc5-c5ccccc54)cc3)c(C(F)(F)F)c2)cc1,24.9134615384615
*c1c(C)c(C)c(N2C(=O)c3ccc(Oc4cc(C)c(Oc5ccc6c(c5)C(=O)N(*)C6=O)c(C)c4C)cc3C2=O)c(C)c1C,26.3157894736842
*Oc1ccc(C2(c3ccc(Oc4ccc(S(=O)(=O)c5ccc(*)cc5)cc4)cc3)CCCCC2)cc1,25.4
*Oc1ccc(C2(c3ccc(Oc4ccc(S(=O)(=O)c5ccc(*)cc5)cc4)cc3)OC(=O)c3ccccc32)cc1,33.0681818181818
*OCC(*)CCl,12.1765601217656
*c1ccc2c(c1)C(=O)N(c1ccc(*)cc1C(F)(F)F)C2=O,39.3333333333333
*c1ccc2c(c1)c1cc(N3C(=O)c4ccc(C(c5ccc6c(c5)C(=O)N(*)C6=O)(C(F)(F)F)C(F)(F)F)cc4C3=O)ccc1n2CC,32.8155339805825
*C(=C(*)c1ccc(-c2ccc([Si](C)(C)C)cc2)cc1)c1ccccc1,4.88888888888889
*OC(=O)c1ccc(C(=O)Oc2ccc(C3(c4ccc(O*)c(C)c4)OC(=O)c4ccccc43)cc2C)cc1,27.7777777777778
*Oc1ccc(C(C)(C)c2ccc(OC(*)=O)cc2)cc1,11.8998410174881
*Nc1ccc(C(c2ccc(NC(=O)c3ccc(Oc4cc(C(C)(C)C)c(Oc5ccc(C(*)=O)cc5)cc4C(C)(C)C)cc3)cc2)(C(F)(F)F)C(F)(F)F)cc1,25.7142857142857
*c1ccc(*)n1C,31.3636363636364
*c1c(C)cc(-c2cc(C)c(-n3c(=O)c4cc5oc6cc7c(cc6oc5cc4c3=O)C3(C)CCC7(C)c4cc5oc6cc7c(=O)n(*)c(=O)c7cc6oc5cc43)c3ccccc23)c2ccccc12,15.8155335494471
*c1ccc(Oc2ccc(-n3c(=O)c4cc5sc6cc7c(=O)n(*)c(=O)c7cc6sc5cc4c3=O)cc2)cc1,48.7804878048781
*c1ccc(-c2nnc(-c3ccc(-c4nnc(*)n4-c4ccccc4)cc3)n2-c2ccccc2)cc1,57.7777777777778
*c1ccc(C(c2ccc(-c3nc4ccc(-c5ccc6nc(*)oc6c5)cc4o3)cc2)(C(F)(F)F)C(F)(F)F)cc1,25.3251493032515
*N=P(*)(OCC(C)(C)C)OCC(C)(C)C,6.48468708388815
*c1ccc(C)c(N2C(=O)c3ccc(C(c4ccc5c(c4)C(=O)N(*)C5=O)(C(F)(F)F)C(F)(F)F)cc3C2=O)c1,40.3239436619718
*/C=C(/C*)C(=O)OCCOCCOCCOCC,15.5
*c1ccc(NC(=O)C(F)(F)C(F)(F)C(F)(F)C(F)(F)C(F)(F)C(F)(F)C(=O)Nc2ccc(N3C(=O)c4ccc(C(c5ccc6c(c5)C(=O)N(*)C6=O)(C(F)(F)F)C(F)(F)F)cc4C3=O)cc2)cc1,52.4117647058824
*C(=O)c1ccc(C2(c3ccc(C(=O)c4ccc(Oc5ccc(C(=O)c6ccc(C(=O)c7ccc(Oc8ccc(*)cc8)cc7)cc6)cc5)cc4)cc3)OC(=O)c3ccccc32)cc1,31.0144927536232
*Oc1ccc(S(=O)(=O)c2ccc(Oc3ccc(C(C)(C)c4ccc(*)cc4)cc3)cc2)cc1,26.905132192846
*Oc1c(C)cc(C(C)(C)c2cc(C)c(Oc3ccc(S(=O)(=O)c4ccc(*)cc4)cc3)c(C)c2)cc1C,22.1052631578947
*c1ccc2c(c1C)N1Cc3ccc(-n4c(=O)c5cc6oc7cc8c(cc7oc6cc5c4=O)C4(CC(C)(C)c5cc6oc7cc9c(=O)n(*)c(=O)c9cc7oc6cc54)CC8(C)C)c(C)c3N(C2)C1,18.6615384615385
*C=C(*)c1cccc(O[Si](C)(C)C(C)(C)C)c1,4.83333333333333
*Oc1ccc(C(C)(C)c2ccc(OC(=O)c3cccc(C(*)=O)c3)cc2)cc1,18.6373873873874
*Nc1c(C)cc(C(C)(C)c2cc(C)c(NC(=O)c3ccc(Oc4cc(C(C)(C)C)c(Oc5ccc(C(*)=O)cc5)cc4C(C)(C)C)cc3)c(C)c2)cc1C,19.1964285714286
*Oc1ccc(Cc2ccc(Oc3c(F)c(F)c(COC(c4cccc(C(OCc5c(F)c(F)c(*)c(F)c5F)(C(F)(F)F)C(F)(F)F)c4)(C(F)(F)F)C(F)(F)F)c(F)c3F)cc2)cc1,23.030303030303
*c1ccc(Oc2ccc(N3C(=O)c4cc5c(cc4C3=O)S(=O)(=O)c3cc4c(cc3S5(=O)=O)C(=O)N(*)C4=O)cc2)cc1,53.3333333333333
*c1ccc(Cc2ccc(N3C(=O)c4ccc(C(c5ccc6c(c5)C(=O)N(*)C6=O)(C(F)(F)F)C(F)(F)F)cc4C3=O)cc2)cc1,46.0188933873144
*c1cc(C(c2ccc(O)c(N3C(=O)c4ccc(C(=O)c5ccc6c(c5)C(=O)N(*)C6=O)cc4C3=O)c2)(C(F)(F)F)C(F)(F)F)ccc1O,70.0
*Oc1ccc(-c2ccc(-c3ccc(OC(=O)c4cccc(C(*)=O)c4)cc3)c3c2C(=O)OC3(C)C)cc1,40.3592814371257
*Oc1c(C)cc(C(C)(C)c2cc(C)c(OC(=O)c3ccc(C(*)=O)cc3)c(C)c2)cc1C,3.56060606060606
*Oc1cccc2c(Oc3ccc(S(=O)(=O)c4ccc(*)cc4)cc3)cccc12,44.1988950276244
*c1ccc(-c2ccc(Oc3ccc4c(c3)C(C)(c3ccc(Oc5ccc(-c6ccc(N7C(=O)c8ccc(Oc9ccc(C(C)(C)c%10ccc(Oc%11ccc%12c(c%11)C(=O)N(*)C%12=O)cc%10)cc9)cc8C7=O)cc6)cc5C(F)(F)F)cc3)CC4(C)C)c(C(F)(F)F)c2)cc1,28.5869565217391
*c1ccc(Cc2ccc(N3C(=O)c4ccc(C(c5ccc6c(c5)C(=O)N(*)C6=O)(C(F)(F)F)C(F)(F)F)cc4C3=O)c(C)c2)cc1C,44.1919191919192
*c1ccc(-c2ccc(Oc3ccc4c(c3)C(C)(c3ccc(Oc5ccc(-c6ccc(N7C(=O)c8ccc(C(=O)c9ccc%10c(c9)C(=O)N(*)C%10=O)cc8C7=O)cc6)cc5C(F)(F)F)cc3)CC4(C)C)c(C(F)(F)F)c2)cc1,38.8636363636364
*c1cccc(N2C(=O)c3ccc(C(c4ccc5c(c4)C(=O)N(*)C5=O)(C(F)(F)F)C(F)(F)F)cc3C2=O)c1,57.7523553162853
*C(=C(*)c1ccc2c(c1)CCC2)c1ccccc1,6.5
*C=C(*)[Si](C)(C)C,10.3225806451613
*c1ccc(-c2ccc(C(*)(c3ccccc3)C(F)(F)F)cc2)cc1,16.6
*N=P(*)(OCC(F)(F)F)OCC(F)(F)F,10.5155074790839
*c1ccc(N(c2ccccc2)c2ccc(N3C(=O)c4ccc(-c5ccc6c(c5)C(=O)N(*)C6=O)cc4C3=O)cc2)cc1,28.4848484848485
*C1C(*)C2CC1C1CC([Si](O[Si](C)(C)C)(O[Si](C)(C)C)O[Si](C)(C)C)C21,3.216
*c1ccc(-c2ccc(-n3c(=O)c4cc5oc6cc7c(cc6oc5cc4c3=O)C3(CC(C)(C)c4cc5oc6cc8c(=O)n(*)c(=O)c8cc6oc5cc43)CC7(C)C)cc2C(F)(F)F)c(C(F)(F)F)c1,21.0
*C(F)(F)C1(F)OC(F)(F)C(F)(F)C1(F)C(*)(F)F,17.5
*c1c(C)cc(-c2cc(C)c(-n3c(=O)c4cc5oc6cc7c(cc6oc5cc4c3=O)C3(CC(C)(C)c4cc5oc6cc8c(=O)n(*)c(=O)c8cc6oc5cc43)CC7(C)C)c3ccccc23)c2ccccc12,13.8837209302326
*c1ccc(-c2ccc(Oc3ccc(C4(c5cccc(Oc6ccc(-c7ccc(N8C(=O)c9ccc(C(c%10ccc%11c(c%10)C(=O)N(*)C%11=O)(C(F)(F)F)C(F)(F)F)cc9C8=O)cc7)cc6C(F)(F)F)c5)c5ccccc5C(=O)N4c4ccccc4)cc3)c(C(F)(F)F)c2)cc1,53.3168316831683
*Oc1c(C)cc(C(C)(C)c2cc(C)c(OC(=O)c3cccc(C(*)=O)c3)c(C)c2)cc1C,35.9281437125749
*c1cc(C(c2ccc(O)c(-n3c(=O)c4cc5c(=O)n(*)c(=O)c5cc4c3=O)c2)(C(F)(F)F)C(F)(F)F)ccc1O,123.75
*CC(*)(C)c1ccccc1,21.4285714285714
*Oc1c(Br)cc(C(C)(C)c2cc(Br)c(OC(=O)c3cccc(C(*)=O)c3)c(Br)c2)cc1Br,34.7183098591549
*c1ccc2cc(-c3nc4cc(C(c5ccc6oc(*)nc6c5)(C(F)(F)F)C(F)(F)F)ccc4o3)ccc2c1,48.4536082474227
*Oc1ccc(C(C)(C)c2ccc(OCCCC(*)O)cc2)cc1,25.0
*CC(*)c1ccc([Si](C)(C)CCC(F)(F)F)cc1,12.9090909090909
*c1cc2c(cc1C)-c1cc(C)c(N3C(=O)c4ccc(-c5ccc6c(c5)C(=O)N(*)C6=O)cc4C3=O)cc1S2(=O)=O,53.7634408602151
*c1ccc(-c2ccc(N3C(=O)c4ccc(C(c5ccc6c(c5)C(=O)N(*)C6=O)(C(F)(F)F)C(F)(F)F)cc4C3=O)c(C)c2)cc1C,51.2048192771084
*c1ccc(Cc2ccc(N3C(=O)c4ccc(Oc5ccc(Oc6ccc7c(c6)C(=O)N(*)C7=O)cc5)cc4C3=O)cc2C)c(C)c1,72.2488038277512
*c1ccc(Cc2ccc(N3C(=O)c4ccc(-c5ccc6c(c5)C(=O)N(*)C6=O)cc4C3=O)c(C)c2)cc1C,50.7194244604317
*CC(*)c1ccncc1,23.1538461538462
*N=P(*)(Oc1cccc(C(C)(C)C)c1)Oc1cccc(C(C)(C)C)c1,10.0
*Oc1ccc(C(C)(CC(C)C)c2ccc(OC(=O)c3cccc(C(*)=O)c3)cc2)cc1,26.0655737704918
*c1ccc(-c2ccc(N3C(=O)c4ccc(C(c5ccc6c(c5)C(=O)N(*)C6=O)(C(F)(F)F)C(F)(F)F)cc4C3=O)c(OC(C)=O)c2)cc1OC(C)=O,38.5232744783307
*c1cc(C)c(Cc2cc(C)c(N3C(=O)c4ccc(Oc5ccc(Oc6ccc7c(c6)C(=O)N(*)C7=O)cc5)cc4C3=O)cc2C)cc1C,57.1428571428571
*Oc1c(Br)cc(C2(c3cc(Br)c(OC(=O)c4cccc(C(*)=O)c4)c(Br)c3)OC(=O)c3ccccc32)cc1Br,40.4854368932039
*c1cc(C)c(C)c(N2C(=O)c3ccc(Oc4ccc(C)cc4Oc4ccc5c(c4)C(=O)N(*)C5=O)cc3C2=O)c1C,38.5964912280702
*Oc1ccc(C2(c3ccc(Oc4ccc(S(=O)(=O)c5ccc(*)cc5)cc4)c(C)c3)OC(=O)c3ccccc32)cc1C,42.9160935350757
*Nc1cccc(S(=O)(=O)c2cccc(NC(=O)c3ccc4c(c3)C(C)(C)CC4(C)c3ccc(C(*)=O)cc3)c2)c1,55.0
*=CC1CC(C=*)C([Si](C)(C)C)C1,8.75627240143369
*CC(*)OC(=O)c1cccc(C)c1,18.0508474576271
*c1ccc2c(c1)C1c3cc(N4C(=O)c5ccc(C(c6ccc7c(c6)C(=O)N(*)C7=O)(C(F)(F)F)C(F)(F)F)cc5C4=O)ccc3C2c2cc3ccccc3cc21,29.8387096774194
*C(=C(*)c1ccc2c(c1)C(C)(C)CC2(C)C)c1ccc(Br)cc1,1.46428571428571
*c1c(C)cc(-c2cc(C)c(-c3cc(C)c(N4C(=O)c5ccc(C(c6ccc7c(c6)C(=O)N(*)C7=O)(C(F)(F)F)C(F)(F)F)cc5C4=O)c(C)c3)cc2C)cc1C,19.0243902439024
*c1c(C)c(C)c(N2C(=O)c3ccc(Oc4cc(C(C)(C)C)ccc4Oc4ccc5c(c4)C(=O)N(*)C5=O)cc3C2=O)c(C)c1C,22.9032258064516
*C(=C(*)c1ccc2c(c1)C(C)(C)CC2(C)C)c1ccc(C)cc1,1.67326732673267
*Nc1ccc(C2(c3ccc(NC(=O)c4cccc(C(*)=O)c4)cc3)c3ccccc3-c3ccccc32)cc1,41.40625
*Oc1ccc(C(=C(Cl)Cl)c2ccc(OC(*)=O)cc2)cc1,23.9410681399632
*C(=C(*)c1cccc(O[Si](C)(C)C(C)(C)C)c1)c1ccc([Si](C)(C)C)cc1,2.63636363636364
*Oc1ccc(S(=O)(=O)c2ccc(Oc3ccc(C(C)(C)c4ccc(C(C)(C)c5ccc(*)cc5)cc4)cc3)cc2)cc1,20.0
*C(C)=C(*)[Si](C)(C)CCC,5.22727272727273
*Nc1ccc(C(c2ccc(NC(=O)c3ccc4c(c3)C(C)(C)CC4(C)c3ccc(C(*)=O)cc3)cc2)(C(F)(F)F)C(F)(F)F)cc1,38.7912087912088
*C(C)=C(*)CCC(C)C,3.48214285714286
*c1c(C)c(C)c(N2C(=O)c3ccc(Oc4ccc(C)cc4Oc4ccc5c(c4)C(=O)N(*)C5=O)cc3C2=O)c(C)c1C,42.5531914893617
*N=P(*)(OCCCC)OCCCC,3.30102040816327
*c1c(C)cc(-c2cc(C)c(N3C(=O)c4cc5c(cc4C3=O)C3(C(C)C)c4ccccc4C5(C(C)C)c4cc5c(cc43)C(=O)N(*)C5=O)c3ccccc23)c2ccccc12,15.1655405405405
*c1ccc(NC(=O)C(F)(F)C(F)(F)C(F)(F)C(F)(F)C(=O)Nc2ccc(N3C(=O)c4ccc(C(c5ccc6c(c5)C(=O)N(*)C6=O)(C(F)(F)F)C(F)(F)F)cc4C3=O)cc2)cc1,47.6666666666667
*=CC1CC(C=*)C2C(=O)N(C3CCCCC3)C(=O)C12,17.06875
*C(=C(*)c1ccc2c(c1)C1(CC1)c1ccccc1-2)c1ccc([Si](C)(C)C)cc1,2.73333333333333
*/C=C/C1CC(*)CC1[Si](C)(C)C,5.23529411764706
*c1cccc(NC(=O)C(F)(F)C(F)(F)C(F)(F)C(F)(F)C(=O)Nc2cccc(N3C(=O)c4ccc(C(c5ccc6c(c5)C(=O)N(*)C6=O)(C(F)(F)F)C(F)(F)F)cc4C3=O)c2)c1,41.5
*C(=C(*)c1ccc2c(c1)C(C)(C)c1ccccc1-2)c1ccc(C(C)(C)C)cc1,1.66666666666667
*Oc1ccc(S(=O)(=O)c2ccc(Oc3ccc(C4(c5ccc(*)cc5)c5ccccc5-c5ccccc54)cc3)cc2)cc1,25.9887005649718
*c1cc2c(c(N3C(=O)c4ccc(-c5ccc6c(c5)C(=O)N(*)C6=O)cc4C3=O)c1C)C(C)(C)CC2,13.765690376569
*C(F)(F)C(F)(F)C(F)(OC(F)(F)C(F)(OC(F)(F)C(F)(F)S(=O)(=O)O)C(*)(F)F)C(F)(F)C(F)(F)C(F)(F)F,23.8235294117647
*OC(=O)Oc1ccc2c(c1)CC(C)(C)C21Cc2cc(*)ccc2C1(C)C,150.0
*c1cccc(C(c2cccc(N3C(=O)c4ccc(C(=O)c5ccc6c(c5)C(=O)N(*)C6=O)cc4C3=O)c2)(C(F)(F)F)C(F)(F)F)c1,75.0
*c1c(C)cc(Cc2cc(C)c(N3C(=O)c4ccc(C(c5ccc6c(c5)C(=O)N(*)C6=O)(C(F)(F)F)C(F)(F)F)cc4C3=O)c(C)c2)cc1C,30.2758620689655
*Oc1ccc(C(C)(C)c2cccc(C(C)(C)c3ccc(Oc4ccc(S(=O)(=O)c5ccc(*)cc5)cc4)cc3)c2)cc1,25.4545454545455
*=CC1OC(C=*)C2C(=O)N(c3c(F)c(F)c(F)c(F)c3F)C(=O)C12,14.424778761062
*Oc1ccc(C(c2ccc(OC(=O)c3cccc(C(*)=O)c3)cc2)(C(F)(F)F)C(F)(F)F)cc1,21.1514392991239
*c1c(C)cc2c(c1C)CN1CN2Cc2c1cc(C)c(-n1c(=O)c3cc4c(=O)n(*)c(=O)c4cc3c1=O)c2C,12.2003968253968
*c1ccc(Oc2ccc(C(c3ccc(Oc4ccc(-n5c(=O)c6cc7c(=O)n(*)c(=O)c7cc6c5=O)cc4)cc3)(C(F)(F)F)C(F)(F)F)cc2)cc1,30.3387334315169
*CCCCCC(=O)O*,10.7006369426752
*c1ccc2c(c1)C(=O)N(c1ccc(Oc3ccc(N4C(=O)c5ccc(*)cc5C4=O)cc3)cc1)C2=O,90.0
*c1cc2c(cc1C)-c1cc(C)c(N3C(=O)c4ccc(C(c5ccc6c(c5)C(=O)N(*)C6=O)(C(F)(F)F)C(F)(F)F)cc4C3=O)cc1S2(=O)=O,36.5437788018433
*Oc1ccc(C(c2ccc(OC(=O)c3cc(C(*)=O)cc(C(C)(C)C)c3)cc2)(C(F)(F)F)C(F)(F)F)cc1,17.5888568683958
*Oc1ccc(C(=O)c2ccc(Oc3ccc(*)cc3)cc2)cc1,30.9646302250804
*c1ccc(-c2ccc(-c3ccc(C(*)(c4ccccc4)C(F)(F)F)cc3)cc2)cc1,16.9230769230769
*c1ccc2c(c1)C1c3ccccc3C2c2ccc(N3C(=O)c4ccc(C(c5ccc6c(c5)C(=O)N(*)C6=O)(C(F)(F)F)C(F)(F)F)cc4C3=O)cc21,37.6271186440678
*CC=C(Cl)C*,7.82012195121951
*OC1OC(COC(C)=O)C(*)C(O)C1OC(C)=O,29.0731707317073
*c1ccc(Oc2ccc(C(c3ccc(Oc4ccc(N5C(=O)c6ccc(C(c7ccc8c(c7)C(=O)N(*)C8=O)(C(F)(F)F)C(F)(F)F)cc6C5=O)cc4)cc3)(C(F)(F)F)C(F)(F)F)cc2)cc1,37.0779220779221
*C(C)=C(*)c1ccccc1,17.0384615384615
*C=C(C*)C(=O)OCCOCCOCC,11.6666666666667
*C(=C(*)c1ccc2c(c1)C(C)(C)c1cc([Si](C)(C)C)ccc1-2)c1ccccc1,1.8
*CC(*)c1ccccc1,16.4830508474576
*Nc1ccc(C(C)(C)c2ccc(NC(=O)c3ccc(Oc4cc(C(C)(C)C)c(Oc5ccc(C(*)=O)cc5)cc4C(C)(C)C)cc3)cc2)cc1,27.6595744680851
*c1ccc(Sc2ccc(N3C(=O)c4ccc(-c5ccc6c(c5)C(=O)N(*)C6=O)cc4C3=O)cc2)cc1,47.1951219512195
*Oc1c(C)cc(C(C)(C)c2ccc(Oc3ccc(S(=O)(=O)c4ccc(*)cc4)cc3)cc2)cc1C,30.0
*c1ccc(C(C)(C)c2ccc(-n3c(=O)c4cc5c(=O)n(*)c(=O)c5cc4c3=O)cc2)cc1,29.7666666666667
*C(=C(*)c1ccc2c(ccc3ccccc32)c1)c1ccc([Si](C)(C)C)cc1,4.2
*Oc1ccc(S(=O)(=O)c2ccc(Oc3ccc(C(C)(C)c4cccc(C(C)(C)c5ccc(*)cc5)c4)cc3)cc2)cc1,25.0
*Oc1ccc(C(C)(C)c2ccc(OC(=O)c3cc(C(*)=O)cc(C(C)(C)C)c3)cc2)cc1,16.9230769230769
*c1ccc(-c2cc(C)c(-c3ccc(*)cc3C)cc2C)c(C)c1,36.3636363636364
*c1cccc(-c2nc3cc(C(c4ccc5oc(*)nc5c4)(C(F)(F)F)C(F)(F)F)ccc3o2)c1,46.0
*c1c(C)c(C)c(N2C(=O)c3cc4c(cc3C2=O)C2(CC(C)(C)c3cc5c(cc32)C(=O)N(*)C5=O)CC4(C)C)c(C)c1C,10.1025641025641
*C(=C(*)c1ccc2c(c1)C(C)(C)c1ccccc1-2)c1cccc(F)c1,1.63636363636364
*Oc1ccc(C2(c3ccc(OC(=O)c4cccc(C(*)=O)c4)cc3)OC(=O)c3ccccc32)cc1C(C)(C)C,20.5172413793103
*C(Cl)=C(*)c1ccccc1,23.4615384615385
*Oc1ccc(Oc2cccc(*)c2C#N)c(-c2cccc(C)c2)c1,38.0
*Oc1ccc(S(=O)(=O)c2ccc(Oc3c(C)cc(C(C)(C)c4ccc(C(C)(C)c5cc(C)c(*)c(C)c5)cc4)cc3C)cc2)cc1,22.0
*Oc1ccc(S(=O)(=O)c2ccc(-c3ccc(S(=O)(=O)c4ccc(Oc5ccc(C(C)(C)c6ccc(*)cc6)cc5)cc4)cc3)cc2)cc1,21.6
*Oc1c(C)cc(-c2cc(C)c(Oc3ccc(S(=O)(=O)c4ccc(*)cc4)cc3)c(C)c2)cc1C,25.0196695515342
*C(=C(*)c1ccc(-c2ccc(C(C)(C)C)cc2)cc1)c1ccccc1,6.42105263157895
*c1ccc(C(C)(C)c2ccc(N3C(=O)c4ccc(C(c5ccc6c(c5)C(=O)N(*)C6=O)(C(F)(F)F)C(F)(F)F)cc4C3=O)cc2)cc1,42.8571428571429
*c1c(C)cc(C)c(N2C(=O)c3ccc(C(=O)c4ccc5c(c4)C(=O)N(*)C5=O)cc3C2=O)c1C,24.72
*Oc1ccc(C(c2ccc(Oc3c(F)c(F)c(COC(c4cccc(C(OCc5c(F)c(F)c(*)c(F)c5F)(C(F)(F)F)C(F)(F)F)c4)(C(F)(F)F)C(F)(F)F)c(F)c3F)cc2)(C(F)(F)F)C(F)(F)F)cc1,21.8181818181818
*O[Si](*)(C)CCC,2.80701754385965
*Oc1c(C)cc(C(C)(C)c2cc(C)c(OC(=O)c3cccc(C(*)=O)c3)c(Br)c2)cc1Br,36.0927152317881
*c1ccc(Oc2ccc(C(c3ccc(Oc4ccc(N5C(=O)c6ccc(C(=O)c7ccc8c(c7)C(=O)N(*)C8=O)cc6C5=O)cc4)cc3)(C(F)(F)F)C(F)(F)F)cc2)cc1,44.4285714285714
*c1ccc(N(c2ccc(N3C(=O)c4ccc(C(c5ccc6c(c5)C(=O)N(*)C6=O)(C(F)(F)F)C(F)(F)F)cc4C3=O)cc2)c2ccc(N(c3ccc(OC)cc3)c3ccc(OC)cc3)cc2)cc1,32.425
*C1C2CCC(C2)C1*,12.9230769230769
*Oc1ccc(C2(c3ccc(OC(=O)c4cccc(C(*)=O)c4)cc3)c3ccccc3-c3ccccc32)cc1,22.0277920741122
*c1ccc(Cc2ccc(N3C(=O)c4ccc(-c5ccc6c(c5)C(=O)N(*)C6=O)cc4C3=O)cc2Br)c(Br)c1,58.3333333333333
*Oc1c(C)cc(Cc2cc(C)c(Oc3ccc(S(=O)(=O)c4ccc(*)cc4)cc3)c(C)c2)cc1C,25.9965337954939
*c1ccc(C(c2ccc(N3C(=O)c4ccc(C(c5ccc6c(c5)C(=O)N(*)C6=O)(C(F)(F)F)C(F)(F)F)cc4C3=O)cc2)(C(F)(F)F)C(F)(F)F)cc1,38.8241131232945
*C(C)=C(*)SCCCC,1.79775280898876
