SMILES,Eea
*Cc1ccc(C(=O)O*)cc1,2.2574
*Nc1ccc(*)cc1,0.9827
*CNCC(*)=O,1.6269
*Oc1ccc(C(=S)c2ccc(*)s2)s1,3.4574
*c1ccc(-c2ccc(C(=S)c3ccc(*)s3)s2)cc1,3.6267
*CC(=O)c1ccc(-c2ccc(*)cc2)cc1,2.336
*CCO*,0.3936
*CCON*,0.6058
*Cc1ccc(CO*)s1,1.4146
*CC(=O)c1ccc(C(*)=S)cc1,3.7473
*CCCOC(=O)CCCCCCCCOC(=O)CCCOC(=O)CCCCCCCCOC(*)=O,0.7602
*c1cccc(*)n1,2.2143
*NC(=O)c1ccc(O*)cc1,2.0709
*CC(=O)CC(*)=S,3.0632
*Oc1ccc(-c2ccc(-c3ccc(*)cc3)s2)cc1,1.8588
*Cc1ccc(OC(*)=S)s1,2.3956
*CC(=O)Nc1ccc(*)cc1,1.369
*NC(=S)OC(*)=S,4.0637
*CC(=O)O*,1.2063
*CC(=O)c1ccc(C(*)=O)cc1,2.7979
*NC(=S)NO*,2.2894
*Cc1ccc(C(=S)O*)s1,2.9654
*NC(=S)Nc1ccc(NC(=S)Nc2ccc(Oc3ccc(*)cc3)cc2)cc1,2.2298
*NC(=S)Nc1ccc(Cc2ccc(*)cc2)cc1,1.379
*OC(=O)c1ccc(C(*)=O)s1,3.3779
*CNCCCOCO*,0.6155
*CO*,0.9897
*CC(*)(F)F,1.1415
*c1ccc(-c2ccc(C(F)(F)C(*)(F)F)s2)s1,2.7568
*CCC(=O)OC(=O)Cc1ccc(-c2ccc(*)cc2)cc1,1.5387
*Nc1ccc(Oc2ccc(*)s2)s1,1.1067
*NOC(F)(F)C(*)(F)F,0.9509
*c1ccc(-c2ccc(-c3ccc(-c4ccc(*)s4)s3)s2)cc1,2.752
*C(=S)C(F)(F)CC(*)(F)F,4.3183
*NC(=S)c1ccc(O*)cc1,2.5935
*Cc1ccc(Cc2ccc(*)s2)s1,1.174
*OC(=O)C(=S)C(*)=O,5.1004
*Cc1ccc(C(=O)c2ccc(*)s2)s1,2.8498
*CNCCNC(=O)OC*,0.5903
*c1ccc(C(=S)c2ccc(-c3ccc(*)s3)s2)cc1,3.54
*C(=O)c1ccc(-c2ccc(C(*)=S)cc2)cc1,3.6994
*CNc1ccc(O*)cc1,0.7695
*OCCC(=O)CC(=O)Oc1ccc(*)cc1,2.0323
*CC(=S)C(=O)O*,3.8755
*CC(O*)C(F)(F)F,0.7546
*Cc1ccc(NC(*)=S)s1,2.0497
*NC(=O)c1ccc(-c2ccc(*)s2)cc1,2.1302
*CC(=O)OC(*)=S,3.1169
*CCCCCOC(=O)Nc1ccc(C)c(NC(=O)O*)c1,0.9199
*Nc1ccc(Nc2ccc(*)s2)cc1,1.0698
*NC(=S)C(=O)O*,4.0646
*CCOC(=O)c1ccc(C(=O)O*)cc1,2.2723
*c1ccc(-c2ccc(C(F)(F)C(*)(F)F)cc2)s1,2.4773
*C(=O)c1ccc(-c2ccc(-c3ccc(*)s3)s2)s1,3.453
*c1ccc(-c2ccc(Oc3ccc(*)s3)s2)cc1,2.1082
*NOC(=O)O*,1.6985
*NC(=O)c1ccc(O*)s1,2.2174
*C(=O)c1ccc(NC(=S)Oc2ccc(Nc3ccc(*)s3)s2)s1,2.7059
*Oc1ccc(OC(*)=O)s1,1.7594
*OC(=S)Oc1ccc(*)cc1,1.8722
*OC(F)(F)c1ccc(C(*)(F)F)s1,2.3901
*Cc1ccc(CC(*)=S)s1,2.588
*C(=S)c1ccc(-c2ccc(-c3ccc(*)cc3)cc2)cc1,3.0264
*c1ccc(-c2nc3cc4nc(*)oc4cc3o2)cc1,3.0398
*Cc1ccc(-c2ccc(-c3ccc(*)s3)s2)cc1,1.9547
*CCc1ccc(C(*)=S)cc1,3.1161
*CCc1ccc(O*)cc1,0.7536
*c1ccc(-c2ccc(-c3ccc(-c4ccc(*)s4)cc3)cc2)cc1,2.2963
*CNc1ccc(C(*)=O)s1,2.2797
*Cc1ccc(C*)cc1,0.8499
*NC(=O)OC(*)=S,3.7701
*CNC(=O)C(*)=S,4.0732
*CNOC(*)=S,2.5
*Cc1ccc(-c2ccc(C(*)=S)s2)s1,3.2587
*CCCc1ccc(*)s1,0.9489
*C(=S)c1ccc(C(F)(F)C(*)(F)F)s1,4.1828
*CNCNC(=O)NC(=O)N*,0.7092
*Oc1ccc(-c2ccc(-c3ccc(*)cc3)cc2)cc1,1.6576
*CCCCCCC(=O)N*,0.6934
*C(=S)c1ccc(C(=S)c2ccc(*)cc2)cc1,2.9311
*CCCCCS*,0.5118
*C(=O)c1ccc(C(=O)c2ccc(*)s2)cc1,3.6543
*NCCCNC(=O)NC(*)=O,0.6578
*Cc1ccc(-c2ccc(-c3ccc(*)cc3)cc2)cc1,1.7487
*C(=O)C(F)(F)CC(*)(F)F,3.352
*Oc1ccc(C(F)(F)C(*)(F)F)cc1,1.7411
*OC(F)(F)NC(*)(F)F,0.9184
*NC(=S)Nc1ccc(*)cc1,2.0356
*C(=O)c1ccc(OC(*)=S)s1,3.2522
*CNC(=S)c1ccc(*)s1,2.3974
*CCCN*,0.5296
*C(=S)C(F)(F)c1ccc(C(*)(F)F)s1,4.1531
*Oc1ccc(-c2ccc(C(*)=O)s2)s1,2.952
*NC(=O)C(=S)C(*)=O,5.1781
*Cc1ccc(C(=O)N*)cc1,1.8315
*Oc1ccc(-c2ccc(C(*)=O)cc2)cc1,2.4015
*CC(*)C,0.4343
*Cc1ccc(Nc2ccc(*)s2)cc1,0.9705
*CCOC(=O)CCCCCCC(=O)O*,0.8924
*CC(=O)C(=S)C(*)=O,4.8698
*CCc1ccc(C(*)=S)s1,3.3272
*CCc1ccc(-c2ccc(*)s2)cc1,1.6982
*CC(=O)Cc1ccc(*)cc1,1.8209
*OC(=S)c1ccc(C(*)=O)cc1,3.4955
*c1ccc(C(F)(F)c2ccc(C(*)(F)F)s2)s1,2.5399
*C(=O)c1ccc(-c2ccc(C(*)=S)cc2)s1,3.7335
*C(=O)CC(F)(F)C(*)(F)F,2.8445
*Nc1ccc(C(=O)O*)cc1,2.5642
*Nc1ccc(Oc2ccc(*)s2)cc1,1.1598
*C(=O)c1ccc(C(=S)c2ccc(*)cc2)cc1,2.9183
*NC(=S)NC(*)=S,4.2115
*NC(=O)NC(*)=O,2.041
*CNCO*,0.7624
*C(=O)c1ccc(C(=O)C(*)=S)cc1,3.783
*CCOCCOC(=O)O*,0.4954
*Nc1ccc(OC(*)=S)cc1,2.1606
*C(=S)OC(=S)c1ccc(*)cc1,3.7508
*C(=O)c1ccc(-c2ccc(C(*)=S)s2)cc1,3.8058
*COCOCCCO*,0.6927
*COc1ccc(O*)s1,0.8857
*Nc1ccc(C(=O)c2ccc(*)s2)cc1,2.4618
*CC(=O)c1ccc(O*)s1,2.4711
*c1ccc(-c2ccc(-c3ccc(-c4ccc(*)s4)s3)cc2)cc1,2.6224
*CNC(=O)ONC(=O)NO*,1.4002
*c1ccc(C(F)(F)c2ccc(C(*)(F)F)cc2)cc1,2.0599
*Nc1ccc(-c2ccc(-c3ccc(*)s3)cc2)s1,2.0751
*NC(=S)c1ccc(O*)s1,2.8874
*CNC(=S)C(*)=O,3.7481
*CCC(=O)O*,0.7562
*C(=O)c1ccc(C(=S)c2ccc(*)s2)cc1,3.9759
*Nc1ccc(-c2ccc(-c3ccc(*)cc3)s2)cc1,1.9491
*c1ccc(NC(F)(F)C(*)(F)F)cc1,1.524
*NC(=O)Nc1ccc(*)s1,1.6045
*NC(=O)NC(=O)c1ccc(C(=S)c2ccc(-c3ccc(*)s3)s2)s1,2.9241
*Nc1ccc(-c2ccc(C(*)=S)cc2)cc1,2.5787
*C(=S)CC(F)(F)C(*)(F)F,3.5657
*Cc1ccc(-c2ccc(C(*)=S)s2)cc1,3.0651
*C(=O)C(F)(F)C(=O)C(*)(F)F,4.1382
*NC(=O)c1ccc(-c2ccc(*)cc2)cc1,2.3815
*Nc1ccc(C(=S)c2ccc(*)s2)s1,3.5786
*C(=S)C(F)(F)c1ccc(C(*)(F)F)cc1,4.0037
*CCNC(*)=S,1.6837
*CNC(=S)c1ccc(*)cc1,2.3012
*Oc1ccc(C(=S)c2ccc(*)cc2)s1,3.2177
*NC(=O)c1ccc(C(*)=S)cc1,3.4516
*C(=O)c1ccc(-c2ccc(-c3ccc(*)s3)cc2)s1,3.2278
*c1ccc(*)cc1,2.6013
*CNc1ccc(C(*)=S)s1,2.9244
*CNCN*,0.8689
*Cc1ccc(Nc2ccc(*)s2)s1,1.1194
*CC(=O)NC(*)=O,1.5835
*CCNc1ccc(*)s1,0.6915
*CCCCCOCO*,0.5413
*CC(=O)C(=S)c1ccc(*)s1,3.7805
*Cc1ccc(C(=S)c2ccc(*)cc2)cc1,2.874
*CC(=O)CC(*)=O,1.5258
*CCCc1ccc(*)cc1,0.9937
*Oc1ccc(Oc2ccc(*)s2)s1,1.3443
*Nc1ccc(-c2ccc(-c3ccc(*)cc3)cc2)cc1,1.5312
*Cc1ccc(C(=S)O*)cc1,2.8319
*c1ccc(-c2ccc(*)s2)s1,2.9681
*CC(=O)c1ccc(-c2ccc(*)s2)s1,2.8128
*CONC(*)=O,1.2523
*Cc1ccc(Cc2ccc(*)s2)cc1,0.9966
*c1ccc(OC(=S)c2ccc(*)s2)cc1,3.1094
*COc1ccc(O*)cc1,0.9466
*COC(=S)O*,2.0771
*CCC(O*)(C(F)(F)F)C(F)(F)F,0.4911
*Oc1ccc(Cc2ccc(*)cc2)cc1,1.1795
*NC(=O)OC(*)=O,2.561
*CCc1ccc(O*)s1,0.6627
*CCCCOC(=O)c1ccc(C(=O)O*)cc1,2.4936
*OC1C(CO)OC(*)C(O)C1O,0.8344
*COc1ccc(-c2ccc(*)cc2)s1,1.6377
*Oc1ccc(C(=O)c2ccc(*)cc2)cc1,2.4594
*Cc1ccc(C(=O)C(*)=S)s1,3.3428
*Nc1ccc(NC(*)=S)s1,2.2133
*OC(=O)OC(*)=O,2.3361
*Nc1ccc(-c2ccc(C(*)=S)s2)cc1,3.1722
*C(=O)c1ccc(C(=O)c2ccc(*)s2)s1,4.0693
*Nc1ccc(NC(=O)NC(=O)NC(*)=O)s1,1.5146
*Cc1ccc(C(=S)c2ccc(*)s2)cc1,3.0211
*OC(=O)c1ccc(C(*)=O)cc1,3.2451
*OC(=S)Oc1ccc(*)s1,2.5249
*CCNc1ccc(*)cc1,0.6326
*Nc1ccc(-c2ccc(-c3ccc(*)s3)s2)s1,2.2798
*NC(=O)c1ccc(NC(=S)c2ccc(Nc3ccc(*)cc3)cc2)s1,2.5831
*C(=S)C(F)(F)NC(*)(F)F,4.6097
*C(=S)OC(=S)c1ccc(*)s1,4.0075
*OC(=S)C(F)(F)C(*)(F)F,3.6605
*c1ccc(*)s1,2.9681
*C(=O)Oc1ccc(C(*)=S)s1,3.8482
*c1ccc(CC(F)(F)C(*)(F)F)cc1,1.7485
*Cc1ccc(-c2ccc(-c3ccc(*)s3)s2)s1,2.0787
*c1ccc(C(F)(F)NC(*)(F)F)s1,2.4083
*NC(=O)C(=S)c1ccc(*)cc1,3.6154
*CC(=O)c1ccc(O*)cc1,2.3793
*c1ccc(C(F)(F)c2ccc(C(*)(F)F)cc2)s1,2.9023
*OC(F)(F)c1ccc(C(*)(F)F)cc1,2.1427
*Nc1ccc(-c2ccc(C(*)=S)cc2)s1,2.3374
*CNCC(*)=S,2.6857
*Oc1ccc(OC(*)=O)cc1,1.4499
*Cc1ccc(-c2ccc(O*)s2)s1,1.7705
*CC(=O)C(=S)O*,2.8847
*CCOC(=S)NC(=S)c1ccc(N*)cc1,2.6209
*C(=O)c1ccc(C(=O)c2ccc(*)cc2)cc1,2.1866
*CNc1ccc(N*)s1,0.5629
*c1ccc(-c2ccc(C(F)(F)C(*)(F)F)cc2)cc1,2.3351
*OC(=S)c1ccc(-c2ccc(*)cc2)cc1,2.7321
*Cc1ccc(C(=O)c2ccc(*)s2)cc1,2.5375
*CC(=S)NO*,2.2076
*CC(=O)CO*,1.6393
*OC(F)(F)C(=O)C(*)(F)F,3.6501
*c1ccc(C(=O)C(F)(F)C(*)(F)F)cc1,3.4595
*Cc1ccc(-c2ccc(C(*)=S)cc2)cc1,2.7075
*Nc1ccc(C(=O)O*)s1,2.6486
*CCCC(*)=O,1.2346
*CC(=S)c1ccc(C(*)=S)cc1,2.9742
*CCC(=O)N*,1.1904
*CCC(=O)c1ccc(*)cc1,2.3583
*Cc1ccc(Oc2ccc(*)s2)s1,1.2199
*CCCC(*)=S,2.3997
*C(=S)Oc1ccc(-c2ccc(*)s2)s1,3.2944
*CC(=O)NC(*)=S,2.9562
*OCC(F)(F)C(*)(F)F,0.6148
*NC(=O)c1ccc(-c2ccc(*)cc2)s1,2.6235
*Cc1ccc(C(=O)O*)s1,2.358
*CC(=O)Cc1ccc(*)s1,1.6069
*CC(=O)C(=S)c1ccc(*)cc1,3.6382
*C(=S)c1ccc(C(F)(F)C(*)(F)F)cc1,3.9184
*NC(F)(F)NC(*)(F)F,1.6576
*CNOc1ccc(*)cc1,0.891
*Oc1ccc(-c2ccc(C(*)=O)s2)cc1,2.9075
*CNC(=O)NCOCO*,0.7808
*COC(=O)O*,0.7529
*Cc1ccc(NO*)s1,1.3873
*CC(=O)Nc1ccc(*)s1,1.3272
*OC(=O)C(F)(F)C(*)(F)F,2.9195
*CCC(=O)c1ccc(*)s1,2.6933
*C(=O)c1ccc(-c2ccc(-c3ccc(*)cc3)s2)cc1,2.8757
*Oc1ccc(-c2ccc(C(*)=O)cc2)s1,2.3086
*CCC(=S)O*,2.069
*CONO*,0.421
*C(=O)c1ccc(OC(*)=S)cc1,3.2631
*Cc1ccc(-c2ccc(C(*)=S)cc2)s1,2.9754
*CCOCCOC(=O)Nc1ccc(C)c(NC(=O)O*)c1,0.755
*c1ccc(C(=S)c2ccc(C(=S)C(=O)Nc3ccc(-c4ccc(*)s4)cc3)s2)s1,3.9089
*CNOc1ccc(*)s1,1.0659
*Nc1ccc(C(=O)C(*)=S)s1,4.1937
*Nc1ccc(Nc2ccc(*)s2)s1,1.4393
*C(=O)c1ccc(Oc2ccc(*)s2)cc1,2.5289
*CCCCCCNC(=S)Nc1ccc(NC(=S)N*)cc1,1.6869
*Nc1ccc(-c2ccc(C(*)=S)s2)s1,3.3026
*CC(=O)N*,0.7672
*CC(=O)c1ccc(C(*)=O)s1,3.1941
*c1ccc(CC(F)(F)C(*)(F)F)s1,1.8781
*Cc1ccc(CC(*)=S)cc1,2.6743
*Nc1ccc(C(=O)c2ccc(*)s2)s1,3.0129
*OC(F)(F)CC(*)(F)F,0.7292
*C(F)C(*)(F)F,1.524
*CC(=O)c1ccc(-c2ccc(*)s2)cc1,2.4129
*CC(=O)OC(*)=O,2.2158
*NC(=O)NC(*)=S,3.7029
*CNON*,0.9652
*CNc1ccc(O*)s1,0.8203
*Oc1ccc(-c2ccc(-c3ccc(*)cc3)s2)s1,1.7103
*C(=S)c1ccc(-c2ccc(-c3ccc(*)cc3)cc2)s1,3.3959
*CNC(=S)O*,1.5976
*CCCCCC(=O)O*,0.5062
*Cc1ccc(OC(*)=S)cc1,2.2773
*Nc1ccc(NC(=O)NONC(*)=O)s1,1.3385
*CCOC(=O)NCCOCCOCCNC(=O)O*,0.573
*c1ccc(C(F)(F)CC(*)(F)F)cc1,1.9565
*Cc1ccc(-c2ccc(O*)cc2)s1,1.4385
*Oc1ccc(CC(*)=O)cc1,1.5033
*C(=O)c1ccc(Oc2ccc(*)s2)s1,2.882
*C(=O)NC(F)(F)C(*)(F)F,2.4953
*Cc1ccc(Nc2ccc(*)cc2)cc1,0.9546
*Oc1ccc(C(=S)c2ccc(*)cc2)cc1,3.1315
*c1ccc(-c2ccc(-c3ccc(-c4ccc(*)s4)cc3)s2)cc1,2.3385
*Cc1ccc(-c2ccc(-c3ccc(*)s3)cc2)cc1,1.812
*NC(=O)C(=S)O*,4.3681
*Nc1ccc(-c2ccc(-c3ccc(*)s3)cc2)cc1,1.8885
*Nc1ccc(Oc2ccc(*)cc2)cc1,1.1501
*C(=O)C(F)(F)NC(*)(F)F,3.7985
*CNC(=O)c1ccc(*)s1,1.968
*OCC(=S)c1ccc(C(=S)Cc2ccc(-c3ccc(*)cc3)cc2)s1,3.7067
*Nc1ccc(OC(*)=S)s1,2.3032
*C(=O)c1ccc(C(=O)C(*)=S)s1,4.6396
*Cc1ccc(NC(*)=S)cc1,2.0656
*NC(=O)Oc1ccc(*)cc1,1.3447
*Cc1ccc(-c2ccc(-c3ccc(*)s3)cc2)s1,1.9244
*Cc1ccc(C(=O)c2ccc(*)cc2)cc1,2.314
*c1ccc2oc(-c3ccc4nc(*)oc4c3)nc2c1,3.155
*c1ccc(C(=O)C(F)(F)C(*)(F)F)s1,3.7613
*CC(=O)c1ccc(C(*)=S)s1,3.6254
*Cc1ccc(CO*)cc1,1.6106
*CCOC(=O)CCCCC(=O)O*,1.0754
*C(=O)c1ccc(C(=S)c2ccc(*)s2)s1,4.1286
*CC(=S)c1ccc(O*)s1,3.131
*NC(=O)c1ccc(C(*)=S)s1,3.7504
*Cc1ccc(NO*)cc1,0.7333
*Oc1ccc(-c2ccc(-c3ccc(*)cc3)cc2)s1,1.897
*NC(=O)c1ccc(C(*)=O)s1,3.408
*C(=S)c1ccc(-c2ccc(-c3ccc(*)cc3)s2)cc1,3.3503
*CC(CC(CC(*)c1ccccn1)c1ccccn1)c1ccccn1,1.1922
*Oc1ccc(C(F)(F)C(*)(F)F)s1,1.9642
*Nc1ccc(C(=S)c2ccc(*)cc2)cc1,3.0683
*NCC(F)(F)C(*)(F)F,0.6587
*Cc1ccc(C(=O)C(*)=S)cc1,3.3639
*CC(CC(CC(CC(*)c1ccccc1)c1ccccc1)c1ccccc1)c1ccccc1,1.5606
*OC(F)(F)C(=S)C(*)(F)F,4.3264
*CCc1ccc(-c2ccc(*)cc2)cc1,1.482
*C(=S)c1ccc(C(=S)c2ccc(*)cc2)s1,4.1807
*Nc1ccc(C(=O)C(*)=S)cc1,4.0513
*c1ccc(NC(F)(F)C(*)(F)F)s1,1.8646
*C(=O)Oc1ccc(C(*)=S)cc1,3.6938
*Nc1ccc(C(=S)c2ccc(*)cc2)s1,2.9139
*NOC(=O)NCC(=O)NC(*)=O,2.0185
*Cc1ccc(-c2ccc(N*)s2)s1,1.6017
*C(=S)Oc1ccc(-c2ccc(*)cc2)s1,2.8418
*NC(=O)C(=S)c1ccc(*)s1,3.9034
*Oc1ccc(-c2ccc(-c3ccc(*)s3)s2)s1,2.4093
*NC(=O)Oc1ccc(*)s1,1.551
*OC(=S)c1ccc(C(*)=O)s1,4.037
*CCc1ccc(-c2ccc(*)s2)s1,1.9411
*CNCc1ccc(*)s1,1.1612
*CC(=S)c1ccc(O*)cc1,3.1915
*C(=O)c1ccc(-c2ccc(-c3ccc(*)s3)cc2)cc1,3.0595
*CCC(=O)C(*)=S,3.1911
*CNC(=S)N*,1.4813
*Nc1ccc(-c2ccc(-c3ccc(*)s3)s2)cc1,1.6696
*Nc1ccc(-c2ccc(C(*)=O)s2)s1,2.9191
*C(=O)c1ccc(-c2ccc(-c3ccc(*)cc3)cc2)cc1,2.6442
*Cc1ccc(-c2ccc(N*)cc2)cc1,1.1363
*Oc1ccc(Oc2ccc(*)cc2)s1,1.2264
*c1ccc(C(F)(F)CC(*)(F)F)s1,2.025
*CC(*)F,0.874
*c1ccc(C(F)(F)NC(*)(F)F)cc1,2.1641
*C(=S)c1ccc(-c2ccc(-c3ccc(*)s3)s2)s1,3.9365
*C(=S)C(=O)C(F)(F)C(*)(F)F,5.1438
*NC(=O)NO*,1.9635
*Oc1ccc(C(=O)c2ccc(C(=O)NOC(*)=O)s2)cc1,3.5136
*OC(=S)OC(*)=O,3.1486
*Sc1ccc(*)cc1,2.0372
*CC(=O)Oc1ccc(*)s1,1.4534
*C(=O)c1ccc(-c2ccc(-c3ccc(*)s3)s2)cc1,2.775
*CNc1ccc(-c2ccc(*)cc2)s1,1.6671
*C(=O)c1ccc(-c2ccc(C(*)=S)s2)s1,4.1032
*C(=S)C(=O)CCNc1ccc(C(=S)c2ccc(*)cc2)cc1,3.8901
*CC(=O)c1ccc(-c2ccc(*)cc2)s1,2.6784
*CC(=S)CO*,2.5664
*Cc1ccc(-c2ccc(-c3ccc(*)cc3)s2)cc1,1.8331
*Cc1ccc(Oc2ccc(*)s2)cc1,1.0627
*CC(=S)c1ccc(C(*)=S)s1,2.8676
*CNc1ccc(N*)cc1,0.54
*Nc1cccc(C(*)=O)c1,2.356
*NOC(=S)O*,2.7178
*CNCc1ccc(*)cc1,1.2974
*Cc1ccc(C(=S)c2ccc(*)s2)s1,3.3843
*C(=S)NC(F)(F)C(*)(F)F,3.1022
*NC(F)(F)CC(*)(F)F,1.3115
*CCC(F)(F)C(*)(F)F,0.4489
*CC(=S)c1ccc(N*)cc1,3.0309
*CCCO*,0.5672
*Cc1ccc(Cc2ccc(*)cc2)cc1,1.0649
*NCNC(=O)OC(=O)NC(*)=O,1.6859
*CNc1ccc(-c2ccc(*)s2)cc1,1.292
