SMILES,Cp
*Oc1ccc(S(=O)(=O)c2ccc(Oc3ccc(Cc4ccc(*)cc4)cc3)cc2)cc1,2661.595925
*c1cc(C(c2ccc(O)c(-n3c(=O)c4cc5c(=O)n(*)c(=O)c5cc4c3=O)c2)(C(F)(F)F)C(F)(F)F)ccc1O,2231.658635
*/C=C/*,3427.762289
*c1ccc(Oc2ccc(Oc3ccc(N4C(=O)c5ccc(-c6ccc7c(c6)C(=O)N(*)C7=O)cc5C4=O)cc3)c(-c3ccccc3)c2)cc1,2611.661583
*CC(*)c1ccccc1,3341.648963
*CC(*)Cl,2089.430166
*CC(*)C(=O)C(C)C,3862.427978
*Oc1ccc2c(c1)nc1c3cc4c(=O)n5c6cc(*)ccc6nc5c4cc3c(=O)n21,2354.881283
*c1ccc(Oc2ccc(Oc3ccc(N4C(=O)c5ccc(-c6ccc7c(c6)C(=O)N(*)C7=O)cc5C4=O)cc3)cc2)cc1,2600.882778
*CC(*)(CC)C(=O)OCC,3617.10157
*CC(*)OC(=O)c1ccc(OC(=O)CCC)cc1,3243.580272
*c1cccc(Oc2cccc(Oc3cccc(-n4c(=O)c5cc6c(=O)n(*)c(=O)c6cc5c4=O)c3)c2)c1,2461.613152
*CC(*)C(=O)c1ccc(C)c(C)c1,3225.595069
*CC/C=C(/*)C,4105.429818
*CC(*)C(=O)OCCO,3185.566284
*CCCCCCCCCCC(=O)N(*)C,4157.976237
*CC(*)OC(=O)C1CCCC1,3431.808366
*c1ccc(Cc2ccc(N3C(=O)c4ccc(-c5ccc6c(c5)C(=O)N(*)C6=O)cc4C3=O)cc2)cc1,2575.361816
*CC(*)C(=O)Oc1ccccc1C(=O)OC,2801.940827
*Oc1ccc(S(=O)(=O)c2ccc(Oc3ccc(C(C)(C)c4ccc(*)cc4)cc3)c([N+](=O)[O-])c2)cc1[N+](=O)[O-],2497.221732
*c1cccc(P(=O)(c2ccc(C(F)(F)F)cc2)c2cccc(-n3c(=O)c4c(-c5ccc(C(F)(F)F)cc5)c5c(=O)n(*)c(=O)c5c(-c5ccc(C(F)(F)F)cc5)c4c3=O)c2)c1,2242.749545
*Oc1ccc(C(C)(C)c2ccc(OC(=O)CCCCC(*)=O)cc2)cc1,3060.363416
*CCCCCCOC(=O)Nc1ccc(NC(=O)O*)cc1,3163.442855
*C(C)C(*)C,4409.299361
*CC(*)C(=O)OC(F)(C(F)(F)F)C(F)(F)Cl,1884.403649
*c1ccc2c(c1)C(=O)N(c1ccc(Oc3c(C)cc(C(c4cc(C)c(Oc5ccc(N6C(=O)c7ccc(C(*)(C(F)(F)F)C(F)(F)F)cc7C6=O)cc5)c(C)c4)c4cccc5ccccc45)cc3C)cc1)C2=O,2606.411123
*CC(*)CC(CC)CC,4423.215129
*C(=O)c1ccc2c(c1)C(=O)N(c1ccc(-c3ccc(N4C(=O)c5ccc(*)cc5C4=O)cc3)cc1)C2=O,2517.812081
*CC(*)c1ccccc1C(=O)OCC,3275.566753
*CCCCCC(=O)O*,3664.212683
*c1ccc(-c2ccc(N3C(=O)c4ccc(-c5ccc6c(c5)C(=O)N(*)C6=O)cc4C3=O)c(OC)c2)cc1OC,2587.000183
*c1ccc(Oc2ccc(S(=O)(=O)c3ccc(Oc4ccc(N5C(=O)c6ccc(C(c7ccc8c(c7)C(=O)N(*)C8=O)(C(F)(F)F)C(F)(F)F)cc6C5=O)cc4)cc3)cc2)cc1,2288.016806
*CC(*)OCCCl,2907.644053
*OC(C)C(*)=O,2974.963741
*Oc1ccc(OC(=O)c2cc(OCCCCCCCCCCCC)c(C(*)=O)cc2OCCCCCCCCCCCC)cc1,3688.803075
*Nc1ccc(*)cc1,3018.047895
*Oc1ccc(C(CCC)(CCC)c2ccc(OC(*)=O)c(C)c2)cc1C,3262.846074
*c1ccc(Oc2ccc(N3C(=O)c4ccc(Oc5ccc6c(c5)C(=O)N(*)C6=O)cc4C3=O)cc2)cc1,2405.546968
*CC(*)OC(=O)C1(C)CCCCC1,3583.516895
*CCOC(=O)c1cccc2c(C(=O)O*)cccc12,2755.614625
*CC(*)SCCCC,3700.180513
*/C=C/C(C*)C(C)CC,4287.754346
*Oc1ccc2ccc(OC(=O)c3ccccc3/C=C/c3ccc(/C=C/c4ccccc4C(*)=O)cc3)cc2c1,2786.992532
*CC(*)(C)C(=O)Oc1ccc(C#N)cc1,2807.547405
*CCCCN(C)C(=O)c1ccc(C(=O)N(*)C)cc1,3298.824925
*CC(*)c1cccc(F)c1,2988.320841
*CC(*)C(CC)CC,4490.45783
*CC(*)c1ccc(C(=O)c2ccc(OC)cc2)cc1,3028.140726
*CC(*)c1ccccc1COC(C)C,3553.314739
*C(=O)c1ccc2c(c1)C(=O)N(c1cccc(N3C(=O)c4ccc(*)cc4C3=O)c1C)C2=O,2464.388592
*c1ccc(OC(=O)c2ccccc2/C=C/c2ccc(/C=C/c3ccccc3C(=O)Oc3ccc(C4(*)OC(=O)c5ccccc54)cc3)cc2)cc1,2778.691234
*CC(*)c1ccncc1,3213.165825
*CC(*)c1ccc(C(O)CCN(C)C)cc1,3810.623422
*CC(*)C(=O)Oc1cccc(N(C)C)c1,3160.316182
*c1ccc(C)c(N2C(=O)c3ccc(-c4ccc5c(c4)C(=O)N(*)C5=O)cc3C2=O)c1,2517.624035
*c1cccc(N2C(=O)c3ccc(-c4cccc5c4C(=O)N(*)C5=O)cc3C2=O)c1,2427.91753
*C(=O)c1ccc2c(c1)C(=O)N(c1cccc(C(=O)c3cccc(N4C(=O)c5ccc(*)cc5C4=O)c3)c1)C2=O,2498.90992
*OC1C(CO)OC(*)C(O)C1O,2938.331526
*CC(*)CCCC1CCCCC1,4294.639877
*c1ccc(Oc2cc(C(C)(C)C)ccc2Oc2ccc(N3C(=O)c4ccc(-c5ccc6c(c5)C(=O)N(*)C6=O)cc4C3=O)cc2)cc1,2671.319956
*/C=C\CCCC*,4395.160233
*c1ccc(Oc2c(C)cc(-c3cc(C)c(Oc4ccc(N5C(=O)c6ccc(Oc7ccccc7Oc7ccc8c(c7)C(=O)N(*)C8=O)cc6C5=O)cc4C(F)(F)F)c(C)c3)cc2C)c(C(F)(F)F)c1,2498.262224
*/C=C\CCCCC*,4687.171931
*C(=O)c1ccc2c(c1)C(=O)N(c1ccc3c(c1)Cc1cc(N4C(=O)c5ccc(*)cc5C4=O)ccc1-3)C2=O,2477.850016
*c1ccc(-c2ccc(N3C(=O)c4cc5c(cc4C3=O)C(C(F)(F)F)(C(F)(F)F)c3cc4c(cc3O5)C(=O)N(*)C4=O)cc2OC(F)(F)F)c(OC(F)(F)F)c1,2042.259218
*CC(*)C(C)C,4376.928225
*CC(*)CCC(C)(C)C,4302.348367
*CC(*)OC(=O)CCCCC,3876.503966
*CCCCCCNC(=O)c1cccc(C(=O)N*)c1,3275.179719
*C(=O)NCCCCCCNC(=O)c1ccc(N2C(=O)c3ccc(*)cc3C2=O)cc1,2878.146128
*CC(*)Cc1ccc(C)c(C)c1,3586.032924
*c1ccc2c(c1)C(=O)N(c1ccc(C(c3ccc(N4C(=O)c5ccc(C(*)(C(F)(F)F)C(F)(F)F)cc5C4=O)cc3)(C(F)(F)F)C(F)(F)F)cc1)C2=O,2190.596438
*CC(*)c1ccc(C(F)(F)C(F)(F)C(F)(F)C(F)(F)C(F)(F)C(F)F)cc1,2182.657717
*CC(*)C(=O)Oc1ccc(C(=O)OCCCC)cc1,3163.196698
*CCCCCCCCCCCCC(=O)N*,4050.25078
*CC(*)C(=O)OCCc1ccccc1,3316.051845
*C=CCC*,4395.372607
*CCCC=C(*)c1ccccc1,3511.155855
*c1ccc(Oc2c(C)cc(C(c3cc(C)c(Oc4ccc(N5C(=O)c6ccc(-c7ccc8c(c7)C(=O)N(*)C8=O)cc6C5=O)cc4)c(C)c3)c3cccc4ccccc34)cc2C)cc1,2766.854666
*Oc1ccc(S(=O)(=O)c2ccc(Oc3ccc(C(C)(C)c4ccc(*)cc4)cc3[N+](=O)[O-])cc2)cc1,2718.308454
*c1ccc(C(=O)Oc2ccc(N3C(=O)c4ccc(-c5ccc6c(c5)C(=O)N(*)C6=O)cc4C3=O)cc2)cc1,2493.22138
*c1ccc2c(c1)-c1nc3cc(-c4ccc5nc6n(c5c4)C(=O)c4cc(C(*)(C(F)(F)F)C(F)(F)F)ccc4-6)ccc3n1C2=O,2226.592748
*c1ccc(Oc2ccc(N3C(=O)c4ccc(Oc5ccc(S(=O)(=O)c6ccc(Oc7ccc8c(c7)C(=O)N(*)C8=O)cc6)cc5)cc4C3=O)cc2)cc1,2402.436771
*c1ccc(Cc2ccc(N(*)Cc3ccccc3)cc2)cc1,3163.771145
*CC(*)(CC(=O)Oc1ccc(OCCCCCCC)cc1)C(=O)Oc1ccc(OCCCCCCC)cc1,3705.402475
*CCC(C)CO*,4105.667141
*CC(*)C(=O)OCCCCCC,3989.809204
*CC(*)c1ccc(C(O)CCN2CCCCC2)cc1,3830.802006
*CC(*)C(C)=O,3349.52581
*CC(*)c1cc(C(C)C)ccc1C(C)C,3748.268404
*CC/C=C(\*)C(C)(C)C,4188.753289
*CC(OC)C(C(=O)O)C(*)C(=O)O,2838.188309
*CCCCCCOC(=O)CCCCCNC(=O)CCCCC(=O)NCCCCCC(=O)O*,3845.493464
*c1ccc(Oc2ccc(N3C(=O)c4ccc(-c5ccc6c(c5)C(=O)N(*)C6=O)cc4C3=O)cc2)cc1,2511.967277
*CCCCCC(=O)N*,3620.647816
*CC(*)c1cc(C(C)(C)C)ccc1C,3729.167385
*CC(*)C(=O)Oc1ccc(C(=O)OC)cc1,2813.831132
*NC(CCC(=O)OCc1ccccc1)C(*)=O,3363.7712
*CC(*)c1cc(Br)ccc1OCCCCC,2734.527278
*CCCCCCOC(=O)c1ccc2cc(C(=O)O*)ccc2c1,3097.983818
*CC(*)CC1CCCC1,4156.090264
*c1ccc(C(Cl)(Cl)C(*)Cl)cc1,1855.857564
*c1cccc(Oc2cccc(Oc3cccc(N4C(=O)c5ccc(-c6cccc7c6C(=O)N(*)C7=O)cc5C4=O)c3)c2)c1,2717.881925
*c1ccc(Sc2ccc(-n3c(=O)c4cc5c(=O)n(*)c(=O)c5cc4c3=O)cc2)cc1,2276.640615
*CCC=C(*)CCCCCCC,4413.811759
*c1ccc(Oc2ccc(Oc3ccc(N4C(=O)c5ccc(-c6cccc7c6C(=O)N(*)C7=O)cc5C4=O)cc3)cc2)cc1,2537.144232
*CC(*)OC(C)=O,3242.274153
*c1ccc(Oc2ccc(C(c3ccc(Oc4ccc(N5C(=O)c6ccc(Oc7ccccc7Oc7ccc8c(c7)C(=O)N(*)C8=O)cc6C5=O)cc4C(F)(F)F)cc3)(C(F)(F)F)C(F)(F)F)cc2)c(C(F)(F)F)c1,2232.718375
*Oc1cccc2c(OC(=O)c3ccccc3/C=C/c3ccc(/C=C/c4ccccc4C(*)=O)cc3)cccc12,2811.861353
*CC(*)c1ccccc1C,3427.169361
*CC(*)(CC(=O)OCCC)C(=O)OCCC,3520.689793
*c1ccc(-c2ccc(N3C(=O)c4ccc(-c5cccc6c5C(=O)N(*)C6=O)cc4C3=O)cc2C(F)(F)F)c(C(F)(F)F)c1,2240.010638
*c1cccc(N2C(=O)c3ccc(Oc4ccc(C(C)(C)c5ccc(Oc6ccc7c(c6)C(=O)N(*)C7=O)cc5)cc4)cc3C2=O)c1,2589.4107
*Cc1cc(C(C)(C)c2ccc3c(c2)CN(C)CO3)cc(CN(*)C)c1O,3406.346897
*OC(C)COC(*)=O,2845.422276
*CC(*)OC(=O)CCCCCCCCC,4160.076373
*CC(*)c1ccccc1COC,3399.851689
*Oc1ccc(S(=O)(=O)c2ccc(Oc3c(C)cc(C(C)(C)c4cc(C)c(*)c(C)c4)cc3C)cc2)cc1,2957.604914
*CC(*)CCCCCCCC,4625.514085
*Oc1ccc(SC(=O)Sc2ccc(*)cc2)cc1,2239.785797
*CCOCC(=O)O*,2964.249851
*Oc1cccc(OC(=O)c2ccccc2/C=C/c2ccc(/C=C/c3ccccc3C(*)=O)cc2)c1,2837.526556
*CCCC(*)(C)C,4450.846808
*Oc1ccc(S(=O)(=O)c2ccc(Oc3ccc(C(=O)c4cc(C(=O)c5ccc(*)cc5)cc(C(C)(C)C)c4)cc3)cc2)cc1,2726.120024
*CCCC=C(*)c1ccc(OC)cc1,3543.681682
*CCc1ccc(*)c(Cl)c1,2542.127564
*Oc1ccc(C(c2ccccc2)(c2ccccc2)c2ccc(OC(*)=O)cc2)cc1,2785.680517
*CC(*)(CC(=O)OCCCc1ccccc1)C(=O)OCCCc1ccccc1,3473.02424
*CC(*)c1ccc(C(=O)c2ccc(C)cc2)cc1,3105.836674
*CC(*)OC(=O)c1cccc(C)c1,2964.298875
*CC(*)C(=O)OCCCCCCCC,3963.381938
*Oc1ccc(C(c2ccc(Oc3ccc(C(=O)c4cccc(C(=O)c5ccc(*)cc5)c4)cc3)cc2)(C(F)(F)F)C(F)(F)F)cc1,2440.699485
*CC(*)c1ccc(CCCCCCCCCCCC)cc1,4305.991263
*CC(*)c1ccc(S(=O)(=O)OCCC)cc1,2913.770066
*CC(*)C(=O)Oc1ccc(-c2ccccc2)cc1,2896.523295
*CC(*)C(=O)OC1CC2CCC1(C)C2(C)C,3592.068263
*CC(*)(C)C,4404.36769
*Oc1ccc(S(=O)(=O)c2ccc(Oc3ccc(C(C)(C)c4ccc(*)cc4)cc3)cc2)cc1,2734.316531
*c1ccc2c(c1)C(=O)N(c1ccc(Oc3ccc(N4C(=O)c5ccc(C(F)(F)C(F)(F)C(*)(F)F)cc5C4=O)cc3)cc1)C2=O,2344.495558
*c1ccc2c(c1)C(=O)N(c1cc(N3C(=O)c4ccc(C(*)(C(F)(F)F)C(F)(F)F)cc4C3=O)ccc1C)C2=O,2232.464166
*c1ccc2c(c1)C(=O)N(c1ccc(C(C)(C)c3ccc(N4C(=O)c5ccc(C(*)(C(F)(F)F)C(F)(F)F)cc5C4=O)cc3)cc1)C2=O,2399.468648
*Oc1c(Br)cc(C(C)(C)c2cc(Br)c(OC(*)=O)c(Br)c2)cc1Br,1397.976291
*CC(*)(Cl)Cl,1421.740503
*/C(Cl)=C(/*)c1ccccc1,2331.303118
*Oc1ccc(C(C)(C)c2ccc(OC(=O)c3ccccc3/C=C/c3ccc(/C=C/c4ccccc4C(*)=O)cc3)c(C)c2)cc1C,2956.563808
*c1ccc2c(c1)C(=O)N(c1ccc(Oc3ccc(N4C(=O)c5ccc(C(C)(C)CCCCCCCCC(*)(C)C)cc5C4=O)cc3)cc1)C2=O,3026.773895
*c1ccc(Oc2ccc(Oc3ccc(N4C(=O)c5ccc(-c6ccc7c(c6)C(=O)N(*)C7=O)cc5C4=O)cc3)c(C(C)(C)C)c2)cc1,2672.575868
*Oc1ccc(C(C)(C)c2ccc(OC(=O)c3ccc(C(*)=O)cc3)cc2)cc1,2812.201091
*CC(*)(C)C(=O)OC(C)C,3484.847274
*CC(*)OC(=O)C(F)(F)C(F)(F)C(F)(F)C(F)(F)F,1894.027556
*c1ccc(Oc2ccc(C(C)(C)c3ccc(Oc4ccc(N5C(=O)c6ccc(C(=O)c7ccc8c(c7)C(=O)N(*)C8=O)cc6C5=O)cc4)cc3)cc2)cc1,2694.661101
*CC(*)OC(=O)c1ccc(C#N)cc1,2655.328497
*CC(OC)C1C(=O)OC(=O)C1*,2736.102067
*c1ccc(-c2ccc(N3C(=O)c4ccc(Oc5ccc6c(c5)C(=O)N(*)C6=O)cc4C3=O)cc2)cc1,2473.33359
*CC(*)OC(=O)C(C)(C)C(C)(C)CC,3800.867587
*CCCCCCCCCCCCNC(=O)CCCCCCCCCCCCCCCCCCC(=O)N*,4119.609128
*CCOc1ccc(C(=O)OCCOC(=O)c2ccc(O*)cc2)cc1,2804.016286
*c1ccc(Cc2ccc(N3C(=O)c4ccc(Oc5ccc(C6(c7ccc(Oc8ccc9c(c8)C(=O)N(*)C9=O)cc7)CCCCCCCCCCC6)cc5)cc4C3=O)cc2)cc1,3081.083693
*CC(*)OC(=O)C(F)(F)C(F)(F)C(F)(F)F,1891.959905
*C(=O)Nc1ccccc1NC(=O)c1ccc(N2C(=O)c3ccc(*)cc3C2=O)cc1,2593.163577
*c1ccc2c(c1)C(=O)N(c1ccc(Oc3ccc(-c4ccc(Oc5ccc(N6C(=O)c7ccc(C(*)(C(F)(F)F)C(F)(F)F)cc7C6=O)cc5)cc4)cc3)cc1)C2=O,2331.162815
*c1ccc(Cc2ccc(-n3c(=O)c4cc5c(=O)n(*)c(=O)c5cc4c3=O)c(C)c2)cc1C,2595.277616
*c1cccc(N2C(=O)c3ccc(C(c4ccc5c(c4)C(=O)N(*)C5=O)(C(F)(F)F)C(F)(F)F)cc3C2=O)c1,2189.756268
*Oc1ccc(S(=O)(=O)c2ccc(Oc3c(C)cc(C(c4cc(C)c(*)c(C)c4)(C(F)(F)F)C(F)(F)F)cc3C)cc2)cc1,2469.412933
*CC(C)(C)COC(=O)CCC(=O)O*,3228.334373
*CC(*)c1ccc(N(C)C)cc1,3539.94619
*CC(*)c1ccc(Cl)c(Cl)c1,2244.680131
*CC(*)(C)C(=O)OCc1ccc(Cl)cc1,2625.75447
*CC(*)OCCCCCCCCCCCC,4546.434876
*c1ccc(Oc2cc3ccccc3cc2Oc2ccc(N3C(=O)c4ccc(S(=O)(=O)c5ccc6c(c5)C(=O)N(*)C6=O)cc4C3=O)cc2)cc1,2492.655475
*c1ccc(Sc2ccc(N3C(=O)c4ccc(-c5ccc6c(c5)C(=O)N(*)C6=O)cc4C3=O)cc2)cc1,2397.878547
*CC(*)c1ccc(C(C)(O)CCCC)cc1,3833.423706
*CCOC(=O)Nc1cccc2c(NC(=O)O*)cccc12,2795.468901
*c1ccc2c(c1)C(=O)N(c1cccc(Oc3cccc(Oc4cccc(N5C(=O)c6ccc(C(*)(C(F)(F)F)C(F)(F)F)cc6C5=O)c4)c3)c1)C2=O,2342.231103
*CC(*)OC(=O)CC(C)(C)c1ccccc1,3289.47458
*C(F)C(*)(F)F,1825.59677
*CC(*)(C)C(=O)OC,3332.915937
*C1CCC(*)N1,4109.086469
*c1ccc(S(=O)(=O)c2ccc(-n3c(=O)c4cc5c(=O)n(*)c(=O)c5cc4c3=O)cc2)cc1,2300.925893
*Oc1ccc(C(c2ccccc2)(c2ccccc2)c2ccc(OC(=O)c3cccc(C(*)=O)c3)cc2)cc1,2827.066447
*Oc1ccc2ccc(OC(=O)Oc3ccc(OC(*)=O)cc3)cc2c1,2635.199813
*C(=O)c1ccc2c(c1)C(=O)N(c1ccc(N3C(=O)c4ccc(*)cc4C3=O)nc1)C2=O,2337.757841
*CC(*)C(=O)OCCC#N,2881.565948
*c1cccc(N2C(=O)c3ccc(-c4ccc5c(c4)C(=O)N(*)C5=O)cc3C2=O)c1C,2509.715934
*Oc1ccc(-c2ccc(OC(=O)CCCCCCCCC(*)=O)cc2)cc1,3171.292853
*CC(*)C(=O)Oc1ccc(C#N)cc1,2730.438108
*c1ccc(N2C(=O)c3ccc(C(=O)c4ccc5c(c4)C(=O)N(*)C5=O)cc3C2=O)cc1,2383.888569
*CC(*)(CC(=O)OCCc1ccccc1)C(=O)OCCc1ccccc1,3109.680398
*CC(*)C1CCCCC1,4199.457496
*CC(*)(C)C(=O)OCCO,3728.718374
*CC(*)c1ccccc1C(=O)OCCCC,3558.60858
*c1ccc(S(*)(=O)=O)cc1,2213.922852
*NC(=O)NCCCCCCNC(=O)Nc1ccc(Cc2ccc(*)cc2)cc1,3312.505092
*CC(*)c1ccc(COC(C)CC)cc1,3820.680244
*CC(*)CNc1ccc([N+](=O)[O-])cc1,2957.14483
*CC(*)C1CC1,4111.184311
*CC(*)CCCCCCCCC,4652.50367
*c1ccc(Oc2ccc(Oc3ccc(N4C(=O)c5ccc(Oc6ccc(C7(c8ccc(Oc9ccc%10c(c9)C(=O)N(*)C%10=O)cc8)CCCCCCCCCCC7)cc6)cc5C4=O)cc3)c(C(C)(C)C)c2)cc1,2990.884287
*CCOC(=O)c1cccc(C(=O)O*)c1,2749.451436
*Oc1ccc(C(C)(C)c2ccc(OC(=O)SCCCSC(*)=O)cc2)cc1,2780.958106
*C=CC(C)C(*)C(=O)OC,3310.882178
*CC(*)CC(C)(C)CC,4343.760744
*CC(*)(C)c1ccc(C(C)C)cc1,3815.679
*CCC=C(*)Cl,2518.662614
*CC(*)c1ccc(CCCCCCCCCC)cc1,4096.026209
*CC(*)C(=O)OC1CCCCC1,3451.938416
*CC(*)OC(=O)c1ccc(C)cc1,3019.208553
*CC(*)OC(=O)c1ccc(Br)cc1,1928.749479
*c1ccc2c(c1)C(=O)N(c1cc(C(c3ccc(O)c(N4C(=O)c5ccc(C(*)(C(F)(F)F)C(F)(F)F)cc5C4=O)c3)(C(F)(F)F)C(F)(F)F)ccc1O)C2=O,2023.677446
*CC(*)c1ccc(CCCC)cc1,3950.672266
*C1CCC(*)C1,3950.641893
*C(=O)Oc1ccc(OC(=O)c2ccc3c(c2)C(=O)N(c2ccc(C(=O)Nc4ccc(N5C(=O)c6ccc(*)cc6C5=O)cc4)cc2)C3=O)cc1,2490.339732
*CC(*)C(=O)OCC(F)(F)F,2380.825641
*CC(*)N1CCCC1=O,3321.181472
*CC(*)c1ccccc1C(=O)OCC(C)C,3448.876191
*CCCCCCCCC(=O)N*,3953.221712
*CCCCCCNC(=O)N*,3600.557359
*C(F)(F)C(*)(F)c1c(F)c(F)c(F)c(F)c1F,1688.512371
*CC(C)O*,3764.333756
*CC(*)c1ccc(CCCCCCCCCCCCCCCC)cc1,4263.048307
*Oc1ccc(C(C)(C)c2ccc(OC(=O)c3cccc(C(*)=O)c3)cc2)cc1,2838.831248
*CC(*)C(=O)Oc1ccc(Cl)cc1Cl,2072.557397
*CCCCNC(=O)CCCCC(=O)N*,3561.590996
*CC(*)C(=O)OCCCC,3891.284197
*Oc1ccc(OC(=O)c2ccc(-c3ccc(C(*)=O)cc3)cc2)cc1C,2659.242755
*C(=O)c1ccc2c(c1)C(=O)N(c1cccc(C(=O)N(C)c3ccc(N4C(=O)c5ccc(*)cc5C4=O)cc3)c1)C2=O,2529.626212
*c1cccc(P(=O)(c2ccc(C(F)(F)F)cc2)c2cccc(-n3c(=O)c4c(-c5cc(C(F)(F)F)cc(C(F)(F)F)c5)c5c(=O)n(*)c(=O)c5c(-c5cc(C(F)(F)F)cc(C(F)(F)F)c5)c4c3=O)c2)c1,2333.079949
*CC(*)C(=O)OCCCCCCC,3918.208993
*Oc1c(C)cc(C(C)(C)c2cc(C)c(OC(*)=O)c(C)c2)cc1C,3199.14969
*c1cccc(N2C(=O)c3ccc(C(=O)c4ccc5c(c4)C(=O)N(*)C5=O)cc3C2=O)c1,2368.583478
*C1C(*)C2CC1C1C=CCC12,3458.881594
*CC(*)OC(=O)c1ccccc1C,2996.522881
*c1ccc(Oc2ccc(C3(c4ccc(Oc5ccc(N6C(=O)c7ccc(Oc8ccc(C9(c%10ccc(Oc%11ccc%12c(c%11)C(=O)N(*)C%12=O)cc%10)CCCCCCCCCCC9)cc8)cc7C6=O)cc5)cc4)CCC(C(C)(C)C)CC3)cc2)cc1,3033.981148
*C(F)(F)C(*)(F)OC(F)C(F)F,1910.738346
*Oc1ccc(-c2ccc(OC(=O)CCCCCCCCCCCCC(*)=O)cc2)cc1,3568.105647
*CC(*)OC(=O)c1ccccc1OC(C)=O,2890.884336
*CC(*)CNc1ccc([N+](=O)[O-])cc1C,3104.979622
*c1ccc(S(=O)(=O)c2ccc(N3C(=O)c4ccc(C(c5ccc6c(c5)C(=O)N(*)C6=O)(C(F)(F)F)C(F)(F)F)cc4C3=O)cc2)cc1,2167.513384
*CC(*)C(=O)OCC,3355.376705
*C(F)C(*)(F)OC(F)(F)F,1712.321112
*CC(*)OC(=O)c1cccc(Br)c1,1935.187835
*CC(*)c1ccc(C(=O)CCCCC)cc1,3704.789293
*Oc1ccc(Oc2ccc(C(=O)c3ccc(*)cc3)cc2)cc1,2729.519537
*CC(*)(CC(=O)OCC)C(=O)OCC,3181.565588
*c1cccc(P(=O)(c2ccc(C(F)(F)F)cc2)c2cccc(-n3c(=O)c4c(-c5ccccc5)c5c(=O)n(*)c(=O)c5c(-c5ccccc5)c4c3=O)c2)c1,2442.247058
*c1ccc(Oc2ccc(S(=O)(=O)c3ccc(Oc4ccc(-n5c(=O)c6cc7c(=O)n(*)c(=O)c7cc6c5=O)cc4)cc3)cc2)cc1,2436.573519
*CC(*)c1ccc(Br)cc1,1950.132787
*CC(*)c1ccc(C(C)C)cc1,3783.635741
*CCOC(=O)c1ccc2cc(C(=O)O*)ccc2c1,2802.872778
*CC1CC(*)C(OC(=O)CCCCCCCCCCOc2ccc(-c3ccc(C#N)cc3)cc2)C1OC(=O)CCCCCCCCCCOc1ccc(-c2ccc(C#N)cc2)cc1,3422.157213
*c1cccc(-n2c(=O)c3cc4c(=O)n(*)c(=O)c4cc3c2=O)c1,2311.006558
*c1ccc(Oc2cc3ccccc3cc2Oc2ccc(N3C(=O)c4ccc(-c5ccc6c(c5)C(=O)N(*)C6=O)cc4C3=O)cc2)cc1,2588.546246
*CC(*)CCCN(C(C)C)C(C)C,4726.282433
*c1ccc(Oc2ccc(C(=O)c3ccc(Oc4ccc(C5(*)OC(=O)c6ccccc65)cc4)cc3)cc2)cc1,2712.106222
*CCCCCCCCCn1c(=O)c2cc3c(=O)n(*)c(=O)c3cc2c1=O,3245.392889
*CCCCCCOC(=O)Nc1ccc(C)c(NC(=O)OCCCCCCOc2ccc(-c3ccc(O*)cc3)cc2)c1,3214.481728
*CC(*)(C)C(=O)OCCO[N+](=O)[O-],2772.993506
*C(C)C(*)OC(C)(C)C,3927.631215
*CC(*)(C)c1ccccc1,3464.598351
*Oc1ccc2c(c1)nc1n2C(=O)c2ccc(-c3ccc4c(c3)C(=O)n3c-4nc4ccc(*)cc43)cc2-1,2503.515637
*c1ccc(Oc2ccc(Oc3ccc(N4C(=O)c5ccc(Oc6cccc7c6C(=O)N(*)C7=O)cc5C4=O)cc3)cc2)cc1,2531.162904
*CC(*)c1ccc(COCCOCCCC)cc1,3808.373398
*CC(*)C(=O)Oc1cccc(C(=O)OCC)c1,2943.15299
*CC(*)C(=O)Oc1ccccc1C(=O)OCC,2949.585097
*c1ccc(Oc2ccc(Oc3ccc(-n4c(=O)c5cc6c(=O)n(*)c(=O)c6cc5c4=O)cc3)cc2-c2ccccc2)cc1,2610.189192
*CC(*)CCCCCCCCCCCCC,4505.182624
*CC(*)c1ccc(COCCCCCCOc2ccc(-c3ccc(OC)cc3)cc2)cc1,3360.678931
*CC(*)c1cccc(C)c1,3365.37924
*OS(=O)(=O)c1ccc(*)cc1,2115.531926
*C(*)C(=O)OCCC,3460.356815
*c1ccc2c(c1)C(=O)N(c1ccc(Cc3ccc(N4C(=O)c5ccc(C(*)(C(F)(F)F)C(F)(F)F)cc5C4=O)cc3)cc1)C2=O,2365.283044
*c1ccc(Oc2ccc(Oc3ccc(N4C(=O)C5CCC6C(=O)N(*)C(=O)C6C5C4=O)cc3)cc2)cc1,2628.376972
*C1Oc2ccccc2C1*,2811.634305
*C(=O)Oc1ccc(C(C)(C)c2ccc(OC(=O)c3ccc4c(c3)C(=O)N(c3ccc(-c5ccc(N6C(=O)c7ccc(*)cc7C6=O)cc5)cc3)C4=O)cc2)cc1,2669.8289
*CCCCOC(=O)c1ccc2cc(C(=O)O*)ccc2c1,2958.393724
*c1cccc(-c2nc3cc(-c4ccc5nc(*)c(-c6ccc7ccccc7c6)nc5c4)ccc3nc2-c2ccc3ccccc3c2)c1,2806.71128
*C(=O)c1ccc2c(c1)C(=O)N(c1ccc(Sc3ccc(N4C(=O)c5ccc(*)cc5C4=O)cc3)cc1)C2=O,2390.694652
*CC(*)c1ccc(C(C)(C)C)cc1,3683.540865
*C(=O)c1ccc2c(c1)C(=O)N(c1ccc(-c3ccc(-c4ccc(N5C(=O)c6ccc(*)cc6C5=O)cc4)cc3)cc1)C2=O,2643.817527
*CC(*)CCC(C)CC,4441.089472
*Oc1ccc(C2(c3ccc(OC(*)=O)cc3)c3ccccc3-c3ccccc32)cc1,2803.476484
*CC(*)CCCCCCCCCCCCCCCCCCCC,4776.364106
*CC(*)C(=O)c1ccc(CCC)cc1,3558.117692
*NC(=O)Nc1ccc(Cc2ccc(*)cc2)cc1,2939.883567
*c1ccc(Oc2ccc(S(=O)(=O)c3ccc(Oc4ccc(N5C(=O)c6ccc(Oc7ccc8c(c7)C(=O)N(*)C8=O)cc6C5=O)cc4)cc3)cc2)cc1,2428.686951
*CC(*)C(=O)OCC(C)C,3648.053994
*/C=C\CC*,4233.879885
*CC(*)(C)C(C)=O,3734.477918
*C(=O)Nc1ccc(NC(=O)c2ccc(N3C(=O)c4ccc(*)cc4C3=O)cc2)cc1,2676.448219
*CC(*)c1ccc(CCCCCCCCC)cc1,4097.77956
*/C=C/CCCCCCCCCC*,4539.347985
*CC(*)OC(=O)CCCCCCCCCCC,4156.373436
*CC(*)(C)C(=O)OCC(=O)c1ccccc1,3120.635546
*C#C/C(COS(=O)(=O)c1ccc(C)cc1)=C(/*)COS(=O)(=O)c1ccc(C)cc1,2518.177081
*C1CCC(CC2CCC(N3C(=O)C4C5C=CC(C6C(=O)N(*)C(=O)C56)C4C3=O)CC2)CC1,3143.716938
*CC(*)c1cc(Br)ccc1OCCCC,2579.873926
*CC(*)c1ccc(CCCCCC)cc1,3991.91917
*CC(*)C=C,3955.765384
*C(=O)Oc1ccc(OC(=O)c2ccc3c(c2)C(=O)N(c2ccc(C(=O)Oc4ccc(N5C(=O)c6ccc(*)cc6C5=O)cc4)cc2)C3=O)cc1,2382.682048
*c1ccc2c(c1)Cc1cc(N3C(=O)c4ccc(-c5ccc6c(c5)C(=O)N(*)C6=O)cc4C3=O)ccc1-2,2514.564372
*CC(*)C(=O)OC(C)C,3585.902483
*CC(*)Cc1cccc(C)c1,3598.902187
*CCCCCCNC(=O)NCc1ccc(CNC(=O)N*)cc1,3458.721244
*CC(*)CCC,4446.7416
*c1ccc(Oc2ccc(C(C)(C)c3ccc(Oc4ccc(N5C(=O)c6ccc(-c7ccc8c(c7)C(=O)N(*)C8=O)cc6C5=O)cc4)cc3)cc2)cc1,2734.443642
*c1ccc(Oc2c(C)cc(C(c3cc(C)c(Oc4ccc(-n5c(=O)c6cc7c(=O)n(*)c(=O)c7cc6c5=O)cc4)c(C)c3)c3cccc4ccccc34)cc2C)cc1,2791.506245
*c1ccc(NC(=O)CCCCC(=O)Nc2ccc(S(*)(=O)=O)cc2)cc1,2926.808391
*CCCCCCCCCCCC(=O)N*,4134.408973
*/C=C\*,3406.14876
*CC(*)(C)CC,4279.141456
*C=CC1CCC(*)C1,4158.854772
*C(=O)Nc1ccc(NC(=O)c2ccc3c(c2)C(=O)N(c2ccc(S(=O)(=O)c4ccc(N5C(=O)c6ccc(*)cc6C5=O)cc4)cc2)C3=O)cc1,2382.935754
*CC(*)c1ccc(COCC(CC)CCCC)cc1,4053.800034
*c1ccc(-n2c(=O)c3cc4c(=O)n(*)c(=O)c4cc3c2=O)cc1,2312.28129
*CC(*)O[N+](=O)[O-],2571.487856
*CC(*)(C)c1ccc2ccccc2c1,3210.945119
*Oc1ccc2c(c1)C1(CC2(C)C)CC(C)(C)c2ccc(OC(=O)c3cccc(C(*)=O)c3)cc21,2931.612735
*CC(*)c1cc(Br)ccc1OC,2112.922368
*C(=O)c1ccc2c(c1)C(=O)N(c1cccc(C(=O)Nc3cccc(N4C(=O)c5ccc(*)cc5C4=O)c3)c1)C2=O,2483.438235
*CC(*)c1ccc(Cl)cc1C,2719.939263
*CC(*)OC(=O)c1ccncc1,2804.147257
*CC(*)c1ccc(C(=O)CCC)cc1,3588.819217
*c1ccc(Oc2ccc(N3C(=O)c4ccc(C(c5ccc6c(c5)C(=O)N(*)C6=O)(C(F)(F)F)C(F)(F)F)cc4C3=O)cc2)cc1,2263.071502
*CC(*)c1ccc(C(=O)OCCC)cc1,3376.651566
*c1ccc2c(c1)C(=O)N(c1c(C)c(C)c(N3C(=O)c4ccc(C(*)(C(F)(F)F)C(F)(F)F)cc4C3=O)c(C)c1C)C2=O,2324.696869
*CC(=C)COCC(=C)COC(=O)O*,3185.871687
*CC(*)c1cc(Br)ccc1OCCC(C)C,2638.245718
*CCC=C(*)C(C)C,4085.191867
*CCOC(=O)CCCCCCCCC(=O)O*,3548.270364
*CC(*)(C)C(=O)OC(OCC)C(F)(F)F,2781.915622
*C(*)C(=O)OC(C)C,3308.734443
*CC(*)C(=O)OCCCCCCCCCCCCCCCC,4265.19058
*c1ccc(Oc2ccc(Oc3ccc(-n4c(=O)c5cc6c(=O)n(*)c(=O)c6cc5c4=O)cc3)cc2)cc1,2488.281272
*c1cc(C(c2ccc(O)c(N3C(=O)c4ccc(Oc5ccc6c(c5)C(=O)N(*)C6=O)cc4C3=O)c2)(C(F)(F)F)C(F)(F)F)ccc1O,2239.643136
*c1ccc2c(c1)C(=O)N(c1c(C)cc(C)c(N3C(=O)c4ccc(C(*)(C(F)(F)F)C(F)(F)F)cc4C3=O)c1C)C2=O,2332.996677
*Oc1cc(C(C)(C)C)c(Oc2ccc(C(=O)Nc3ccc(C(c4ccc(NC(=O)c5ccc(*)cc5)cc4)(C(F)(F)F)C(F)(F)F)cc3)cc2)cc1C(C)(C)C,2804.576224
*C1Cc2ccccc2C1*,3179.999419
*CC(*)(CC(=O)OC)C(=O)OC,3266.388338
*CC(*)c1cc(C)ccc1C,3524.353879
*CC(*)(C)C(=O)OCCCC,3859.802486
*CC(*)(C)C(=O)OCc1ccc(Cl)cc1Cl,2354.742102
*CC(*)c1ccc(C(=O)CCCCCCC)cc1,3864.024252
*CC(*)c1ccccc1C(=O)N(C)C,3249.213519
*CC(*)CC1CCCCC1,4260.94911
*CC(*)c1ccc(C)c(C)c1,3471.789498
*CC(*)C(=O)c1ccc(Cl)cc1,2563.195776
*CC(*)c1cccc2ccccc12,3117.857888
*c1ccc(S(=O)(=O)c2ccc(N3C(=O)c4ccc(Oc5ccc6c(c5)C(=O)N(*)C6=O)cc4C3=O)cc2)cc1,2320.225507
*Oc1ccc(C(C)(C)c2ccc(OC(*)=O)c(C)c2)cc1C,3088.970407
*c1cccc(Oc2ccc(N3C(=O)c4ccc(C(c5ccc6c(c5)C(=O)N(*)C6=O)(C(F)(F)F)C(F)(F)F)cc4C3=O)cc2)c1,2261.152473
*CC(*)OC(=O)c1ccccc1,2965.266643
*Oc1ccc2c(c1)C1(CC2(C)C)CC(C)(C)c2ccc(OC(*)=O)cc21,3121.585664
*c1cccc(P(=O)(c2cccc(-n3c(=O)c4c(-c5cc(C(F)(F)F)cc(C(F)(F)F)c5)c5c(=O)n(*)c(=O)c5c(-c5cc(C(F)(F)F)cc(C(F)(F)F)c5)c4c3=O)c2)c2cc(C(F)(F)F)cc(C(F)(F)F)c2)c1,2139.942326
*NC(=O)c1cccc(C(=O)Nc2ccc(-c3ccc(*)cc3)cc2)c1,2846.444392
*/C=C(/*)c1cccc(C#C)c1,2863.231932
*CC1CCC(COC(=O)CCCCCCCCC(=O)O*)CC1,3676.393557
*CC(*)c1ccccc1COCCCC,3765.415223
*C(=O)c1ccc2c(c1)C(=O)N(c1c(CC)cc(Cc3cc(CC)c(N4C(=O)c5ccc(*)cc5C4=O)c(CC)c3)cc1CC)C2=O,2963.374514
*c1ccc(Oc2ccc(-c3ccc(Oc4ccc(-n5c(=O)c6cc7c(=O)n(*)c(=O)c7cc6c5=O)cc4)cc3)cc2)cc1,2535.345995
*CC(*)C(=O)OC(CC)CC,3798.883002
*C(=O)CCCCCCCCC(=O)N1CCN(*)CC1,3923.932437
*CC(*)c1ccc(F)cc1,2908.635479
*CC(*)C1CC=CCC1,3901.357957
*CCC(c1ccccc1)C(*)c1ccccc1,3337.419469
*CC(*)c1cc(Br)ccc1OCCC,2408.469608
*C(CC)C(*)CC,4426.276523
*Cc1cccc(COC(=O)Nc2ccc(Cc3ccc(NC(=O)O*)cc3)cc2)c1,2956.956946
*CCCCCCNC(=O)CCCCC(=O)N(*)C,3791.29556
*CCCCCCN1C(=O)c2ccc(C(c3ccc4c(c3)C(=O)N(*)C4=O)(C(F)(F)F)C(F)(F)F)cc2C1=O,2554.686641
*c1ccc(-c2ccc(-c3ccc(N4C(=O)c5ccc(-c6ccc7c(c6)C(=O)N(*)C7=O)cc5C4=O)cc3)cc2)cc1,2556.54508
*CC(*)OC(=O)c1ccc(OC(C)=O)cc1,2765.931384
*c1ccc(-c2ccc(N3C(=O)c4ccc(-c5ccc6c(c5)C(=O)N(*)C6=O)cc4C3=O)c(C)c2)cc1C,2640.35097
*c1ccc(Oc2ccc(-c3ccc(Oc4ccc(N5C(=O)c6ccc(Oc7ccc(C8(c9ccc(Oc%10ccc%11c(c%10)C(=O)N(*)C%11=O)cc9)CCC(c9ccccc9)CC8)cc7)cc6C5=O)cc4)cc3C)c(C)c2)cc1,2838.699408
*CC(*)C(=O)OC(F)(C(F)(F)Cl)C(F)(F)Cl,1689.345431
*CC(*)C(=O)OCCCCCCCCCCCC,4282.098505
*c1ccc(-c2ccc(-n3c(=O)c4cc5c(=O)n(*)c(=O)c5cc4c3=O)cc2OC(F)(F)F)c(OC(F)(F)F)c1,2120.21065
*C(F)(F)C(F)(F)C1(F)C(*)(F)OC(F)(F)C1(F)F,1647.761541
*CC(*)c1ccc(C(=O)Cc2ccccc2)cc1,3169.686861
*CC(*)CNc1ccc([N+](=O)[O-])c(C(F)(F)F)c1,2499.902517
*CC(*)(C)C(=O)Oc1ccccc1,3048.284413
*Oc1cc(C(C)(C)C)c(Oc2ccc(C(=O)Nc3c(C)cc(Cc4cc(C)c(NC(=O)c5ccc(*)cc5)c(C(C)C)c4)cc3C(C)C)cc2)cc1C(C)(C)C,3222.898444
*c1ccc2sc3ccc(-c4nc5cc(-c6ccc7[nH]c(*)nc7c6)ccc5[nH]4)cc3c2c1,2572.535477
*CC(*)(C)OC,4069.135473
*Oc1ccc(C(C)(CCC#N)c2ccc(OC(*)=O)c(C)c2)cc1C,3046.975242
*CC(*)c1cc(F)ccc1F,2705.546333
*CC(*)c1ccc(CCC)cc1,3783.903753
*CC(*)(C)C(=O)OCCCCCC,3892.180874
*CC(*)(C)C(=O)Oc1c(C(C)C)cccc1C(C)C,3466.36151
*c1cccc(Oc2ccc(N3C(=O)c4ccc(C(=O)c5ccc6c(c5)C(=O)N(*)C6=O)cc4C3=O)cc2)c1,2434.141261
*CCCCCCC(=O)N*,3632.118023
*C([2H])([2H])C(*)([2H])c1c([2H])c([2H])c([2H])c([2H])c1[2H],3784.536188
*CC(*)C(=O)Oc1cccc(C(=O)OC)c1,2797.737706
*CCO*,4088.15244
*c1ccc(-c2ccc(N3C(=O)c4cc5c(cc4C3=O)C(C(F)(F)F)(C(F)(F)F)c3cc4c(cc3O5)C(=O)N(*)C4=O)cc2C(F)(F)F)c(C(F)(F)F)c1,2027.118073
*CC(*)OC(=O)c1cccnc1,2869.67728
*CC(*)C(=O)OCCC,3569.573438
*CC(*)CCCC(C)(C)C,4419.45012
*CCCCCCCCCSC(=O)S*,3185.195941
*CC(*)c1ccc(C(=O)N(C)C)cc1,3196.024919
*C(F)(F)C(*)(F)OC(F)(F)C(F)(F)F,1607.217703
*CC(*)(C)C(=O)OCc1c(Cl)cccc1Cl,2366.796905
*CCCNC(=O)Cc1ccc(C(=O)N*)cc1,3092.746602
*CC(*)C#N,2943.306276
*/C=C(/*)C(C)(C)C,4024.433054
*CC(*)CCCCCCCCCO,4288.720157
*c1ccc(C(c2ccc(N3C(=O)c4cc5c(cc4C3=O)C(C(F)(F)F)(C(F)(F)F)c3cc4c(cc3O5)C(=O)N(*)C4=O)cc2)(C(F)(F)F)C(F)(F)F)cc1,2080.703726
*CCCCCCOC(=O)c1ccc(-c2ccc(C(=O)O*)cc2)cc1,3151.205285
*CC(*)c1c(Cl)cccc1Cl,2211.203437
*CC(*)C1CCC1,4151.097474
*CC(*)CC(C)C,4425.884896
*c1ccc(Oc2ccccc2Oc2ccc(-n3c(=O)c4cc5c(=O)n(*)c(=O)c5cc4c3=O)cc2)cc1,2487.472144
*CCCCCOC(=O)c1ccc2cc(C(=O)O*)ccc2c1,3075.107536
*C(=O)Nc1ccc(C2(c3ccc(NC(=O)c4ccc5c(c4)C(=O)N(c4ccc(Sc6ccc(Oc7ccc(Sc8ccc(N9C(=O)c%10ccc(*)cc%10C9=O)cc8)cc7)cc6)cc4)C5=O)cc3)c3ccccc3-c3ccccc32)cc1,2574.39182
*CC(CC(*)(C#N)C(=O)OC)c1ccccc1,3121.950807
*C1CCC(CC2CCC(N3C(=O)C4C5C=CC(C6C(=O)N(*)C(=O)C56)C4C3=O)C(C)C2)CC1C,3200.725819
*CC(*)OC(=O)CC1CCCCC1,3653.393173
*Oc1cccc(S(=O)(=O)c2ccc(*)cc2)c1,2399.122479
*CC(*)c1ccc(C(=O)N(CC)CC)cc1,3416.54375
*CCC(C)C(*)C,4430.461174
*CCOC(=O)c1ccc(C(=O)O*)c2ccccc12,2709.95394
*CC(*)OC(=O)c1ccc(C(C)C)cc1,3274.440496
*CC(*)C(=O)Oc1ccccc1,2874.836916
*c1ccc(-c2ccc(N3C(=O)c4ccc(-c5ccc6c(c5)C(=O)N(*)C6=O)cc4C3=O)cc2C(F)(F)F)c(C(F)(F)F)c1,2266.211816
*CC(*)c1ccc(COCCO)cc1,3461.2575
*C(=O)c1ccc2c(c1)C(=O)N(c1ccc(Oc3cccc4c(Oc5ccc(N6C(=O)c7ccc(*)cc7C6=O)cc5)cccc34)cc1)C2=O,2585.30764
*CC(*)C(=O)c1ccc(C)cc1,3171.17198
*Oc1ccc(-c2ccc(OC(=O)CCCCCCC(*)=O)cc2)cc1,3059.757829
*CC(C)CNC(=O)O*,3184.782898
*CC(*)(C)C(=O)OCC(C)O,3557.53269
*CC(*)c1ccc(C(=O)N2CCOCC2)cc1,3197.303891
*c1cccc(P(=O)(c2ccccc2)c2cccc(-n3c(=O)c4cc5c(=O)n(*)c(=O)c5cc4c3=O)c2)c1,2405.130475
*CC(*)OC(=O)CC1CCCC1,3708.270525
*CCOC(=O)NCC1(C)CC(NC(=O)O*)CC(C)(C)C1,3424.902331
*CC(*)c1ccc(-c2ccc(-c3ccccc3)cc2)cc1,3131.460362
*CC(*)OCCOC,3689.579745
*c1ccc(*)cc1,2963.276051
*CC(*)C(=O)OCC(C)(C)C,3659.584118
*c1cccc(P(=O)(c2cccc(-n3c(=O)c4cc5c(=O)n(*)c(=O)c5cc4c3=O)c2)c2cc(C(F)(F)F)cc(C(F)(F)F)c2)c1,2223.74772
*c1ccc(Oc2cccc(Oc3ccc(N4C(=O)c5ccc(-c6ccc7c(c6)C(=O)N(*)C7=O)cc5C4=O)cc3)c2)cc1,2547.527187
*c1ccc(Oc2ccc(C(c3ccc(Oc4ccc(-n5c(=O)c6cc7c(=O)n(*)c(=O)c7cc6c5=O)cc4)cc3)(C(F)(F)F)C(F)(F)F)cc2)cc1,2277.835106
*Oc1ccc(C(C)(C)c2ccc(OC(=O)c3ccccc3/C=C/c3ccc(/C=C/c4ccccc4C(*)=O)cc3)cc2)cc1,2997.830834
*CC(*)(C)C(=O)OCCOC,3574.078904
*CC(*)(CC(=O)OCCCCCCCC)C(=O)OCCCCCCCC,4071.527871
*Oc1ccc(S(=O)(=O)c2ccc(Oc3ccc(C(C)(C)c4ccc(*)c(C(O)(C(F)(F)F)C(F)(F)F)c4)cc3C(O)(C(F)(F)F)C(F)(F)F)cc2)cc1,2269.976529
*CC/C=C(\*)Cl,2471.870685
*CC(*)C(=O)OCC(F)(F)C(F)(F)F,2245.726364
*CC(*)P(=O)(OCC)N(C)C,3289.351236
*CC(*)c1c(F)c(F)c(F)c(F)c1F,1979.257527
*CC(*)CC(C)(C)C,4387.566999
*CS*,2084.607253
*c1ccc2c(c1)C(=O)N(c1cccc(S(=O)(=O)c3cccc(N4C(=O)c5ccc(C(*)(C(F)(F)F)C(F)(F)F)cc5C4=O)c3)c1)C2=O,2176.650773
*C(=O)c1ccc2c(c1)C(=O)N(c1c(C)c(C)c(N3C(=O)c4ccc(*)cc4C3=O)c(C)c1C)C2=O,2688.806025
*CC(*)c1ccccc1C(=O)OCCC(C)C,3468.131177
*Oc1ccccc1OC(=O)c1ccccc1/C=C/c1ccc(/C=C/c2ccccc2C(*)=O)cc1,2791.965104
*CC(*)(F)F,2817.618567
*CC(*)(C)C(=O)OCCN(C)C,3672.015455
*C(F)(F)C(*)(OC(F)(F)F)OC(F)(F)F,1642.492501
*/C=C(/*)c1ccc(-c2ccc(C#C)cc2)cc1,2986.541474
*C(C)C(*)OCC,3968.150843
*CC(*)CCCCCCCCCCCCCCCC,4676.655489
*c1ccc(Oc2ccc(C3(c4ccc(Oc5ccc(N6C(=O)c7ccc(Oc8ccc(C9(c%10ccc(Oc%11ccc%12c(c%11)C(=O)N(*)C%12=O)cc%10)CCC(c%10ccccc%10)CC9)cc8)cc7C6=O)cc5)cc4)CC4CC3C3CCCC43)cc2)cc1,2836.34446
*CC(*)(CC(=O)OCCC1CCCCC1)C(=O)OCCC1CCCCC1,3634.474843
*CC(*)c1ccc(C(C)=NO)cc1,3303.287877
*CC(*)C(=O)OCCCCCCCCCCCCCCCCCC,4385.154735
*CC(*)c1ccccc1C(=O)OCCCCC,3559.569038
*CC(*)c1ccccc1C(=O)OCCC,3369.48944
*CC(*)CCCCCCC,4611.340726
*CC(*)OC(=O)CC,3402.187541
*CC(*)(C)C(=O)OC(C)(C)C,3717.043541
*Oc1c(C)cc(C(C)(C)c2cc(C)c(ON3C(=O)c4ccc(Oc5ccc(C6(c7ccc(Oc8ccc9c(c8)C(=O)N(*)C9=O)cc7)CCC(C(C)(C)C)CC6)cc5)cc4C3=O)c(C)c2)cc1C,3009.113376
*CC(*)CCc1ccccc1,3675.827892
*c1ccc(Oc2ccc(Oc3ccc(N4C(=O)c5ccc(Oc6ccc(C7(c8ccc(Oc9ccc%10c(c9)C(=O)N(*)C%10=O)cc8)CCC(C(C)(C)C)CC7)cc6)cc5C4=O)cc3)c(C(C)(C)C)c2)cc1,2940.634238
*c1ccc(-c2ccc(-c3ccc(-n4c(=O)c5cc6c(=O)n(*)c(=O)c6cc5c4=O)cc3)cc2)cc1,2574.211483
*CC(*)c1ccccc1COCCc1ccccc1,3404.210179
*CC(*)OCC,3978.472984
*/C=C\CCC*,4424.798592
*CC(*)(C)C(=O)OCCS(=O)CC,3265.144708
*Oc1ccc(C(C)(C)c2ccc(OC(=O)c3ccc(C(=O)c4ccc(C(*)=O)cc4)cc3)cc2)cc1,2797.043762
*CC(*)C(=O)Oc1c(Cl)c(Cl)c(Cl)c(Cl)c1Cl,1463.500531
*CC(*)c1ccccc1C(=O)OCCCCCC,3656.146851
*CC(*)N1Cc2ccccc2N1,3215.814955
*CC(*)c1c(C)cc(C)cc1C,3646.903615
*/C=C/CCC*,4590.173117
*CC(*)(C)C(=O)OCCBr,2315.811119
*CC(*)CNc1ccc([N+](=O)[O-])cc1[N+](=O)[O-],2741.478177
*CC(*)Cc1cc(C)cc(C)c1,3721.314587
*CCCCCCOC(=O)c1ccc(C(=O)O*)cc1,3235.411529
*CC(=O)N*,3004.291385
*c1ccc(Oc2ccc(C(C)(C)c3ccc(Oc4ccc(-n5c(=O)c6cc7c(=O)n(*)c(=O)c7cc6c5=O)cc4)cc3)cc2)cc1,2661.081306
*c1cccc(P(=O)(c2ccccc2)c2cccc(-n3c(=O)c4c(-c5ccccc5)c5c(=O)n(*)c(=O)c5c(-c5ccccc5)c4c3=O)c2)c1,2570.263343
*c1cccc(N2C(=O)c3ccc(Oc4ccc(S(=O)(=O)c5ccc(Oc6ccc7c(c6)C(=O)N(*)C7=O)cc5)cc4)cc3C2=O)c1,2405.823738
*c1ccc(N2C(=O)c3ccc(-c4cccc5c4C(=O)N(*)C5=O)cc3C2=O)cc1,2421.664338
*Cc1ccc(-c2ccc(C(=O)O*)cc2)cc1,2894.181766
*Oc1ccc(C(=O)Nc2cccc(C(O)Cc3ccc(NC(=O)c4ccc(*)cc4)cc3)c2)cc1,2893.701364
*CCCCCCNC(=O)CCCCCCCCC(=O)N*,3763.585585
*CCCCCCNC(=O)Cc1ccc(C(=O)N*)cc1,3340.592667
*Sc1ccc(Cc2ccc(SC(*)=O)cc2)cc1,2377.34492
*CC(*)c1ccc(Cl)c(F)c1,2380.985154
*c1ccc2c(c1)-c1cc(-c3nc4cc(-c5ccc6[nH]c(*)nc6c5)ccc4[nH]3)ccc1S2(=O)=O,2479.540458
*CC(*)c1ccc(C(O)CCN2CCOCC2)cc1,3542.365618
*CCCCCCS(=O)(=O)c1ccc(/N=N/c2ccc(N(C)CCCCCC(=O)O*)cc2)cc1,3236.835154
*CC(*)CCc1ccc(C)cc1,3648.246575
*CCC(*)(C)C,4323.95676
*CC(*)CCN(C(C)C)C(C)C,4524.501816
*CC(*)c1ccccc1C(=O)OCCN(C)C,3418.275782
*c1ccc(Oc2ccc(C(c3ccc(Oc4ccc(N5C(=O)c6ccc(Oc7ccc8c(c7)C(=O)N(*)C8=O)cc6C5=O)cc4)cc3)(C(F)(F)F)C(F)(F)F)cc2)cc1,2384.251555
*c1ccc(Oc2c(C)cc(Cc3cc(C)c(Oc4ccc(N5C(=O)c6ccc(-c7ccc8c(c7)C(=O)N(*)C8=O)cc6C5=O)cc4)c(C)c3)cc2C)cc1,2755.686385
*Oc1ccc2[nH]c(-c3ccc4c(c3)-c3cc(-c5nc6cc(*)ccc6[nH]5)ccc3S4(=O)=O)nc2c1,2483.201821
*C1CC2CC1C(*)C2CCCC,4031.237599
*C(=O)c1ccc2c(c1)C(=O)N(c1ccc(C(=O)Nc3cccc(N4C(=O)c5ccc(*)cc5C4=O)c3)cc1)C2=O,2485.109125
*CC(*)(C)C(=O)OCc1cc(Cl)ccc1Cl,2380.625254
*Oc1ccc(NC(=O)c2cccc(C(=O)Nc3ccc(*)cc3)c2)cc1,2724.886448
*CC(*)c1ccc(COCCCCCC)cc1,3925.515112
*CC(*)C,4332.492867
*CC(*)c1ccc(OCCC(C)C)cc1,3696.091273
*CC(C)C(*)(C)C,4283.919731
*Oc1ccc(-c2ccc(OC(=O)CCCCCCCC(*)=O)cc2)cc1,3191.434545
*c1ccc(Oc2ccc(N3C(=O)c4ccc(-c5cccc6c5C(=O)N(*)C6=O)cc4C3=O)cc2)cc1,2522.024354
*CC(*)(C)C(=O)OCCC#N,3106.641277
*c1cccc(N2C(=O)c3ccc(Oc4ccc5c(c4)C(=O)N(*)C5=O)cc3C2=O)c1,2495.171048
*Oc1ccc(Oc2ccc(C(=O)c3ccc(C(=O)c4ccc(*)cc4)c4ccccc34)cc2)cc1,2774.19416
*c1ccc(Oc2ccc(N3C(=O)c4ccc(Oc5cccc6c5C(=O)N(*)C6=O)cc4C3=O)cc2)cc1,2463.548049
*c1ccc(N2C(=O)c3ccc(Oc4ccc(C(C)(C)c5cccc(Oc6ccc7c(c6)C(=O)N(*)C7=O)c5)cc4)cc3C2=O)cc1,2701.671245
*CC(*)P(=O)(Oc1ccccc1)N(C)C,2929.793168
*Oc1ccc(C(C)(C)c2ccc(OC(*)=O)cc2)cc1,2953.21119
*CC1CC(*)OC(CCC)O1,3695.460001
*CCOCCOC(=O)c1cccc(C(=O)O*)c1,2859.136843
*CCOC(=O)c1ccc(C(=O)O*)cc1,2740.439456
*CC(*)OC(C)C,4000.035966
*C=CCCCCCCCCCC*,4564.425017
*CCCCOC(=O)CCC(=O)O*,3263.195771
*CCCCOC(=O)NCC(F)(F)C(F)(F)C(F)(F)C(F)(F)CNC(=O)O*,2468.149841
*CCCC(=O)N*,3313.798257
*CCOCCOC(=O)c1ccc(-c2ccc(C(=O)O*)cc2)cc1,2890.489966
*c1ccc(Oc2ccc(N3C(=O)C4CCC5C(=O)N(*)C(=O)C5C4C3=O)cc2)cc1,2640.384775
*CC(*)c1cccc(Cl)c1,2631.87146
*c1ccc(Oc2ccccc2Oc2ccc(N3C(=O)c4ccc(-c5ccc6c(c5)C(=O)N(*)C6=O)cc4C3=O)cc2)cc1,2548.72475
*CC(*)CCC1CCCCC1,4203.146499
*CC(*)(CC(=O)Oc1ccccc1)C(=O)Oc1ccccc1,2884.654652
*CC(*)OC(=O)c1cccc([N+](=O)[O-])c1,2552.024461
*CC(*)OCC(C)(C)CC,4029.689907
*CC(*)c1ccc(Cl)cc1Cl,2132.59294
*CC(*)c1ccc2ccccc2c1,3154.4699
*/C(C)=C(/*)C(C)C,4072.498149
*Oc1ccc(S(=O)(=O)c2ccc(Oc3ccc(C(=O)c4cc(I)cc(C(=O)c5ccc(*)cc5)c4)cc3)cc2)cc1,2083.142803
*CC(*)c1ccccc1C(=O)OC(C)C,3270.932975
*C(=O)c1ccc2c(c1)C(=O)N(c1ccc(N3C(=O)c4ccc(*)cc4C3=O)c(C)c1)C2=O,2389.144107
*C(=O)c1ccc2c(c1)C(=O)N(c1ccc(C)c(N3C(=O)c4ccc(*)cc4C3=O)c1)C2=O,2556.995123
*C=CC(C)CCCCC*,4481.694262
*CCCSS*,2505.332066
*C(=O)Oc1ccc(OC(=O)c2ccc3c(c2)C(=O)N(c2ccc(Oc4ccc(N5C(=O)c6ccc(*)cc6C5=O)cc4)cc2)C3=O)cc1,2513.485718
*CC(*)OC(=O)C(F)(F)C(F)(F)C(F)(F)C(F)(F)C(F)(F)C(F)(F)C(F)(F)F,1769.425138
*CCOC(=O)Nc1ccc(NC(=O)O*)cc1,2921.538799
*CC(F)(F)C(F)(F)C(F)(F)C(F)(F)COC(=O)O*,2112.67345
*N=P(*)(OCC(F)(F)F)OCC(F)(F)F,1943.58361
*C(=O)Nc1ccc(Oc2ccc(N3C(=O)c4ccc(*)cc4C3=O)cc2)cc1,2526.779486
*C(C)C(*)OCC(C)C,4094.763194
*CCOC(=O)c1ccc(-c2ccc(C(=O)O*)cc2)cc1,2785.113208
*NC1CCC(CC2CCC(NC(=O)CCCCCCCCCCCCC(*)=O)CC2)CC1,3864.898379
*CCCCCCOC(=O)CCCCCCCCC(=O)O*,3731.205322
*C1CCC1*,3788.267893
*CC(*)c1ccccc1Cl,2637.162367
*CC(*)(CC(=O)OCC1CCCCC1)C(=O)OCC1CCCCC1,3491.159026
*Oc1ccc(S(=O)(=O)c2ccc(Oc3ccc(C(=O)c4cc(Br)cc(C(=O)c5ccc(*)cc5)c4)cc3)cc2)cc1,2243.72633
*Oc1ccc(S(=O)(=O)c2ccc(Oc3c(C)cc(C(C)(C)c4cc(C)c(*)c(C)c4)cc3C)cc2C(O)(C(F)(F)F)C(F)(F)F)c(C(O)(C(F)(F)F)C(F)(F)F)c1,2363.873372
*CCCS(=O)(=O)c1ccc(/N=N/c2ccc(N(CCCC)CC(=O)O*)cc2)cc1,2923.286076
*CC(*)(C)C(=O)OCc1cc(Cl)cc(Cl)c1,2431.268838
*CC(*)(C)C(=O)OCc1ccccc1,3157.157629
*c1cccc(P(=O)(c2cccc(-n3c(=O)c4c(-c5ccccc5)c5c(=O)n(*)c(=O)c5c(-c5ccccc5)c4c3=O)c2)c2cc(C(F)(F)F)cc(C(F)(F)F)c2)c1,2468.141181
*CC(*)c1ccc(C(=O)CCCC)cc1,3606.522412
*CCC1CC(OC(=O)CCCCCCCCCCOc2ccc(-c3ccc(C#N)cc3)cc2)CC1*,3502.033475
*c1ccc(Sc2ccc(Oc3ccc(Sc4ccc(N5C(=O)c6ccc(Oc7ccc(C(C)(C)c8ccc(Oc9ccc%10c(c9)C(=O)N(*)C%10=O)cc8)cc7)cc6C5=O)cc4)cc3)cc2)cc1,2578.50348
*c1ccc(Oc2ccc(C(c3ccc(Oc4ccc(N5C(=O)c6ccc(-c7ccc8c(c7)C(=O)N(*)C8=O)cc6C5=O)cc4)cc3)(C(F)(F)F)C(F)(F)F)cc2)cc1,2352.648244
*c1ccc(Oc2cccc(Oc3ccc(N4C(=O)c5ccc(-c6cccc7c6C(=O)N(*)C7=O)cc5C4=O)cc3)c2)cc1,2496.393318
*CC(*)NC(=O)OC(C)(C)C,3465.646022
*CCOC(=O)c1ccc2ccc(C(=O)O*)cc2c1,2745.287872
*CC(*)c1ccc(C(=O)OC(C)C)cc1,3253.670667
*CCCOC(=O)c1ccc2cc(C(=O)O*)ccc2c1,2922.510688
*CC(*)(CC(=O)OCCCCCCC)C(=O)OCCCCCCC,3921.895382
*Oc1ccc(C(C)(C)c2ccc(C(C)(C)c3ccc(OC(*)=O)c(C)c3)cc2)cc1C,3179.537551
*c1ccc(Oc2cc3ccccc3cc2Oc2ccc(N3C(=O)c4ccc(Oc5ccc6c(c5)C(=O)N(*)C6=O)cc4C3=O)cc2)cc1,2546.806292
*CC(*)C(=O)c1ccc(Br)cc1,1900.444769
*c1ccc(-c2ccc(-n3c(=O)c4cc5c(=O)n(*)c(=O)c5cc4c3=O)c(OC)c2)cc1OC,2565.697774
*CC(*)OC(=O)c1ccc(Cl)cc1,2361.781001
*C(=O)Nc1cccc(/C=C/C(=O)/C=C/c2cccc(NC(=O)c3ccc(N4C(=O)c5ccc(*)cc5C4=O)cc3)c2)c1,2649.670784
*c1ccc2c(c1)C(=O)N(c1ccc(Oc3ccc(C(c4ccc(Oc5ccc(N6C(=O)c7ccc(C(*)(C(F)(F)F)C(F)(F)F)cc7C6=O)cc5)cc4)(C(F)(F)F)C(F)(F)F)cc3)cc1)C2=O,2261.17008
*c1ccc(-c2ccc(N3C(=O)c4ccc(-c5cccc6c5C(=O)N(*)C6=O)cc4C3=O)c(C)c2)cc1C,2709.712851
*CC(*)C(=O)c1ccc(C(C)C)cc1,3407.82578
*CCCCOc1ccc(C(=O)OCCOC(=O)c2ccc(O*)cc2)cc1,2887.275862
*C(=O)NC1CCC(CC2CCC(NC(=O)c3ccc(N4C(=O)c5ccc(*)cc5C4=O)cc3)CC2)CC1,3115.796628
*CC(*)C(=O)OCC(C)O,3395.444443
*CC(*)C=O,3305.645558
*CC(*)(C)C#N,3170.710495
*CC(*)C(=O)c1ccccc1O,3102.690399
*CCCCCCCCCCN1C(=O)C2C3C=CC(C4C(=O)N(*)C(=O)C34)C2C1=O,3270.697238
*c1ccc(Oc2ccc(N3C(=O)c4ccc(C(=O)c5ccc6c(c5)C(=O)N(*)C6=O)cc4C3=O)cc2)cc1,2426.43919
*Oc1ccc(C(c2ccc(OC(*)=O)cc2)(C(F)(F)F)C(F)(F)F)cc1,2242.435483
*CC(*)c1ccccn1,3171.368262
*CC(*)c1ccc(O)cc1,3210.901369
*CC(*)OC(=O)CCl,2497.069403
*CC(*)C1CCC(C)CC1,4124.82197
*CC(*)(C)C(=O)OCc1ccccc1Cl,2717.477183
*CC1(C)CC(*)(C)C(=O)OC1=O,3002.816976
*CC(*)OC(=O)CCCC1CCCCC1,3576.563019
*CC(*)OCC(CC)CCCC,4228.581705
*Oc1ccc(S(=O)(=O)c2ccc(Oc3ccc(C(=O)c4cccc(C(=O)c5ccc(*)cc5)c4)cc3)cc2)cc1,2622.65281
*CC(*)CCc1ccccc1C,3709.026098
*Oc1cc(C(C)(C)C)c(Oc2ccc(C(=O)Nc3ccc(C(C)(C)c4ccc(NC(=O)c5ccc(*)cc5)cc4)cc3)cc2)cc1C(C)(C)C,3207.056189
*CC(*)c1ccc(Cl)cc1,2594.282235
*C(=O)c1ccc2c(c1)C(=O)N(c1ccc(-c3ccc(N4C(=O)c5ccc(*)cc5C4=O)c(OC)c3)cc1OC)C2=O,2482.932957
*CCC=C(*)C,4096.184263
*CC(*)c1ccc(OC(C)=O)cc1,3112.053896
*Oc1ccc(C(C)(c2ccccc2)c2ccc(OC(*)=O)cc2)cc1,2821.429005
*CC(*)c1cc(C)ccc1F,3030.360266
*CC(*)(F)C(C)=O,2918.06347
*c1ccc(C(C)(C)c2ccc(C(C)(C)c3ccc(N4C(=O)c5ccc(Oc6ccc7c(c6)C(=O)N(*)C7=O)cc5C4=O)cc3)cc2)cc1,2799.617028
*c1ccc(-c2nc3cc4nc(*)oc4cc3o2)cc1,2422.87838
*CC(*)CCCC,4465.699624
*CC(*)C(=O)OCc1ccc(C#N)cc1,2919.658036
*c1ccc(Oc2ccc(Oc3ccc(N4C(=O)c5ccc(C(c6ccc7c(c6)C(=O)N(*)C7=O)(C(F)(F)F)C(F)(F)F)cc5C4=O)cc3)cc2)cc1,2296.947167
*C(=O)Nc1ccc(Oc2ccc(NC(=O)c3ccc4c(c3)C(=O)N(c3ccc(S(=O)(=O)c5ccc(N6C(=O)c7ccc(*)cc7C6=O)cc5)cc3)C4=O)cc2)cc1,2418.974272
*CC(*)(C)C(=O)OCCCCCCCCCCCC,4177.974231
*OC(F)(F)C(F)(F)C(*)(F)F,1735.900244
*c1ccc2c(c1)Cc1cc(-n3c(=O)c4cc5c(=O)n(*)c(=O)c5cc4c3=O)ccc1-2,2402.511755
*Oc1ccc(-c2ccc(OC(=O)CCCCCCCCCC(*)=O)cc2)cc1,3310.817047
*Oc1cccc2ccc(OC(=O)c3ccccc3/C=C/c3ccc(/C=C/c4ccccc4C(*)=O)cc3)cc12,2861.482844
*Oc1ccc2[nH]c(-c3ccc4sc5ccc(-c6nc7cc(*)ccc7[nH]6)cc5c4c3)nc2c1,2487.735711
*Oc1ccc(-c2ccc(OC(=O)CCCCCCCCCCCC(*)=O)cc2)cc1,3450.457002
*C1C2CC(C)C(C2)C1*,3775.485679
*CC(*)c1ccc(COCCC)cc1,3640.349855
*c1cccc(-n2c(=O)c3cc4c(=O)n(*)c(=O)c4cc3c2=O)c1C,2408.61923
*CC(*)c1ccc(Oc2ccccc2)cc1,3026.416502
*CC(*)OC,3624.652005
*CC(*)OCCCCCCCCCCCCCCCCCC,4484.450463
*CC(*)c1ccccc1COCCC(C)C,3686.76691
*c1ccc2c(c1)C(=O)N(c1ccc3c(c1)-c1cc(N4C(=O)c5ccc(C(*)(C(F)(F)F)C(F)(F)F)cc5C4=O)ccc1C3)C2=O,2284.90546
*Cc1ccc2[nH]c(-c3ccc4c(c3)-c3cc(-c5nc6cc(*)ccc6[nH]5)ccc3S4(=O)=O)nc2c1,2538.47778
*Oc1ccc2c(c1)C1(CC2(C)C)CC(C)(C)c2ccc(OC(=O)c3ccc(C(*)=O)cc3)cc21,2951.452549
*CC(*)c1ccc(CCCCCCCCCCCCCC)cc1,4251.318954
*C(=O)Nc1cccc(NC(=O)/C=C/c2cccc(N3C(=O)c4ccc(*)cc4C3=O)c2)c1,2774.113818
*CCCCCCCC(=O)N*,3762.931593
*CC(*)c1ccc(C(=O)OCCCC)cc1,3428.596722
*CC(*)OC(=O)C(C)(C)CCC,3800.46194
*CC(*)c1ccc(COCCOCCCCCCCC)cc1,4261.25295
*CC(*)C(=O)c1ccc(Br)c(OC)c1,2112.071466
*CCCCO*,4477.077549
*c1ccc(Oc2c(C)cc(Cc3cc(C)c(Oc4ccc(-n5c(=O)c6cc7c(=O)n(*)c(=O)c7cc6c5=O)cc4)c(C)c3)cc2C)cc1,2872.563581
*CC(*)c1ccc(C(=O)N2CCCCC2)cc1,3381.843681
*c1ccc(-c2ccc(-n3c(=O)c4cc5c(=O)n(*)c(=O)c5cc4c3=O)cc2C(F)(F)F)c(C(F)(F)F)c1,2123.856754
*c1ccc(Oc2ccc(-c3ccc(Oc4ccc(N5C(=O)c6ccc(Oc7ccc(C8(c9ccc(Oc%10ccc%11c(c%10)C(=O)N(*)C%11=O)cc9)CCCCCCCCCCC8)cc7)cc6C5=O)cc4)cc3C)c(C)c2)cc1,2928.554915
*CC(*)c1ccc(C(=O)CC)cc1,3423.444859
*c1ccc2c(c1)C(=O)N(c1ccc(Cc3ccc(N4C(=O)c5ccc(C(F)(F)C(F)(F)C(*)(F)F)cc5C4=O)cc3)cc1)C2=O,2277.547361
*CC(*)c1ccc(OCCC)cc1,3602.091447
*CC(*)OC(=O)c1cccc(OC)c1,2993.890605
*c1ccc(Oc2cccc(Oc3ccc(N4C(=O)c5ccc(C(=O)c6ccc7c(c6)C(=O)N(*)C7=O)cc5C4=O)cc3)c2)cc1,2500.366064
*CC(*)C(=O)c1ccc(CC)cc1,3398.04827
*CC(*)C(=O)c1ccc(C(C)(C)C)cc1,3518.429065
*Oc1c(Cl)cc(C(C)(C)c2cc(Cl)c(OC(*)=O)c(Cl)c2)cc1Cl,2032.475771
*CCOC(=O)C1CCC(C(=O)O*)CC1,3230.697874
*c1ccc(Sc2ccc3c(c2)Sc2ccc(Sc4ccc(-n5c(=O)c6cc7c(=O)n(*)c(=O)c7cc6c5=O)cc4)cc2S3)cc1,2170.330363
*c1ccc(-c2nc3cc(-c4ccc5nc(*)c(-c6ccc7ccccc7c6)nc5c4)ccc3nc2-c2ccc3ccccc3c2)cc1,2696.96704
*c1ccc(Oc2ccc(Oc3ccc(N4C(=O)c5ccc(Oc6ccccc6Oc6ccc7c(c6)C(=O)N(*)C7=O)cc5C4=O)cc3C(F)(F)F)cc2)c(C(F)(F)F)c1,2421.79835
*CC(*)c1ccc(C(C)CC)cc1,3683.098958
*C(=O)c1ccc2c(c1)C(=O)N(c1c(C)cc(C(c3cc(C)c(N4C(=O)c5ccc(*)cc5C4=O)c(C)c3)c3cccc4ccccc34)cc1C)C2=O,2751.331225
*Oc1cc(C)c(*)c(C)c1Br,1942.79782
*CC(*)CCCCCCCCCCC,4619.381361
*/C=C/CC*,4364.674401
*Oc1ccc(C(C)(CCC#N)c2ccc(OC(*)=O)cc2)cc1,2858.344814
*CC(*)c1ccc(CCCCCCCCCCCCCCCCCC)cc1,4290.125194
*CC(*)C(=O)OCc1ccccc1,3118.49244
*c1ccc(Oc2ccc(Oc3ccc(N4C(=O)c5ccc(Oc6ccc(C7(c8ccc(Oc9ccc%10c(c9)C(=O)N(*)C%10=O)cc8)CCC(c8ccccc8)CC7)cc6)cc5C4=O)cc3)c(C(C)(C)C)c2)cc1,2846.581904
*CC(*)(C)CCC,4335.208757
*CC(*)c1ccccc1C(=O)O,2963.812223
*CC(*)C(=O)OCCCCCCCCCCCCCC,4250.896528
*CC(*)OC(C)(C)C,3987.561404
*c1cccc(Oc2ccc(-n3c(=O)c4cc5c(=O)n(*)c(=O)c5cc4c3=O)cc2)c1,2414.701069
*CC(*)CCCCCCCCCC,4584.116743
*Oc1ccc(-c2ccc(OC(=O)CCCCCC(*)=O)cc2)cc1,2900.173274
*c1cccc(Oc2ccc(N3C(=O)c4ccc(-c5ccc6c(c5)C(=O)N(*)C6=O)cc4C3=O)cc2)c1,2434.623421
*CCCCCCOC(=O)CCCCCCCC(=O)O*,3770.19546
*CC1CC(*)C(OC(=O)CCCCCCCCCCOc2ccc(-c3ccc(C#N)cc3)cc2)C1,3350.337906
*C(=O)Oc1ccc(OC(=O)c2ccc3c(c2)C(=O)N(c2ccc(-c4ccc(N5C(=O)c6ccc(*)cc6C5=O)cc4C(F)(F)F)c(C(F)(F)F)c2)C3=O)cc1,2263.762921
*c1ccc2c(c1)-c1nc3cc(Oc4ccc5c(c4)nc4n5C(=O)c5cc(C(*)(C(F)(F)F)C(F)(F)F)ccc5-4)ccc3n1C2=O,2248.709667
*C(=O)c1ccc2c(c1)C(=O)N(c1cc(C(c3ccc(O)c(N4C(=O)c5ccc(*)cc5C4=O)c3)(C(F)(F)F)C(F)(F)F)ccc1O)C2=O,2266.243072
*CC(*)OC(=O)c1ccc(C(C)(C)C)cc1,3448.923107
*C(=O)Oc1ccc(C(C)(C)c2ccc(OC(=O)c3ccc4c(c3)C(=O)n3c-4nc4ccc(Oc5ccc6c(c5)nc5n6C(=O)c6ccc(*)cc6-5)cc43)cc2)cc1,2571.628996
*CCCOC(=O)c1ccc(C(=O)O*)cc1,2883.062502
*CC(*)C(=O)c1ccc(OC)cc1,3063.570547
*CC(*)(C)C(=O)Oc1ccc(C(=O)OC)cc1,2850.141092
*CC(*)OC(=O)C(C)(C)CC(C)(C)C,3751.307109
*CCCCNC(=O)CCCCCCCCC(=O)N*,3779.283539
*CCCCCCOC(=O)Nc1ccc(Cc2ccc(NC(=O)O*)cc2)cc1,3095.909958
*c1ccc(Oc2ccc(Oc3ccc(N4C(=O)c5ccc(Oc6ccc7c(c6)C(=O)N(*)C7=O)cc5C4=O)cc3)cc2)cc1,2514.232995
*CCCCCCCCCCCNC(=O)CCCCC(=O)N*,3887.292355
*CCCCCCOC(=O)O*,3534.268732
*CC(*)CCCCCC,4577.797022
*Oc1c(-c2ccccc2)cc(*)cc1-c1ccccc1,2827.191457
*c1ccc(*)s1,2010.793459
*CC(*)C(=O)n1c2ccccc2c2ccccc21,2905.369317
*c1ccc(N2C(=O)c3ccc(-c4ccc5c(c4)C(=O)N(*)C5=O)cc3C2=O)cc1,2492.770789
*C(F)(F)C(*)(F)OC(F)(F)F,1634.723255
*c1ccc2c(c1)C(=O)N(c1ccc(C(c3ccc(C)c(N4C(=O)c5ccc(C(*)(C(F)(F)F)C(F)(F)F)cc5C4=O)c3)(C(F)(F)F)C(F)(F)F)cc1C)C2=O,2246.901965
*c1cccc(S(=O)(=O)c2cccc(N3C(=O)c4ccc(Oc5ccc(S(=O)(=O)c6ccc(Oc7ccc8c(c7)C(=O)N(*)C8=O)cc6)cc5)cc4C3=O)c2)c1,2404.697828
*CCc1ccc(*)c(C)c1,3416.647069
*Oc1ccc(S(=O)(=O)c2ccc(OC(=O)c3ccc(C(*)=O)cc3)cc2)cc1,2431.724373
*CCCCCCNC(=O)CCCCC(=O)N*,3816.65677
*CC(*)c1ccc(C(C)C)cc1C(C)C,3743.22618
*Oc1ccc(S(=O)(=O)c2ccc(OC(=O)c3ccccc3/C=C/c3ccc(/C=C/c4ccccc4C(*)=O)cc3)cc2)cc1,2706.513804
*C(=O)c1ccc2c(c1)C(=O)N(c1ccc(Oc3cc4ccccc4cc3Oc3ccc(N4C(=O)c5ccc(*)cc5C4=O)cc3)cc1)C2=O,2489.409529
*CCCCOC(=O)CCCCC(=O)O*,3491.187602
*c1ccc(Oc2ccc(N3C(=O)c4ccc(Oc5ccc(C6(c7ccc(Oc8ccc9c(c8)C(=O)N(*)C9=O)cc7)CCC(c7ccccc7)CC6)cc5)cc4C3=O)cc2)cc1,2784.94161
*Oc1ccc(Sc2ccc(OC(*)=O)cc2)cc1,2472.017598
*CC(*)(C)C(=O)OCCCCCCCC,4036.043784
*CC(*)OC(=O)C(F)(F)F,2084.781486
*CC(*)c1ccc(F)cc1C,3080.248365
*Oc1ccc(C2(c3ccc(OC(=O)c4cccc(C(*)=O)c4)cc3)c3ccccc3-c3ccccc32)cc1,2734.51232
*CC(*)OC(=O)C(F)(F)C(F)(F)C(F)(F)C(F)(F)C(F)(F)F,1848.544899
*NC(CCC(=O)OCCCCCC)C(*)=O,3846.315939
*CC(*)c1cccs1,2598.546024
*CC*,4699.002675
*CC(*)OC(=O)C1CCCCC1,3511.212145
*CCCCCCCCCNC(=O)c1ccc(C(=O)N*)cc1,3458.481707
*CC(*)(CCC(C)C(=O)OC)C(=O)OC,3532.691906
*CC(*)OC(=O)C1(F)C(F)(F)C(F)(F)C(F)(F)C(F)(F)C1(F)F,1809.912725
*CC/C=C(/*)Cl,2545.973223
*CC(*)c1ccc(C(=O)CCN2CCCCC2)cc1,3479.075374
*Oc1ccc(-c2ccc(OC(=O)CCCCCCCCCCC(*)=O)cc2)cc1,3836.895283
*Oc1ccc(S(=O)(=O)c2ccc(*)cc2)cc1,2427.274907
*CC(*)c1ccc(C(=O)OCCCCCC)cc1,3578.445341
*CC(*)OC(=O)C(F)(F)C(F)(F)C(F)(F)C(F)(F)C(F)(F)C(F)(F)C(F)(F)C(F)(F)C(F)(F)F,1741.934076
*c1ccc(-c2ccc(-n3c(=O)c4cc5c(=O)n(*)c(=O)c5cc4c3=O)cc2)cc1,2435.327707
*CCC=C(*)CCC,4391.369695
*CC(*)C(=O)O,2772.366034
*CCS*,2850.40855
*CC(*)c1ccccc1COCc1ccccc1,3300.152239
*c1ccc(Oc2ccc(Oc3ccc(-n4c(=O)c5cc6c(=O)n(*)c(=O)c6cc5c4=O)cc3)cc2C(C)(C)C)cc1,2661.287595
*c1ccc(Oc2ccc(-c3ccc(Oc4ccc(N5C(=O)c6ccc(Oc7cccc(Oc8ccc9c(c8)C(=O)N(*)C9=O)c7)cc6C5=O)cc4)cc3)cc2)cc1,2619.551254
*CC(*)(CC(=O)OCc1ccccc1)C(=O)OCc1ccccc1,3164.13213
*C(=O)c1ccc2c(c1)C(=O)N(c1ccc(Cc3ccc(N4C(=O)c5ccc(*)cc5C4=O)cc3)cc1)C2=O,2577.430968
*Cc1cccc(CNC(=O)CCCCC(=O)N*)c1,3228.160941
*C(=O)Oc1ccc(OC(=O)c2ccc3c(c2)C(=O)N(C2CCC(N4C(=O)c5ccc(*)cc5C4=O)CC2)C3=O)cc1,2570.132543
*CC(*)C(=O)NC(C)C,3872.144324
*Oc1c(C)cc(*)cc1C,3039.04925
*CC(*)OC(=O)c1ccc(OC)cc1,3022.147804
*C=CC(C*)OC,3869.925553
*C(F)(F)C(*)(F)Cl,1344.77588
*CC(*)(C)C(=O)OC(C)CC,3681.087003
*CC(*)c1cccc(-c2ccc(-c3ccccc3)cc2)c1,3107.60159
*c1ccc(Oc2cccc3c(Oc4ccc(N5C(=O)c6ccc(Oc7ccc8c(c7)C(=O)N(*)C8=O)cc6C5=O)cc4)cccc23)cc1,2497.92911
*c1ccc(Oc2ccc(S(=O)(=O)c3ccc(Oc4ccc(N5C(=O)c6ccc(C(=O)c7ccc8c(c7)C(=O)N(*)C8=O)cc6C5=O)cc4)cc3)cc2)cc1,2474.671664
*CC(*)c1ccc(C(C)(O)CCC)cc1,3604.936405
*C(=O)c1ccc2c(c1)C(=O)N(c1c(C(C)C)cc(Cc3cc(C(C)C)c(N4C(=O)c5ccc(*)cc5C4=O)c(C(C)C)c3)cc1C(C)C)C2=O,2979.446156
*C=CCCCCCCCC*,4955.423475
*Oc1ccc(NC(=O)c2cc(C(c3ccc(C(=O)O)c(C(=O)Nc4ccc(Oc5ccc(C(c6ccc(*)cc6)(C(F)(F)F)C(F)(F)F)cc5)cc4)c3)(C(F)(F)F)C(F)(F)F)ccc2C(=O)O)cc1,2363.579265
*c1ccc(Cc2ccc(N3C(=O)C4CCC5C(=O)N(*)C(=O)C5C4C3=O)c(C)c2)cc1C,2794.599042
*CC(*)C(=O)OCC(F)(F)C(F)(F)C(F)(F)F,2185.700505
*CC(*)C(=O)N(C)C,3561.976139
*CC(*)(C)c1ccc(C)cc1,3465.731501
*c1ccc(Oc2ccc(C(C)(C)c3ccc(Oc4ccc(N5C(=O)C6CCC7C(=O)N(*)C(=O)C7C6C5=O)cc4)cc3)cc2)cc1,2799.643418
*CC(*)C(=O)OC(C)(C)C,3639.002148
*CC(*)N1CCNC1,3842.975394
*NC(CCC(=O)OCCC)C(*)=O,3265.188478
*NC(=O)c1ccc(C(=O)Nc2ccc(*)cc2)cc1,2772.204537
*c1ccc(-c2ccc(Oc3ccc(C4(C)CC(C)(C)c5ccc(Oc6ccc(-c7ccc(N8C(=O)c9ccc(Oc%10ccc%11c(c%10)C(=O)N(*)C%11=O)cc9C8=O)cc7)cc6C(F)(F)F)cc54)cc3)c(C(F)(F)F)c2)cc1,2577.764715
*/C=C/C1CC(*)C2C(=O)N(CCCCCC)C(=O)C12,3662.101498
*CC(*)c1ccc(C(=O)O)c(C(=O)O)c1,2628.501181
*NC(CCC(=O)OCCCCC)C(*)=O,3440.539219
*C=CCC(C)(CC*)C(=O)OC,3905.431798
*CC(*)c1ccccc1OC,3252.219225
*CC(*)(C)C(=O)OCc1cccc(Cl)c1Cl,2389.104745
*CCCCCCNC(=O)c1ccc(C2(C)CC(C)(C)c3ccc(C(=O)N*)cc32)cc1,3362.904989
*CC(*)c1ccc(C(=O)OCC(C)C)cc1,3346.147342
*CC(*)(C)C(=O)Oc1c(C)cccc1C,3154.522543
*CCCCCCCCCCOC(=O)c1ccc(C(=O)NCCNC(=O)c2ccc(C(=O)O*)cc2)cc1,3304.14116
*c1ccc(-c2ccc(-n3c(=O)c4cc5c(=O)n(*)c(=O)c5cc4c3=O)c(C)c2)cc1C,2590.482971
*CC(*)CCCCC,4541.070571
*c1ccc2c(c1)C(=O)N(c1c(CC)cc(Cc3cc(CC)c(N4C(=O)c5ccc(C(*)(C(F)(F)F)C(F)(F)F)cc5C4=O)c(CC)c3)cc1CC)C2=O,2690.639334
*CC1CCC(COC(=O)CCC(=O)O*)CC1,3736.61136
*CC(*)c1ccccc1COCC,3643.861148
*Oc1ccc(S(=O)(=O)c2ccc(Oc3ccc(C(C)(C)c4ccc(*)c(C(OC)(C(F)(F)F)C(F)(F)F)c4)cc3C(OC)(C(F)(F)F)C(F)(F)F)cc2)cc1,2350.246228
*c1cccc2c(N3C(=O)c4ccc(-c5ccc6c(c5)C(=O)N(*)C6=O)cc4C3=O)cccc12,2478.561662
*CC(*)c1cccc(C)n1,3307.303413
*CC(*)(CC(=O)OCCCC)C(=O)OCCCC,3618.282516
*c1cccc(P(=O)(c2ccccc2)c2cccc(-n3c(=O)c4c(-c5ccc(C(F)(F)F)cc5)c5c(=O)n(*)c(=O)c5c(-c5ccc(C(F)(F)F)cc5)c4c3=O)c2)c1,2358.335162
*CC(*)CCCCCCCCCCCC,4623.665193
*OC1C(CO)OC(*)C(N)C1O,3555.152554
*CC(*)c1ccc(C)cc1C,3492.04605
*CCCCCCN1C(=O)c2ccc(Oc3ccc4c(c3)C(=O)N(*)C4=O)cc2C1=O,2711.11393
*CCCCCNC(=O)O*,3368.811251
*CC(*)C(=O)C(C)(C)C,3747.112552
*c1ccc(Oc2ccc(N3C(=O)c4ccc(Oc5ccc(C(c6ccc(Oc7ccc8c(c7)C(=O)N(*)C8=O)cc6)(C(F)(F)F)C(F)(F)F)cc5)cc4C3=O)cc2)cc1,2386.866978
*CC(*)c1ccccc1C(=O)Oc1ccccc1,2937.125391
*CC(*)c1ccc(C(=O)OC)cc1,3074.650943
*Oc1ccc(S(=O)(=O)c2ccc(Oc3ccc(C(c4ccc(*)cc4)(C(F)(F)F)C(F)(F)F)cc3)cc2)cc1,2293.553644
*CC(*)c1ccc(COC)cc1,3576.60546
*CC(*)C(=O)Oc1ccc(C(=O)OCC)cc1,2951.349674
*CC(*)c1ccc(C(C)(O)CCCCC)cc1,3980.241411
*CC(*)(C)C(=O)OCC(C)C,3757.563752
*C(c1ccccc1)C(*)[N+](=O)[O-],2791.647421
*/C=C(/*)c1ccc(C#C)cc1,2892.503284
*C(OC(F)(F)F)C(*)(F)F,1723.65013
*c1ccc(Oc2ccc(-c3ccc(Oc4ccc(N5C(=O)c6ccc(-c7ccc8c(c7)C(=O)N(*)C8=O)cc6C5=O)cc4)cc3)cc2)cc1,2584.277412
*c1ccc(-c2nc3cc(-c4ccc5nc(*)c(-c6ccccc6)nc5c4)ccc3nc2-c2ccccc2)cc1,2775.715639
*CCCCCCNC(=O)c1ccc(-c2ccc(C(=O)N*)cc2)cc1,3177.963716
*CC(*)Cc1cc(C)ccc1C,3718.637195
*CC(*)OCCC,3976.393943
*CC(*)c1ccc(C)nc1,3269.804187
*C(=O)c1ccc2c(c1)C(=O)N(c1ccc(Oc3ccc(C(=O)c4cccc(C(=O)c5ccc(Oc6ccc(N7C(=O)c8ccc(*)cc8C7=O)cc6)cc5)c4)cc3)cc1)C2=O,2634.780994
*c1ccc2c(c1)C(=O)N(c1ccc(Oc3ccc(N4C(=O)c5ccc(C(C)(C)CCCCC(*)(C)C)cc5C4=O)cc3)cc1)C2=O,2885.937408
*C=CCCCCCC*,4634.293815
*c1cccc(N2C(=O)c3ccc(Oc4ccc5c(c4)C4(CC(C)(C)c6ccc(Oc7ccc8c(c7)C(=O)N(*)C8=O)cc64)CC5(C)C)cc3C2=O)c1,2841.411572
*CC(*)OC(=O)c1ccccc1OC,3083.097251
*CC(*)c1ccc(I)cc1,1579.107875
*CC(*)c1ccccc1C(=O)OC,3109.660332
*C(=O)Nc1ccc(Cc2ccc(NC(=O)c3ccc(N4C(=O)c5ccc(*)cc5C4=O)cc3)cc2)cc1,2704.778446
*c1ccc(Oc2ccc(Oc3ccc(N4C(=O)c5cccc(Oc6cccc7c6C(=O)N(*)C7=O)c5C4=O)cc3)cc2)cc1,2484.998677
*CCc1cc(C)c(*)cc1C,3471.686114
*Oc1c(OC)cc(*)cc1OC,2788.068296
*CCC1CC2C(CC(*)C2OC(=O)CCCCCCCCCCOc2ccc(-c3ccc(C#N)cc3)cc2)C1OC(=O)CCCCCCCCCCOc1ccc(-c2ccc(C#N)cc2)cc1,3542.099094
*Cc1cc(*)c(O)cc1C,3110.285757
*c1ccc(Oc2ccc3ccc(Oc4ccc(-n5c(=O)c6cc7c(=O)n(*)c(=O)c7cc6c5=O)cc4)cc3c2)cc1,2544.556787
*CC(*)CCCCCCCCCCCCCC,4741.056374
*CC(*)C(=O)c1ccccc1,3035.740597
*c1cc(CCCC)c(*)s1,3041.097483
*c1ccc(-c2sc(-c3ccc(-n4c(=O)c5cc6c(=O)n(*)c(=O)c6cc5c4=O)cc3)c(-c3ccccc3)c2-c2ccccc2)cc1,2567.370293
*Oc1ccc(C(C#N)(c2ccccc2)c2ccc(OC(*)=O)cc2)cc1,2677.003113
*CC(*)OCC(C)(C)C,4053.524859
*Oc1ccc(C(=C(Cl)Cl)c2ccc(OC(*)=O)cc2)cc1,2150.200607
*CCCCNC(=O)CCCCCCC(=O)N*,3705.083727
*C(=O)Oc1ccc(C(C)(C)c2ccc(OC(=O)c3ccc4c(c3)C(=O)N(c3ccc(-c5ccc(N6C(=O)c7ccc(*)cc7C6=O)c(C)c5)cc3C)C4=O)cc2)cc1,2715.873693
*OC1C(COC(C)=O)OC(*)C(OC(C)=O)C1OC(C)=O,2870.327405
*c1ccc(C(=O)Nc2ccc(-n3c(=O)c4cc5c(=O)n(*)c(=O)c5cc4c3=O)cc2)cc1,2401.774218
*CC(*)c1ccccc1F,2914.615125
*C(F)(F)C(*)(F)OC(F)(F)C(F)(F)C(F)(F)C(F)(F)F,1636.840508
*CC(O)COc1ccc(C(C)(C)c2ccc(O*)cc2)cc1,3237.442814
*CCCCCCCCCCCCSC(=O)S*,3390.583522
*Oc1cccc(CCCCCCCCCCc2cccc(OC(*)=O)c2)c1,3556.915088
*c1ccc(Oc2ccc(-n3c(=O)c4cc5c(=O)n(*)c(=O)c5cc4c3=O)cc2)cc1,2357.151644
*c1ccc(Oc2ccc(C(c3ccc(Oc4ccc(N5C(=O)c6ccc(Oc7ccc(C8(c9ccc(Oc%10ccc%11c(c%10)C(=O)N(*)C%11=O)cc9)CCC(C(C)(C)C)CC8)cc7)cc6C5=O)cc4)cc3)(C(F)(F)F)C(F)(F)F)cc2)cc1,2672.747253
*Sc1ccc(*)cc1,2426.803593
*CC(*)c1ccc(C(C)(C)O)cc1,3602.546473
*CC(*)(CC(=O)OCCCCCCCCC)C(=O)OCCCCCCCCC,3972.829746
*CC(*)C(=O)OC1CCCCCCCCCCC1,3793.80436
*CC(*)c1cccc(CC)c1,3644.67395
*CC(*)C(C)c1ccccc1,3552.339229
*c1ccc2c(c1)C(=O)N(c1cccc(Oc3ccc(S(=O)(=O)c4ccc(Oc5cccc(N6C(=O)c7ccc(C(*)(C(F)(F)F)C(F)(F)F)cc7C6=O)c5)cc4)cc3)c1)C2=O,2389.139432
*CC(*)C(=O)Oc1ccc(OC)cc1,3163.520465
*c1ccc2c(c1)C(=O)N(c1c(C)cc(Cc3cc(C)c(N4C(=O)c5ccc(C(*)(C(F)(F)F)C(F)(F)F)cc5C4=O)c(C)c3)cc1C)C2=O,2482.355125
*c1cccc(Oc2ccc(S(=O)(=O)c3ccc(Oc4cccc(N5C(=O)c6ccc(-c7ccc8c(c7)C(=O)N(*)C8=O)cc6C5=O)c4)cc3)cc2)c1,2443.797419
*CC(*)OC(=O)c1ccc(OCC)cc1,3019.580116
*c1ccc(S(=O)(=O)c2ccc(N3C(=O)c4ccc(-c5ccc6c(c5)C(=O)N(*)C6=O)cc4C3=O)cc2)cc1,2393.77624
*c1ccc(Oc2cccc(Oc3ccc(N4C(=O)c5ccc(Oc6ccc7c(c6)C(=O)N(*)C7=O)cc5C4=O)cc3)c2)cc1,2486.051862
*Cc1ccc2[nH]c(-c3ccc4sc5ccc(-c6nc7cc(*)ccc7[nH]6)cc5c4c3)nc2c1,2541.524719
*CCCCOC(=O)c1ccc(C(=O)O*)cc1,3129.938861
*c1c(C)cc(C(c2cc(C)c(N3C(=O)c4ccc(-c5ccc6c(c5)C(=O)N(*)C6=O)cc4C3=O)c(C)c2)c2cccc3ccccc23)cc1C,2771.673685
*Oc1ccc(C(CCCC)(CCCC)c2ccc(OC(*)=O)cc2)cc1,3258.730657
*NC(=O)NCCCCCCNC(=O)NCCCCC(*)C(=O)OC,3762.570935
*CC(*)OC(=O)CCCCCCC,4043.175414
*CC(*)c1ccc(C(=O)CCN2CCOCC2)cc1,3294.897267
*C(*)C(=O)OC,2942.961142
*CCOC(=O)CCC(=O)O*,2836.743438
*c1cccc(-c2nc3cc(-c4ccc5nc(*)c(-c6ccccc6)nc5c4)ccc3nc2-c2ccccc2)c1,2743.152385
*C(F)(F)C(*)(F)C(F)(F)F,1552.707634
*CC(*)OC(C)CC,4077.378724
*/C=C/C(C*)OC,3773.335051
*CCCCCCCCCCCCNC(=O)CCCCCCCCCCC(=O)N*,4067.258827
*CC(*)OCC(F)(F)F,2534.620624
*CC(*)c1ccc(-c2ccccc2)cc1,3208.670512
*CCCCCCS(*)(=O)=O,3536.184469
*CC(*)C1CCCC(C)C1,4587.343021
*Nc1ccc(NC(=O)c2cc(C(*)=O)c(C(=O)OCC)cc2C(=O)OCC)cc1,2791.160392
*CC(*)c1ccc(COCCOCC)cc1,3692.314957
*CC(*)c1ccc(OCC)cc1,3475.003339
*c1c(C)c(C)c(-n2c(=O)c3cc4c(=O)n(*)c(=O)c4cc3c2=O)c(C)c1C,2588.391733
*Oc1ccc(S(=O)(=O)c2ccc(Oc3ccc(-c4ccc(*)cc4)cc3)cc2)cc1,2564.448152
*Nc1cccc(C(O)Cc2ccc(NC(=O)c3ccc(C(*)=O)cc3)cc2)c1,2934.178763
*CCCC(*)(C)CC,4383.910692
*C1CC2CC1C(*)C2CCCCCC,4244.038469
*Oc1ccc(SC(=O)Oc2ccc(C(C)(C)c3ccc(OC(=O)Sc4ccc(*)cc4)cc3)cc2)cc1,2556.648293
*CC(*)c1ccccc1C(=O)Nc1ccccc1,2986.083032
*C(=O)OCCOC(=O)c1ccc(*)o1,2517.37182
*C(=O)c1ccc2c(c1)C(=O)N(c1ccc(Cc3ccc(N4C(=O)c5ccc(*)cc5C4=O)c(C)c3)cc1C)C2=O,2632.453931
*c1ccc(C(c2ccc(-c3nc4ccc(-c5ccc6nc(*)[nH]c6c5)cc4[nH]3)cc2)(C(F)(F)F)C(F)(F)F)cc1,2414.31999
*c1ccc(Oc2ccccc2Oc2ccc(N3C(=O)c4ccc(Oc5ccccc5Oc5ccc6c(c5)C(=O)N(*)C6=O)cc4C3=O)cc2C(F)(F)F)c(C(F)(F)F)c1,2366.36414
*c1ccc(-c2nc3cc(-c4ccc5nc(-c6ccccc6)c(*)nc5c4)ccc3nc2-c2ccccc2)cc1,2836.67591
*c1ccc2c(c1)C(=O)N(c1ccc(Oc3cccc(Oc4ccc(N5C(=O)c6ccc(C(*)(C(F)(F)F)C(F)(F)F)cc6C5=O)cc4)c3)cc1)C2=O,2262.331348
*CC(*)OC(F)(C(F)(F)F)C(F)(F)F,1820.22411
*Oc1cccc(Oc2cccc(*)c2)c1C#N,2653.433901
*CCCC=C(*)c1ccc(Cl)cc1,2892.040876
*CC(*)n1c2ccccc2c2ccccc21,2982.501728
*CCCCCCCCCC(=O)N*,3857.332471
*NC1CC(C)(C)CC(C)(CNC(=O)CCCCC(*)=O)C1,3761.481618
*CC(*)c1cc(C)c(C)cc1C,3549.544348
*CC1CCC(*)C1,4155.611242
*CC(*)C(C)CC,4346.156853
*CC(*)C(=O)OC(OCC)C(F)(F)F,2612.646344
*CC(*)C(=O)OC(C(F)(F)F)C(F)(F)F,2041.340646
*CC(*)(C)C(=O)OCCC,3629.456323
*C(C)C(*)OCCC,4073.630929
*CC(*)OC1CCCCC1,3802.288162
*CC(*)OC(=O)C(C)(C(C)C)C(C)C,3785.889848
*C(C)C(*)OC(C)C,4005.967436
*CC(*)c1ccc(OC)cc1,3275.472921
*CC(*)c1ccccc1COCCCCC,3959.298076
*CC1(*)CCC(C)CC1,4107.301081
*CC(*)SCC,3196.103539
*CC(*)O,4120.919335
*CC(*)(C)C(=O)OCC,3523.717173
*C1CCC(N2C(=O)c3ccc(-c4ccc5c(c4)C(=O)N(*)C5=O)cc3C2=O)CC1,2738.031851
*Oc1ccc(C(C)(CCC)c2ccc(OC(*)=O)cc2)cc1,3083.469373
*C(*)C(=O)OCC,3169.214602
*c1ccc(N2C(=O)c3ccc(Oc4ccc5c(c4)C(=O)N(*)C5=O)cc3C2=O)cc1,2444.377374
*Oc1ccc(C(C)(C)c2ccc(OC(=O)SCCCCCCSC(*)=O)cc2)cc1,2980.101723
*Oc1ccc(C(C)(C)c2ccc(OC(*)=O)c(CC)c2)cc1CC,3183.044905
*CC(*)c1cc(Br)ccc1OCC,2227.399524
*c1cc(C(c2ccc(O)c(N3C(=O)c4ccc(-c5ccc6c(c5)C(=O)N(*)C6=O)cc4C3=O)c2)(C(F)(F)F)C(F)(F)F)ccc1O,2240.546804
*NC(C)C(*)=O,3134.716497
*CC(*)CC(C)CC,4458.808558
*c1ccc(C(c2ccc(-c3nc4cc(-c5ccc6nc(*)[nH]c6c5)ccc4[nH]3)cc2)(C(F)(F)F)C(F)(F)F)cc1,2375.608629
*c1cccc(P(=O)(c2ccccc2)c2cccc(-n3c(=O)c4c(-c5cc(C(F)(F)F)cc(C(F)(F)F)c5)c5c(=O)n(*)c(=O)c5c(-c5cc(C(F)(F)F)cc(C(F)(F)F)c5)c4c3=O)c2)c1,2139.029044
*Oc1ccc(OC(=O)c2ccccc2/C=C/c2ccc(/C=C/c3ccccc3C(*)=O)cc2)cc1,2783.526784
*CC(*)OC(=O)C(C)(C)C(C)C(C)C,4007.153683
*C(C)C(*)OCCCC,4187.522148
*c1cccc(Oc2ccc(S(=O)(=O)c3ccc(Oc4cccc(-n5c(=O)c6cc7c(=O)n(*)c(=O)c7cc6c5=O)c4)cc3)cc2)c1,2447.780572
*c1ccc(Oc2c(C)cc(C(C)(C)c3cc(C)c(Oc4ccc(N5C(=O)c6ccc(Oc7ccc(C8(c9ccc(Oc%10ccc%11c(c%10)C(=O)N(*)C%11=O)cc9)CCC(c9ccccc9)CC8)cc7)cc6C5=O)cc4)c(C)c3)cc2C)cc1,2928.875859
*CC(*)c1ccc(CC)cc1,3639.535808
*CC(*)c1cc(Cl)ccc1Cl,2071.881797
*Oc1ccc(C(CCC)(CCC)c2ccc(OC(*)=O)cc2)cc1,3135.723507
*CC(*)C(=O)OCC=C,3360.001121
*CC(C)(CCC)C(=O)O*,3676.715396
*CC(*)c1nc(C)nc(C)n1,3171.544445
*Oc1ccc(S(=O)(=O)c2ccc(OC(*)=O)cc2)cc1,2330.707005
*CC(*)c1ccccc1C(=O)NC,3109.128559
*CC(*)C(C)(C)C,4254.112652
*CCCCCCNC(=O)c1ccc(C(C)(C)c2ccc(C(=O)N*)cc2)cc1,3331.780503
*CC(*)(C(=O)OC)c1ccccc1,3038.937627
*Oc1ccc(C(C)(c2ccccc2)c2ccc(OC(=O)c3cccc(C(*)=O)c3)cc2)cc1,2795.568189
*CC(CCl)O*,2407.237421
*CC(*)C(=O)OCCCCCCCCCCCCCCCCCCCCCC,4400.566011
*CC(*)c1ccc(C(C)(O)CC)cc1,3962.917553
*CC(*)OCC(C)(C)CC(C)C,4288.256617
*CCC=C(*)c1ccccc1,3504.879041
*CC(*)c1ccccc1COCCC,3697.575712
*c1cccc(Oc2ccc(N3C(=O)c4ccc(Oc5ccc6c(c5)C(=O)N(*)C6=O)cc4C3=O)cc2)c1,2460.248294
*c1ccc2c(c1)-c1nc3cc(Oc4ccc5nc6n(c5c4)C(=O)c4cc(C(*)(C(F)(F)F)C(F)(F)F)ccc4-6)ccc3n1C2=O,2228.369809
*CC(*)c1ccc(Cl)c(C)c1,2741.58797
*C(O)C(*)O,3141.489556
*CC(*)c1ccc(C(F)(F)C(F)(F)C(F)(F)C(F)(F)C(F)(F)C(F)(F)C(F)(F)F)cc1,2030.549998
*C(C)C(*)OC,3840.199472
*c1ccc2c(c1)C(=O)N(c1c(C(C)C)cc(Cc3cc(C(C)C)c(N4C(=O)c5ccc(C(*)(C(F)(F)F)C(F)(F)F)cc5C4=O)c(C(C)C)c3)cc1C(C)C)C2=O,2796.079426
*CC(*)(C)C(=O)OCCCCCCN(C)c1ccc(/N=N/c2ccc(S(C)(=O)=O)cc2)cc1,3132.087688
*c1ccc(Oc2cccc(Oc3ccc(-n4c(=O)c5cc6c(=O)n(*)c(=O)c6cc5c4=O)cc3)c2)cc1,2529.948592
*c1ccc(-c2ccc(N3C(=O)c4ccc(-c5cccc6c5C(=O)N(*)C6=O)cc4C3=O)cc2C)c(C)c1,2702.849266
*CC(*)C(N)=O,3097.224007
*c1cccc(S(=O)(=O)NCCCCCCNS(*)(=O)=O)c1,2817.796411
*c1ccc(N2C(=O)c3ccc(-c4ccc5c(c4)C(=O)N(*)C5=O)cc3C2=O)c(C)c1,2560.718714
*Oc1cc(C(C)(C)C)c(Oc2ccc(C(=O)Nc3ccc(C(C)(C)c4ccc(NC(=O)c5ccc(*)cc5)c(C)c4)cc3C)cc2)cc1C(C)(C)C,3153.289327
*OC(C)CC(*)=O,3422.578085
*CC(*)(CC(=O)OCCCC1CCCCC1)C(=O)OCCCC1CCCCC1,3785.760502
*C(=O)c1ccc2c(c1)C(=O)N(c1ccc(Oc3c(C)cc(Cc4cc(C)c(Oc5ccc(N6C(=O)c7ccc(*)cc7C6=O)cc5)c(C)c4)cc3C)cc1)C2=O,2688.390572
*Oc1ccc(C2(c3ccc(OC(*)=O)cc3)CCCCC2)cc1,3012.346252
*CC(*)c1ccc(C(C)=O)cc1,3269.89771
*CC(*)C(=O)N1CCOCC1,3428.683663
*C(=O)c1ccc2c(c1)C(=O)N(c1c(C)cc(Cc3cc(C)c(N4C(=O)c5ccc(*)cc5C4=O)c(C)c3)cc1C)C2=O,2751.901939
*c1ccc(Sc2ccc(Sc3ccc(Sc4ccc(-n5c(=O)c6cc7c(=O)n(*)c(=O)c7cc6c5=O)cc4)cc3)cc2)cc1,2263.381624
*CC(*)OC=O,3062.024055
*/C=C/C1CC(*)C2C(=O)N(CCCCC)C(=O)C12,3506.257601
*c1ccc(Oc2cccc(N3C(=O)c4ccc(-c5cccc6c5C(=O)N(*)C6=O)cc4C3=O)c2)cc1,2503.270178
*CC(*)(C)C(=O)Oc1ccc(CC#N)cc1,2885.542068
*c1cccc(N2C(=O)c3ccc(-c4ccc5c(c4)C(=O)N(*)C5=O)cc3C2=O)c1,2474.048081
*CC(*)OCc1ccccc1,3374.821588
*c1ccc(C(c2ccccc2)(c2ccc(-n3c(=O)c4cc5c(=O)n(*)c(=O)c5cc4c3=O)cc2)C(F)(F)F)cc1,2443.912719
*CC(*)CC,4458.603276
*C(=O)c1ccc2c(c1)C(=O)N(c1cccc(OCCOCCOc3cccc(N4C(=O)c5ccc(*)cc5C4=O)c3)c1)C2=O,2629.805807
*c1ccc(N2C(=O)c3ccc(C(c4ccc5c(c4)C(=O)N(*)C5=O)(C(F)(F)F)C(F)(F)F)cc3C2=O)cc1,2141.275333
*C(=O)c1ccc2c(c1)C(=O)N(c1cccc(C(=O)Nc3ccc(N4C(=O)c5ccc(*)cc5C4=O)cc3)c1)C2=O,2437.634098
*C(=O)Oc1ccc(C(C)(C)c2ccc(OC(=O)c3ccc4c(c3)C(=O)N(c3ccc(Oc5ccc(N6C(=O)c7ccc(*)cc7C6=O)cc5)cc3)C4=O)cc2)cc1,2563.631028
*CC(*)Cc1ccccc1C,3502.698774
*CC(*)c1ccc(CCCCCCCC)cc1,4309.825015
*NC(CCC(=O)OCC)C(*)=O,3135.602431
*NC(CCC(=O)OC)C(*)=O,2953.883217
*CC(*)C(=O)OC(F)(C(F)(F)F)C(F)(F)F,1919.286325
*C(=O)Nc1cccc(C#Cc2cccc(N3C(=O)c4ccc(*)cc4C3=O)c2)c1,2638.605545
*c1cccc(P(=O)(c2ccc(C(F)(F)F)cc2)c2cccc(-n3c(=O)c4cc5c(=O)n(*)c(=O)c5cc4c3=O)c2)c1,2268.467626
*CC(*)(CC(=O)OC1CCCCC1)C(=O)OC1CCCCC1,3416.738255
*c1cc(Br)c(OC(=O)c2ccc(C(=O)Oc3c(Br)cc(C4(*)OC(=O)c5ccccc54)cc3Br)cc2)c(Br)c1,1540.589638
*CC(*)c1ccc(OCCCC)cc1,3758.506945
*CC(*)SC,2851.243385
*CC(c1ccccn1)C(c1ccccc1)C(*)c1ccccn1,3033.43201
*c1ccc2c(c1)C(=O)N(c1ccc(Sc3ccc(Oc4ccc(Sc5ccc(N6C(=O)c7ccc(C(*)(C(F)(F)F)C(F)(F)F)cc7C6=O)cc5)cc4)cc3)cc1)C2=O,2284.910883
*CC(*)P(=O)(c1ccccc1)c1ccccc1,2880.701009
*/C=C/C(C(=O)OCc1ccc(Cl)cc1)C(*)C(=O)OCc1ccc(Cl)cc1,2583.109594
*c1ccc(Oc2ccc(N3C(=O)c4cccc(Oc5cccc6c5C(=O)N(*)C6=O)c4C3=O)cc2)cc1,2431.495534
*c1ccc(Oc2ccc(NC(=O)CN3C(=O)c4ccc(C(c5ccc6c(c5)C(=O)N(CC(=O)Nc5ccc(Oc7ccc(-c8nnc(*)o8)cc7)cc5)C6=O)(C(F)(F)F)C(F)(F)F)cc4C3=O)cc2)cc1,2463.108961
*Cc1ccc(COC(=O)O*)cc1,2921.597154
*CC(*)c1cc(Br)ccc1OC(C)C,2380.222784
*CC(*)OC(=O)c1ccccc1Cl,2402.69786
*c1ccc(-n2c(=O)c3cc4c(=O)n(*)c(=O)c4cc3c2=O)c(C)c1,2450.238768
*c1ccc2c(c1)C(=O)N(c1ccc(-c3ccc(Oc4ccc5c(c4)C(C)(c4ccc(Oc6ccc(-c7ccc(N8C(=O)c9ccc(C(*)(C(F)(F)F)C(F)(F)F)cc9C8=O)cc7)cc6C(F)(F)F)cc4)CC5(C)C)c(C(F)(F)F)c3)cc1)C2=O,2406.587466
*C(C)C(*)O,3657.214674
*c1ccc(Oc2ccc(C3(c4ccc(Oc5ccc(N6C(=O)c7ccc(Oc8ccccc8Oc8ccc9c(c8)C(=O)N(*)C9=O)cc7C6=O)cc5C(F)(F)F)cc4)c4ccccc4-c4ccccc43)cc2)c(C(F)(F)F)c1,2515.649732
*CCOC(=O)Nc1ccc(-c2ccc(NC(=O)O*)cc2)cc1,2997.684779
*CCCCOC(=O)NCCCCCCNC(=O)O*,3363.988477
*C(=O)Nc1cccc(NC(=O)c2ccc(N3C(=O)c4ccc(*)cc4C3=O)cc2)c1,2800.338216
*C(=O)NCCNC(=O)c1ccc(N2C(=O)c3ccc(*)cc3C2=O)cc1,2674.113662
*c1ccc(S(=O)(=O)c2ccc(N3C(=O)c4ccc(C(=O)c5ccc6c(c5)C(=O)N(*)C6=O)cc4C3=O)cc2)cc1,2415.14934
*CCOC(=O)Nc1cccc(NC(=O)O*)c1,2932.982283
*CC(*)c1ccc(COCCCC)cc1,3851.075543
*CCCCCCNC(=O)c1ccc(C(=O)N*)cc1,3362.810078
*c1ccc2c(c1)C(=O)N(c1ccc(Oc3ccc4ccc(Oc5ccc(N6C(=O)c7ccc(C(*)(C(F)(F)F)C(F)(F)F)cc7C6=O)cc5)cc4c3)cc1)C2=O,2372.49599
*Oc1ccc(C(C)(C)c2ccc(OC(=O)Sc3ccc(C(C)(C)c4ccc(SC(*)=O)cc4)cc3)cc2)cc1,2787.577275
*CC(*)OC(=O)c1cccc(Cl)c1,2458.273943
*CC(*)c1ccc(COCCCCO)cc1,3639.334731
*CC(*)c1ccc(C)cc1,3405.834541
*CCCCCCCCOC(=O)c1cccc(C(=O)O*)c1,3345.960232
*Oc1ccc(C2(c3ccc(OC(*)=O)cc3)CCCC2)cc1,2966.172396
*Oc1ccc(C(=O)c2ccc(*)cc2)cc1,2690.814698
*c1ccc2c(c1)C(=O)N(c1c(C)cc(C(c3cc(C)c(N4C(=O)c5ccc(C(*)(C(F)(F)F)C(F)(F)F)cc5C4=O)c(C)c3)c3cccc4ccccc34)cc1C)C2=O,2586.561375
*C(F)(F)C(*)(F)F,1574.9772
*CCCCCCCC(*)C,4839.385352
*C(=O)c1ccc2c(c1)C(=O)N(c1ccc(C3(c4ccc(N5C(=O)c6ccc(*)cc6C5=O)cc4)c4ccccc4-c4ccccc43)cc1)C2=O,2564.991522
*CC(*)Cc1ccccc1,3473.43289
*CC(*)C(=O)N1CCCCC1,3698.870489
*CC(*)c1ccccc1CC,3574.873278
*c1ccc(Cc2ccc(N3C(=O)c4ccc(-c5ccc6c(c5)C(=O)N(*)C6=O)cc4C3=O)c(C)c2)cc1C,2673.882565
*CC(*)c1cc(C)cc(C)c1,3433.998615
*c1ccc(Oc2cc(C(C)(C)C)ccc2Oc2ccc(-n3c(=O)c4cc5c(=O)n(*)c(=O)c5cc4c3=O)cc2)cc1,2661.314414
*CC(*)(C)C(=O)OCc1cccc(Cl)c1,2838.134804
*CC(*)c1ccc(C(=O)OCC)cc1,3211.083979
*c1ccc(Oc2ccc(C3(c4ccc(Oc5ccc(N6C(=O)c7ccc(Oc8ccc(C9(c%10ccc(Oc%11ccc%12c(c%11)C(=O)N(*)C%12=O)cc%10)CCC(C(C)(C)C)CC9)cc8)cc7C6=O)cc5)cc4)CC4CC3C3CCCC43)cc2)cc1,2946.480245
*c1ccc(C(=O)Oc2ccc(-n3c(=O)c4cc5c(=O)n(*)c(=O)c5cc4c3=O)cc2)cc1,2320.367619
*Oc1cccc2c(OC(=O)Oc3ccc(OC(*)=O)cc3)cccc12,2542.374578
*CC(*)C(=O)OC,3178.200224
*CC(*)CCCN(CC(C)C)CC(C)C,4534.653741
*CC(*)CNc1ccc([N+](=O)[O-])cn1,2981.56676
*c1cccc(P(=O)(c2cccc(-n3c(=O)c4c(-c5ccc(C(F)(F)F)cc5)c5c(=O)n(*)c(=O)c5c(-c5ccc(C(F)(F)F)cc5)c4c3=O)c2)c2cc(C(F)(F)F)cc(C(F)(F)F)c2)c1,2166.541319
*CC(*)(C)C(=O)OC1CCCCC1,3575.948723
*C(=O)c1ccc2c(c1)C(=O)N(c1ccc(-c3ccc(N4C(=O)c5ccc(*)cc5C4=O)c(C)c3)cc1C)C2=O,2555.739162
*c1ccc(Cc2ccc(N3C(=O)c4ccc(Oc5ccc6c(c5)C(=O)N(*)C6=O)cc4C3=O)cc2)cc1,2567.169804
*Oc1cc(C(C)(C)C)c(Oc2ccc(C(=O)Nc3c(C)cc(C(C)(C)c4cc(C)c(NC(=O)c5ccc(*)cc5)c(C)c4)cc3C)cc2)cc1C(C)(C)C,3210.87398
*Oc1ccc(Oc2ccc(Oc3ccc(S(=O)(=O)c4ccc(*)cc4)cc3)cc2)cc1,2665.666947
*CC(*)OC(=O)CCCC(=O)c1ccccc1,3246.975229
*c1ccc2c(c1)C(=O)N(c1ccc(Oc3c(C)cc(Cc4cc(C)c(Oc5ccc(N6C(=O)c7ccc(C(*)(C(F)(F)F)C(F)(F)F)cc7C6=O)cc5)c(C)c4)cc3C)cc1)C2=O,2548.97132
*c1ccc(Oc2ccc(C3(c4ccc(Oc5ccc(N6C(=O)c7ccc(Oc8ccc(C9(c%10ccc(Oc%11ccc%12c(c%11)C(=O)N(*)C%12=O)cc%10)CCCCCCCCCCC9)cc8)cc7C6=O)cc5)cc4)C4CC5CC(C4)CC3C5)cc2)cc1,3067.058116
*c1ccc(-c2ccc(N3C(=O)c4ccc(-c5ccc6c(c5)C(=O)N(*)C6=O)cc4C3=O)cc2)cc1,2511.971824
*CC(*)OC(=O)c1ccc(CC)cc1,3253.870332
*c1ccc(Oc2cccc3c(Oc4ccc(-n5c(=O)c6cc7c(=O)n(*)c(=O)c7cc6c5=O)cc4)cccc23)cc1,2522.374617
*CCC1CCCC1*,4336.66637
*CCCCCCCCNC(=O)CCCCCCCCC(=O)N*,3971.054413
*NC(=O)c1ccc(C(=O)Nc2ccc(-c3ccc(*)cc3)cc2)cc1,2761.084568
*CC1(*)CCCCC1,4174.036227
*Oc1ccc(NC(=O)c2ccc(C(c3ccc(C(=O)O)c(C(=O)Nc4cc(*)ccc4N)c3)(C(F)(F)F)C(F)(F)F)cc2C(=O)O)c(N)c1,2432.364334
*Oc1ccc(C(C)(C)c2ccc(OC(*)=O)c(C(C)C)c2)cc1C(C)C,3307.816653
*CC(*)c1ccc(C(=O)C(F)(F)F)cc1,2538.77887
*CC(*)OC(=O)C(F)(F)C(F)(F)F,2001.049682
*CC(*)c1ccc(C#N)cc1,2929.300864
*CC(*)(C)C(=O)OCc1ccc(Cl)c(Cl)c1,2409.069958
*C(=O)c1ccc2c(c1)C(=O)N(c1ccc(Oc3ccc(-c4ccc(Oc5ccc(N6C(=O)c7ccc(*)cc7C6=O)cc5)cc4)cc3)cc1)C2=O,2569.198314
*Oc1ccc(C(=O)CCCCCCCCC(=O)c2ccc(OC(*)=O)cc2)cc1,3133.41065
*CCCCCCN(C)C(=O)CCCCC(=O)N(*)C,4148.897668
*CC(*)Cc1ccc(C)cc1,3422.392013
*c1ccc(C(C)(C)c2ccc(N3C(=O)c4ccc(Oc5ccc6c(c5)C(=O)N(*)C6=O)cc4C3=O)cc2)cc1,2655.62505
*c1ccc(N2C(=O)c3ccc(-c4ccc5c(c4)C(=O)N(*)C5=O)cc3C2=O)nc1,2388.35861
*CC(*)c1ccc(C(=O)OCCN(C)C)cc1,3424.152291
*C(=O)C1CCCN1*,3156.472806
*CC(*)C(=O)C1CCCCC1,3807.499102
*CC(*)C1CCCC1,4198.195815
*C([2H])([2H])C(*)(C(=O)OC([2H])([2H])[2H])C([2H])([2H])[2H],3825.035565
*CC(*)C(=O)OCC(F)(F)C(F)C(F)(F)F,2238.601879
*CC(*)c1ccc(C(=O)c2ccccc2)cc1,3058.256174
*CC/C=C(\*)C,4186.093683
*Oc1ccc(OC(=O)Oc2ccc(-c3ccc(OC(*)=O)cc3)cc2)cc1,2560.958543
*C(F)(F)C(*)(F)c1ccccc1,2399.438226
*CCCCCCCCCCC(=O)N*,3967.06167
*C(=O)c1ccc2c(c1)C(=O)N(c1ccc(C(=O)Nc3ccc(N4C(=O)c5ccc(*)cc5C4=O)cc3)cc1)C2=O,2508.255166
*Oc1ccc(C2(c3ccc(OC(*)=O)c(C)c3)CCCCC2)cc1C,3277.128288
