SMILES,Egb
*CC(*)CO,7.4192
*CCc1ccc(C(*)=S)s1,2.295
*ON(C(F)(F)F)C(F)(C(*)(F)F)C(F)(F)F,7.0955
*C1C(=O)OC(=O)C1*,6.0081
*Cc1ccc(C(=O)c2ccc(*)s2)cc1,3.4106
*c1ccc(-c2ccc(-c3ccc(-c4ccc(*)s4)s3)s2)cc1,1.1128
*NC(=O)Nc1ccc(*)cc1,3.4515
*c1ccc(C(=O)C(F)(F)C(*)(F)F)s1,3.0077
*Oc1ccc(-c2ccc(-c3ccc(*)cc3)s2)s1,1.9403
*c1ccc(-c2ccc(C(F)(F)C(*)(F)F)cc2)cc1,3.2719
*Cc1ccc(C(=S)O*)cc1,3.1473
*OC(C)COC(=O)CCCCS(=O)(=O)CCCCC(*)=O,6.4017
*NCNC(=O)OC(=O)NC(*)=O,5.4649
*CONC(*)=O,5.5012
*CC(=O)CO*,4.6507
*CCCCCCCCCCSCCCCCCS*,5.52
*OC(=S)c1ccc(-c2ccc(*)cc2)cc1,2.8665
*CC(C)C(=O)O*,6.5897
*CCC(C)C(C)CCNC(=O)c1cccc(C(=O)N*)c1,4.7199
*CC(=S)C(=O)O*,2.0697
*OC(F)(F)NC(*)(F)F,8.991
*C(=O)c1ccc(C(=O)c2ccc(*)s2)s1,1.863
*CC(CC(CC(*)c1ccccn1)c1ccccn1)c1ccccn1,4.5101
*c1ccc(NC(F)(F)C(*)(F)F)s1,3.3898
*Nc1ccc(-c2ccc(C(*)=S)cc2)cc1,2.3255
*C(=O)c1ccc(C(=O)c2ccc(*)cc2)cc1,2.9556
*CCOC(=S)NC(=S)c1ccc(N*)cc1,2.4106
*CC(*)(C#N)C(=O)OC(C)C,5.8301
*Nc1ccc(NC(*)=S)s1,2.1538
*Cc1ccc(-c2ccc(O*)s2)s1,2.9968
*CCC(O*)(C(F)(F)F)C(F)(F)F,8.3878
*C(=S)C(F)(F)c1ccc(C(*)(F)F)cc1,2.4957
*C(C)C(*)O,7.9156
*CC(=O)NC(*)=O,4.8368
*OC(F)(F)C(F)(F)C(*)(F)F,9.1214
*c1ccc(-c2ccc(C(=S)c3ccc(*)s3)s2)cc1,1.0659
*C(=S)Oc1ccc(-c2ccc(*)cc2)s1,2.3094
*C(=S)c1ccc(C(=S)c2ccc(*)cc2)cc1,1.8035
*C(=O)OCCCCOC(=O)N1CCN(*)CC1,6.4265
*OC(CC(*)=O)C1CO1,6.1493
*CC(=O)Cc1ccc(*)cc1,3.781
*CNCc1ccc(*)s1,4.1265
*OC(=O)c1ccc(C(*)=O)s1,3.202
*CC(=O)CC(*)=S,3.1252
*OCCCCONC(*)=O,5.6793
*CCC(C(=O)OC)C(*)C(=O)OC,6.3252
*CNc1ccc(O*)cc1,3.7495
*ON(C(F)(F)F)C(F)(Cl)C(*)(F)F,6.6835
*Cc1ccc(Nc2ccc(*)cc2)cc1,3.7655
*CC(C#N)(C#N)CC(C#N)(C#N)C(C#N)C(*)(C#N)C#N,6.5308
*CCC(=O)N*,6.2028
*Cc1ccc(C(=O)c2ccc(*)cc2)cc1,3.8451
*OC(=O)C(=S)C(*)=O,1.4341
*CCOCCOC(=O)O*,6.6617
*Oc1ccc(CC(*)=O)cc1,4.6878
*CC(*)C(=O)OC(CC)CC,6.2722
*CCOC(=O)CCCCC(=O)O*,6.7769
*NC(=S)Nc1ccc(NC(=S)Nc2ccc(Oc3ccc(*)cc3)cc2)cc1,2.9952
*OC(=S)OC(*)=O,3.9378
*OC(=O)CCCCCCCCCCCCC(*)=O,5.2681
*CC(=O)c1ccc(-c2ccc(*)s2)cc1,2.5243
*OC(=O)OCCOCCOC(=O)OC1COC2C(*)COC12,6.5378
*C1(F)OC(C(F)(F)F)(C(F)(F)Cl)OC1(*)F,7.8208
*Cc1ccc(C(=O)O*)s1,3.78
*NC(=O)C(=S)c1ccc(*)s1,0.9512
*CC(C)C(C)COC(=O)c1ccc(C(=O)O*)cc1,4.2335
*CC(*)CCC,7.2705
*Nc1ccc(Nc2ccc(*)s2)s1,3.4208
*Oc1ccc(-c2ccc(C(*)=O)cc2)cc1,3.0847
*CC(=O)c1ccc(O*)s1,3.1722
*CC(*)CCCC1CCCCC1,7.5725
*CC(*)C(=O)OCC(F)(F)C(F)(F)C(F)(F)C(F)(F)F,6.4578
*CC(*)(C)C(=O)OCCc1ccccc1,4.9946
*CC(=O)C(=S)c1ccc(*)s1,2.1804
*OC(F)(F)C(=O)C(*)(F)F,5.2263
*CC(=O)Oc1ccc(*)s1,4.2025
*Cc1ccc(C(=O)C(*)=S)s1,2.693
*CC(*)(C)C(=O)OC(F)(C(F)(F)F)C(F)(F)F,6.1125
*Cc1ccc(NO*)cc1,4.426
*Oc1ccc(C2(c3ccc(OC(=O)c4cccc(C(*)=O)c4)c(C)c3)c3ccccc3-c3ccccc32)cc1C,3.0176
*NC(=S)c1ccc(C(*)=S)s1,1.6122
*C=CC(C*)CCC,5.7469
*CC(=O)Cc1ccc(*)s1,3.7852
*NC(=S)NO*,3.3916
*Cc1ccc(C(=S)c2ccc(*)s2)s1,2.2961
*C(=O)CC(F)(F)C(*)(F)F,5.0395
*OC(=S)c1ccc(C(*)=O)s1,2.3663
*CCCCOC(=O)C1CCC(C(=O)O*)CC1,6.5835
*Nc1ccc(-c2ccc(NC(=O)c3cc(C(*)=O)cc(S(=O)(=O)c4ccccc4)c3)cc2)cc1,2.4795
*C=C(*)F,0.3906
*C(=O)OC1CCC(OC(=O)N2CCN(*)CC2)CC1,6.2573
*CC1(*)CCCCC1,7.3387
*CCCCCCCNC(=S)Nc1ccc(NC(=S)N*)cc1,3.5538
*CC(*)CC,7.9012
*C(=S)C(F)(F)c1ccc(C(*)(F)F)s1,2.1503
*C(=S)c1ccc(-c2ccc(-c3ccc(*)cc3)s2)cc1,1.8996
*CCCCCCOC(=O)NCCSCCSCCNC(=O)O*,4.7777
*CC(*)C(=O)OC(C)C,6.455
*NC(=O)Oc1ccc(*)cc1,3.4546
*CCCCCNC(=O)C(CCCCCCCCCCCC)C(=O)N*,6.2733
*CC(*)C(=O)OCCCSCC,5.1212
*Oc1ccc(C(=S)c2ccc(*)s2)s1,2.3041
*CCC1CC(*)C2CCCC12,7.4997
*OC(=S)c1ccc(C(*)=O)cc1,2.5144
*C(=O)c1ccc(-c2ccc(-c3ccc(*)s3)cc2)s1,1.5224
*NC(=O)c1ccc(C(*)=S)s1,1.932
*Cc1ccc(OC(*)=S)cc1,3.7121
*Nc1ccc(C(=O)C(*)=S)cc1,1.7009
*Nc1ccc(-c2ccc(C(*)=S)s2)cc1,1.4764
*CNCC(*)=O,3.6121
*CC(=O)c1ccc(C(*)=S)cc1,2.4669
*Nc1ccc(-c2ccc(O*)cc2)cc1,3.4585
*CNC(=S)c1ccc(*)s1,2.7289
*C1C=CC(*)CC1,5.4843
*NOC(=O)NCC(=O)NC(*)=O,4.9352
*OCC(F)(F)C(*)(F)F,8.8494
*NC(=O)NO*,5.0658
*CC(*)(C)C(=O)Oc1ccccc1,4.8118
*C(=O)c1ccc(-c2ccc(-c3ccc(*)s3)s2)s1,1.2608
*CCCCCOC(=O)O*,7.123
*Nc1ccc(C(=O)C(*)=S)s1,1.4251
*Cc1ccc(Cc2ccc(*)s2)cc1,4.0831
*C(=O)c1ccc(C(=O)c2ccc(*)s2)cc1,2.4807
*CC(C#N)(C#N)CC(C#N)(C#N)CC(C#N)(C#N)C(C#N)C(*)(C#N)C#N,6.4504
*CCCCCCCCCCOC(=O)CCC(=O)O*,6.6201
*CNc1ccc(N*)cc1,3.4981
*CC(=S)NO*,3.2554
*CCCOC(=O)CCCCCCCCCCC(=O)O*,6.3683
*Oc1ccc(-c2ccc(C(*)=O)s2)s1,2.3145
*CCCCCOC(=O)NC(=O)C1CC1C(=O)NC(=O)O*,5.4301
*C=CCCCC*,5.7962
*CC(*)C(N)=O,6.3764
*CCC(=O)O*,6.684
*Nc1ccc(C(=S)c2ccc(*)cc2)s1,1.7781
*Nc1ccc(-c2ccc(-c3ccc(*)cc3)s2)cc1,1.8163
*c1ccc(CC(F)(F)C(*)(F)F)s1,4.5178
*NC(C)C(=O)NCC(=O)NCC(=O)NCC(*)=O,5.4756
*Nc1ccc(Oc2ccc(*)s2)cc1,3.4138
*Oc1ccc(C(=S)c2ccc(*)cc2)s1,2.4038
*OC(F)(F)C(F)(F)C(F)(F)C(*)(F)F,8.7307
*Cc1ccc(-c2ccc(-c3ccc(*)cc3)s2)cc1,2.7314
*Oc1ccc(-c2ccc(-c3ccc(*)cc3)cc2)cc1,3.3861
*CC(*)(C)C(=O)OCC(=O)N1CCCC1,5.3385
*Oc1ccc(C(=O)c2ccc(C(=O)NOC(*)=O)s2)cc1,2.9014
*C(C#N)=C(c1ccccc1)c1ccc(*)cc1,2.5883
*Nc1ccc(-c2ccc(C(*)=S)s2)s1,1.9074
*CCCCCCCCCCOC(=O)CCCCC(=O)O*,6.718
*CC1CCC(COC(=O)NCCSCCCCCSCCNC(=O)O*)CC1,5.4414
*COc1ccc(O*)cc1,4.685
*CONO*,5.9349
*NC(=O)NC(*)=O,3.9867
*CC(C)O*,6.9903
*C1CCC1*,6.5419
*CC(*)(C)C(=O)OCCC1CCCCC1,6.5993
*COC(=O)O*,7.1042
*Nc1ccc(Br)cc1-c1ccc(NC(=O)c2ccc(C(*)=O)cc2)cc1,2.9894
*Cc1ccc(-c2ccc(C(*)=S)cc2)cc1,2.5561
*OC1C(C)(C)C(OC(*)=O)C1(C)C,6.9495
*C=C*,0.9567
*CNc1ccc(C(*)=S)s1,1.6806
*c1ccc(C(F)(F)c2ccc(C(*)(F)F)cc2)cc1,4.1742
*NOC(=O)O*,5.0089
*CCCCCCCCCCCNC(=O)c1ccc(C(=O)N*)cc1,4.214
*OC(*)CCC#N,6.9611
*C=c1ccc(=c2ccc(=Cc3ccc(*)s3)s2)s1,1.224
*CC(=O)C(=S)O*,2.0217
*NOC(=S)O*,3.7133
*Nc1ccc(NC(=O)c2cc(NC(=O)c3ccncc3)cc(C(*)=O)c2)cc1,2.9949
*CC(*)C(=O)OCCCCSC,5.1007
*c1ccc(NC(F)(F)C(*)(F)F)cc1,4.1626
*OC(C)COC(=O)CCCCC(*)=O,6.5974
*C(=S)C(=O)C(F)(F)C(*)(F)F,1.5715
*C=CC1CC(*)C2C(=O)N(CCCCCCCCC)C(=O)C12,5.104
*Cc1ccc(OC(*)=S)s1,3.0541
*CCC(F)(F)C(*)(F)Cl,7.4828
*CNC(=O)NCOCO*,6.6011
*CCCCOC(=O)c1ccc(C(=O)O*)cc1,4.0149
*CCOC(=O)NCCOCCOCCNC(=O)O*,6.4585
*CC(*)C(=O)OCF,6.1736
*CCc1ccc(-c2ccc(*)s2)s1,2.7315
*Nc1ccc(-c2ccc(-c3ccc(*)cc3)cc2)cc1,2.9094
*Oc1ccc(C(F)(F)C(*)(F)F)s1,4.0762
*C#CC(=C(*)c1cnc2ccccc2c1)c1cnc2ccccc2c1,0.5725
*Oc1ccc(Oc2ccc(*)s2)s1,4.047
*c1ccc(C(=O)C(F)(F)C(*)(F)F)cc1,3.5762
*c1cccc(-c2ccc(-c3ccc(*)s3)s2)n1,2.0464
*NC(=O)c1ccc(-c2ccc(*)cc2)s1,1.9448
*CC(=O)CC(*)=O,4.6959
*CC(CCC)C(CCC)COC(=O)c1ccc(C(=O)O*)cc1,4.4708
*CC1CCC(CNC(=O)c2cc(C(=O)N*)cc(C(C)(C)C)c2)CC1,5.1615
*CC(=S)CC(*)=S,2.5638
*CC(=O)c1ccc(O*)cc1,3.8893
*CNc1ccc(C(*)=O)s1,2.5818
*CCOC(=O)NCCCCCCCCCCNC(=O)O*,6.6421
*Oc1ccc(OC(*)=O)s1,3.6706
*CC1CC1COC(=O)Nc1ccc(C)c(NC(=O)O*)c1,4.7181
*NC(=O)c1ccc(-c2ccc(*)cc2)cc1,2.6675
*c1ccc(C(F)(F)CC(*)(F)F)cc1,4.3368
*C(F)(F)C1(F)C(F)(F)C(*)(F)C(F)(F)C1(F)F,6.9544
*Cc1ccc(C(=O)c2ccc(*)s2)s1,2.7131
*CC(=S)c1ccc(C(*)=S)cc1,1.4834
*c1cc(-c2sc(-c3cc(C)c(*)s3)cc2C)c2cccccc1-2,1.3327
*CNCC(*)=S,2.6614
*c1ccc(CC(F)(F)C(*)(F)F)cc1,5.11
*NC(=O)C(=S)O*,2.095
*CC(=O)NC(*)=S,3.0348
*CC(=O)Nc1ccc(*)cc1,3.7951
*Oc1ccc(-c2ccc(C(*)=O)s2)cc1,2.0204
*c1ccc(C(F)(F)c2ccc(C(*)(F)F)s2)s1,3.3708
*NNC(=O)C(=O)NNC(=O)CCCCCCCC(*)=O,3.7266
*CCCCSCCS*,4.9438
*OCCC(=O)CC(=O)Oc1ccc(*)cc1,3.7901
*NC(=S)C(=O)C(*)=S,1.5026
*CCON*,5.7904
*CCCOC(=O)CCCCCCC(=O)O*,6.4907
*C=C(*)C#N,0.5068
*C(=O)c1ccc(C(=O)C(*)=S)s1,1.1902
*Nc1ccc(NC(=O)NC(=O)NC(*)=O)s1,3.2632
*NC(=O)C(=S)c1ccc(*)cc1,1.5619
*Oc1ccc(-c2ccc(-c3ccc(*)cc3)s2)cc1,2.1724
*Cc1ccc(NO*)s1,3.8409
*CCCCCOCO*,6.8354
*CC(OCC)C(C#N)(C#N)C(*)(C#N)C(=O)OC,5.4071
*CCCCCCC(Cl)C(*)Cl,6.7965
*CCCCCCSSCCCCSS*,4.2836
*NC(=O)c1ccc(C(*)=S)cc1,2.4238
*CCCCCCCCCCCC(=O)O*,6.8377
*C1C2CC(C(=O)NCC(O)C(O)C(OC3OC(CO)C(O)C(O)C3O)C(O)CO)C(C2)C1*,5.6407
*OC1C(CO)OC(*)C(O)C1O,7.4757
*Nc1ccc(C(=S)c2ccc(*)s2)s1,1.9993
*CC(=O)c1ccc(C(*)=O)s1,2.9786
*CC(=O)c1ccc(C(*)=S)s1,2.3542
*Cc1ccc(C(=O)O*)cc1,3.7934
*CC(=O)OC(*)=S,3.73
*Oc1c(Cl)cc(C2(c3cc(Cl)c(OC(*)=O)c(Cl)c3)CC3CCC2C3)cc1Cl,4.6838
*Oc1ccc(-c2ccc(-c3ccc(*)cc3)cc2)s1,2.397
*CCCCCCOC(=O)NCCCNC(=O)O*,6.5954
*C(=S)Oc1ccc(-c2ccc(*)s2)s1,1.9834
*CNc1ccc(-c2ccc(*)s2)cc1,3.1255
*Cc1ccc(C(=O)C(*)=S)cc1,2.5816
*CC(*)OC(=O)OCC(F)(F)F,7.9003
*C(=O)C(F)(F)C(=O)C(*)(F)F,3.1408
*CCCCCCOC(=O)NCCSCCCCCSCCNC(=O)O*,5.1327
*c1ccc(C(F)(F)NC(*)(F)F)cc1,4.2709
*C(F)C(*)(F)OC(F)(F)F,7.802
*Cc1ccc(-c2ccc(-c3ccc(*)s3)cc2)s1,2.512
*c1ccc(-c2ccc(-c3ccc(-c4ccc(*)n4CCCCCCCCCCCC)s3)s2)s1,2.1442
*CCCC1CCN(C(=O)SSCCCCSSC(=O)N2CCC(*)CC2)CC1,4.297
*CC(*)F,8.3099
*CNOc1ccc(*)cc1,4.1647
*C(F)(F)C1(F)C(F)(F)C(*)(F)C(F)(F)C(F)(F)C(F)(F)C1(F)F,7.543
*c1cc2c(s1)-c1sc(*)cc1C2CCCCCCN,1.3223
*NC(=S)NC(*)=S,2.0315
*CCCCCCC(=O)N*,5.9361
*NC(=O)Nc1ccc(*)s1,3.137
*NC(=O)c1ccc(O*)cc1,3.6086
*OC(=S)Oc1ccc(*)s1,3.0437
*C(=O)c1ccc(-c2ccc(C(*)=S)s2)s1,1.6466
*C(*)C,7.4047
*OC(=O)OC1COC2C(*)COC12,6.6786
*CCCc1ccc(*)s1,4.2755
*CC(*)(C)C(=O)OC(C(F)(F)F)C(F)(F)F,5.3218
*Cc1ccc(CC(*)=S)s1,2.5553
*CC(*)c1ccc(C(=O)OCC(C)C)cc1,4.8032
*CCCc1ccc(*)cc1,4.7657
*c1ccc(OC(=S)c2ccc(*)s2)cc1,2.0472
*CNCc1ccc(*)cc1,4.4323
*C(=S)c1ccc(-c2ccc(-c3ccc(*)s3)s2)s1,0.75
*CC(=S)OC(*)=S,2.7744
*CCC(=O)c1ccc(*)cc1,3.6964
*CCCCCOC(=O)Nc1ccc(C)c(NC(=O)O*)c1,4.5288
*Cc1ccc(Nc2ccc(*)s2)cc1,3.5013
*CC(=O)N*,5.7289
*Nc1ccc(NO*)cc1,3.6275
*CC(CC(CC(CC(*)c1ccccc1)c1ccccc1)c1ccccc1)c1ccccc1,4.8255
*C(=O)C(F)(F)CC(*)(F)F,4.9978
*C1OC(C(F)(F)F)(C(F)(F)F)OC1(*)F,8.0982
*CCCCCC(=O)O*,7.0558
*CCCCCNC(=S)N*,4.3365
*c1ccc(Sc2ccc(-n3c(=O)c4cc5c(=O)n(*)c(=O)c5cc4c3=O)cc2)cc1,2.3234
*C(=O)c1ccc(NC(=S)Oc2ccc(Nc3ccc(*)s3)s2)s1,2.3992
*CC1CCC(CNC(=O)CCCCCC(=O)N*)CC1,5.2823
*C(=O)c1ccc(OC(*)=S)cc1,2.0547
*CNON*,4.8889
*CCNC(*)=S,3.6727
*Cc1ccc(NC(*)=S)s1,2.8469
*CC(*)(C)C(=O)OCCOCC,5.9514
*COCOCCCO*,7.1737
*C=CC1CC(*)C(C#N)(CC)C1,5.5315
*CC(*)OC(=O)CC1CCCC1,6.4741
*Oc1ccc(C(=S)c2ccc(*)cc2)cc1,1.7412
*Cc1ccc(Cc2ccc(*)cc2)cc1,4.2049
*NC(=O)OC(*)=O,4.9145
*CNOc1ccc(*)s1,4.0591
*CC(=O)c1ccc(C(*)=O)cc1,2.9172
*C(=S)OC(=S)c1ccc(*)cc1,2.364
*c1ccc(-c2ccc(C(F)(F)C(*)(F)F)cc2)s1,4.0895
*CNCN*,6.2293
*C=CC(C*)(C(F)(F)F)C(F)(F)F,5.7329
*CNc1ccc(-c2ccc(*)cc2)s1,3.3441
*c1cccc(*)n1,2.9424
*C(=S)C(F)(F)CC(*)(F)F,2.4856
*C(=S)C(F)(F)NC(*)(F)F,2.6094
*CC(C#N)(C#N)C(C#N)C(C#N)(C#N)C(C#N)C(*)(C#N)C#N,6.2667
*C1C2CC(C)C(C2)C1*,6.7713
*NOc1ccc(O*)cc1,4.5587
*CC(*)(C)C(=O)OCC(F)(F)C(F)F,5.3983
*C(=O)c1ccc(OC(*)=S)s1,1.6701
*OC(=S)C(F)(F)C(*)(F)F,3.1746
*C=CC1CC(*)C(C(=O)OCCNC(C)(C)C)C1,4.7904
*CC(*)OC(=O)C(F)(F)C(F)(F)C(F)(F)F,6.0228
*c1ccc(C(F)(F)CC(*)(F)F)s1,3.8644
*Nc1ccc(-c2ccc(-c3ccc(*)s3)s2)cc1,2.587
*Oc1ccc(SSCCCCCCCCCCSSc2ccc(*)cc2)cc1,4.2235
*Oc1ccc(OC(=O)c2ccc(C(*)=O)cc2)cc1C1CCCCCCC1,3.1917
*Cc1ccc(Nc2ccc(*)s2)s1,3.6624
*CCC(=O)C(*)=S,1.8131
*C(=S)NC(F)(F)C(*)(F)F,2.8927
*CNC(=O)C(*)=S,2.3654
*CC(=S)CO*,2.5314
*Nc1ccc(Oc2ccc(*)s2)s1,3.9124
*Nc1ccc(-c2ccc(-c3ccc(*)s3)cc2)cc1,1.8733
*CC1CC1COC(=O)c1cccc(C(=O)O*)c1,4.4908
*NC(=S)Nc1ccc(Cc2ccc(*)cc2)cc1,3.7898
*CC(*)(C)C#N,7.1863
*Oc1ccc(-c2ccc(-c3ccc(*)s3)s2)s1,1.8638
*NC(=O)c1ccc(C(*)=O)s1,2.6812
*c1ccc(-c2ccc(Oc3ccc(*)s3)s2)cc1,2.1882
*C(=O)c1ccc(Oc2ccc(*)s2)cc1,3.0776
*NC(=O)c1ccc(O*)s1,3.0418
*CC(*)(C#N)C(=O)OCC,6.1989
*C(=O)c1ccc(C(=O)N2CCN(*)CC2)cc1,4.7036
*OC(CC(C)C)C(*)=O,5.8529
*SC1CCCC(*)C1,5.2199
*Cc1ccc(CC(*)=S)cc1,2.9253
*CCc1ccc(Cc2ccc(CCS*)cc2)cc1,4.3552
*CCc1ccc(C(*)=S)cc1,2.7697
*C=CC(C)C(*)C(=O)OCCCC,5.4974
*Oc1ccc(C(=O)c2ccc(*)cc2)cc1,3.1383
*C(=S)c1ccc(C(F)(F)C(*)(F)F)s1,2.1029
*c1ccc(*)n1CCC(=O)OC(C)C(=O)OCC,2.05
*CC(*)C(=O)OCC(F)(F)C(F)(F)OC(F)(F)C(F)(F)C(F)(F)C(F)(F)F,6.0236
*Nc1ccc(Cc2ccc(NC(=O)c3cc(C(*)=O)cc(N4C(=O)C=CC4=O)c3)cc2)cc1,2.0738
*C(=O)c1ccc(-c2ccc(-c3ccc(*)cc3)cc2)cc1,2.5479
*CO*,8.7732
*OC(CCCCCCC=C)CC(*)=O,5.5852
*C=CC1CC(*)C(C#N)(CCC)C1,5.8705
*CCc1ccc(-c2ccc(*)s2)cc1,2.9495
*CC(*)C(=O)NCCO,5.7124
*OC(F)(F)C(=S)C(*)(F)F,2.4298
*CC(=S)c1ccc(O*)cc1,2.3706
*CC(C#N)(C#N)C(C#N)C(C#N)(C#N)C(C#N)C(C#N)(C#N)C(C#N)C(*)(C#N)C#N,5.9056
*CCCC(*)C#N,7.4859
*CNCO*,6.9282
*CC(=S)c1ccc(O*)s1,1.6344
*CNc1ccc(O*)s1,3.6125
*CC(=S)c1ccc(N*)cc1,2.1148
*C=CC1CC(*)C2C3CCC(C3)C12,5.7656
*CC(*)N1CCCC1=O,5.5902
*CC(=S)C(=O)C(*)=S,0.725
*NC(=O)c1ccc(-c2ccc(*)s2)cc1,1.9266
*Oc1ccc(C(CC)c2ccc(OC(*)=O)cc2)cc1,4.7325
*C(=O)Oc1ccc(C(*)=S)s1,1.9856
*Cc1ccc(C(=S)c2ccc(*)cc2)cc1,2.3058
*CC(=O)O*,6.5712
*CC1CCC(*)C1,7.9703
*CNC(=S)O*,4.2201
*C(=O)c1ccc(C(=O)C(*)=S)cc1,1.6753
*C(=S)c1ccc(C(=S)c2ccc(*)cc2)s1,1.1979
*Cc1ccc(-c2ccc(N*)cc2)cc1,3.4971
*CCOCCOCCOC(=O)CCCCCC(=O)O*,5.5157
*C(=O)c1ccc(-c2ccc(-c3ccc(*)cc3)s2)cc1,1.7624
*C(=O)C(F)(F)NC(*)(F)F,5.0875
*NC(=S)c1ccc(O*)s1,2.3899
*Cc1ccc(-c2ccc(C(*)=S)s2)s1,1.7203
*C(=O)c1ccc(-c2ccc(C(*)=S)cc2)cc1,2.0643
*CCCCCCSCCS*,5.0604
*CCC(F)(F)C(*)(F)F,9.1316
*CC(F)(F)C(F)(F)C(F)(F)COC(=O)CCCCC(=O)O*,6.2672
*CC(C)(C)COC(=O)Nc1ccc(NC(=O)O*)cc1,4.4894
*C([2H])=C(*)[2H],0.6605
*CNC(=O)c1ccc(*)s1,3.849
*CCC(=S)O*,3.8308
*NC1CCCC1C(*)=O,6.4002
*CC(C)CO*,7.3501
*Cc1ccc(NC(*)=S)cc1,3.5265
*Nc1ccc(C(=O)c2ccc(*)s2)cc1,2.3459
*CNCNC(=O)NC(=O)N*,5.4
*CCOC(=O)c1ccc(C(=O)O*)cc1,3.8637
*c1ccc(C(F)(F)NC(*)(F)F)s1,3.6543
*CC1CC1CO*,6.9566
*COC(=S)O*,3.6556
*CCc1ccc(O*)cc1,4.052
*Cc1ccc(C(=O)N*)cc1,4.2448
*Cc1ccc(C(=S)O*)s1,2.676
*Cc1ccc(-c2ccc(-c3ccc(*)cc3)cc2)cc1,3.4166
*OC(=O)c1ccc(C(*)=O)cc1,3.1295
*Nc1cccc(C(*)=O)c1,3.2399
*CCOC(=O)C1CCC(C(=O)O*)CC1,6.4481
*C(=O)c1ccc(Oc2ccc(*)s2)s1,2.4838
*CNC(=O)ONC(=O)NO*,5.9707
*CCc1ccc(-c2ccc(*)cc2)cc1,3.7492
*C(F)C(*)(F)F,6.8451
*OC(c1ccc(OC)cc1)C(C)(C)C(*)=O,4.5832
*CCOCCOC(=O)CCCCS(=O)(=O)CCCCC(=O)O*,5.7504
*CCCCCC(=O)S*,5.0001
*NC(=O)NC(*)=S,2.0371
*NCC(F)(F)C(*)(F)F,7.8675
*C(=O)C(=S)OC(*)=S,1.4146
*C(=O)c1ccc(-c2ccc(C(*)=S)cc2)s1,1.9265
*CC(*)(C#N)C#N,6.9314
*c1ccc(C(F)(F)c2ccc(C(*)(F)F)cc2)s1,3.9825
*Cc1ccc(Oc2ccc(*)s2)cc1,4.0475
*CC(C)(C)COC(=O)CCCCC(=O)O*,6.5878
*NC(=S)Nc1ccc(*)cc1,2.6405
*CC(*)C(=O)c1ccc(CC)cc1,3.9853
*C(=S)c1ccc(-c2ccc(-c3ccc(*)cc3)cc2)cc1,1.6353
*CC(*)C(=O)O,6.1071
*CNc1ccc(C(*)=O)cc1,3.1969
*Cc1ccc(C*)cc1,2.5648
*Cc1ccc(-c2ccc(O*)cc2)s1,2.9246
*c1cccc(-c2nc3cc4nc(*)c(-c5ccccc5)nc4cc3nc2-c2ccccc2)c1,1.9959
*Nc1ccc(OC(*)=S)cc1,3.2479
*CCCO*,7.4889
*OC1CCC(OC(=O)OCCCCCOC(*)=O)CC1,6.0614
*CC(=S)c1ccc(C(*)=S)s1,1.6797
*CC(*)(F)C(=O)OCCC(F)(F)C(F)(F)C(F)(F)C(F)(F)C(F)(F)C(F)(F)C(F)(F)C(F)(F)F,5.7714
*NC(=S)C(=O)O*,1.8481
*CC(=O)c1ccc(-c2ccc(*)s2)s1,2.3893
*c1cc(C#N)c(*)s1,1.0894
*c1ccc2oc(-c3ccc4nc(*)oc4c3)nc2c1,2.5367
*CCC(C)CC(=O)O*,6.7489
*CC(*)O,7.5488
*CCCCCCCCC(*)Cl,6.86
*CNCCCOCO*,6.3311
*Cc1ccc(CO*)cc1,4.8019
*Cc1ccc(-c2ccc(C(*)=S)cc2)s1,1.9959
*CCOC(=O)Nc1ccc(C(C)(C)c2ccc(NC(=O)O*)cc2)cc1,4.3346
*CC(*)OC(C)=O,5.9373
*CCCNC(=O)CCCCCCCC(=O)NCCCNC(=O)C(=O)N*,4.6809
*C(=O)OCC(C)(C)COC(=O)N1CCN(*)CC1,6.4401
*COc1ccc(-c2ccc(*)cc2)s1,3.0939
*CCC1CCC(*)C1,7.9915
*CC(*)C#N,7.4435
*CCO*,6.2206
*CC(=O)c1ccc(-c2ccc(*)cc2)s1,2.5123
*CCC(=O)c1ccc(*)s1,3.1093
*CC(*)C(=O)Nc1ccccc1Cl,4.2427
*Nc1ccc(-c2ccc(C(*)=S)cc2)s1,2.3796
*CC(*)CCc1ccc(C)cc1,4.5772
*CCCC(*)=O,5.13
*Oc1ccc(OC(*)=O)cc1,4.3251
*CC(=O)C(=S)c1ccc(*)cc1,2.4428
*Cc1ccc(Oc2ccc(*)s2)s1,4.26
*CNCCNC(=O)OC*,6.3647
*Nc1ccc(C(=O)O*)cc1,3.977
*Oc1ccc(Oc2ccc(*)cc2)s1,4.0372
*C(C#N)C(*)(C#N)C#N,5.8992
*Nc1ccc(*)cc1,2.3603
*C=CC(C)(C)CC(C#N)C*,5.2738
*C=Cc1ccc(*)n1CCCCCC,1.3683
*c1ccc(-c2ccc(-c3ccc(-c4ccc(*)s4)cc3)s2)cc1,2.0606
*CC(CCl)(CCl)C(=O)O*,6.1969
*CC(*)(F)C(=O)OCC(F)(F)C(F)(F)C(F)(F)F,6.2862
*CC(=O)c1ccc(-c2ccc(*)cc2)cc1,3.0649
*c1ccc(-c2ccc(-c3ccc(-c4ccc(*)cc4)cc3)cc2)cc1,2.5835
*C(=O)NC(F)(F)C(*)(F)F,5.4991
*NC(F)(F)CC(*)(F)F,8.287
*NC(=S)OC(*)=S,2.4316
*CC(=O)OC(*)=O,5.9215
*Cc1ccc(-c2ccc(C(*)=S)s2)cc1,1.9323
*CC(=S)NC(*)=S,1.7598
*CNC(=S)c1ccc(*)cc1,3.1832
*CNC(=S)C(*)=O,2.1003
*OC(=O)OC(*)=O,5.926
*C(=S)CC(F)(F)C(*)(F)F,2.143
*Nc1ccc(-c2ccc(-c3ccc(*)s3)cc2)s1,1.6397
*c1ccc(-c2ccc(-c3ccc(-c4ccc(*)s4)cc3)cc2)cc1,1.8601
*C=CC1CC(*)C2CC=CC12,5.6741
*CCNc1ccc(*)s1,3.793
*Cc1ccc(-c2ccc(N*)s2)s1,2.8559
*CNOC(*)=S,3.5947
*NOC(F)(F)C(*)(F)F,6.3342
*CCc1ccc(O*)s1,4.1608
*CCCC(*)=S,2.9464
*CC(*)C,7.6997
*Cc1ccc(-c2ccc(O*)cc2)cc1,3.7323
*Cc1ccc(-c2ccc(-c3ccc(*)s3)s2)s1,2.1001
*CNc1ccc(N*)s1,3.5157
*Oc1ccc(-c2ccc(C(*)=O)cc2)s1,2.7538
*C(=S)OC(=S)c1ccc(*)s1,1.7517
*C(=O)NC(=O)c1ccc(*)cc1,3.4047
*CC(*)(Cl)C#N,5.8652
*CC(F)(F)C(F)(F)C(F)(F)COC(=O)NCC(F)(F)C(F)(F)C(F)(F)C(F)(F)CNC(=O)O*,6.4326
*Nc1ccc(-c2ccc(-c3ccc(*)s3)s2)s1,1.5003
*OC(C)CCOC(=O)CCCCS(=O)(=O)CCCCC(*)=O,6.2709
*COc1ccc(O*)s1,4.3601
*CCOCCOCCOC(=O)CCCCCCC(=O)O*,6.184
*Nc1ccc(OC(*)=S)s1,2.6588
*C(=O)Oc1ccc(C(*)=S)cc1,2.3448
*CC1CC1CNC(=O)C1CC1C(=O)N*,5.6374
*Nc1ccc(Nc2ccc(*)s2)cc1,2.8374
*Cc1ccc(-c2ccc(-c3ccc(*)s3)cc2)cc1,2.8951
*CCCN*,6.381
*CCCCCCNC(=O)CCCCCCCCCCC(=O)N*,6.3994
*Oc1ccc(Cc2ccc(*)cc2)cc1,4.3787
*Nc1ccc(-c2ccc(C(*)=O)s2)s1,1.9451
*CCOC(=O)C1C2C=CC(C2)C1C(=O)O*,5.3661
*c1ccc(-c2ccc(*)s2)s1,0.9894
*OC(F)(F)CC(*)(F)F,10.0451
*CCNc1ccc(*)cc1,3.689
*Nc1ccc(C(=S)c2ccc(*)cc2)cc1,1.8785
*Oc1ccc(C(F)(F)C(*)(F)F)cc1,4.7894
*CS*,4.8805
*Sc1ccc(*)cc1,3.1848
*CC(*)(C)C(=O)OC1(C)CCOC(=O)C1,5.9976
*CCC(Cl)C(*)Cl,6.4523
*C(=S)c1ccc(C(F)(F)C(*)(F)F)cc1,2.3476
*NC(C)C(=O)NC(C)C(=O)NC(C(=O)NC(C(*)=O)C(C)C)C(C)C,5.8867
*OC(F)(F)c1ccc(C(*)(F)F)cc1,4.4042
*Cc1ccc(-c2ccc(-c3ccc(*)s3)s2)cc1,2.8214
*CC(*)(C)C(=O)OCCC#N,6.2508
*CC(F)(F)C(F)(F)C(F)(F)COC(=O)CCCC(=O)O*,5.7563
*CCCOC(=O)CCCCCCCCOC(=O)CCCOC(=O)CCCCCCCCOC(*)=O,6.5329
*CC(C#N)(C#N)C(C#N)C(*)(C#N)C#N,6.2447
*NC(=O)OC(*)=S,2.5812
*NC(=S)c1ccc(O*)cc1,2.6021
*CC1CCC(COC(=O)C2CCC(C(=O)O*)CC2)CC1,6.4924
*CCCCCOC(=O)CC(=O)O*,6.4679
*c1ccc2c(c1)C(CC(CC)CCCC)(CC(CC)CCCC)c1cc(*)ccc1-2,2.85
*NCCCNC(=O)NC(*)=O,6.0227
*NC(F)(F)NC(*)(F)F,8.2637
*CCC1CC(*)C2C3CC(CC)C(C3)C12,7.528
*Cc1ccc(Cc2ccc(*)s2)s1,4.1954
*CC(O*)C(F)(F)F,7.4158
*CC1CCC(COC(=O)NCCSCCCSCCNC(=O)O*)CC1,5.0712
*CC(*)C(=O)OCC(F)(F)C(F)(F)C(F)(F)C(F)(F)C(F)(F)C(F)(F)C(F)(F)F,5.7185
*Cc1ccc(C(=S)c2ccc(*)s2)cc1,2.5143
*OC(F)(F)C(*)(F)F,10.1137
*CNC(=S)N*,3.9125
*CC(*)(C)C(=O)OCC,6.2424
*CC(*)C(=O)OCCSCCCC#N,5.1226
*NC(=S)Nc1ccc(NC(=S)Nc2ccc(Cc3ccc(*)cc3)cc2)cc1,3.6012
*CCOCCOC(=O)Nc1ccc(C)c(NC(=O)O*)c1,4.5558
*CCOC(=O)NCCSCCCCSCCNC(=O)O*,5.1094
*OC(=S)Oc1ccc(*)cc1,3.9415
*CC(*)(F)C#N,7.0615
*C1C=C(C(*)(C)C)C2CC=CCC12,4.8262
*OC(F)(F)c1ccc(C(*)(F)F)s1,3.9843
*CCCCCCCCCCOC(=O)CCCCCCCCCCCCCCCCC(=O)O*,6.0542
*Oc1ccc(Oc2ccc(*)cc2)cc1,3.6966
*OC(=O)OCCCCCCCCCCOC(=O)OC1COC2C(*)COC12,6.1689
*CCOC(=O)CCCCCCC(=O)O*,6.8383
*CCCCCS*,4.989
*CC(=O)Nc1ccc(*)s1,3.9328
*CC(=O)C(=S)C(*)=O,1.4812
*NC(=O)Oc1ccc(*)s1,3.4227
*NC(=O)C(=S)C(*)=O,1.4363
*Nc1ccc(Oc2ccc(*)cc2)cc1,3.2074
*Nc1ccc(C(=O)c2ccc(*)s2)s1,1.7108
*OC1CCC(OC(=O)OCCCCCCOC(*)=O)CC1,7.0127
