SMILES,N2 permeability (barrer)
*Oc1ccc(Oc2cccc(*)c2C#N)c(-c2cc(C)cc(C)c2)c1,-0.769551078621726
*CC(*)c1ccccc1,-0.2867895565493709
*c1ccc(Sc2ccc(Sc3ccc(N4C(=O)c5ccc(C(c6ccc7c(c6)C(=O)N(*)C7=O)(C(F)(F)F)C(F)(F)F)cc5C4=O)cc3)cc2)cc1,-0.46852108295774486
*c1ccc(Oc2ccc(-c3ccc(-c4ccc(-c5ccc(Oc6ccc(N7C(=O)c8ccc(C(c9ccc%10c(c9)C(=O)N(*)C%10=O)(C(F)(F)F)C(F)(F)F)cc8C7=O)cc6)c(C(F)(F)F)c5)cc4)cc3)cc2C(F)(F)F)cc1,0.4927603890268375
*Oc1ccc(C(c2ccc(Oc3ccc(C(=O)c4ccc(*)cc4)cc3)cc2)c2ccccc2C(=O)O)cc1,-1.3142582613977363
*O[Si](*)(C)CCCCCC,2.012837224705172
*Nc1ccc(C(c2ccc(NC(=O)c3cccc(C(*)=O)c3)cc2)(C(F)(F)F)C(F)(F)F)cc1,-0.47495519296315486
*CC(C#N)(C#N)CC(*)OC(C)=O,-1.9065783148377649
*OC(=O)Oc1ccc2c(c1)CC(C)(C)C21Cc2cc(*)ccc2C1(C)C,0.1376705372367551
*c1cc(N2C(=O)c3ccc(C(c4ccc5c(c4)C(=O)N(*)C5=O)(C(F)(F)F)C(F)(F)F)cc3C2=O)cc(C(F)(F)F)c1,0.06818586174616162
*c1cc(C)c(Oc2cc(C)c(*)c(C)c2)c(C)c1C(=O)c1ccc([N+](=O)[O-])cc1,0.10380372095595687
*c1ccc(Oc2ccc(N3C(=O)c4ccc(Oc5ccc6c(c5)C(=O)N(*)C6=O)cc4C3=O)cc2)cc1,-1.6675615400843946
*c1ccc(C(c2ccc(-c3nc4cc(C(c5ccc6oc(*)nc6c5)(C(F)(F)F)C(F)(F)F)ccc4o3)cc2)(C(F)(F)F)C(F)(F)F)cc1,1.1722136039924793
*c1c(C)cc(C)c(-n2c(=O)c3cc4c(=O)n(*)c(=O)c4cc3c2=O)c1C,0.926342446625655
*c1ccc(Cc2ccc(N3C(=O)c4ccc(-c5ccc6c(c5)C(=O)N(*)C6=O)cc4C3=O)cc2F)c(F)c1,-1.6925039620867872
*c1nc2cc(C(c3ccc4oc(*)nc4c3)(C(F)(F)F)C(F)(F)F)ccc2o1,2.3710678622717363
*c1cccc(N2C(=O)c3ccc(Oc4ccc(Oc5ccc6c(c5)C(=O)N(*)C6=O)cc4)cc3C2=O)c1,-1.7958800173440752
*c1ccc(N(c2ccc(N3C(=O)c4ccc(C(c5ccc6c(c5)C(=O)N(*)C6=O)(C(F)(F)F)C(F)(F)F)cc4C3=O)cc2)c2ccc(N(c3ccc(OC)cc3)c3ccc(OC)cc3)cc2)cc1,-0.22914798835785583
*C(=C(*)c1ccc(C(C)(C)C)cc1)c1ccc(O)cc1,1.3617278360175928
*Oc1ccc(-c2ccc(-c3ccc(OC(=O)c4cc(C(*)=O)cc(C(C)(C)C)c4)cc3)c3c2C(=O)OC3(C)C)cc1,0.02530586526477026
*C(C)=C(*)CCC(C)C,1.7075701760979363
*c1ccc(Oc2ccc(C(c3ccc(Oc4ccc(N5C(=O)c6ccc(C(=O)c7ccc8c(c7)C(=O)N(*)C8=O)cc6C5=O)cc4C(F)(F)F)cc3)(C(F)(F)F)C(F)(F)F)cc2)c(C(F)(F)F)c1,-0.431798275933005
*C=C(*)[Si](C)(C)C,0.9777236052888477
*N=P(*)(C)c1ccccc1,-0.2218487496163564
*Oc1ccc(C2(c3ccc(OC(=O)c4cccc(C(*)=O)c4)cc3)c3ccccc3-c3ccccc32)cc1,-0.23013055547811265
*CC*,-0.05144732230708384
*CC(*)c1ccc(F)cc1,-0.08092190762392612
*Oc1ccc(C(=O)c2ccc(Oc3ccc(C(c4ccc(*)cc4)(C(F)(F)F)C(F)(F)F)cc3)cc2)c2ccccc12,-0.4881166390211256
*Nc1cccc(S(=O)(=O)c2cccc(NC(=O)c3ccc4c(c3)C(C)(C)CC4(C)c3ccc(C(*)=O)cc3)c2)c1,-1.2218487496163564
*c1ccc(Oc2ccc(C(C)(C)c3ccc(Oc4ccc(N5C(=O)c6ccc(Oc7ccc8c(c7)C(=O)N(*)C8=O)cc6C5=O)cc4)cc3)cc2)cc1,-1.154901959985743
*c1ccc(Oc2ccc(ON3C(=O)c4ccc(C(c5ccc6c(c5)C(=O)N(*)C6=O)(C(F)(F)F)C(F)(F)F)cc4C3=O)c3c2C2c4ccccc4C3c3ccccc32)cc1,-0.1804560644581313
*/C(C)=C(/*)c1ccccc1,1.3222192947339193
*OC(=O)Oc1c(Cl)cc(C(C)(C)c2cc(Cl)c(*)c(Cl)c2)cc1Cl,-0.44369749923271273
*c1ccc(-c2ccc(N3C(=O)c4ccc([Si](C)(C)c5ccc6c(c5)C(=O)N(*)C6=O)cc4C3=O)c(C)c2)cc1C,-1.0268721464003014
*c1ccc(C(C)(C)c2ccc(N3C(=O)c4ccc(C(c5ccc6c(c5)C(=O)N(*)C6=O)(C(F)(F)F)C(F)(F)F)cc4C3=O)cc2)cc1,0.12710479836480765
*C(C)=C(*)SCCCC,1.255272505103306
*c1ccc(Oc2ccc(-c3cccc(-c4ccc(Oc5ccc(N6C(=O)c7ccc(C(c8ccc9c(c8)C(=O)N(*)C9=O)(C(F)(F)F)C(F)(F)F)cc7C6=O)cc5)c(C(F)(F)F)c4)n3)cc2C(F)(F)F)cc1,0.28103336724772754
*C(=C(*)c1ccc2c(c1)Cc1ccccc1-2)c1ccccc1,3.113943352306837
*=CC1CC(C=*)C([Si](C)(C)C)C1,0.951823035315912
*Oc1ccc(N2CCC3(CCC(=O)N3c3ccc(Oc4c(F)c(F)c(COC(c5cccc(C(OCc6c(F)c(F)c(*)c(F)c6F)(C(F)(F)F)C(F)(F)F)c5)(C(F)(F)F)C(F)(F)F)c(F)c4F)cc3)C2=O)cc1,-0.3372421683184259
*c1ccc(Cc2ccc(N3C(=O)c4ccc(-c5ccc6c(c5)C(=O)N(*)C6=O)cc4C3=O)c(Cl)c2)cc1Cl,-1.5128616245228135
*CC(*)(C)C(=O)OC,-2.0098832339321
*Nc1ccc(C(c2ccc(NC(=O)c3cc(C(*)=O)cc(-c4ccccc4)c3)cc2)(C(F)(F)F)C(F)(F)F)cc1,0.07918124604762482
*CC(*)OC1CC2CCC1C2,-0.017728766960431602
*Oc1ccc(C(C)(C)c2ccc(OC(=O)c3ccc(C(=O)c4ccc5ccccc5c4-c4c(*)ccc5ccccc45)cc3)cc2)cc1,-0.438898616350944
*Oc1c(C)cc(C(C)(C)c2cc(C)c(OC(=O)c3cc(C(*)=O)cc(C(C)(C)C)c3)c(Br)c2)cc1Br,0.02530586526477026
*c1ccc(-c2ccc(C(*)(c3ccccc3)C(F)(F)F)cc2)cc1,0.8195439355418687
*C(C)=C(*)SCCCCCCCC,1.2787536009528289
*c1ccc2c(c1C)N1Cc3cc(C)c(N4C(=O)c5ccc(Oc6ccc7c(c6)C(=O)N(*)C7=O)cc5C4=O)cc3N(C2)C1,0.5797835966168101
*Oc1ccc(C(C)(CCC(=O)OC)c2ccc(OC(=O)c3cccc(C(*)=O)c3)cc2)cc1,-0.769551078621726
*CC(*)C(=O)OCCCCCCCCCCCCCC,1.3443922736851108
*c1c(C)c(C)c(N2C(=O)c3ccc(Oc4cc(C(C)(C)C)cc(C)c4Oc4ccc5c(c4)C(=O)N(*)C5=O)cc3C2=O)c(C)c1C,0.3979400086720376
*Oc1ccc(C2(c3ccc(Oc4ccc(C(=O)c5ccc(*)cc5)cc4)cc3)OC(=O)c3ccccc32)cc1,-0.7995143019991695
*/C=C/c1ccc(*)cc1[Si](C)(C)CCCCCCCC,0.5910646070264992
*Oc1c(C)cc(C2(c3ccc(Oc4ccc(S(=O)(=O)c5ccc(*)cc5)cc4)cc3)CCCCC2)cc1C,-1.244506271584881
*C(=O)c1ccc(C2(c3ccc(C(=O)c4ccc(Oc5ccc(C(=O)c6ccc(C(=O)c7ccc(Oc8ccc(*)cc8)cc7)cc6)cc5)cc4)cc3)OC(=O)c3ccccc32)cc1,-1.1372724716820253
*c1ccc(Oc2ccc(C(c3ccc(Oc4ccc(N5C(=O)c6ccc(-c7ccc8c(c7)C(=O)N(*)C8=O)cc6C5=O)cc4C(F)(F)F)cc3)(C(F)(F)F)C(F)(F)F)cc2)c(C(F)(F)F)c1,-0.24949160514865382
*Oc1ccc(C2(c3ccc(Oc4ccc(S(=O)(=O)c5ccc(*)cc5)cc4)cc3)c3ccccc3-c3ccccc32)cc1,-0.31515463835558755
*Oc1ccc(S(=O)(=O)c2ccc(Oc3c(C)cc(C(C)(C)c4ccc(C(C)(C)c5cc(C)c(*)c(C)c5)cc4)cc3C)cc2)cc1,-0.243363891754152
*Oc1ccc(C(c2ccc(Oc3ccc(C(=O)c4ccc(C(C)(C)c5ccc(C(=O)c6ccc(*)cc6)cc5)cc4)cc3)cc2)(C(F)(F)F)C(F)(F)F)cc1,-0.3565473235138126
*Oc1ccc(-c2nn(-c3ccc(S(=O)(=O)c4ccc(*)cc4)cc3)c(=O)c3ccccc23)cc1,-1.5686362358410126
*Oc1c(C)cc(C(C)(C)c2ccc(Oc3ccc(S(=O)(=O)c4ccc(*)cc4)cc3)cc2)cc1C,-1.0409586076789064
*Oc1ccc(C2(c3ccc(Oc4ccc(S(=O)(=O)c5ccc(*)cc5)cc4)cc3)NC(=O)c3ccccc32)cc1,-1.0861861476162833
*Oc1ccc(-c2ccc(-c3ccc(Oc4ccc(C5(c6ccc(*)cc6)c6ccccc6-c6ccccc65)cc4)c(C(F)(F)F)c3)s2)cc1C(F)(F)F,0.31386722036915343
*CCCCCC(=O)O*,-0.22914798835785583
*c1ccc(Oc2cccc(-n3c(=O)c4cc5c(=O)n(*)c(=O)c5cc4c3=O)c2)cc1,-1.342944147142896
*c1ccc2c(c1)c1cc(N3C(=O)c4ccc(C(c5ccc6c(c5)C(=O)N(*)C6=O)(C(F)(F)F)C(F)(F)F)cc4C3=O)ccc1n2CC,0.24303804868629444
*Oc1ccc(C2(c3ccc(Oc4ccc(C(=O)c5ccc(*)cc5)cc4)cc3)NC(=O)c3ccccc32)cc1,-1.035740369803151
*CC(*)C(=O)OCCCCCCCCCCCCCCCCCCCCCC,1.5563025007672873
*OC(=O)Oc1c(C)cc(C(C)(C)c2cc(C)c(*)c(C)c2)cc1C,0.029383777685209667
*Oc1ccc(S(=O)(=O)c2ccc(Oc3ccc(C(C)(c4ccccc4)c4ccc(*)cc4)cc3)cc2)cc1,-0.5559552040819237
*C(=C(*)c1ccc([Si](C)(C)CCCCCCCC)cc1)c1ccc(C(C)C)cc1,0.9590413923210935
*=CC1CC(C=*)C2C(=O)C(c3ccccc3)C(=O)C12,-0.5086383061657274
*C(=C(*)c1ccc2c(c1)C(C)(C)c1ccccc1-2)c1ccc(F)c(F)c1,3.7075701760979363
*NC(=O)c1ccc2c(c1)C(=O)N(c1cccc(*)c1)C2=O,-2.2006594505464183
*c1ccc(C(c2ccc(-c3nc4ccc(C(c5ccc6oc(*)nc6c5)(C(F)(F)F)C(F)(F)F)cc4o3)cc2)(C(F)(F)F)C(F)(F)F)cc1,0.7160033436347992
*c1cc2c(cc1C)S(=O)(=O)c1cc(C)c(N3C(=O)c4cc5c(cc4C3=O)S(=O)(=O)c3cc4c(cc3S5(=O)=O)C(=O)N(*)C4=O)cc1-2,-0.1549019599857432
*C(=C(*)c1ccc2c(c1)C(C)(C)c1ccccc1-2)c1ccc(C(C)(C)C)cc1,3.3979400086720375
*Oc1ccc(Oc2ccc(C(=O)c3ccc(*)cc3)cc2)c(-c2cccc(C(F)(F)F)c2)c1,-1.2924298239020637
*c1c(C)c(C)c(N2C(=O)c3ccc(Oc4c(C)ccc(C)c4Oc4ccc5c(c4)C(=O)N(*)C5=O)cc3C2=O)c(C)c1C,0.31175386105575426
*Oc1ccc(C2(c3ccc(Oc4ccc(S(=O)(=O)c5ccc(*)cc5)cc4)cc3)OC(=O)c3ccccc32)cc1,-0.7246886454581883
*c1ccc(Sc2ccc(N3C(=O)c4ccc(C(c5ccc6c(c5)C(=O)N(*)C6=O)(C(F)(F)F)C(F)(F)F)cc4C3=O)cc2)cc1,-0.060480747381381476
*c1ccc(-c2ccc(N3C(=O)c4ccc([Si](C)(C)c5ccc6c(c5)C(=O)N(*)C6=O)cc4C3=O)cc2)cc1,-0.9625735020593764
*C(=C(*)c1ccc2c(ccc3ccccc32)c1)c1ccccc1,2.8129133566428557
*C=C(C*)C(=O)OCCOCCOCC,0.5563025007672873
*C=C(*)C(C)(C)C,1.8543060418010806
*C(=C(*)c1ccc2c(c1)C(C)(C)c1ccccc1-2)c1cccc(F)c1,3.6232492903979003
*Oc1c(C)cc(C(c2cc(C)c(OC(*)=O)c(C)c2)(C(F)(F)F)C(F)(F)F)cc1C,0.8864907251724818
*c1ccc(-c2ccc(N3C(=O)c4ccc(-c5ccc6c(c5)C(=O)N(*)C6=O)cc4C3=O)c(O)c2)cc1O,-3.0
*c1cc(C)c(Cc2cc(C)c(N3C(=O)c4ccc(Oc5ccc(Oc6ccc7c(c6)C(=O)N(*)C7=O)cc5)cc4C3=O)cc2C)cc1C,-1.1979107421182673
*Oc1ccc(C(C)(c2ccccc2)c2ccc(Oc3ccc(S(=O)(=O)c4ccc(*)cc4)cc3)cc2)cc1,-0.5559552040819237
*c1ccc2c(c1)C1(c3ccccc3-2)c2ccccc2-c2ccc(N3C(=O)c4ccc(C(c5ccc6c(c5)C(=O)N(*)C6=O)(C(F)(F)F)C(F)(F)F)cc4C3=O)cc21,0.8920946026904804
*C(=C(*)c1ccc(C(C)(C)C)cc1)c1ccccc1,2.9684829485539352
*c1ccc(Cc2ccc(N3C(=O)c4ccc(C(c5ccc6c(c5)C(=O)N(*)C6=O)(C(F)(F)F)C(F)(F)F)cc4C3=O)cc2)cc1,-0.18999163400055166
*c1cc(C(=O)O)cc(N2C(=O)c3ccc(Oc4ccc(Oc5ccc6c(c5)C(=O)N(*)C6=O)cc4)cc3C2=O)c1,-1.8239087409443189
*Oc1c(C)cc(-c2cc(C)c(Oc3ccc(S(=O)(=O)c4ccc(*)cc4)cc3)c(C)c2)cc1C,0.0824263008607719
*Nc1ccc(Oc2c(F)c(F)c(Oc3ccc(NC(=O)CN4C(=O)c5ccc(C(*)=O)cc5C4=O)cc3)c(F)c2F)cc1,-1.1487416512809248
*c1ccc(Oc2ccc(-c3ccc(-c4ccc(Oc5ccc(N6C(=O)c7ccc(C(c8ccc9c(c8)C(=O)N(*)C9=O)(C(F)(F)F)C(F)(F)F)cc7C6=O)cc5)c(C(F)(F)F)c4)cc3)cc2C(F)(F)F)cc1,0.4578818967339923
*c1ccc(Cc2ccc(N3C(=O)c4ccc(Oc5ccc6c(c5)C(=O)N(*)C6=O)cc4C3=O)cc2)cc1,-1.5528419686577808
*Oc1c(Br)cc(C(C)(C)c2cc(Br)c(OC(=O)c3cc(C(*)=O)cc(C(C)(C)C)c3)c(Br)c2)cc1Br,-0.05774384958053509
*c1c(C)cc(C)c(N2C(=O)c3ccc(C(=O)c4ccc5c(c4)C(=O)N(*)C5=O)cc3C2=O)c1C,0.10551018476997394
*Oc1ccc(C(=O)c2ccc(Oc3c(C)cc(-c4cc(C)c(*)c(C)c4)cc3C)cc2)cc1,-0.012780770091995148
*C(C)=C(*)CCCCCC,1.3617278360175928
*Oc1ccc(C(C)(C)c2ccc(OC(*)=O)cc2)cc1,-0.5135695211455662
*Oc1ccc(C(=O)c2ccc(-c3ccc(C(=C)c4ccc(Oc5ccc(C(C)(C)c6ccc(*)cc6)cc5)cc4)cc3)cc2)cc1,-0.8860566476931632
*c1cccc(S(=O)(=O)c2cccc(N3C(=O)c4ccc(C(c5ccc6c(c5)C(=O)N(*)C6=O)(C(F)(F)F)C(F)(F)F)cc4C3=O)c2)c1,-1.0574958938319192
*Oc1ccc(-c2ccc(Oc3ccc(S(=O)(=O)c4ccc(*)cc4)cc3)cc2)cc1,-0.6270879970298935
*c1cc(C(c2ccc(O)c(N3C(=O)c4ccc(C(=O)c5ccc6c(c5)C(=O)N(*)C6=O)cc4C3=O)c2)(C(F)(F)F)C(F)(F)F)ccc1O,-1.0969100130080565
*C(=C(*)c1ccc([Si](C)(C)CCCCCCCC)cc1)c1ccc(C(C)(C)C)cc1,0.8750612633917001
*c1ccc(Oc2ccc(N3C(=O)c4cc(Oc5ccccc5)c(-c5cc6c(cc5Oc5ccccc5)C(=O)N(*)C6=O)cc4C3=O)cc2)cc1,-0.08092190762392612
*Oc1cc(C)c(C2(c3cc(C)c(Oc4ccc(C(=O)c5ccc(*)cc5)cc4)cc3C)OC(=O)c3ccccc32)cc1C,-0.721246399047171
*C(C)=C(*)C(C)C,2.9719712763997563
*OCC(*)CCl,-0.619788758288394
*Oc1ccc(S(=O)(=O)c2ccc(Oc3ccc(C(C)(C)c4ccc(*)cc4)cc3)cc2)cc1,-0.6861327796308466
*=CC1CC(C=*)C2C(=O)N(C3CCCC3)C(=O)C12,-0.3467874862246563
*Oc1ccc(S(=O)(=O)c2ccc(Oc3c(C)cc(C(C)(C)c4cccc(C(C)(C)c5cc(C)c(*)c(C)c5)c4)cc3C)cc2)cc1,-0.5512936800949201
*c1ccc(Oc2ccc(C(*)(c3ccccc3)C(F)(F)F)cc2)cc1,-0.16115090926274472
*Oc1ccc(C2(c3ccc(Oc4ccc(C(=O)c5ccc(*)cc5)cc4)c(C)c3)OC(=O)c3ccccc32)cc1C,-1.0096611452123985
*c1cc(CCCCCCCCCCCC)c(-c2sc(-c3cc(CCCCCCCCCCCC)c(-c4sc(-c5cc(CCCCCCCCCCCC)c(*)s5)cc4CCCCCCCCCCCC)s3)cc2CCCCCCCCCCCC)s1,0.9731278535996987
*Nc1ccc(C(C)(C)c2ccc(NC(=O)c3ccc(Oc4cc(C(C)(C)C)c(Oc5ccc(C(*)=O)cc5)cc4C(C)(C)C)cc3)cc2)cc1,-0.3372421683184259
*c1ccc(-c2ccc(N3C(=O)c4ccc([Si](C)(C)c5ccc6c(c5)C(=O)N(*)C6=O)cc4C3=O)c(OC)c2)cc1OC,-1.0177287669604316
*Nc1ccc(C(c2ccc(NC(=O)c3ccc4c(c3)C(C)(C)CC4(C)c3ccc(C(*)=O)cc3)cc2)(C(F)(F)F)C(F)(F)F)cc1,0.13353890837021754
*c1ccc(Oc2ccc(C(C)(C)c3ccc(Oc4ccc(N5C(=O)c6ccc(-c7ccc8c(c7)C(=O)N(*)C8=O)cc6C5=O)cc4)cc3)cc2)cc1,-1.0277971616209356
*c1ccc(-c2ccc(-c3ccc(C(*)(c4ccccc4)C(F)(F)F)cc3)cc2)cc1,0.9542425094393249
*c1ccc(-c2ccc(Oc3ccc4c(c3)C(C)(c3ccc(Oc5ccc(-c6ccc(N7C(=O)c8ccc(C(=O)c9ccc%10c(c9)C(=O)N(*)C%10=O)cc8C7=O)cc6)cc5C(F)(F)F)cc3)CC4(C)C)c(C(F)(F)F)c2)cc1,0.12057393120584989
*c1ccc(C(c2ccc(-c3nc4cc(-c5ccc6[nH]c(*)nc6c5)ccc4[nH]3)cc2)(C(F)(F)F)C(F)(F)F)cc1,-0.8860566476931632
*=CC1CC(C=*)C(F)(OC(F)(F)C(F)(F)C(F)(F)F)C1(F)F,1.2304489213782739
*/C(C)=C(/*)C(C)C,3.123851640967086
*c1cc(C)c2c(c1)CN1CN2Cc2c1ccc(N1C(=O)c3ccc(C(c4ccc5c(c4)C(=O)N(*)C5=O)(C(F)(F)F)C(F)(F)F)cc3C1=O)c2C,0.8129133566428556
*=CC1CC[C@@H](/C=C/C2CCC(/C=C/[C@H]3CCC(C=*)C3)C2)C1,0.3424226808222063
*c1ccc(Oc2ccc(C(c3ccc(Oc4ccc(N5C(=O)c6ccc(C(c7ccc8c(c7)C(=O)N(*)C8=O)(C(F)(F)F)C(F)(F)F)cc6C5=O)cc4C(F)(F)F)cc3)(C(F)(F)F)C(F)(F)F)cc2)c(C(F)(F)F)c1,0.11394335230683679
*C(F)(F)C(F)(F)C(F)(OC(F)(F)C(F)(OC(F)(F)C(F)(F)S(=O)(=O)O)C(*)(F)F)C(F)(F)C(F)(F)C(F)(F)F,-0.3979400086720377
*Oc1ccc(C(c2ccc(OC(=O)c3cccc(C(*)=O)c3)cc2)(C(F)(F)F)C(F)(F)F)cc1,-0.020755221590619315
*c1ccc(NC(=O)C(F)(F)C(F)(F)C(F)(F)C(F)(F)C(=O)Nc2ccc(N3C(=O)c4ccc(C(c5ccc6c(c5)C(=O)N(*)C6=O)(C(F)(F)F)C(F)(F)F)cc4C3=O)cc2)cc1,-0.5686362358410126
*C(C)=C(*)CCC,1.0791812460476249
*CC(*)OC1CC2CC1C1CCCC21,0.07918124604762482
*/C(=C(/*)c1ccc([Si](C)(C)C)cc1)c1ccccc1,2.7481880270062002
*/C=C/C1CC(*)CC1[Si](C)(C)C,0.8573324964312685
*Oc1ccc(C(C)(C)c2ccc(OC(=O)c3cc(C(*)=O)cc(C(C)(C)C)c3)c(C(C)C)c2)cc1C(C)C,0.033021444682910656
*c1c(C)cc(Cc2cc(C)c(-n3c(=O)c4cc5c(=O)n(*)c(=O)c5cc4c3=O)c(C)c2)cc1C,0.850033257689769
*Oc1cccc2c(Oc3ccc(S(=O)(=O)c4ccc(*)cc4)cc3)cccc12,-1.2448877336049289
*c1ccc2c(c1)C1(c3ccccc3-2)c2ccccc2-c2ccc(N3C(=O)c4cc5c(cc4C3=O)OC3C=C4C(=CC3O5)C(C)(C)CC43CC(C)(C)c4cc5oc6cc7c(=O)n(*)c(=O)c7cc6oc5cc43)cc21,1.4563660331290431
*c1c(C)c(C)c(N2C(=O)c3ccc(Oc4ccc(C)cc4Oc4ccc5c(c4)C(=O)N(*)C5=O)cc3C2=O)c(C)c1C,-0.22914798835785583
*Oc1ccc(C2(c3ccc(Oc4ccc(C(=O)c5ccc6c(c5)C(C)(C5CCCCC5)CC6(c5ccc(C(=O)c6ccc(*)cc6)cc5)C5CCCCC5)cc4)cc3)CCCCC2)cc1,-0.5376020021010439
*c1ccc(Oc2ccc(ON3C(=O)c4ccc(C(c5ccc6c(c5)C(=O)N(*)C6=O)(C(F)(F)F)C(F)(F)F)cc4C3=O)c3c2C2c4ccccc4C3c3ccccc32)cc1C,-0.38721614328026455
*[NH+]=C1C=CC(=[NH+]c2ccc(Nc3ccc(Nc4ccc(*)cc4)cc3)cc2)C=C1.[Cl-].[Cl-],-2.154901959985743
*c1ccc2c(c1)C1(CC2(C)C)CC(C)(C)c2ccc(N3C(=O)c4cc5c(cc4C3=O)C3(CC(C)(C)c4cc6c(cc43)C(=O)N(*)C6=O)CC5(C)C)cc21,1.8129133566428555
*Nc1ccc(Oc2ccc(NC(=O)c3ccc4c(c3)C(C)(C)CC4(C)c3ccc(C(*)=O)cc3)cc2)cc1,-0.619788758288394
*C=CCCC*,2.0
*Oc1ccc(Sc2ccc(Oc3ccc(C(=O)c4ccc5c(c4)C(C)(C4CCCCC4)CC5(c4ccc(C(=O)c5ccc(*)cc5)cc4)C4CCCCC4)cc3)cc2)cc1,-0.6989700043360187
*c1cccc(-c2nc3cc(C(c4ccc5oc(-c6cccc(*)c6)nc5c4)(C(F)(F)F)C(F)(F)F)ccc3o2)c1,1.6812412373755872
*Oc1ccc2c(c1)-c1nc3c(Oc4ccc5nc6n(c5c4)C(=O)c4cc(*)ccc4-6)cccc3n1C2=O,-1.5841922723644568
*c1ccc(C(=O)c2ccc(-c3nc4cc(C(C)(C)c5ccc6oc(*)nc6c5)ccc4o3)cc2)cc1,-0.9208187539523752
*Oc1c(Br)cc(C2(c3cc(Br)c(OC(=O)c4cccc(C(*)=O)c4)c(Br)c3)OC(=O)c3ccccc32)cc1Br,-0.549750891680639
*Nc1ccc(NC(=O)c2ccc3c(c2)C(C)(C)CC3(C)c2ccc(C(*)=O)cc2)cc1,-0.6020599913279624
*Oc1ccc(C2(c3ccc(Oc4ccc(C(=O)c5ccc6c(c5)C(C)(C5CCCCC5)CC6(c5ccc(C(=O)c6ccc(*)cc6)cc5)C5CCCCC5)cc4)cc3)CC(C)CC(C)(C)C2)cc1,-0.1938200260161128
*Oc1ccc(C2(c3ccc(OC(*)=O)cc3)CC3CCC2C3)cc1,-0.3269790928711038
*c1cccc(N2C(=O)c3ccc(C(c4ccc5c(c4)C(=O)N(*)C5=O)(C(F)(F)F)C(F)(F)F)cc3C2=O)c1C,0.30247523653816216
*Oc1ccc(C(C)(C)c2ccc(Oc3ccc(S(=O)(=O)c4ccc(*)cc4)cc3)c(C)c2)cc1C,-1.0390538042661686
*C1C2CCC(C2)C1*,0.17609125905568124
*c1cc2c(cc1C)-c1cc(C)c(N3C(=O)c4ccc(-c5ccc6c(c5)C(=O)N(*)C6=O)cc4C3=O)cc1S2(=O)=O,-1.1174754620451195
*c1ccc(-c2ccc(Oc3ccc4c(c3)C3(CC4(C)C)CC(C)(C)c4ccc(Oc5ccc(-c6ccc(N7C(=O)c8ccc(Oc9ccc%10c(c9)C(=O)N(*)C%10=O)cc8C7=O)cc6)cc5C(F)(F)F)cc43)c(C(F)(F)F)c2)cc1,0.04921802267018165
*c1ccc(Oc2ccc(-n3c(=O)c4cc5c(=O)n(*)c(=O)c5cc4c3=O)cc2)cc1,-1.1229579145568416
*c1cc(C(c2ccc(O)c(N3C(=O)c4cc5c(cc4C3=O)C3(C)c4ccccc4C5(C)c4cc5c(cc43)C(=O)N(*)C5=O)c2)(C(F)(F)F)C(F)(F)F)ccc1O,0.07918124604762482
*c1ccc(Cc2ccc(N3C(=O)c4ccc(Oc5ccc(Oc6ccc7c(c6)C(=O)N(*)C7=O)cc5)cc4C3=O)c(C)c2)cc1C,-1.4473317838878068
*C(=C(*)c1ccc2c(c1)CCC2)c1ccc([Si](C)(C)C)cc1,2.230448921378274
*c1ccc(N2C(=O)c3ccc(C(c4ccc5c(c4)C(=O)N(*)C5=O)(C(F)(F)F)C(F)(F)F)cc3C2=O)cc1,-0.28371835165724496
*c1c(C)cc(-c2cc(C)c(-c3cc(C)c(N4C(=O)c5ccc(C(c6ccc7c(c6)C(=O)N(*)C7=O)(C(F)(F)F)C(F)(F)F)cc5C4=O)c(C)c3)cc2C)cc1C,1.1271047983648077
*c1ccc2c(c1)C1c3cc(N4C(=O)c5ccc(C(c6ccc7c(c6)C(=O)N(*)C7=O)(C(F)(F)F)C(F)(F)F)cc5C4=O)ccc3C2c2cc3ccccc3cc21,0.921686475483602
*c1cccc(C(c2cccc(N3C(=O)c4ccc(C(=O)c5ccc6c(c5)C(=O)N(*)C6=O)cc4C3=O)c2)(C(F)(F)F)C(F)(F)F)c1,-0.3279021420642826
*/C=C(/C*)C(=O)OCCOCCOCCOCC,0.3010299956639812
*Nc1ccc(C2(c3ccc(NC(=O)Cn4c(=O)c5cc6c(=O)n(CC(*)=O)c(=O)c6cc5c4=O)cc3)c3ccccc3-c3ccccc32)cc1,-1.1870866433571443
*c1c(C)c(C)c(N2C(=O)c3ccc(C(c4ccc5c(c4)C(=O)N(*)C5=O)(C(F)(F)F)C(F)(F)F)cc3C2=O)c(C)c1C,1.4727564493172123
*c1ccc(Oc2ccc(Oc3ccc(Oc4ccc(N5C(=O)c6ccc(-c7ccc8c(c7)C(=O)N(*)C8=O)cc6C5=O)cc4)cc3)cc2)cc1,-1.4067139329795428
*=CC1CC(C=*)C2C(=O)N(c3cc(C(F)(F)F)cc(C(F)(F)F)c3)C(=O)C12,0.6232492903979004
*c1c(O)ccc2c1CN1CN2Cc2c1ccc(O)c2N1C(=O)c2ccc(C(c3ccc4c(c3)C(=O)N(*)C4=O)(C(F)(F)F)C(F)(F)F)cc2C1=O,0.35410843914740087
*Nc1ccc(Cc2ccc(NC(=O)CN3C(=O)c4ccc(C(*)=O)cc4C3=O)cc2)cc1,-1.7695510786217261
*c1cc(C(=O)OCCC(F)(F)C(F)(F)C(F)(F)C(F)(F)C(F)(F)C(F)(F)F)cc(N2C(=O)c3ccc(C(=O)c4ccc5c(c4)C(=O)N(*)C5=O)cc3C2=O)c1,-0.3187587626244128
*c1ccc(C(c2ccc(N3C(=O)c4ccc(-c5ccc6c(c5)C(=O)N(*)C6=O)cc4C3=O)cc2)(C(F)(F)F)C(F)(F)F)cc1,0.04753445763811467
*CCC[Si](*)(C)C,0.47712125471966244
*CC1CC(C*)C2C1C([Si](O[Si](C)(C)C)(O[Si](C)(C)C)O[Si](C)(C)C)C2[Si](O[Si](C)(C)C)(O[Si](C)(C)C)O[Si](C)(C)C,1.8750612633917
*Oc1ccc(C2(c3ccc(OC(=O)c4cccc(C(*)=O)c4)cc3)OC(=O)c3ccccc32)cc1,-0.5590909179347823
*c1cc(C)c(Oc2cc(C)c(*)c(C)c2C(O)(C(F)(F)F)C(F)(F)F)c(C)c1,0.3010299956639812
*C(=C(*)c1ccc2c(c1)Cc1ccccc1-2)c1ccc([Si](C)(C)C)cc1,2.9777236052888476
*Oc1ccc(Oc2cccc(*)c2C#N)c(-c2cccc(C(F)(F)F)c2)c1,-0.8239087409443188
*c1ccc(Cc2ccc(N3C(=O)c4ccc(-c5ccc6c(c5)C(=O)N(*)C6=O)cc4C3=O)c(C)c2)cc1C,-1.3160528692484879
*C1=CCC(*)=[NH+]1.O=[N+]([O-])[O-],-0.7958800173440752
*c1cc2c(c(N3C(=O)c4ccc(C(=O)c5ccc6c(c5)C(=O)N(*)C6=O)cc4C3=O)c1C)C(C)(C)CC2,0.9294189257142927
*c1ccc(-c2nc3cc(C(c4ccc5oc(*)nc5c4)(C(F)(F)F)C(F)(F)F)ccc3o2)cc1,0.36172783601759284
*Oc1c(C)cc(C(C)(C)c2cc(C)c(Oc3ccc(S(=O)(=O)c4ccc(*)cc4C(O)(C(F)(F)F)C(F)(F)F)c(C(O)(C(F)(F)F)C(F)(F)F)c3)c(C)c2)cc1C,0.17609125905568124
*CC(*)C(=O)OC,-0.6706021206389573
*c1ccc(Oc2ccc(N3C(=O)c4ccc(-c5ccc6c(c5)C(=O)N(*)C6=O)cc4C3=O)cc2)cc1,-1.6675615400843946
*c1c(C)cc(-c2cc(C)c(N3C(=O)c4cc5c(cc4C3=O)C3CC(C5=O)c4cc5c(cc4C3=O)C(=O)N(*)C5=O)c3ccccc23)c2ccccc12,1.4742162640762553
*Oc1ccc(C(C)(C)c2cccc(C(C)(C)c3ccc(Oc4ccc(S(=O)(=O)c5ccc(*)cc5)cc4)cc3)c2)cc1,-0.958607314841775
*c1cc(C(c2ccc(O)c(N3C(=O)c4ccc(Oc5ccc6c(c5)C(=O)N(*)C6=O)cc4C3=O)c2)(C(F)(F)F)C(F)(F)F)ccc1O,-1.1837587000082168
*c1ccc(Oc2ccc(C(=O)c3ccc(Oc4ccc(C(*)(c5ccccc5)C(F)(F)F)cc4)cc3)cc2)cc1,-0.8239087409443188
*c1ccc2c(c1)C(=O)N(c1cccc(N3C(=O)c4ccc(*)cc4C3=O)c1)C2=O,-1.279014255846261
*c1ccc(Cc2ccc(N3C(=O)c4ccc(Oc5ccc(C(C)(C)c6ccc(Oc7ccc8c(c7)C(=O)N(*)C8=O)cc6)cc5)cc4C3=O)cc2)cc1,-1.1191864077192086
*Oc1c(C)cc(C(C)(C)c2ccc(C(C)(C)c3cc(C)c(Oc4ccc(S(=O)(=O)c5ccc(*)cc5)cc4)c(C)c3)cc2)cc1C,-0.24412514432750865
*c1c(C)c(C)c(N2C(=O)c3cc4c(cc3C2=O)C2(CC(C)(C)c3cc5c(cc32)C(=O)N(*)C5=O)CC4(C)C)c(C)c1C,2.4099331233312946
*C(=C(*)c1cccc([Si](C)(C)C)c1)c1ccccc1,2.785329835010767
*c1cc2c(cc1Br)-c1ccccc1C21c2ccccc2-c2cc(Br)c(N3C(=O)c4cc5c(cc4C3=O)OC3C=C4C(=CC3O5)C(C)(C)CC43CC(C)(C)c4cc5oc6cc7c(=O)n(*)c(=O)c7cc6oc5cc43)cc21,1.8388490907372552
*c1cc(C)c(C)c(N2C(=O)c3ccc(Oc4ccc(C)cc4Oc4ccc5c(c4)C(=O)N(*)C5=O)cc3C2=O)c1C,-0.18708664335714442
*c1ccc(C(C)(C)c2ccc(-n3c(=O)c4cc5c(=O)n(*)c(=O)c5cc4c3=O)cc2)cc1,0.17609125905568124
*c1ccc2c(c1)C(=O)N(c1ccc(Oc3ccc(N4C(=O)c5ccc(-c6nc7cc(Cc8ccc9nc(*)oc(=O)c9c8)ccc7c(=O)o6)cc5C4=O)cc3)cc1)C2=O,-2.275724130399211
*CC(*)(C)C(=O)OC(C)(C)C,-0.114638779968488
*OCCCCCCC(*)=O,0.9781805169374139
*c1ccc(Oc2ccc(N3C(=O)c4cc(Oc5ccc(C(C)(C)C)cc5)c(-c5cc6c(cc5Oc5ccc(C(C)(C)C)cc5)C(=O)N(*)C6=O)cc4C3=O)cc2)cc1,0.46982201597816303
*Nc1ccc(S(=O)(=O)c2ccc(NC(=O)c3cc(C(*)=O)cc(-c4ccccc4)c3)cc2)cc1,-0.8860566476931632
*=CC1CC(C=*)C2C(=O)N(C34CC5CC(CC(C5)C3)C4)C(=O)C12,-0.3010299956639812
*/C=C/c1ccc(*)cc1[Si](C)(C)CCCC,0.04139268515822508
*c1ccc2c(c1)nc1n2C(=O)c2ccc(C(=O)Oc3ccc(C(c4ccc(OC(=O)c5ccc6c(c5)-c5nc7cc(*)ccc7n5C6=O)cc4)(C(F)(F)F)C(F)(F)F)cc3)cc2-1,-0.8096683018297085
*Oc1c(C)cc(C(C)(C)c2cccc(C(C)(C)c3cc(C)c(Oc4ccc(S(=O)(=O)c5ccc(*)cc5)cc4)c(C)c3)c2)cc1C,-0.5528419686577808
*c1ccc2c(c1)C(C)(c1ccc(-c3nnc(*)o3)cc1)CC2(C)C,0.5185139398778874
*c1ccc(C(c2ccc(-c3nc4ccc(-c5ccc6nc(*)oc6c5)cc4o3)cc2)(C(F)(F)F)C(F)(F)F)cc1,0.951531790542348
*Oc1ccc(C(C)(C)c2ccc(OC(=O)c3ccc(C(*)=O)cc3)cc2)cc1,-0.28567024025476695
*c1ccc(Cc2ccc(N3C(=O)c4ccc(Oc5ccc(Oc6ccc7c(c6)C(=O)N(*)C7=O)cc5)cc4C3=O)cc2)cc1,-1.4467239538629006
*Oc1ccc(C(C)(C)c2ccc(Oc3ccc(S(=O)(=O)c4ccc(*)cc4)cc3)c(C(OC)(C(F)(F)F)C(F)(F)F)c2)cc1C(OC)(C(F)(F)F)C(F)(F)F,-0.585026652029182
*Oc1ccc(C(C)(C)c2ccc(OC(=O)c3ccc(C(*)=O)cc3)c(C)c2)cc1C,-0.638272163982407
*c1c(C)c(C)c(-n2c(=O)c3cc4oc5cc6c(cc5oc4cc3c2=O)C2(CC(C)(C)c3cc4oc5cc7c(=O)n(*)c(=O)c7cc5oc4cc32)CC6(C)C)c(C)c1C,1.6720978579357175
*/C=C/C1CC(*)CC1[Si](C)(C)C[Si](C)(C)C,0.568201724066995
*N=P(*)(Oc1ccccc1)Oc1ccccc1,0.14197207590708033
*c1cccc(NC(=O)C(F)(F)C(F)(F)C(F)(F)C(F)(F)C(F)(F)C(F)(F)C(=O)Nc2cccc(N3C(=O)c4ccc(C(c5ccc6c(c5)C(=O)N(*)C6=O)(C(F)(F)F)C(F)(F)F)cc4C3=O)c2)c1,-0.6989700043360187
*Oc1c(C)cc(C2(c3cc(C)c(OC(=O)c4cc(C(*)=O)cc(C(C)(C)C)c4)c(C)c3)c3ccccc3-c3ccccc32)cc1C,0.7781512503836436
*CC(*)OCc1ccccc1,-0.10237290870955855
*Oc1ccc(C(C)(C)c2ccc(OC(=O)c3cccc(C(*)=O)c3)c(C(C)C)c2)cc1C(C)C,-0.563837352959244
*Oc1c(C)cc(C2(c3cc(C)c(OC(=O)c4cc(C(*)=O)cc(C(C)(C)C)c4)c(Br)c3)c3ccccc3-c3ccccc32)cc1Br,0.5092025223311029
*Oc1ccc(C(=O)c2cccc(-c3cccc(C(=O)c4ccc(Oc5ccc(C6(c7ccc(*)cc7)c7ccccc7-c7ccccc76)cc5)cc4)c3)c2)cc1,-1.1944991418415998
*C(=C(*)c1ccc2c(c1)C(C)(C)c1ccccc1-2)c1ccc(F)cc1,3.6720978579357175
*c1ccc(N(c2ccccc2)c2ccc(N3C(=O)c4ccc(Oc5ccc6c(c5)C(=O)N(*)C6=O)cc4C3=O)cc2)cc1,-0.9318141382538383
*OC(=O)Oc1ccc(C(C)(C)c2ccc(*)cc2)cc1,-0.49281902273975914
*Oc1cc(C)c(C(c2cc(C(C)C)c(Oc3ccc(S(=O)(=O)c4ccc(*)cc4)cc3)cc2C)c2ccccc2C(=O)O)cc1C(C)C,-0.12090412049992724
*c1ccc(C(c2ccc(N3C(=O)c4ccc(Oc5cc(C)c(Oc6ccc7c(c6)C(=O)N(*)C7=O)c(C)c5C)cc4C3=O)cc2)(C(F)(F)F)C(F)(F)F)cc1,0.2787536009528289
*C/C=C(/C*)[Si](C)(OC(C)C)OC(C)C,1.404833716619938
*OC1OC(COCC)C(OC2OC(COCC)C(*)C(OCC)C2OCC)C(OCC)C1O,0.5910646070264992
*C(=C(*)c1ccc([Si](C)(C)CCCCCCCC)cc1)c1ccccc1,1.0413926851582251
*c1ccc(-c2ccc(Oc3ccc4c(c3)C(C)(c3ccc(Oc5ccc(-c6ccc(N7C(=O)c8ccc(Oc9ccc%10c(c9)C(=O)N(*)C%10=O)cc8C7=O)cc6)cc5C(F)(F)F)cc3)CC4(C)C)c(C(F)(F)F)c2)cc1,0.15228834438305647
*C[Si](*)(C)C,1.5980605998990292
*=CC1CC(C=*)C2C(=O)N(c3c(F)c(F)c(F)c(F)c3F)C(=O)C12,0.1903316981702915
*C(C)=C(*)CCCCCCCC,1.462397997898956
*c1cc(C)c(Oc2cc(C)c(*)c(C)c2)c(C)c1C(=O)c1ccc(C)cc1,0.38381536598043126
*Oc1ccc(S(=O)(=O)c2ccc(Oc3ccc(C(C)(C)c4ccc(C(C)(C)c5ccc(*)cc5)cc4)cc3)cc2)cc1,-0.4934949675951279
*=CC1CC(C=*)C2C1C([Si](O[Si](C)(C)C)(O[Si](C)(C)C)O[Si](C)(C)C)C2[Si](O[Si](C)(C)C)(O[Si](C)(C)C)O[Si](C)(C)C,2.0
*c1ccc(S(=O)(=O)c2ccc(N3C(=O)c4ccc(C(c5ccc6c(c5)C(=O)N(*)C6=O)(C(F)(F)F)C(F)(F)F)cc4C3=O)cc2)cc1,-0.21681130892474243
*c1c(C)cc2c(c1C)CN1CN2Cc2c1cc(C)c(-n1c(=O)c3cc4c(=O)n(*)c(=O)c4cc3c1=O)c2C,2.2889196056617265
*C(C)=C(*)[Ge](C)(C)C,3.0
*NC(=O)c1ccc2c(c1)C(=O)N(c1c(C)cc(C)c(*)c1C)C2=O,-0.3018994543766101
*c1ccc(Oc2ccc(N3C(=O)c4ccc(C(=O)Oc5ccc(C(C)(C)c6ccc(OC(=O)c7ccc8c(c7)C(=O)N(*)C8=O)cc6)cc5)cc4C3=O)cc2)cc1,-1.3151546383555874
*Oc1ccc(C(C)(C)c2ccc(OC(=O)c3cc(C(*)=O)cc(C(C)(C)C)c3)cc2)cc1,0.07316826226510155
*Oc1ccc(S(=O)(=O)c2ccc(Oc3ccc(C4(c5ccc(*)cc5)c5ccccc5-c5ccccc54)cc3)cc2)cc1,-0.31515463835558755
*c1ccc(Oc2ccc(N3C(=O)c4ccc(Oc5ccc(C(C)(C)c6ccc(Oc7ccc8c(c7)C(=O)N(*)C8=O)cc6)cc5)cc4C3=O)cc2)cc1,-1.0757207139381184
*C(=C(*)c1ccccc1)c1ccccc1,3.4345689040341987
*c1cccc(Oc2ccc(C(c3ccc(Oc4cccc(-n5c(=O)c6cc7c(=O)n(*)c(=O)c7cc6c5=O)c4)cc3)(C(F)(F)F)C(F)(F)F)cc2)c1,-0.5361070110140927
*c1c(C)cc2c(c1C)CN1CN2Cc2c1cc(C)c(N1C(=O)c3ccc(C(c4ccc5c(c4)C(=O)N(*)C5=O)(C(F)(F)F)C(F)(F)F)cc3C1=O)c2C,1.9890046156985368
*c1ccc(N(c2ccccc2)c2ccc(N3C(=O)c4ccc(C(c5ccc6c(c5)C(=O)N(*)C6=O)(C(F)(F)F)C(F)(F)F)cc4C3=O)cc2)cc1,-0.1804560644581313
*c1ccc(C)c(N2C(=O)c3ccc(C(c4ccc5c(c4)C(=O)N(*)C5=O)(C(F)(F)F)C(F)(F)F)cc3C2=O)c1,0.11727129565576427
*C(C)=C(*)[Si](C)(C)C(C)C,2.230448921378274
*OC(=O)Oc1ccc(C(C)(c2ccccc2)c2ccc(*)cc2)cc1,-0.4424927980943421
*Oc1ccc2c(c1)C1(CC2(C)C)CC(C)(C)c2ccc(Oc3ccc4c(c3)C(=O)N(c3cccc(N5C(=O)c6ccc(*)cc6C5=O)c3)C4=O)cc21,-0.7055337738384071
*C(=C(*)c1ccc2c(c1)C(C)(C)C(C)(C)C2(C)C)c1ccccc1,4.008600171761918
*c1ccc2c(c1)Cc1cc(N3C(=O)c4ccc(C(c5ccc6c(c5)C(=O)N(*)C6=O)(C(F)(F)F)C(F)(F)F)cc4C3=O)ccc1-2,0.0044646816479598245
*c1ccc2c(c1)C(=O)N(c1ccc(Oc3ccc(N4C(=O)c5ccc(*)cc5C4=O)cc3)cc1)C2=O,-1.0457574905606752
*c1cccc(N2C(=O)c3ccc(C(=O)c4ccc5c(c4)C(=O)N(*)C5=O)cc3C2=O)c1,-1.7958800173440752
*C1C(*)C2CC1C1CC([Si](C)(C)C)C21,2.591064607026499
*Oc1ccc(Oc2ccc(C(=O)c3ccc(*)cc3)cc2)c(-c2cc(C(F)(F)F)cc(C(F)(F)F)c2)c1,-0.26760624017703144
*CC(*)c1ccc(C([Si](C)(C)C)[Si](C)(C)C)cc1,1.0043213737826426
*NC(=O)c1ccc(C(c2ccc(C(=O)O)c(C(=O)Nc3c(C)cc(C)c(*)c3C)c2)(C(F)(F)F)C(F)(F)F)cc1C(=O)O,1.4785664955938433
*c1c(C)cc(-c2cc(C)c(-c3cc(C)c(*)c(C)c3)cc2C)cc1C,1.2174839442139063
*Nc1cccc(NC(=O)c2ccc3c(c2)C(C)(C)CC3(C)c2ccc(C(*)=O)cc2)c1,-0.8239087409443188
*Oc1ccc(C2(c3ccc(Oc4ccc(S(=O)(=O)c5ccc(*)cc5)cc4)cc3)CCCCC2)cc1,-0.958607314841775
*c1ccc2[nH]c3ccc(N4C(=O)c5ccc(C(c6ccc7c(c6)C(=O)N(*)C7=O)(C(F)(F)F)C(F)(F)F)cc5C4=O)cc3c2c1,-0.1402614338028531
*c1ccc2c(c1)C(=O)n1c-2nc2cc(-c3ccc4c(c3)nc3n4C(=O)c4cc(C(*)(C(F)(F)F)C(F)(F)F)ccc4-3)ccc21,1.1139433523068367
*Nc1ccc(C(c2ccc(NC(=O)c3cc(C(*)=O)cc(C(C)(C)C)c3)cc2)(C(F)(F)F)C(F)(F)F)cc1,0.02530586526477026
*c1cc(C)c2c(c1)CN1CN2Cc2cc(N3C(=O)c4ccc(Oc5ccc6c(c5)C(=O)N(*)C6=O)cc4C3=O)cc(C)c21,-0.3010299956639812
*C(=C(*)c1ccc2c(c1)C(C)(C)c1ccccc1-2)c1cc(F)cc(F)c1,3.230448921378274
*C(=C(*)c1ccc(-c2ccccc2)cc1)c1ccccc1,1.8129133566428555
*CC(*)OC(=O)c1cccc(C)c1,-1.0579919469776868
*CC=C(C)C*,0.9420080530223133
*c1c(C)cc(-c2cc(C)c(N3C(=O)c4cc5c(cc4C3=O)C3(c4ccccc4-c4cc6c(cc43)C(=O)N(*)C6=O)c3ccccc3-5)c3ccccc23)c2ccccc12,2.2849943867229947
*c1ccc(Sc2ccc(Sc3ccc(Sc4ccc(Sc5ccc(N6C(=O)c7ccc(C(c8ccc9c(c8)C(=O)N(*)C9=O)(C(F)(F)F)C(F)(F)F)cc7C6=O)cc5)cc4)cc3)cc2)cc1,-0.5376020021010439
*c1ccc(C(c2ccc(N3C(=O)c4ccc(C(=O)c5ccc6c(c5)C(=O)N(*)C6=O)cc4C3=O)cc2)(C(F)(F)F)C(F)(F)F)cc1,-0.42596873227228116
*c1c(C)cc(-c2cc(C)c(N3C(=O)c4ccc(C(c5ccc6c(c5)C(=O)N(*)C6=O)(C(F)(F)F)C(F)(F)F)cc4C3=O)c3ccccc23)c2ccccc12,1.5693739096150459
*c1cc(C(c2ccc(O)c(-n3c(=O)c4cc5c(=O)n(*)c(=O)c5cc4c3=O)c2)(C(F)(F)F)C(F)(F)F)ccc1O,-0.44369749923271273
*OC(=O)Oc1c(Br)cc(C(C)(C)c2cc(Br)c(*)c(Br)c2)cc1Br,-0.7399286120149252
*Nc1ccc(C2(c3ccc(NC(=O)c4cc(C(*)=O)cc(C(C)(C)C)c4)cc3)c3ccccc3-c3ccccc32)cc1,0.14736710779378645
*CC(*)c1ccc(C(C)(C)C)cc1,0.9242792860618817
*c1ccc(Oc2ccc(C(C)(C)c3ccc(Oc4ccc(N5C(=O)c6ccc(C(=O)c7ccc8c(c7)C(=O)N(*)C8=O)cc6C5=O)cc4)cc3)cc2)cc1,-0.958607314841775
*c1c(C)cc(C)c(N2C(=O)c3ccc(C(c4ccc5c(c4)C(=O)N(*)C5=O)(C(F)(F)F)C(F)(F)F)cc3C2=O)c1C,1.3710678622717363
*Oc1ccc2c(c1)C1(CC2(C)C)CC(C)(C)c2ccc(OC(=O)c3ccc(C(*)=O)cc3)cc21,0.4742162640762552
*c1ccc(-c2ccc(N3C(=O)c4ccc(Oc5cc(C(C)(C)C)ccc5Oc5ccc6c(c5)C(=O)N(*)C6=O)cc4C3=O)c(OC)c2)cc1OC,-0.6777807052660807
*Oc1c(C)cc(C(c2cc(C)c(Oc3ccc(S(=O)(=O)c4ccc(*)cc4)cc3)c(C)c2)(C(F)(F)F)C(F)(F)F)cc1C,0.6020599913279624
*CC(*)C,-0.3010299956639812
*Nc1ccc(S(=O)(=O)c2ccc(NC(=O)c3cccc(C(*)=O)c3)cc2)cc1,-1.5086383061657274
*C(=C(*)c1ccc2c(c1)C(C)(C)c1ccccc1-2)c1ccc([Si](C)(C)C)cc1,2.3010299956639813
*c1ccc(Cc2ccc(N3C(=O)c4ccc(Sc5ccc6c(c5)C(=O)N(*)C6=O)cc4C3=O)cc2)cc1,-1.5686362358410126
*C(C)=C(*)[Si](C)(C)CCCC,0.9030899869919435
*c1ccc(C(c2ccc(-c3nc4cc(-c5ccc6nc(*)oc6c5)ccc4o3)cc2)(C(F)(F)F)C(F)(F)F)cc1,0.3424226808222063
*c1cc(N2C(=O)c3ccc(C(c4ccc5c(c4)C(=O)N(*)C5=O)(C(F)(F)F)C(F)(F)F)cc3C2=O)c(O)cc1O,-0.5451551399914898
*Nc1ccc(C2(c3ccc(NC(=O)c4cccc(C(*)=O)c4)cc3)c3ccccc3-c3ccccc32)cc1,-0.7055337738384071
*c1c(C)cc(-c2cc(C)c(N3C(=O)c4ccc(C(=O)Oc5ccc(C(c6ccc(OC(=O)c7ccc8c(c7)C(=O)N(*)C8=O)cc6)(C(F)(F)F)C(F)(F)F)cc5)cc4C3=O)c(C)c2)cc1C,-0.26042765554990804
*c1c(C)cc(C)c(N2C(=O)c3ccc(S(=O)(=O)c4ccc5c(c4)C(=O)N(*)C5=O)cc3C2=O)c1C,0.00860017176191757
*c1ccc(C(=C(Cl)Cl)c2ccc(*)cc2)cc1,-0.5686362358410126
*C(=C(*)c1ccc2c(c1)C(C)(C)c1ccccc1-2)c1ccc(Br)cc1,3.5440680443502757
*CC(*)C(=O)OCC,0.8102325179950841
*c1c(C)c(C)c(N2C(=O)c3ccc(C(=O)c4ccc5c(c4)C(=O)N(*)C5=O)cc3C2=O)c(C)c1C,0.41995574848975786
*Oc1c(Br)cc(C(C)(C)c2cc(Br)c(OC(*)=O)c(Br)c2)cc1Br,-0.6989700043360187
*C1C(*)C2CC1C1CC([Si](O[Si](C)(C)C)(O[Si](C)(C)C)O[Si](C)(C)C)C21,2.6232492903979003
*N=P(*)(OCCCC)OCCCC,1.7474118078864234
*C(C)=C(*)[Si](C)(C)C,3.7711350318423875
*c1ccc(-c2ccc(Oc3ccc(C4(c5cccc(Oc6ccc(-c7ccc(N8C(=O)c9ccc(C(c%10ccc%11c(c%10)C(=O)N(*)C%11=O)(C(F)(F)F)C(F)(F)F)cc9C8=O)cc7)cc6C(F)(F)F)c5)c5ccccc5C(=O)N4c4ccccc4)cc3)c(C(F)(F)F)c2)cc1,0.23299611039215382
*Nc1c(C)cc(C(C)(C)c2cc(C)c(NC(=O)c3ccc(Oc4cc(C(C)(C)C)c(Oc5ccc(C(*)=O)cc5)cc4C(C)(C)C)cc3)c(C)c2)cc1C,0.2380461031287954
*c1c(C)c(C)c(N2C(=O)c3ccc(Oc4cc(C(C)(C)C)ccc4Oc4ccc5c(c4)C(=O)N(*)C5=O)cc3C2=O)c(C)c1C,0.4065401804339551
*c1nc2ccc(-c3ccc4nc(*)oc4c3)cc2o1,0.2787536009528289
*C(=O)c1ccc(C2(c3ccc(C(=O)c4ccc(Oc5ccc(C(=O)c6ccc(Oc7ccc(*)cc7)cc6)cc5)cc4)cc3)OC(=O)c3ccccc32)cc1,-1.0061230850587888
*Oc1ccc(C(c2ccc(Oc3c(F)c(F)c(COC(c4cccc(C(OCc5c(F)c(F)c(*)c(F)c5F)(C(F)(F)F)C(F)(F)F)c4)(C(F)(F)F)C(F)(F)F)c(F)c3F)cc2)(C(F)(F)F)C(F)(F)F)cc1,-0.045757490560675115
*C/C=C(/C*)[Si](OC(C)C)(OC(C)C)OC(C)C,2.037426497940624
*c1ccc(Oc2c3c(c(ON4C(=O)c5ccc(C(c6ccc7c(c6)C(=O)N(*)C7=O)(C(F)(F)F)C(F)(F)F)cc5C4=O)c4c2C2c5ccccc5C4c4ccccc42)C2c4ccccc4C3c3ccccc32)cc1C(F)(F)F,0.8450980400142568
*c1cc(C(=O)OC)cc(N2C(=O)c3ccc(Oc4ccc(Oc5ccc6c(c5)C(=O)N(*)C6=O)cc4)cc3C2=O)c1,-1.4685210829577449
*c1c(C)c(C)c(N2C(=O)c3ccc(Oc4cccc(C)c4Oc4ccc5c(c4)C(=O)N(*)C5=O)cc3C2=O)c(C)c1C,-0.08092190762392612
*c1ccc(-c2ccc(-n3c(=O)c4cc5oc6cc7c(cc6oc5cc4c3=O)C3(CC(C)(C)c4cc5oc6cc8c(=O)n(*)c(=O)c8cc6oc5cc43)CC7(C)C)cc2C(F)(F)F)c(C(F)(F)F)c1,1.2041199826559248
*c1ccc(-c2cc(C)c(-c3ccc(*)c(C)c3)cc2C)cc1C,0.2041199826559248
*c1c(C)cc(-c2cc(C)c(N3C(=O)c4cc5c(cc4C3=O)C3(C(C)C)c4ccccc4C5(C(C)C)c4cc5c(cc43)C(=O)N(*)C5=O)c3ccccc23)c2ccccc12,2.1760912590556813
*O[Si](C)(C)CCCCCC[Si](*)(C)C,1.9912260756924949
*Oc1ccc(Oc2ccc(Oc3ccc(C(=O)c4ccc5c(c4)C(C)(C4CCCCC4)CC5(c4ccc(C(=O)c5ccc(*)cc5)cc4)C4CCCCC4)cc3)cc2)cc1,-0.6777807052660807
*C(C)=C(*)SCCCCCC,1.146128035678238
*Oc1ccc(-c2ccc(Oc3c(F)c(F)c(COC(c4cccc(C(OCc5c(F)c(F)c(*)c(F)c5F)(C(F)(F)F)C(F)(F)F)c4)(C(F)(F)F)C(F)(F)F)c(F)c3F)cc2)cc1,-0.21467016498923297
*O[Si](C)(C)CCCCCCCC[Si](*)(C)C,1.944975908412048
*N=P(*)(OC(C)CC)OC(C)CC,1.1271047983648077
*Oc1ccc(C(=C(Cl)Cl)c2ccc(OC(*)=O)cc2)cc1,-0.5858626378155233
*CC(*)OCC1CCCCC1,-0.3372421683184259
*O[Si](*)(C)CCC(F)(F)F,1.9501213475113734
*CC(*)C(=O)OCC(F)(F)C(F)(F)C(F)(F)C(F)(F)C(F)(F)C(F)(F)C(F)(F)F,1.7323937598229686
*c1cccc(Oc2ccc(C(c3ccc(Oc4cccc(N5C(=O)c6ccc(C(c7ccc8c(c7)C(=O)N(*)C8=O)(C(F)(F)F)C(F)(F)F)cc6C5=O)c4)cc3)(C(F)(F)F)C(F)(F)F)cc2)c1,-0.6188849192901494
*c1c(C)cc2c(c1C)CN1CN2Cc2c1cc(C)c(N1C(=O)c3cc4c(cc3C1=O)C1(CC(C)(C)c3cc5c(cc31)C(=O)N(*)C5=O)CC4(C)C)c2C,2.4183012913197452
*C(Cl)CCCC(*)S(=O)(=O)Cl,-0.019996628416253676
*Oc1ccc(Cc2ccc(Oc3ccc(S(=O)(=O)c4ccc(*)cc4)cc3)cc2)cc1,-0.6989700043360187
*Oc1cc(C)c(C2(c3cc(C(C)C)c(Oc4ccc(C(=O)c5ccc(*)cc5)cc4)cc3C)OC(=O)c3ccccc32)cc1C(C)C,-0.030118356253500032
*Oc1ccc(C2(c3ccc(OC(=O)c4cc(C(*)=O)cc(C(C)(C)C)c4)cc3)c3ccccc3-c3ccccc32)cc1,0.2866809693549302
*C1C2CC(CCCCCCCCCC)C(C2)C1*,0.9395192526186185
*c1ccc(-c2ccc(Oc3ccc(C4(c5cccc(Oc6ccc(-c7ccc(N8C(=O)c9ccc(Oc%10ccc(C(C)(C)c%11ccc(Oc%12ccc%13c(c%12)C(=O)N(*)C%13=O)cc%11)cc%10)cc9C8=O)cc7)cc6C(F)(F)F)c5)c5ccccc5C(=O)N4c4ccccc4)cc3)c(C(F)(F)F)c2)cc1,-0.022276394711152253
*c1ccc(C(c2ccc(-c3nnc(*)o3)cc2)(C(F)(F)F)C(F)(F)F)cc1,0.6020599913279624
*Oc1ccc(C(C)(C)c2cccc(Oc3ccc(S(=O)(=O)c4ccc(*)cc4)cc3)c2)cc1,-1.1804560644581312
*Oc1ccc(C(C)(CC)c2ccc(OC(=O)c3cccc(C(*)=O)c3)cc2)cc1,-0.619788758288394
*c1ccc(-c2ccc(N3C(=O)c4ccc(C(c5ccc6c(c5)C(=O)N(*)C6=O)(C(F)(F)F)C(F)(F)F)cc4C3=O)c(O)c2)cc1O,-0.7746907182741372
*c1cc2c(cc1C)-c1cc(C)c(N3C(=O)c4ccc(C(c5ccc6c(c5)C(=O)N(*)C6=O)(C(F)(F)F)C(F)(F)F)cc4C3=O)cc1S2(=O)=O,0.6401500409361017
*c1ccc2c(c1)C(=O)c1cc(N3C(=O)c4ccc(C(c5ccc6c(c5)C(=O)N(*)C6=O)(C(F)(F)F)C(F)(F)F)cc4C3=O)ccc1-2,-0.4698003017969178
*O[Si](C)(C)c1cccc([Si](*)(C)C)c1,1.504470862494419
*C(C)=C(*)[Si](C)(C)CCCCCCCC,1.2787536009528289
*N=P(*)(C)C,0.10380372095595687
*CC(*)Cl,-1.9109784992049939
*c1ccc(C(C)(C)c2ccc(N3C(=O)c4ccc(Oc5ccc(Oc6ccc7c(c6)C(=O)N(*)C7=O)cc5)cc4C3=O)cc2)cc1,-0.9829666607012196
*CC(*)OC1C2CC3CC(C2)CC1C3,0.22788670461367352
*CC(*)c1ccc([Si](C)(C)C)cc1,1.2041199826559248
*Nc1ccc(C2(c3ccc(NC(=O)CN4C(=O)c5ccc(C(*)=O)cc5C4=O)cc3)c3ccccc3-c3ccccc32)cc1,-1.193820026016113
*Oc1ccc(S(=O)(=O)c2ccc(Oc3ccc(C(C)(C)c4cccc(*)c4)cc3)cc2)cc1,-1.1797985405143596
*Oc1c(C)cc(C(C)(C)c2cc(C)c(OC(=O)c3cccc(C(*)=O)c3)c(C)c2)cc1C,-0.20100426555611864
*c1ccc(-c2ccc(Oc3ccc4c(c3)C(C)(c3ccc(Oc5ccc(-c6ccc(-n7c(=O)c8cc9c(=O)n(*)c(=O)c9cc8c7=O)cc6)cc5C(F)(F)F)cc3)CC4(C)C)c(C(F)(F)F)c2)cc1,0.37291200297010657
*Oc1ccc(C(c2ccc(Oc3ccc(C(=O)c4ccc5c(c4)C(C)(C4CCCCC4)CC5(c4ccc(C(=O)c5ccc(*)cc5)cc4)C4CCCCC4)cc3)cc2)(C(F)(F)F)C(F)(F)F)cc1,-0.494850021680094
*C(=C(*)c1ccc(O[Si](C)(C)C(C)(C)C)cc1)c1ccc(F)cc1,1.7403626894942439
*c1ccc(Oc2ccc(C(c3ccc(Oc4ccc(-n5c(=O)c6cc7c(=O)n(*)c(=O)c7cc6c5=O)cc4C(F)(F)F)cc3)(C(F)(F)F)C(F)(F)F)cc2)c(C(F)(F)F)c1,0.17609125905568124
*Oc1ccc(C(C)(C)c2ccc(Oc3ccc(C(=O)c4ccc5c(c4)C(C)(C4CCCCC4)CC5(c4ccc(C(=O)c5ccc(*)cc5)cc4)C4CCCCC4)cc3)cc2)cc1,-0.4814860601221125
*c1ccc(S(=O)(=O)c2ccc(N3C(=O)c4ccc(-c5ccc6c(c5)C(=O)N(*)C6=O)cc4C3=O)cc2)cc1,-1.1611509092627446
*c1ccc2c(c1)C1(c3ccccc3-2)c2ccccc2-c2ccc(-n3c(=O)c4cc5c(=O)n(*)c(=O)c5cc4c3=O)cc21,0.9294189257142927
*c1ccc(-c2nc3cc(C(c4ccc5oc(-c6ccc(C(*)(C(F)(F)F)C(F)(F)F)cc6)nc5c4)(C(F)(F)F)C(F)(F)F)ccc3o2)cc1,2.361413015792206
*Oc1c(Br)cc(C(c2cc(Br)c(OC(*)=O)c(Br)c2)(C(F)(F)F)C(F)(F)F)cc1Br,0.25527250510330607
*C(C)=C(*)[Si](C)(C)CC,2.690196080028514
*OC(=O)c1ccc(C(=O)Oc2ccc(C3(c4ccc(O*)c(C)c4)OC(=O)c4ccccc43)cc2C)cc1,-0.8239087409443188
*c1cc(C(=O)OCC)cc(N2C(=O)c3ccc(Oc4ccc(Oc5ccc6c(c5)C(=O)N(*)C6=O)cc4)cc3C2=O)c1,-1.1135092748275182
*N=P(*)(OCCOCCOC)OCCOCCOC,0.6020599913279624
*C(F)(F)C(F)(F)C(F)(OC(F)(F)F)C(*)(F)F,0.17609125905568124
*c1ccc(Cc2ccc(N3C(=O)c4ccc(Oc5ccc(Oc6ccc7c(c6)C(=O)N(*)C7=O)cc5)cc4C3=O)c(C)c2C)c(C)c1C,-1.1999706407558657
*OC(=O)OC1C(C)(C)C(*)C1(C)C,0.414973347970818
*C(=C(*)c1ccc2c(c1)C(C)(C)CC2(C)C)c1ccc(F)c(F)c1,4.220108088040055
*Oc1ccc(C(C)(C)c2ccc(C(C)(C)c3ccc(Oc4ccc(S(=O)(=O)c5ccc(*)cc5)cc4)cc3)cc2)cc1,-0.494850021680094
*c1ccc(C)c(-c2cc(C)c(-c3cc(*)ccc3C)cc2C)c1,0.38021124171160603
*C(=C(*)c1ccc2c(ccc3ccccc32)c1)c1ccc([Si](C)(C)C)cc1,2.278753600952829
*CC(*)c1ccc(OC(C)=O)cc1,-0.1938200260161128
*Nc1ccc(C(C)(C)c2ccc(NC(=O)c3ccc(Oc4cc(C(C)(C)C)c(Oc5ccc(C(*)=O)cc5)cc4C(C)(C)C)cc3)c(C)c2)cc1C,-0.09151498112135022
*c1c(C)cc(-c2cc(C)c(-n3c(=O)c4cc5oc6cc7c(cc6oc5cc4c3=O)C3(CC(C)(C)c4cc5oc6cc8c(=O)n(*)c(=O)c8cc6oc5cc43)CC7(C)C)c3ccccc23)c2ccccc12,2.113943352306837
*c1ccc(N(c2ccccc2)c2ccc(N3C(=O)c4ccc(-c5ccc6c(c5)C(=O)N(*)C6=O)cc4C3=O)cc2)cc1,-0.707743928643524
*Oc1c(C)cc(C(C)(C)c2cc(C)c(OC(=O)c3cc(C(*)=O)cc(C(C)(C)C)c3)c(C)c2)cc1C,0.40936947045281946
*Oc1ccc(C(C)(C)c2ccc(Oc3c(F)c(F)c(COC(c4cccc(C(OCc5c(F)c(F)c(*)c(F)c5F)(C(F)(F)F)C(F)(F)F)c4)(C(F)(F)F)C(F)(F)F)c(F)c3F)cc2)cc1,-0.3187587626244128
*c1ccc(OC)c(Oc2ccc(N3C(=O)c4ccc(Oc5ccc6c(c5)C(=O)N(*)C6=O)cc4C3=O)cc2)c1,-1.3979400086720375
*C(=C(*)c1ccc2c(c1)C(C)(C)CC2(C)C)c1ccccc1,4.064457989226918
*c1ccc(-c2ccc(C(*)(C(F)(F)F)C(F)(F)F)cc2)cc1,1.6127838567197355
*C(=C(*)c1ccc2c(c1)CCC2)c1ccccc1,1.4771212547196624
*C(=O)Oc1ccc(C(C)(C)c2ccc(OC(=O)c3ccc4c(c3)-c3nc5ccc(Oc6ccc7c(c6)-c6nc8cc(*)ccc8n6C7=O)cc5n3C4=O)cc2)cc1,-1.2328441339178196
*C(=O)c1ccc(C2(c3ccc(C(=O)c4ccc(Oc5ccc(C(=O)c6cccc(C(=O)c7ccc(Oc8ccc(*)cc8)cc7)c6)cc5)cc4)cc3)OC(=O)c3ccccc32)cc1,-1.5086383061657274
*C(Cl)=C(*)c1ccccc1,0.2304489213782739
*O[Si](*)(C)C,2.571417652125032
*c1cc(C)c(C)c(N2C(=O)c3ccc(Oc4cc(C)c(Oc5ccc6c(c5)C(=O)N(*)C6=O)c(C)c4C)cc3C2=O)c1C,0.5797835966168101
*Oc1ccc(C(C)(CC(C)C)c2ccc(OC(=O)c3cccc(C(*)=O)c3)cc2)cc1,-0.24412514432750865
*c1ccc(Oc2cccc(N3C(=O)c4ccc(C(c5ccc6c(c5)C(=O)N(*)C6=O)(C(F)(F)F)C(F)(F)F)cc4C3=O)c2)cc1,-0.5867002359187482
*=CC1OC(C=*)C2C(=O)N(c3c(F)c(F)c(F)c(F)c3F)C(=O)C12,0.03342375548694973
*c1ccc(-c2ccc(Oc3ccc(C4(c5cccc(Oc6ccc(-c7ccc(-n8c(=O)c9cc%10c(=O)n(*)c(=O)c%10cc9c8=O)cc7)cc6C(F)(F)F)c5)c5ccccc5C(=O)N4c4ccccc4)cc3)c(C(F)(F)F)c2)cc1,0.07918124604762482
*C(=C(*)c1ccc(C[Si](C)(C)C)cc1)c1ccccc1,1.6434526764861874
*Cc1ccc(C2(c3ccc(*)cc3)OC(=O)c3ccccc32)cc1,0.3785795761157748
*c1ccc(Oc2ccc(C(c3ccc(Oc4ccc(N5C(=O)c6ccc(C(=O)c7ccc8c(c7)C(=O)N(*)C8=O)cc6C5=O)cc4)cc3)(C(F)(F)F)C(F)(F)F)cc2)cc1,-0.7099653886374819
*CC(*)c1ccc(Br)cc1,-0.494850021680094
*c1cc(C)c(Oc2cc(C)c(*)c(C)c2)c(C)c1C(=O)c1ccc(Br)cc1,0.3283796034387377
*Oc1ccc(-c2ccc(Oc3ccc(C(=O)c4ccc5c(c4)C(C)(C4CCCCC4)CC5(c4ccc(C(=O)c5ccc(*)cc5)cc4)C4CCCCC4)cc3)cc2)cc1,-0.37675070960209955
*Oc1ccc(C(=O)c2cccc(-c3cccc(C(=O)c4ccc(Oc5ccc(C(c6ccc(*)cc6)(C(F)(F)F)C(F)(F)F)cc5)cc4)c3)c2)cc1,-1.1012748184105066
*Oc1ccc(C(=O)c2ccc(-c3ccc(C(=O)c4ccc(Oc5ccc(S(=O)(=O)c6ccc(*)cc6)cc5)cc4)cc3)cc2)cc1,-0.958607314841775
*c1ccc(-c2ccc(Oc3ccc(C4(c5ccc(Oc6ccc(-c7ccc(N8C(=O)c9ccc(C(=O)c%10ccc%11c(c%10)C(=O)N(*)C%11=O)cc9C8=O)cc7)cc6C(F)(F)F)cc5)c5ccccc5-c5ccccc54)cc3)c(C(F)(F)F)c2)cc1,-0.022276394711152253
*c1ccc(Oc2ccc(C(c3ccc(Oc4ccc(-n5c(=O)c6cc7c(=O)n(*)c(=O)c7cc6c5=O)cc4)cc3)(C(F)(F)F)C(F)(F)F)cc2)cc1,-0.1228206923743027
*C(=C(*)c1ccc(C(C)(C)C)cc1)c1ccc(O[Si](C)(C)C(C)(C)C)cc1,2.322219294733919
*Oc1c(Br)cc(C(c2cc(Br)c(OC(=O)c3cccc(C(*)=O)c3)c(Br)c2)(C(F)(F)F)C(F)(F)F)cc1Br,0.029383777685209667
*c1ccc(S(=O)c2ccc(N3C(=O)c4ccc(-c5ccc6c(c5)C(=O)N(*)C6=O)cc4C3=O)cc2)cc1,-1.30189945437661
*c1cc(C)c(C)c(N2C(=O)c3ccc(Oc4cc(C(C)(C)C)ccc4Oc4ccc5c(c4)C(=O)N(*)C5=O)cc3C2=O)c1C,0.3424226808222063
*C1C(*)C2CC1C1C2C([Si](C)(C)C)C1[Si](C)(C)C,3.093421685162235
*c1ccc(Cc2ccc(N3C(=O)c4ccc(C(=O)Oc5ccc(C(c6ccc(OC(=O)c7ccc8c(c7)C(=O)N(*)C8=O)cc6)(C(F)(F)F)C(F)(F)F)cc5)cc4C3=O)cc2)cc1,-0.7851561519523022
*Oc1ccc(C(C)(C)c2ccc(OC(=O)c3cccc(C(*)=O)c3)c(C)c2)cc1C,-1.1586405295451456
*c1cc2c(cc1Br)-c1ccccc1C21c2ccccc2-c2cc(Br)c(-n3c(=O)c4cc5c(=O)n(*)c(=O)c5cc4c3=O)cc21,1.4593924877592308
*N=P(*)(OCC(F)(F)F)OCC(F)(F)F,1.5298579358546145
*c1ccc(-c2ccc(Oc3ccc4c(c3)C(C)(c3ccc(Oc5ccc(-c6ccc(N7C(=O)c8ccc(C(c9ccc%10c(c9)C(=O)N(*)C%10=O)(C(F)(F)F)C(F)(F)F)cc8C7=O)cc6)cc5C(F)(F)F)cc3)CC4(C)C)c(C(F)(F)F)c2)cc1,0.3873898263387294
*Oc1ccc(C(c2ccc(Oc3ccc(S(=O)(=O)c4ccc(*)cc4)cc3)cc2)(C(F)(F)F)C(F)(F)F)cc1,-0.17544030542608616
*c1ccc(-c2ccc(Oc3ccc4c(c3)C3(CC4(C)C)CC(C)(C)c4ccc(Oc5ccc(-c6ccc(N7C(=O)c8ccc(C(c9ccc%10c(c9)C(=O)N(*)C%10=O)(C(F)(F)F)C(F)(F)F)cc8C7=O)cc6)cc5C(F)(F)F)cc43)c(C(F)(F)F)c2)cc1,0.5250448070368452
*C(C(=O)OC1CCCCC1)C(*)C(=O)OC(C)(C)C,0.6989700043360189
*c1ccc(Oc2ccc(N3C(=O)c4ccc(C(=O)c5ccc6c(c5)C(=O)N(*)C6=O)cc4C3=O)cc2)cc1,-1.7047995479967433
*O[Si](*)(C)c1ccccc1,0.9910044403307552
*CC(*)c1ccc(Cl)cc1,-0.638272163982407
*CC(CCl)O*,-0.3565473235138126
*c1ccc(Cc2ccc(N3C(=O)c4ccc(C(c5ccc6c(c5)C(=O)N(*)C6=O)(C(F)(F)F)C(F)(F)F)cc4C3=O)c(C)c2)cc1C,-0.39147396642280585
*c1ccc(N(c2ccc(N3C(=O)c4ccc(C(c5ccc6c(c5)C(=O)N(*)C6=O)(C(F)(F)F)C(F)(F)F)cc4C3=O)cc2)c2ccc(N(c3ccccc3)c3ccccc3)cc2)cc1,-0.3467874862246563
*Cc1cc(Cl)c(C*)cc1Cl,-1.5670307091255944
*Oc1c(C)cc(C(C)(C)c2cc(C)c(Oc3ccc(C(=O)c4ccc(*)cc4)cc3)c(C)c2)cc1C,0.04139268515822508
*c1ccc(N2C(=O)c3ccc(C(=O)Oc4ccc(C(c5ccc(OC(=O)c6ccc7c(c6)C(=O)N(*)C7=O)cc5)(C(F)(F)F)C(F)(F)F)cc4)cc3C2=O)cc1,-1.449771646944906
*Oc1ccc(C(c2ccc(Oc3ccc(S(=O)(=O)c4ccc(*)cc4)cc3)cc2)c2ccccc2C(=O)O)cc1,-1.359518563029578
*c1ccc(Cc2ccc(N3C(=O)c4ccc(C(=O)Oc5ccc(C(C)(C)c6ccc(OC(=O)c7ccc8c(c7)C(=O)N(*)C8=O)cc6)cc5)cc4C3=O)cc2)cc1,-1.3400837999301498
*c1cc2c(c(N3C(=O)c4ccc(C(c5ccc6c(c5)C(=O)N(*)C6=O)(C(F)(F)F)C(F)(F)F)cc4C3=O)c1C)C(C)(C)CC2,1.7678976160180906
*c1ccc(Oc2ccc(N3C(=O)c4ccc([Si](C)(C)c5ccc6c(c5)C(=O)N(*)C6=O)cc4C3=O)cc2)cc1,-1.0338582672609673
*c1ccc2c(c1C)N1Cc3c(ccc(N4C(=O)c5ccc(C(c6ccc7c(c6)C(=O)N(*)C7=O)(C(F)(F)F)C(F)(F)F)cc5C4=O)c3C)N(C2)C1,1.0791812460476249
*c1ccc(Cc2ccc(N3C(=O)c4cc(Oc5ccccc5)c(-c5cc6c(cc5Oc5ccccc5)C(=O)N(*)C6=O)cc4C3=O)cc2)cc1,-0.1366771398795441
*=CC1CC(C=*)C2C1CC2[Si](O[Si](C)(C)C)(O[Si](C)(C)C)O[Si](C)(C)C,1.7403626894942439
*Oc1ccc(C(C)(c2ccccc2)c2ccc(OC(=O)c3cccc(C(*)=O)c3)cc2)cc1,-0.36653154442041347
*c1cccc(Oc2cccc(-n3c(=O)c4cc5c(=O)n(*)c(=O)c5cc4c3=O)c2)c1,-1.7435227937583233
*C(=C(*)c1ccc2c(c1)C(C)(C)c1cc(Br)ccc1-2)c1ccccc1,3.041392685158225
*/C(C)=C(/*)[Si](C)(C)C,3.7993405494535817
*CC(*)c1ccncc1,-0.9030899869919435
*c1ccc(Oc2ccc(ON3C(=O)c4ccc(C(c5ccc6c(c5)C(=O)N(*)C6=O)(C(F)(F)F)C(F)(F)F)cc4C3=O)c3c2C2c4ccccc4C3c3ccccc32)cc1C(F)(F)F,-0.004364805402450088
*Oc1ccc(C(=O)c2ccccc2-c2ccccc2C(=O)c2ccc(Oc3c(C)cc(-c4cc(C)c(*)c(C)c4)cc3C)cc2)cc1,-0.5361070110140927
*Oc1ccc(-c2cncc(-c3ccc(Oc4ccc(C5(c6ccc(*)cc6)c6ccccc6-c6ccccc65)cc4)c(C(F)(F)F)c3)c2)cc1C(F)(F)F,0.29885307640970665
*CC(*)C#N,-3.795880017344075
*c1cc(C)c(Oc2cc(C)c(*)c(C)c2)c(C)c1C(=O)c1ccc(Cl)cc1,0.25527250510330607
*c1cc2c(c(N3C(=O)c4ccc(-c5ccc6c(c5)C(=O)N(*)C6=O)cc4C3=O)c1C)C(C)(C)CC2,1.3424226808222062
*O[Si](*)(C)CCCCCCCC,1.9327273673015293
*C(F)(F)C1(F)OC(F)(F)C(F)(F)C1(F)C(*)(F)F,0.6989700043360189
*Oc1ccc(C(=O)c2ccccc2-c2ccccc2C(=O)c2ccc(Oc3ccc(C4(c5ccc(*)cc5)c5ccccc5-c5ccccc54)cc3)cc2)cc1,-1.0118871597316481
*C(F)(F)C(F)(F)C1(F)OC(C(F)(F)F)(C(F)(F)F)OC1(*)F,2.8027737252919755
*c1cc(C(c2ccc(O)c(N3C(=O)c4ccc(-c5ccc6c(c5)C(=O)N(*)C6=O)cc4C3=O)c2)(C(F)(F)F)C(F)(F)F)ccc1O,-1.0457574905606752
*CC(*)c1ccc(C)cc1,0.17609125905568124
*C(=C(*)c1ccc2c(c1)C1(CC1)c1ccccc1-2)c1ccc([Si](C)(C)C)cc1,2.7323937598229686
*c1ccc(-c2cc(C)c(-c3ccc(*)cc3C)cc2C)c(C)c1,0.146128035678238
*c1cc(N2C(=O)c3ccc(C(c4ccc5c(c4)C(=O)N(*)C5=O)(C(F)(F)F)C(F)(F)F)cc3C2=O)ccc1O,-0.3979400086720376
*C(C)=C(*)SCCCCCCCCCC,1.2041199826559248
*Oc1ccc(C2(c3ccc(OC(*)=O)cc3)CCCCC2)cc1,-0.978810700930062
*NC(=O)c1ccc2c(c1)C(=O)N(c1c(CC)cc(CC)c(*)c1C)C2=O,0.04921802267018165
*C(C)=C(*)CCCCC,1.3222192947339193
*Sc1ccc(*)cc1,-1.4240428112362435
*Nc1ccc(Oc2ccc(Oc3ccc(NC(=O)CN4C(=O)c5ccc(C(*)=O)cc5C4=O)cc3)cc2)cc1,-1.6989700043360187
*Cc1ccc(C*)c(Br)c1,-3.214670164989233
*OC1OC(COC(C)=O)C(*)C(OC(C)=O)C1OC(C)=O,-1.0362121726544447
*c1c(C)cc(-c2cc(C)c(N3C(=O)c4cc5c(cc4C3=O)C3(CC(C)(C)c4cc6c(cc43)C(=O)N(*)C6=O)CC5(C)C)c3ccccc23)c2ccccc12,2.326335860928751
*O[Si](*)(C)CC,2.2041199826559246
*Nc1ccc(C(c2ccc(NC(=O)c3ccc(Oc4cc(C(C)(C)C)c(Oc5ccc(C(*)=O)cc5)cc4C(C)(C)C)cc3)cc2)(C(F)(F)F)C(F)(F)F)cc1,0.17897694729316943
*C(C)=C(*)CC(C)C,1.968482948553935
*N=C1C=CC(=Nc2ccc(Nc3ccc(Nc4ccc(*)cc4OC)cc3OC)cc2OC)C=C1OC,-1.3279021420642825
*Cc1ccc(C*)c(CC)c1,-1.0438315695246367
*C(C)=C(*)SCC,0.9542425094393249
*C(C(=O)OC(C)CC)C(*)C(=O)OC(C)(C)C,1.1139433523068367
*c1ccc(C(c2ccc(N3C(=O)c4ccc(C(c5ccc6c(c5)C(=O)N(*)C6=O)(C(F)(F)F)C(F)(F)F)cc4C3=O)cc2)(C(F)(F)F)C(F)(F)F)cc1,0.5229655954919866
*C(=C(*)c1ccc2c(c1)C(C)(C)CC2(C)C)c1cc(F)cc(F)c1,4.117271295655764
*CC(*)c1ccc(C[Si](C)(C)C)cc1,1.4116197059632303
*Oc1ccc(Oc2ccc3c(c2)-c2nc4c(Oc5ccc6nc7n(c6c5)C(=O)c5cc(*)ccc5-7)cccc4n2C3=O)cc1,-1.4436974992327127
*c1ccc(NC(=O)C(F)(F)C(F)(F)C(F)(F)C(F)(F)C(F)(F)C(F)(F)C(=O)Nc2ccc(N3C(=O)c4ccc(C(c5ccc6c(c5)C(=O)N(*)C6=O)(C(F)(F)F)C(F)(F)F)cc4C3=O)cc2)cc1,-0.4089353929735008
*CC(*)(C)C(=O)OCC(F)(F)C(F)(F)C(F)(F)C(F)(F)C(F)(F)C(F)(F)C(F)(F)F,1.1760912590556813
*C=C(*)c1ccccc1[Si](C)(C)C,1.380211241711606
*Oc1ccc(C2(c3ccc(Oc4ccc(C(=O)c5ccc(C(=O)c6ccc(*)cc6)cc5)cc4)cc3)OC(=O)c3ccccc32)cc1,-1.1378686206869628
*Oc1ccc(C2(c3ccc(Oc4ccc(C(=O)c5ccc(*)cc5)cc4)cc3)c3ccccc3C(=O)N2CCC)cc1,-0.6307841425898572
*Oc1c(C)cc(C(C)(C)c2cc(C)c(OC(=O)c3ccc(C(*)=O)cc3)c(C)c2)cc1C,0.1553360374650618
*c1ccc2c(c1)C(=O)n1c-2nc2ccc(-c3cccc4c3nc3n4C(=O)c4ccc(C(*)(C(F)(F)F)C(F)(F)F)cc4-3)cc21,0.15836249209524964
*Cc1ccc(C*)c(Cl)c1,-2.1788141173911546
*c1ccc(Oc2ccc(-c3nc4cc(C(c5ccc6oc(*)nc6c5)(C(F)(F)F)C(F)(F)F)ccc4o3)cc2)cc1,-0.08618614761628333
*c1ccc(C(=O)c2ccc(-c3nc4cc(C(c5ccc6oc(*)nc6c5)(C(F)(F)F)C(F)(F)F)ccc4o3)cc2)cc1,-0.2596373105057561
*C1C2CC(C)C(C2)C1*,1.3820170425748683
*/C=C/C1CCC(*)C1,0.17609125905568124
*c1ccc(-c2ccc(N3C(=O)c4ccc(C(=O)Oc5ccc(C(C)(C)c6ccc(OC(=O)c7ccc8c(c7)C(=O)N(*)C8=O)cc6)cc5)cc4C3=O)cc2)cc1,-1.2907300390241692
*c1ccc(Cc2ccc(-n3c(=O)c4cc5c(=O)n(*)c(=O)c5cc4c3=O)cc2)cc1,-0.9975459445446743
*C/C=C(/C*)[Si](C)(C)OC(C)C,0.17609125905568124
*c1ccc(-c2ccc(N3C(=O)c4ccc(C(c5ccc6c(c5)C(=O)N(*)C6=O)(C(F)(F)F)C(F)(F)F)cc4C3=O)c(OC(C)=O)c2)cc1OC(C)=O,-0.25181197299379954
*c1ccc(-c2ccc(Oc3ccc(C4(c5ccc(Oc6ccc(-c7ccc(N8C(=O)c9ccc(C(c%10ccc%11c(c%10)C(=O)N(*)C%11=O)(C(F)(F)F)C(F)(F)F)cc9C8=O)cc7)cc6C(F)(F)F)cc5)c5ccccc5-c5ccccc54)cc3)c(C(F)(F)F)c2)cc1,0.31386722036915343
*Oc1ccc(Oc2ccc(C(=O)c3ccc(*)cc3)cc2)c(-c2cccc(C)c2)c1,-1.537602002101044
*N=C1C=CC(=Nc2ccc(Nc3ccc(Nc4ccc(*)cc4)cc3)cc2)C=C1,-1.8117748272947207
*c1ccc(-c2ccc(Oc3ccc(C4(c5cccc(Oc6ccc(-c7ccc(N8C(=O)c9ccc(C(=O)c%10ccc%11c(c%10)C(=O)N(*)C%11=O)cc9C8=O)cc7)cc6C(F)(F)F)c5)c5ccccc5C(=O)N4c4ccccc4)cc3)c(C(F)(F)F)c2)cc1,-0.08092190762392612
*c1ccc2c(c1)C(=O)n1c-2nc2ccc(Oc3cccc4c3nc3n4C(=O)c4ccc(*)cc4-3)cc21,-1.6382721639824072
*c1cccc(NC(=O)C(F)(F)C(F)(F)C(F)(F)C(F)(F)C(=O)Nc2cccc(N3C(=O)c4ccc(C(c5ccc6c(c5)C(=O)N(*)C6=O)(C(F)(F)F)C(F)(F)F)cc4C3=O)c2)c1,-1.0969100130080565
*Oc1ccc(C2(c3ccc(OC(*)=O)cc3)c3ccccc3-c3ccccc32)cc1,-0.22767829327708025
*Oc1ccc(C(C)(C)c2ccc(OC(=O)c3cc(C(*)=O)cc(C(C)(C)C)c3)c(C)c2)cc1C,-0.4056074496245733
*/C=C/c1ccc(*)cc1[Si](C)(C)C(C)(C)C,0.17609125905568124
*c1cccc(-c2nnc(*)n2-c2ccccc2)c1,-1.0457574905606752
*c1ccc(C(C)(C)c2ccc(Oc3ccc(S(=O)(=O)c4ccc(*)cc4)cc3)cc2)cc1,-0.585026652029182
*c1ccc(N(c2ccc(OC)cc2)c2ccc(N3C(=O)c4ccc(C(c5ccc6c(c5)C(=O)N(*)C6=O)(C(F)(F)F)C(F)(F)F)cc4C3=O)cc2)cc1,-0.05060999335508721
*c1ccc(Oc2ccc(N3C(=O)c4cc5c(cc4C3=O)S(=O)(=O)c3cc4c(cc3S5(=O)=O)C(=O)N(*)C4=O)cc2)cc1,-0.5686362358410126
*=CC1CC[C@@H](/C=C/C2CCC(/C=C/[C@@H]3CCC(C=*)C3)C2)C1,-0.1549019599857432
*c1cc(C)c(Oc2cc(C)c(*)c(C)c2)c(C)c1C(=O)c1ccccc1,0.2013971243204515
*Nc1ccc(C(=O)c2ccc(NC(=O)c3cc(C(*)=O)cc(C(C)(C)C)c3)cc2)cc1,-0.638272163982407
*Oc1ccc2c(c1)C1(CC2(C)C)CC(C)(C)c2ccc(OC(=O)c3cccc(C(*)=O)c3)cc21,0.0
*c1c(C)cc(Cc2cc(C)c(N3C(=O)c4ccc(C(c5ccc6c(c5)C(=O)N(*)C6=O)(C(F)(F)F)C(F)(F)F)cc4C3=O)c(C)c2)cc1C,0.3283796034387377
*c1c(C)cc(-c2cc(C)c(N3C(=O)c4cc5c(cc4C3=O)C3Cc4cc6c(cc4C(C5)C3)C(=O)N(*)C6=O)c3ccccc23)c2ccccc12,1.734799829588847
*/C=C/c1ccc(*)cc1[Si](CC)(CC)CC,0.25527250510330607
*CC(*)c1ccc(OC)cc1,-0.21467016498923297
*C(=C(*)c1ccc([Si](C)(C)C)cc1)c1ccc(-c2ccc(C(C)(C)C)cc2)cc1,2.3979400086720375
*c1c(C)c2c(c(C)c1Br)N1Cc3c(C)c(N4C(=O)c5ccc(C(c6ccc7c(c6)C(=O)N(*)C7=O)(C(F)(F)F)C(F)(F)F)cc5C4=O)c(Br)c(C)c3N(C2)C1,1.4842998393467859
*c1ccc(-c2ccc(Oc3ccc4c(c3)C3(CC4(C)C)CC(C)(C)c4ccc(Oc5ccc(-c6ccc(N7C(=O)c8ccc(Oc9ccc(C(C)(C)c%10ccc(Oc%11ccc%12c(=C)n(*)c(=C)c%12c%11)cc%10)cc9)cc8C7=O)cc6)cc5C(F)(F)F)cc43)c(C(F)(F)F)c2)cc1,0.00860017176191757
*c1ccc(Cc2ccc(N3C(=O)c4ccc(S(=O)(=O)c5ccc6c(c5)C(=O)N(*)C6=O)cc4C3=O)cc2)cc1,-1.494850021680094
*Oc1ccc(C(c2ccc(OC(=O)c3cc(C(*)=O)cc(C(C)(C)C)c3)cc2)(C(F)(F)F)C(F)(F)F)cc1,0.5732585015417954
*CCO*,-0.6020599913279624
*Nc1c(C)cc(Cc2cc(C)c(NC(=O)c3ccc(Oc4cc(C(C)(C)C)c(Oc5ccc(C(*)=O)cc5)cc4C(C)(C)C)cc3)c(C(C)C)c2)cc1C(C)C,0.07188200730612536
*c1ccc(C2(c3ccc(*)cc3)CC3CCC2C3)cc1,-0.3279021420642826
*c1ccc(-c2ccc(Oc3ccc(C4(c5ccc(Oc6ccc(-c7ccc(N8C(=O)c9ccc(Oc%10ccc(C(C)(C)c%11ccc(Oc%12ccc%13c(c%12)C(=O)N(*)C%13=O)cc%11)cc%10)cc9C8=O)cc7)cc6C(F)(F)F)cc5)c5ccccc5-c5ccccc54)cc3)c(C(F)(F)F)c2)cc1,0.07554696139253074
*NC(=O)c1ccc(C(c2ccc(C(=O)O)c(C(=O)Nc3cc(Oc4ccc(*)c(N)c4)ccc3N)c2)(C(F)(F)F)C(F)(F)F)cc1C(=O)O,-0.769551078621726
*N=C1C=CC(=Nc2ccc(Nc3ccc(Nc4ccc(*)cc4OCC)cc3OCC)cc2OCC)C=C1OCC,-0.9706162223147904
*C(C(=O)OC(C)C)C(*)C(=O)OC(C)CC(C)C,1.146128035678238
*c1c(C)cc(-c2cc(C)c(-n3c(=O)c4cc5oc6cc7c(cc6oc5cc4c3=O)C3(C)CCC7(C)c4cc5oc6cc7c(=O)n(*)c(=O)c7cc6oc5cc43)c3ccccc23)c2ccccc12,2.2103671693705755
*c1c(C)cc(-c2cc(C)c(N3C(=O)c4cc5c(cc4C3=O)C3(C)CCC5(C)C4C=C5C(=O)N(*)C(=O)C5=CC43)c3ccccc23)c2ccccc12,2.3979400086720375
*Oc1ccc(Cc2ccc(Oc3c(F)c(F)c(COC(c4cccc(C(OCc5c(F)c(F)c(*)c(F)c5F)(C(F)(F)F)C(F)(F)F)c4)(C(F)(F)F)C(F)(F)F)c(F)c3F)cc2)cc1,-0.2596373105057561
*CO*,-1.6197887582883939
*c1ccc(Oc2ccc(N3C(=O)c4ccc(S(=O)(=O)c5ccc6c(c5)C(=O)N(*)C6=O)cc4C3=O)cc2)cc1,-1.5686362358410126
*C=C(*)c1ccccc1[Ge](C)(C)C,1.7403626894942439
*c1ccc(Oc2ccc(C(c3ccc(Oc4ccc(N5C(=O)c6ccc(C(c7ccc8c(c7)C(=O)N(*)C8=O)(C(F)(F)F)C(F)(F)F)cc6C5=O)cc4)cc3)(C(F)(F)F)C(F)(F)F)cc2)cc1,-0.008330992620051497
*c1ccc(Oc2ccc(N3C(=O)c4cc(Oc5ccc(C)cc5)c(-c5cc6c(cc5Oc5ccc(C)cc5)C(=O)N(*)C6=O)cc4C3=O)cc2)cc1,0.09691001300805642
*c1ccc(-c2ccc(N3C(=O)c4ccc(C(c5ccc6c(c5)C(=O)N(*)C6=O)(C(F)(F)F)C(F)(F)F)cc4C3=O)c(C)c2)cc1C,-0.24872089601665776
*Oc1ccc(C2(c3ccc(OC(=O)c4cccc(C(*)=O)c4)cc3)OC(=O)c3ccccc32)cc1C(C)(C)C,0.037426497940623665
*c1ccc2c(c1)C(=O)N(c1ccc(-c3ccc(N4C(=O)c5ccc(C(*)(C(F)(F)F)C(F)(F)F)cc5C4=O)c(N)c3)cc1N)C2=O,0.7160033436347992
*c1cc2c(cc1Br)-c1ccccc1C21c2ccccc2-c2cc(Br)c(N3C(=O)c4ccc(C(c5ccc6c(c5)C(=O)N(*)C6=O)(C(F)(F)F)C(F)(F)F)cc4C3=O)cc21,1.4313637641589874
*c1cccc(N2C(=O)c3ccc(Oc4ccc(C(C)(C)c5ccc(Oc6ccc7c(c6)C(=O)N(*)C7=O)cc5)cc4)cc3C2=O)c1,-1.490797477668897
*c1ccc(Oc2ccc(C(c3ccc(Oc4ccc(N5C(=O)c6ccc(-c7ccc8c(c7)C(=O)N(*)C8=O)cc6C5=O)cc4)cc3)(C(F)(F)F)C(F)(F)F)cc2)cc1,-0.5767541260631923
*Oc1ccc2nc(-c3ccccc3)c(-c3ccc(-c4nc5cc(*)ccc5nc4-c4ccccc4)cc3)nc2c1,-0.46344155742846993
*c1c(C)cc(C)c(N2C(=O)c3ccc(-c4ccc5c(c4)C(=O)N(*)C5=O)cc3C2=O)c1C,0.900913067737669
*c1ccc(-c2ccc(Oc3ccc(C4(c5cccc(Oc6ccc(-c7ccc(N8C(=O)c9ccc(Oc%10ccc%11c(c%10)C(=O)N(*)C%11=O)cc9C8=O)cc7)cc6C(F)(F)F)c5)c5ccccc5C(=O)N4c4ccccc4)cc3)c(C(F)(F)F)c2)cc1,-0.017728766960431602
*Oc1ccc(Oc2cccc(*)c2C#N)c(-c2cccc(C)c2)c1,-1.154901959985743
*c1c(C)cc(C)c2c1CN1CN2Cc2c1c(C)cc(C)c2N1C(=O)c2ccc(C(c3ccc4c(c3)C(=O)N(*)C4=O)(C(F)(F)F)C(F)(F)F)cc2C1=O,1.423245873936808
*Oc1ccc(S(=O)(=O)c2ccc(Oc3ccc(C(C)(C)c4cccc(C(C)(C)c5ccc(*)cc5)c4)cc3)cc2)cc1,-0.958607314841775
*c1ccc2c(c1)C1c3ccccc3C2c2ccc(N3C(=O)c4ccc(C(c5ccc6c(c5)C(=O)N(*)C6=O)(C(F)(F)F)C(F)(F)F)cc4C3=O)cc21,0.6384892569546373
*=CC1CC(C=*)C(C(F)(F)F)(C(F)(F)F)C1(F)F,1.1414497734004674
*C(C(=O)OC(C)CC(C)C)C(*)C(=O)OC(C)(C)C,1.2041199826559248
*c1c(C)cc(C)c(N2C(=O)c3ccc(Oc4ccc(Oc5ccc6c(c5)C(=O)N(*)C6=O)cc4)cc3C2=O)c1C,-0.13548891894160814
*Nc1cccc(NC(=O)c2ccc(C(c3ccc(C(*)=O)cc3)(C(F)(F)F)C(F)(F)F)cc2)c1,-0.3979400086720376
*Oc1cc(C)c(C2(c3cc(C(C)C)c(Oc4ccc(S(=O)(=O)c5ccc(*)cc5)cc4)cc3C)OC(=O)c3ccccc32)cc1C(C)C,-0.15552282425431863
*/C(=C(/*)c1ccc([Si](c2ccccc2)(c2ccccc2)c2ccccc2)cc1)c1ccccc1,0.4440447959180762
*c1ccc(Oc2ccc(N3C(=O)c4ccc(Sc5ccc6c(c5)C(=O)N(*)C6=O)cc4C3=O)cc2)cc1,-0.9527251326158205
*Oc1ccc(Oc2ccc(C(=O)c3ccc(*)cc3)cc2)c(-c2cc(C)cc(C)c2)c1,-1.275724130399211
*N=P(*)(OCC(C)(C)C)OCC(C)(C)C,0.5390760987927766
*Nc1ccc(Oc2ccc(C(C)(C)c3ccc(Oc4ccc(NC(=O)c5ccc6c(c5)C(C)(C)CC6(C)c5ccc(C(*)=O)cc5)cc4)cc3)cc2)cc1,-0.5086383061657274
*C(=C(*)c1ccc([Si](C)(C)CCCCCCCC)cc1)c1ccc(CCCC)cc1,0.8976270912904415
*Oc1c(C)cc(C(C)(C)c2cc(C)c(Oc3ccc(S(=O)(=O)c4ccc(*)cc4)cc3)c(C)c2)cc1C,0.030329806182307385
*Oc1ccc(C(=O)c2ccc(Oc3ccc(*)c(C(C)(C)C)c3)cc2)cc1,-0.6635402661514705
*c1ccc(Oc2ccc(-c3ccc(-c4ccc(Oc5ccc(N6C(=O)c7ccc(C(c8ccc9c(c8)C(=O)N(*)C9=O)(C(F)(F)F)C(F)(F)F)cc7C6=O)cc5)c(C(F)(F)F)c4)s3)cc2C(F)(F)F)cc1,0.250420002308894
*OC(=O)Oc1ccc(C2(c3ccc(*)cc3)c3ccccc3-c3ccccc32)cc1,-0.22767829327708025
*Oc1ccc(C(C)(C)c2ccc(Oc3ccc(C(=O)c4ccc(C(C)(C)c5ccc(C(=O)c6ccc(*)cc6)cc5)cc4)cc3)cc2)cc1,-0.6777807052660807
*C1C2CC(C1*)C([Si](C)(C)C)C2,2.550228353055094
*C(=C(*)c1ccc2c(c1)C(C)(C)CC2(C)C)c1ccc(Br)cc1,3.963787827345555
*O[Si](C)(C)CC[Si](*)(C)C,2.250420002308894
*CC(*)OC1CCCCC1,-0.004364805402450088
*CC(*)OC(=O)c1ccc(C)cc1,-0.4698003017969178
*c1cccc(-c2nc3cc(-c4ccc5[nH]c(*)nc5c4)ccc3[nH]2)c1,-2.318758762624413
*Oc1c(C)cc(C(c2cc(C)c(Oc3ccc(S(=O)(=O)c4ccc(*)cc4C(O)(C(F)(F)F)C(F)(F)F)c(C(O)(C(F)(F)F)C(F)(F)F)c3)c(C)c2)(C(F)(F)F)C(F)(F)F)cc1C,0.7723217067229198
*c1ccc(Oc2ccc(C(c3ccc(Oc4ccc(N5C(=O)c6ccc7c8c(ccc(c68)C5=O)C(=O)N(*)C7=O)cc4)cc3)(C(F)(F)F)C(F)(F)F)cc2)cc1,-0.14266750356873156
*Oc1ccc(C(C)(C)c2ccc(Oc3ccc4c(c3)C(=O)N(c3cccc(N5C(=O)c6ccc(*)cc6C5=O)c3)C4=O)cc2)cc1,-0.5357340659659247
*c1ccc(-c2ccc(Oc3ccc4c(c3)C(C)(c3ccc(Oc5ccc(-c6ccc(N7C(=O)c8ccc(Oc9ccc(C(C)(C)c%10ccc(Oc%11ccc%12c(c%11)C(=O)N(*)C%12=O)cc%10)cc9)cc8C7=O)cc6)cc5C(F)(F)F)cc3)CC4(C)C)c(C(F)(F)F)c2)cc1,0.31806333496276157
*Oc1ccc(-c2ccc3c(c2)C(C)(C)c2cc(-c4ccc(OC(=O)c5cccc(C(*)=O)c5)cc4)ccc2C3=O)cc1,-0.46597389394386496
*CC(*)OC(=O)c1ccccc1C,-1.0660068361687576
*c1cc(C(c2ccc(C)c(-n3c(=O)c4cc5oc6cc7c(cc6oc5cc4c3=O)C3(CC(C)(C)c4cc5oc6cc8c(=O)n(*)c(=O)c8cc6oc5cc43)CC7(C)C)c2)(C(F)(F)F)C(F)(F)F)ccc1C,0.9542425094393249
*c1ccc(Oc2ccc(N3C(=O)c4ccc(Oc5ccc6c(c5)C(=O)N(*)C6=O)cc4C3=O)cc2)c(C(F)(F)F)c1,-1.0457574905606752
*C1C2CC(CCCC)C(C2)C1*,1.0492180226701815
*c1ccc(Cc2ccc(N3C(=O)c4ccc(Oc5ccc(Oc6ccc7c(c6)C(=O)N(*)C7=O)cc5)cc4C3=O)cc2C)c(C)c1,-1.448550002027125
*C(=C(*)c1ccc(C(C)C)cc1)c1ccccc1,2.1760912590556813
*Oc1ccc(C(=O)c2ccc(Oc3ccc(C(=O)c4ccc5c(c4)C(C)(C4CCCCC4)CC5(c4ccc(C(=O)c5ccc(*)cc5)cc4)C4CCCCC4)cc3)cc2)cc1,-0.7958800173440752
*C(C)=C(*)[Si](C)(C)CCC,1.3222192947339193
*c1cccc(N2C(=O)c3ccc(Oc4ccc5c(c4)C(=O)N(*)C5=O)cc3C2=O)c1,-1.9208187539523751
*CC(*)C(=O)OCCCCCCCCCC,1.2787536009528289
*Nc1ccc(C2(c3ccc(NC(=O)c4ccc(C(*)=O)cc4)cc3)c3ccccc3-c3ccccc32)cc1,-0.2865094569060575
*c1ccc(Oc2c3c(c(ON4C(=O)c5ccc(C(c6ccc7c(c6)C(=O)N(*)C7=O)(C(F)(F)F)C(F)(F)F)cc5C4=O)c4c2C2c5ccccc5C4c4ccccc42)C2c4ccccc4C3c3ccccc32)cc1,0.505149978319906
*Oc1c(Br)cc(C(C)(C)c2cc(Br)c(OC(=O)c3cccc(C(*)=O)c3)c(Br)c2)cc1Br,-0.744727494896694
*Oc1ccc(C(C)(C)c2ccc(Oc3ccc(S(=O)(=O)c4ccc(*)cc4)cc3)c(C(O)(C(F)(F)F)C(F)(F)F)c2)cc1C(O)(C(F)(F)F)C(F)(F)F,-0.6575773191777937
*c1ccc(C(C)(C)c2cccc(N3C(=O)c4ccc(C(c5ccc6c(c5)C(=O)N(*)C6=O)(C(F)(F)F)C(F)(F)F)cc4C3=O)c2)cc1,-0.32513885926218844
*c1cc2c(cc1C)-c1cc(C)c(N3C(=O)c4ccc(S(=O)(=O)c5ccc6c(c5)C(=O)N(*)C6=O)cc4C3=O)cc1S2(=O)=O,-0.431798275933005
*C(C)=C(*)c1ccc([Si](C)(C)C)cc1,2.0
*Oc1ccc(C(C)(C)c2ccc(Oc3ccc(S(=O)(=O)c4ccc(*)cc4)cc3)cc2)cc1,-0.6847295652214087
*OCCOC(=O)c1ccc(C(*)=O)cc1,-1.958607314841775
*N=P(*)(Oc1cccc(C(C)(C)C)c1)Oc1cccc(C(C)(C)C)c1,0.38021124171160603
*c1ccc(Oc2ccc(Oc3ccc(Oc4ccc(N5C(=O)c6ccc(C(c7ccc8c(c7)C(=O)N(*)C8=O)(C(F)(F)F)C(F)(F)F)cc6C5=O)cc4)cc3)cc2)cc1,-0.5044556624535516
*CC(*)[Si](C)(C)C,1.0413926851582251
*Oc1ccc(-c2ccc(-c3ccc(OC(=O)c4cccc(C(*)=O)c4)cc3)c3c2C(=O)OC3(C)C)cc1,-0.5783960731301689
*Oc1ccc(C(C)(C)c2ccc(Oc3ccc(C(=O)c4ccc(*)cc4)cc3)cc2)cc1,-0.7958800173440752
*C(=C(*)c1ccc(-c2ccc([Si](C)(C)C)cc2)cc1)c1ccccc1,2.2041199826559246
*C(=C(*)c1cccc(O)c1)c1ccc(C(C)(C)C)cc1,2.322219294733919
*c1c(C)cc(C)c(N2C(=O)c3ccc(Sc4ccc5c(c4)C(=O)N(*)C5=O)cc3C2=O)c1C,0.20951501454263097
*c1cc(-c2nc3cc(-c4ccc5[nH]c(*)nc5c4)ccc3[nH]2)cc(C(C)(C)C)c1,-1.2218487496163564
*c1cccc2c(-n3c(=O)c4cc5oc6cc7c(cc6oc5cc4c3=O)C3(CC(C)(C)c4cc5oc6cc8c(=O)n(*)c(=O)c8cc6oc5cc43)CC7(C)C)cccc12,1.2787536009528289
*C(C(=O)OC(C)C)C(*)C(=O)OC(C)CC,0.6989700043360189
*C(=C(*)c1cccc(O[Si](C)(C)C(C)(C)C)c1)c1ccc([Si](C)(C)C)cc1,2.6334684555795866
*Oc1ccc(C(c2ccc(Oc3ccc(C(=O)c4ccc(C(c5ccc(C(=O)c6ccc(*)cc6)cc5)(C(F)(F)F)C(F)(F)F)cc4)cc3)cc2)(C(F)(F)F)C(F)(F)F)cc1,-0.11918640771920865
*C(C)=C(*)[Si](C)(C)c1ccccc1,0.07918124604762482
*Oc1ccc(C(=O)c2ccc(Oc3ccc(C4(c5ccc(*)cc5)c5ccccc5-c5ccccc54)cc3)cc2)c2ccccc12,-0.6536470255493614
*c1cc(C(=O)OCCC(F)(F)C(F)(F)C(F)(F)C(F)(F)C(F)(F)C(F)(F)F)cc(N2C(=O)c3ccc(Oc4ccc5c(c4)C(=O)N(*)C5=O)cc3C2=O)c1,-0.25181197299379954
*CC(*)(C)C(=O)OCC,-0.48678239993206096
*N=P(*)(OCC(F)(F)F)OC(F)(F)C(F)(F)C(F)(F)C(F)(F)C(F)(F)C(F)F,1.4068806700491248
*c1cc(C(c2ccc(O)c(N3C(=O)c4ccc(C(c5ccc6c(c5)C(=O)N(*)C6=O)(C(F)(F)F)C(F)(F)F)cc4C3=O)c2)(C(F)(F)F)C(F)(F)F)ccc1O,-0.2622774066719645
*=CC1CC(C=*)C2C(=O)N(C3CCCCC3)C(=O)C12,-0.28399665636520083
*c1ccc2cc(-c3nc4cc(C(c5ccc6oc(*)nc6c5)(C(F)(F)F)C(F)(F)F)ccc4o3)ccc2c1,-0.6777807052660807
*N=P(N=P(*)(Cl)Oc1cc(C(C)C)cc(C(C)C)c1)(Oc1cc(C(C)C)cc(C(C)C)c1)Oc1cc(C(C)C)cc(C(C)C)c1,0.47712125471966244
*/C=C/c1ccc(*)cc1[Si](C)(C)CCCCCCCCCCCCCCCCCC,0.6532125137753437
*Oc1ccc(Oc2cccc(*)c2C#N)c(-c2cc(C(F)(F)F)cc(C(F)(F)F)c2)c1,0.04921802267018165
*c1ccc2c(c1)C(=O)n1c-2nc2ccc(Oc3cccc4c3nc3n4C(=O)c4ccc(C(*)(C(F)(F)F)C(F)(F)F)cc4-3)cc21,-0.09151498112135022
*C(C)=C(*)CCCCCCC,1.462397997898956
*C(=C(*)c1ccc2c(c1)C(C)(C)c1ccccc1-2)c1ccccc1,3.5774917998372255
*Oc1cc(C)c(C2(c3cc(C)c(Oc4ccc(S(=O)(=O)c5ccc(*)cc5)cc4)cc3C)OC(=O)c3ccccc32)cc1C,-0.6968039425795111
*Nc1cc(C(c2ccc(O)c(NC(=O)c3ccc(C(c4ccc(C(*)=O)cc4)(C(F)(F)F)C(F)(F)F)cc3)c2)(C(F)(F)F)C(F)(F)F)ccc1O,-0.22914798835785583
*Oc1ccc(C2(c3ccc(Oc4ccc(S(=O)(=O)c5ccc(*)cc5)cc4)c(C)c3)OC(=O)c3ccccc32)cc1C,-0.958607314841775
*C=C(C*)C(=O)OCCOCC,-0.4145392704914993
*c1ccc(Oc2ccc(S(=O)c3ccc(Oc4ccc(N5C(=O)c6ccc(-c7ccc8c(c7)C(=O)N(*)C8=O)cc6C5=O)cc4)cc3)cc2)cc1,-1.26440110030182
*C(=C(*)c1ccc2c(c1)C(C)(C)CC2(C)C)c1cccc(F)c1,4.079181246047625
*C(=C(*)c1cccc(O[Si](C)(C)C(C)(C)C)c1)c1ccc(C(C)(C)C)cc1,3.113943352306837
*CC=C(Cl)C*,0.3159703454569178
*c1ccc(Sc2ccc(N3C(=O)c4ccc(-c5ccc6c(c5)C(=O)N(*)C6=O)cc4C3=O)cc2)cc1,-1.6575773191777938
*c1ccc2c(c1C)N1Cc3ccc(-n4c(=O)c5cc6oc7cc8c(cc7oc6cc5c4=O)C4(CC(C)(C)c5cc6oc7cc9c(=O)n(*)c(=O)c9cc7oc6cc54)CC8(C)C)c(C)c3N(C2)C1,1.6901960800285136
*c1ccc2c(c1)C(=O)N(c1ccc(*)cc1C(F)(F)F)C2=O,-0.3979400086720376
*Oc1ccc(C(C)(C)c2ccc(OC(=O)c3cccc(C(*)=O)c3)cc2)cc1,-0.6058402818616895
*c1ccc(Cc2ccc(N3C(=O)c4ccc(C(c5ccc6c(c5)C(=O)N(*)C6=O)(C(F)(F)F)C(F)(F)F)cc4C3=O)c(Cl)c2)cc1Cl,-0.5702477199975919
*O[Si](*)(C)CCC,2.2576785748691846
*CC=CC*,1.1975562131535367
*C(=C(*)c1ccc([Si](C(C)C)(C(C)C)C(C)C)cc1)c1ccccc1,2.1156105116742996
*c1ccc(Oc2c3c(c(ON4C(=O)c5ccc(C(c6ccc7c(c6)C(=O)N(*)C7=O)(C(F)(F)F)C(F)(F)F)cc5C4=O)c4c2C2c5ccccc5C4c4ccccc42)C2c4ccccc4C3c3ccccc32)cc1C,0.38021124171160603
*c1cc(C(=O)OCCC(F)(F)C(F)(F)C(F)(F)C(F)(F)C(F)(F)C(F)(F)F)cc(N2C(=O)c3ccc(C(c4ccc5c(c4)C(=O)N(*)C5=O)(C(F)(F)F)C(F)(F)F)cc3C2=O)c1,-0.13076828026902382
*Oc1ccc(C(C)(C)c2ccc(OCCCC(*)O)cc2)cc1,-1.7212463990471711
*OC1OC(COCC)C(*)C(O)C1OCC,0.6117233080073418
*Nc1ccc(-c2ccc(NC(=O)c3ccc4c(c3)C(C)(C)CC4(C)c3ccc(C(*)=O)cc3)cc2C(F)(F)F)c(C(F)(F)F)c1,0.11394335230683679
*c1c(C)cc(-c2cc(C)c(N3C(=O)c4cc5c(cc4C3=O)C3(C)c4ccccc4C5(C)c4cc5c(cc43)C(=O)N(*)C5=O)c3ccccc23)c2ccccc12,2.1986570869544226
*Cc1ccc(C*)cc1,-1.3080348972326397
*Oc1ccc(C(c2ccc(OC(*)=O)cc2)(C(F)(F)F)C(F)(F)F)cc1,0.22788670461367352
*CC(*)(C)c1ccccc1,-0.8239087409443188
*Oc1c(C)cc(Cc2cc(C)c(Oc3ccc(S(=O)(=O)c4ccc(*)cc4)cc3)c(C)c2)cc1C,-0.21395878975744578
*Oc1ccc(Oc2ccc(Oc3ccc(S(=O)(=O)c4ccc(*)cc4)cc3)cc2)cc1,-0.707743928643524
*c1ccc(N(c2ccccc2)c2ccc(N3C(=O)c4ccc(C(=O)c5ccc6c(c5)C(=O)N(*)C6=O)cc4C3=O)cc2)cc1,-0.8416375079047503
*Oc1ccc(C(=O)c2ccccc2-c2ccccc2C(=O)c2ccc(Oc3ccc(C(c4ccc(*)cc4)(C(F)(F)F)C(F)(F)F)cc3)cc2)cc1,-0.835647144215563
*C(=C(*)c1ccc2c(c1)C(C)(C)CC2(C)C)c1ccc(Cl)cc1,3.963787827345555
*c1ccc(OC)c(Oc2ccc(N3C(=O)C4C(C3=O)[C@H]3C=C[C@@H]4C4C(=O)N(*)C(=O)C43)cc2)c1,-0.619788758288394
*CC(C)=C(C)C*,-0.32605800136591223
*Oc1ccc(C(=O)c2ccc(Oc3ccc(*)cc3)cc2)cc1,-1.4001169279263121
*c1c(C)cc(-c2cc(C)c(N3C(=O)c4cc5c(cc4C3=O)S(=O)(=O)c3cc4c(cc3S5(=O)=O)C(=O)N(*)C4=O)c(C)c2)cc1C,0.12385164096708581
*C1C(*)C2CC1C1CC([Ge](C)(C)C)C21,2.380211241711606
*c1c(C)cc(-c2cc(C)c(N3C(=O)c4ccc(Oc5cc(C)c(Oc6ccc7c(c6)C(=O)N(*)C7=O)c(C)c5C)cc4C3=O)c(C)c2)cc1C,0.07918124604762482
*C(=C(*)c1ccc(CCCC)cc1)c1ccccc1,1.0413926851582251
*c1ccc(Oc2ccc(-n3c(=O)c4cc5sc6cc7c(=O)n(*)c(=O)c7cc6sc5cc4c3=O)cc2)cc1,-0.958607314841775
*C(=C(*)c1ccc2c(c1)C(C)(C)CCC2(C)C)c1ccccc1,3.4313637641589874
*c1ccc(Sc2ccc(Sc3ccc(Sc4ccc(N5C(=O)c6ccc(C(c7ccc8c(c7)C(=O)N(*)C8=O)(C(F)(F)F)C(F)(F)F)cc6C5=O)cc4)cc3)cc2)cc1,-0.431798275933005
*c1ccc(Oc2ccc(N3C(=O)c4ccc(C(c5ccc6c(c5)C(=O)N(*)C6=O)(C(F)(F)F)C(F)(F)F)cc4C3=O)cc2)cc1,-0.16151072244148976
*Oc1ccc(C2(c3ccc(OC(=O)c4ccc(C(*)=O)cc4)cc3)OC(=O)c3ccccc32)cc1,-0.38721614328026455
*c1cc(C)c2c(c1)CN1CN2Cc2c1ccc(-n1c(=O)c3cc4oc5cc6c(cc5oc4cc3c1=O)C1(CC(C)(C)c3cc4oc5cc7c(=O)n(*)c(=O)c7cc5oc4cc31)CC6(C)C)c2C,1.5440680443502757
*c1cc(C)c(N2C(=O)c3ccc(C(c4ccc5c(c4)C(=O)N(*)C5=O)(C(F)(F)F)C(F)(F)F)cc3C2=O)cc1C,0.42651126136457523
*c1ccc(-c2nnc(-c3ccc(-c4nnc(*)n4-c4ccccc4)cc3)n2-c2ccccc2)cc1,-0.8538719643217619
*Oc1c(Br)cc(C(c2cc(Br)c(OC(=O)c3cc(C(*)=O)cc(C(C)(C)C)c3)c(Br)c2)(C(F)(F)F)C(F)(F)F)cc1Br,0.6503075231319364
*N=P(*)(Oc1ccc(Br)cc1)Oc1ccc(Br)cc1,-0.744727494896694
*c1ccc(Cc2ccc(N3C(=O)c4ccc(C(=O)c5ccc6c(c5)C(=O)N(*)C6=O)cc4C3=O)cc2)cc1,-1.6989700043360187
*O[Si](C)(C)c1ccc([Si](*)(C)C)cc1,0.5243961221038419
*c1c(C)cc2c(c1C)CN1CN2Cc2c1cc(C)c(N1C(=O)c3cc4c(cc3C1=O)C1(c3ccccc3-c3cc5c(cc31)C(=O)N(*)C5=O)c1ccccc1-4)c2C,2.2671717284030137
*Oc1c(Br)cc(C2(c3cc(Br)c(OC(=O)c4cc(C(*)=O)cc(C(C)(C)C)c4)c(Br)c3)c3ccccc3-c3ccccc32)cc1Br,0.46834733041215726
*Oc1ccc2cc(Oc3ccc(S(=O)(=O)c4ccc(*)cc4)cc3)ccc2c1,-1.294992040666664
*Cc1ccc(C*)c(C)c1,-1.8041003475907662
*Oc1c(C)cc(-c2cc(C)c(Oc3ccc(S(=O)(=O)c4ccc(*)cc4)cc3)c(C)c2C)c(C)c1C,0.07918124604762482
*CCOC(=O)c1ccc2cc(C(=C)O*)ccc2c1,-2.769551078621726
*c1cc2c(c(N3C(=O)c4ccc(Oc5ccc6c(c5)C(=O)N(*)C6=O)cc4C3=O)c1C)C(C)(C)CC2,1.0128372247051722
*c1ccc(N2C(=O)c3ccc([Si](C)(C)c4ccc5c(c4)C(=O)N(*)C5=O)cc3C2=O)cc1,-0.978810700930062
*c1c(C)cc(-c2cc(C)c(N3C(=O)c4ccc(Oc5cc(C(C)(C)C)c(Oc6ccc7c(c6)C(=O)N(*)C7=O)cc5C(C)(C)C)cc4C3=O)c(C)c2)cc1C,0.6901960800285137
*C(=C(*)c1ccc2c(c1)C(C)(C)c1cc([Si](C)(C)C)ccc1-2)c1ccccc1,3.531478917042255
*c1ccc2c(c1)C(=O)N(c1cc(C(c3ccc(O)c(N4C(=O)c5ccc(C(*)(C(F)(F)F)C(F)(F)F)cc5C4=O)c3)(C(F)(F)F)C(F)(F)F)ccc1O)C2=O,-0.3979400086720376
*c1ccc(-c2ccc(N3C(=O)c4ccc(C(=O)Oc5ccc(C(c6ccc(OC(=O)c7ccc8c(c7)C(=O)N(*)C8=O)cc6)(C(F)(F)F)C(F)(F)F)cc5)cc4C3=O)cc2)cc1,-1.5361070110140926
*Oc1c(Br)cc(C2(c3cc(Br)c(OC(=O)c4cccc(C(*)=O)c4)c(Br)c3)c3ccccc3-c3ccccc32)cc1Br,-0.15181088300860132
*CC(*)C(=O)OCCCCCCCCCCCCCCCCCC,1.4638929889859074
*Oc1c(-c2ccccc2)cc(*)cc1-c1ccccc1,0.11171047087454476
*c1cccc(N2C(=O)c3ccc(C(c4ccc5c(c4)C(=O)N(*)C5=O)(C(F)(F)F)C(F)(F)F)cc3C2=O)c1,-0.4096040528159871
*C(=C(*)c1ccc([Si](C)(C)C)cc1)c1ccc(O[Si](C)(C)C(C)(C)C)cc1,2.591064607026499
*c1cccc(Oc2cccc(N3C(=O)c4ccc(C(c5ccc6c(c5)C(=O)N(*)C6=O)(C(F)(F)F)C(F)(F)F)cc4C3=O)c2)c1,-0.5580431623435886
*OC1OC(COC(C)=O)C(*)C(O)C1OC(C)=O,-0.6363880201078557
*c1cccc(-c2nc3cc(C(c4ccc5oc(*)nc5c4)(C(F)(F)F)C(F)(F)F)ccc3o2)c1,0.0
*Oc1cc(C)c(C(c2cc(C(C)C)c(Oc3ccc(C(=O)c4ccc(*)cc4)cc3)cc2C)c2ccccc2C(=O)O)cc1C(C)C,0.07188200730612536
*Oc1ccc(S(=O)(=O)c2ccc(Oc3ccc(C(=O)c4ccc5c(c4)C(C)(C4CCCCC4)CC5(c4ccc(C(=O)c5ccc(*)cc5)cc4)C4CCCCC4)cc3)cc2)cc1,-0.638272163982407
*Oc1ccc(C(C)(C)c2ccc(OC(=O)c3cccc(C(=O)c4ccc5ccccc5c4-c4c(*)ccc5ccccc45)c3)cc2)cc1,-0.8569851997459049
*C(C)=C(*)c1ccccc1,0.5440680443502757
*c1c(C)cc(Cc2cc(C)c(N3C(=O)c4ccc(-c5ccc6c(c5)C(=O)N(*)C6=O)cc4C3=O)c(C)c2)cc1C,-0.039529222465701036
*C=C(*)c1cccc(O[Si](C)(C)C(C)(C)C)c1,0.8808135922807914
*Oc1c(C)cc(C(C)(C)c2cc(C)c(OC(*)=O)c(C)c2)cc1C,0.04139268515822508
*Nc1cccc2c(NC(=O)c3ccc4c(c3)C(C)(C)CC4(C)c3ccc(C(*)=O)cc3)cccc12,-0.9208187539523752
*c1ccc(-c2ccc(*)cc2)cc1,-0.619788758288394
*Oc1ccc2ccc(Oc3ccc(S(=O)(=O)c4ccc(*)cc4)cc3)cc2c1,-1.133712660915805
*CC(*)OCC1CC2CC1C1CCCC21,-0.8860566476931632
*C(=C(*)c1ccc2c(c1)C(C)(C)CC2(C)C)c1ccc(F)cc1,4.193124598354461
*CC(*)c1ccc([Si](C)(C)CCC(F)(F)F)cc1,1.0718820073061255
*c1c(C)c(C)c(N2C(=O)c3ccc(Oc4cc(C)c(Oc5ccc6c(c5)C(=O)N(*)C6=O)c(C)c4C)cc3C2=O)c(C)c1C,0.9084850188786497
*CC[Si](C)(C)CC[Si](C)(C)c1ccc([Si](*)(C)C)cc1,-0.5900668766687055
*c1ccc(Cc2ccc(N3C(=O)c4ccc(-c5ccc6c(c5)C(=O)N(*)C6=O)cc4C3=O)cc2Cl)c(Cl)c1,-1.9706162223147903
*c1ccc(Cc2ccc(N3C(=O)c4ccc(-c5ccc6c(c5)C(=O)N(*)C6=O)cc4C3=O)cc2Br)c(Br)c1,-1.9871627752948278
*c1ccc2c(c1)C(=O)n1c-2nc2ccc(Oc3ccc4c(c3)nc3n4C(=O)c4ccc([Si](*)(C)C)cc4-3)cc21,-0.9913998282380825
*Oc1c(C)cc(*)cc1C,0.5730006069487639
*N=P(*)(OCC(C)C)OCC(C)C,1.5010592622177514
*CC(O)COc1ccc(C(C)(C)c2ccc(O*)cc2)cc1,-1.8239087409443189
*CC(*)c1ccc(O)cc1,-1.8239087409443189
*Oc1ccc(S(=O)(=O)c2ccc(-c3ccc(S(=O)(=O)c4ccc(Oc5ccc(C(C)(C)c6ccc(*)cc6)cc5)cc4)cc3)cc2)cc1,-0.3283644033978703
*=CC1CC(C=*)C2C(=O)N(c3ccccc3)C(=O)C12,-0.5086383061657274
*c1ccc(Cc2ccc(N3C(=O)c4ccc(-c5ccc6c(c5)C(=O)N(*)C6=O)cc4C3=O)cc2)cc1,-1.6556077263148892
*Oc1c(C)cc(C(C)(C)c2cc(C)c(OC(=O)c3cccc(C(*)=O)c3)c(Br)c2)cc1Br,-0.6595558851598816
*C(C(=O)OC(C)C)C(*)C(=O)OC1CCCCC1,0.47712125471966244
*CC(*)(F)F,-1.6516951369518393
*C(=C(*)c1ccc(-c2ccc(C(C)(C)C)cc2)cc1)c1ccccc1,1.8481891169913987
*c1cccc(-c2cc(C)c(-c3cccc(*)c3C)cc2C)c1C,0.8633228601204559
*CC(*)[Si](C)(C)c1ccccc1,-0.3467874862246563
*C(C(=O)OC(C)C)C(*)C(=O)OC(C)(C)C,0.9542425094393249
*c1cccc(C(c2cccc(N3C(=O)c4ccc(C(c5ccc6c(c5)C(=O)N(*)C6=O)(C(F)(F)F)C(F)(F)F)cc4C3=O)c2)(C(F)(F)F)C(F)(F)F)c1,-0.583359492661719
*C(=C(*)c1ccc2c(c1)C1(CC1)c1ccccc1-2)c1ccccc1,2.690196080028514
*c1ccc(Oc2ccc(N3C(=O)c4ccc(Oc5ccc(Oc6ccc7c(c6)C(=O)N(*)C7=O)cc5)cc4C3=O)cc2)cc1,-1.4685210829577449
*c1ccc(*)n1C,-0.4814860601221125
*c1ccc(-c2ccc(Oc3ccc(C4(c5ccc(Oc6ccc(-c7ccc(N8C(=O)c9ccc(Oc%10ccc%11c(c%10)C(=O)N(*)C%11=O)cc9C8=O)cc7)cc6C(F)(F)F)cc5)c5ccccc5-c5ccccc54)cc3)c(C(F)(F)F)c2)cc1,0.08635983067474821
*C(=C(*)c1ccc([Si](C)(C)C)cc1)c1ccccc1,2.730378468587643
*Oc1ccc(C(C)(C)c2ccc(Oc3ccc(C(=O)c4ccc(C(=O)c5ccc(*)cc5)cc4)cc3)cc2)cc1,-1.0604807473813815
*C(=C(*)c1ccc2c(c1)C(C)(C)CC2(C)C)c1ccc(C)cc1,3.6127838567197355
*c1ccc(C(c2ccc(-n3c(=O)c4cc5oc6cc7c(cc6oc5cc4c3=O)C3(CC(C)(C)c4cc5oc6cc8c(=O)n(*)c(=O)c8cc6oc5cc43)CC7(C)C)cc2)(C(F)(F)F)C(F)(F)F)cc1,1.3617278360175928
