SMILES,isentropic_bulk_modulus
*CC(*)C(=O)Oc1ccccc1C(=O)OCC,3317461832.0
*CC(*)C(=O)c1ccc(Br)cc1,2803219860.0
*c1ccc(Oc2ccc(C(c3ccc(Oc4ccc(N5C(=O)c6ccc(Oc7ccc8c(c7)C(=O)N(*)C8=O)cc6C5=O)cc4)cc3)(C(F)(F)F)C(F)(F)F)cc2)cc1,3520330591.0
*Oc1ccc(-c2ccc(OC(=O)CCCCCCCCCCCC(*)=O)cc2)cc1,3161686330.0
*CC(*)CCCCCCCCCCC,2361963251.0
*c1ccc(Oc2c(C)cc(C(C)(C)c3cc(C)c(Oc4ccc(N5C(=O)c6ccc(Oc7ccc(C8(c9ccc(Oc%10ccc%11c(c%10)C(=O)N(*)C%11=O)cc9)CCC(c9ccccc9)CC8)cc7)cc6C5=O)cc4)c(C)c3)cc2C)cc1,2996538431.0
*C1Oc2ccccc2C1*,2056716355.0
*CC(*)(C)CC,3308985097.0
*CC(*)c1cccs1,2873927573.0
*/C=C(/*)C(C)(C)C,1365113387.0
*C1CCC(CC2CCC(N3C(=O)C4C5C=CC(C6C(=O)N(*)C(=O)C56)C4C3=O)CC2)CC1,4037321223.0
*CC(*)c1ccc(C(=O)OCCN(C)C)cc1,2726372414.0
*Oc1ccc(S(=O)(=O)c2ccc(Oc3ccc(C(=O)c4cc(I)cc(C(=O)c5ccc(*)cc5)c4)cc3)cc2)cc1,3772862063.0
*c1cccc(N2C(=O)c3ccc(C(=O)c4ccc5c(c4)C(=O)N(*)C5=O)cc3C2=O)c1,3857572903.0
*Cc1cc(*)c(O)cc1C,3398704022.0
*CC(*)(C)C(=O)OCC,2404723149.0
*NC(=O)c1ccc(C(=O)Nc2ccc(-c3ccc(*)cc3)cc2)cc1,4894201903.0
*CC(*)c1cc(Br)ccc1OC,1940386251.0
*CC(*)c1cc(F)ccc1F,1813465228.0
*CC(*)Cc1cc(C)ccc1C,2588427303.0
*CC(*)C(=O)Oc1ccc(C(=O)OCC)cc1,3072841440.0
*CC(*)c1ccc(C(=O)N2CCOCC2)cc1,3400431685.0
*C(=O)c1ccc2c(c1)C(=O)N(c1ccc(Cc3ccc(N4C(=O)c5ccc(*)cc5C4=O)cc3)cc1)C2=O,3985915912.0
*CC(*)c1ccc(CCCCCCCCCCCCCCCC)cc1,2636131693.0
*CC(*)(CC(=O)OC1CCCCC1)C(=O)OC1CCCCC1,1704352208.0
*Oc1cccc(S(=O)(=O)c2ccc(*)cc2)c1,3813301441.0
*c1ccc(Oc2ccc(N3C(=O)c4ccc(Oc5ccc6c(c5)C(=O)N(*)C6=O)cc4C3=O)cc2)cc1,4444820536.0
*c1ccc(Oc2ccc(N3C(=O)c4ccc(-c5cccc6c5C(=O)N(*)C6=O)cc4C3=O)cc2)cc1,3165401108.0
*CC(*)CCCCCCCCCCCC,2554211424.0
*Oc1c(OC)cc(*)cc1OC,3115195489.0
*CC(*)c1ccc(C(=O)CCN2CCCCC2)cc1,3748139133.0
*C(=O)Oc1ccc(OC(=O)c2ccc3c(c2)C(=O)N(c2ccc(-c4ccc(N5C(=O)c6ccc(*)cc6C5=O)cc4C(F)(F)F)c(C(F)(F)F)c2)C3=O)cc1,3288542307.0
*CC(*)c1ccc(C(=O)c2ccc(OC)cc2)cc1,3261816266.0
*CC(*)c1ccccc1COCCc1ccccc1,2853893214.0
*c1ccc(Oc2ccc(C3(c4ccc(Oc5ccc(N6C(=O)c7ccc(Oc8ccc(C9(c%10ccc(Oc%11ccc%12c(c%11)C(=O)N(*)C%12=O)cc%10)CCC(c%10ccccc%10)CC9)cc8)cc7C6=O)cc5)cc4)CC4CC3C3CCCC43)cc2)cc1,3321434874.0
*c1ccc2c(c1)C(=O)N(c1c(C)cc(C(c3cc(C)c(N4C(=O)c5ccc(C(*)(C(F)(F)F)C(F)(F)F)cc5C4=O)c(C)c3)c3cccc4ccccc34)cc1C)C2=O,2253608501.0
*CC(*)OC(=O)C(C)(C)C(C)(C)CC,2556952971.0
*c1ccc(Oc2ccc(-c3ccc(Oc4ccc(N5C(=O)c6ccc(Oc7cccc(Oc8ccc9c(c8)C(=O)N(*)C9=O)c7)cc6C5=O)cc4)cc3)cc2)cc1,3911070831.0
*C=CCC*,2101315114.0
*/C=C(/*)c1cccc(C#C)c1,2913589695.0
*c1ccc(-c2ccc(N3C(=O)c4ccc(-c5ccc6c(c5)C(=O)N(*)C6=O)cc4C3=O)c(C)c2)cc1C,2556253883.0
*C=CC(C)C(*)C(=O)OC,2774143461.0
*NC(CCC(=O)OCCCCC)C(*)=O,3644789283.0
*C([2H])([2H])C(*)([2H])c1c([2H])c([2H])c([2H])c([2H])c1[2H],2112301377.0
*NC(C)C(*)=O,4306928644.0
*CC(*)c1ccc(C(C)(C)C)cc1,2168962371.0
*c1ccc2c(c1)C(=O)N(c1ccc(C(C)(C)c3ccc(N4C(=O)c5ccc(C(*)(C(F)(F)F)C(F)(F)F)cc5C4=O)cc3)cc1)C2=O,2101305093.0
*Oc1cc(C(C)(C)C)c(Oc2ccc(C(=O)Nc3c(C)cc(Cc4cc(C)c(NC(=O)c5ccc(*)cc5)c(C(C)C)c4)cc3C(C)C)cc2)cc1C(C)(C)C,2701456261.0
*c1ccc(OC(=O)c2ccccc2/C=C/c2ccc(/C=C/c3ccccc3C(=O)Oc3ccc(C4(*)OC(=O)c5ccccc54)cc3)cc2)cc1,3240035556.0
*CCOCCOC(=O)c1cccc(C(=O)O*)c1,4503294480.0
*Oc1ccc(OC(=O)c2ccc(-c3ccc(C(*)=O)cc3)cc2)cc1C,3574369731.0
*CC(*)c1ccc(CC)cc1,1962513691.0
*c1cccc(P(=O)(c2ccc(C(F)(F)F)cc2)c2cccc(-n3c(=O)c4c(-c5ccccc5)c5c(=O)n(*)c(=O)c5c(-c5ccccc5)c4c3=O)c2)c1,2503080949.0
*CC(*)(CC)C(=O)OCC,2131938392.0
*CCOC(=O)c1ccc2cc(C(=O)O*)ccc2c1,3898325292.0
*c1cccc(P(=O)(c2cccc(-n3c(=O)c4c(-c5cc(C(F)(F)F)cc(C(F)(F)F)c5)c5c(=O)n(*)c(=O)c5c(-c5cc(C(F)(F)F)cc(C(F)(F)F)c5)c4c3=O)c2)c2cc(C(F)(F)F)cc(C(F)(F)F)c2)c1,1843055732.0
*CCCCOC(=O)NCC(F)(F)C(F)(F)C(F)(F)C(F)(F)CNC(=O)O*,4281845031.0
*Oc1ccc2c(c1)nc1n2C(=O)c2ccc(-c3ccc4c(c3)C(=O)n3c-4nc4ccc(*)cc43)cc2-1,3635411315.0
*c1ccc(-c2ccc(Oc3ccc(C4(C)CC(C)(C)c5ccc(Oc6ccc(-c7ccc(N8C(=O)c9ccc(Oc%10ccc%11c(c%10)C(=O)N(*)C%11=O)cc9C8=O)cc7)cc6C(F)(F)F)cc54)cc3)c(C(F)(F)F)c2)cc1,3024796405.0
*CC(*)(CC(=O)Oc1ccc(OCCCCCCC)cc1)C(=O)Oc1ccc(OCCCCCCC)cc1,2414171477.0
*CC(*)c1ccc(C(C)(O)CC)cc1,2750154193.0
*CC(C)O*,3130671029.0
*Cc1ccc(COC(=O)O*)cc1,3928780039.0
*CC(*)C(=O)OC(OCC)C(F)(F)F,2335826334.0
*c1ccc(Oc2ccc(C(c3ccc(Oc4ccc(N5C(=O)c6ccc(-c7ccc8c(c7)C(=O)N(*)C8=O)cc6C5=O)cc4)cc3)(C(F)(F)F)C(F)(F)F)cc2)cc1,3596291658.0
*Oc1ccc(-c2ccc(OC(=O)CCCCCCCC(*)=O)cc2)cc1,4099498520.0
*CC(*)C(=O)c1ccc(CC)cc1,2664747640.0
*c1ccc(Oc2ccc(Oc3ccc(N4C(=O)c5ccc(Oc6ccccc6Oc6ccc7c(c6)C(=O)N(*)C7=O)cc5C4=O)cc3C(F)(F)F)cc2)c(C(F)(F)F)c1,3048779522.0
*/C=C(/*)c1ccc(-c2ccc(C#C)cc2)cc1,2605417214.0
*CCCCCCCCCn1c(=O)c2cc3c(=O)n(*)c(=O)c3cc2c1=O,4344518510.0
*CC(*)C(=O)OCCCCCCCCCCCCCCCCCC,2654130088.0
*CC(*)(C)C,4178268424.0
*CC(*)(CCC(C)C(=O)OC)C(=O)OC,2738901091.0
*C(F)(F)C(*)(F)OC(F)C(F)F,2318717967.0
*Oc1ccc(C(c2ccc(OC(*)=O)cc2)(C(F)(F)F)C(F)(F)F)cc1,2742777951.0
*CC(*)(C)C(=O)OCCO[N+](=O)[O-],4323429429.0
*Oc1cccc(CCCCCCCCCCc2cccc(OC(*)=O)c2)c1,3541564731.0
*c1ccc(Oc2ccc3ccc(Oc4ccc(-n5c(=O)c6cc7c(=O)n(*)c(=O)c7cc6c5=O)cc4)cc3c2)cc1,3772448771.0
*CC(*)c1ccc(C(C)(O)CCCC)cc1,2864448540.0
*CC(*)OC(C)CC,2291851169.0
*CC(*)OC(=O)c1ccccc1,2824496081.0
*c1ccc(Oc2ccccc2Oc2ccc(-n3c(=O)c4cc5c(=O)n(*)c(=O)c5cc4c3=O)cc2)cc1,3658557985.0
*CC(*)(C)C(=O)OCc1cccc(Cl)c1Cl,2954910188.0
*CC(*)c1ccc(C(=O)OCCCCCC)cc1,2449436899.0
*Oc1ccc(C(CCC)(CCC)c2ccc(OC(*)=O)cc2)cc1,2496594395.0
*CCC1CC(OC(=O)CCCCCCCCCCOc2ccc(-c3ccc(C#N)cc3)cc2)CC1*,3759388236.0
*Oc1ccc(S(=O)(=O)c2ccc(Oc3c(C)cc(C(C)(C)c4cc(C)c(*)c(C)c4)cc3C)cc2C(O)(C(F)(F)F)C(F)(F)F)c(C(O)(C(F)(F)F)C(F)(F)F)c1,2495133943.0
*CC(*)CCCCC,2310005441.0
*CC(*)OC(=O)C(F)(F)C(F)(F)C(F)(F)F,2297342304.0
*CC(*)C(=O)OC1CCCCC1,3168679423.0
*c1ccc2c(c1)C(=O)N(c1ccc3c(c1)-c1cc(N4C(=O)c5ccc(C(*)(C(F)(F)F)C(F)(F)F)cc5C4=O)ccc1C3)C2=O,2625101219.0
*Oc1ccc(C2(c3ccc(OC(*)=O)cc3)CCCCC2)cc1,3581540588.0
*c1ccc(Oc2c(C)cc(Cc3cc(C)c(Oc4ccc(-n5c(=O)c6cc7c(=O)n(*)c(=O)c7cc6c5=O)cc4)c(C)c3)cc2C)cc1,2256542737.0
*CC1(*)CCCCC1,3260736902.0
*c1ccc2c(c1)C(=O)N(c1c(C(C)C)cc(Cc3cc(C(C)C)c(N4C(=O)c5ccc(C(*)(C(F)(F)F)C(F)(F)F)cc5C4=O)c(C(C)C)c3)cc1C(C)C)C2=O,2187470375.0
*CC(*)OC(=O)CCCC1CCCCC1,3673454072.0
*CC(*)C(=O)OC(CC)CC,2288336505.0
*CC(*)c1ccc(CCCCCCCC)cc1,2339514474.0
*CC(*)c1ccc(COC(C)CC)cc1,2189126809.0
*c1ccc(-c2nc3cc(-c4ccc5nc(*)c(-c6ccccc6)nc5c4)ccc3nc2-c2ccccc2)cc1,2172653032.0
*c1ccc(Oc2ccc(Oc3ccc(N4C(=O)c5ccc(-c6cccc7c6C(=O)N(*)C7=O)cc5C4=O)cc3)cc2)cc1,3692219521.0
*Oc1ccc(OC(=O)c2ccccc2/C=C/c2ccc(/C=C/c3ccccc3C(*)=O)cc2)cc1,3616651603.0
*CC(*)C(=O)n1c2ccccc2c2ccccc21,2717246505.0
*CC(*)C(=O)OCC(C)O,4484942414.0
*CC(*)CCC,2550299667.0
*c1ccc2c(c1)C(=O)N(c1ccc(-c3ccc(Oc4ccc5c(c4)C(C)(c4ccc(Oc6ccc(-c7ccc(N8C(=O)c9ccc(C(*)(C(F)(F)F)C(F)(F)F)cc9C8=O)cc7)cc6C(F)(F)F)cc4)CC5(C)C)c(C(F)(F)F)c3)cc1)C2=O,2775355632.0
*CC(*)(C)C(=O)OCc1cc(Cl)ccc1Cl,2909236802.0
*CC(*)c1ccccc1C(=O)OCCC(C)C,2795745914.0
*CC(*)C(=O)C(C)(C)C,2681105242.0
*C=CCCCCCC*,2467563789.0
*Oc1c(C)cc(C(C)(C)c2cc(C)c(OC(*)=O)c(C)c2)cc1C,2414461564.0
*c1ccc2c(c1)C(=O)N(c1ccc(Oc3ccc4ccc(Oc5ccc(N6C(=O)c7ccc(C(*)(C(F)(F)F)C(F)(F)F)cc7C6=O)cc5)cc4c3)cc1)C2=O,3144692819.0
*CCCCCCCCCCOC(=O)c1ccc(C(=O)NCCNC(=O)c2ccc(C(=O)O*)cc2)cc1,4022994793.0
*C(=O)c1ccc2c(c1)C(=O)N(c1ccc(Oc3c(C)cc(Cc4cc(C)c(Oc5ccc(N6C(=O)c7ccc(*)cc7C6=O)cc5)c(C)c4)cc3C)cc1)C2=O,3477662227.0
*CC(*)c1ccc(C(=O)c2ccc(C)cc2)cc1,3034873793.0
*C(=O)NCCNC(=O)c1ccc(N2C(=O)c3ccc(*)cc3C2=O)cc1,4920910071.0
*c1cccc(P(=O)(c2ccccc2)c2cccc(-n3c(=O)c4c(-c5cc(C(F)(F)F)cc(C(F)(F)F)c5)c5c(=O)n(*)c(=O)c5c(-c5cc(C(F)(F)F)cc(C(F)(F)F)c5)c4c3=O)c2)c1,1767257705.0
*C(F)(F)C(*)(F)F,3314908517.0
*CC(*)OC(=O)c1cccnc1,3460627792.0
*CC(*)c1ccccc1C(=O)OCCCCCC,2350617564.0
*CC(*)C(=O)NC(C)C,2620009172.0
*CC(*)C(=O)C1CCCCC1,2686764995.0
*OC(F)(F)C(F)(F)C(*)(F)F,2654864628.0
*CCCCCCOC(=O)Nc1ccc(Cc2ccc(NC(=O)O*)cc2)cc1,4297322233.0
*CC(*)c1cc(Br)ccc1OCCCC,1726619003.0
*c1ccc(Oc2cccc3c(Oc4ccc(-n5c(=O)c6cc7c(=O)n(*)c(=O)c7cc6c5=O)cc4)cccc23)cc1,3638197633.0
*C(=O)c1ccc2c(c1)C(=O)N(c1ccc(Oc3cc4ccccc4cc3Oc3ccc(N4C(=O)c5ccc(*)cc5C4=O)cc3)cc1)C2=O,3618762551.0
*c1ccc2c(c1)-c1nc3cc(-c4ccc5nc6n(c5c4)C(=O)c4cc(C(*)(C(F)(F)F)C(F)(F)F)ccc4-6)ccc3n1C2=O,2251848659.0
*C(=O)Oc1ccc(C(C)(C)c2ccc(OC(=O)c3ccc4c(c3)C(=O)N(c3ccc(Oc5ccc(N6C(=O)c7ccc(*)cc7C6=O)cc5)cc3)C4=O)cc2)cc1,4354641778.0
*C1CCC(N2C(=O)c3ccc(-c4ccc5c(c4)C(=O)N(*)C5=O)cc3C2=O)CC1,4433476052.0
*CC(F)(F)C(F)(F)C(F)(F)C(F)(F)COC(=O)O*,3832367928.0
*CC(*)CC,2594224033.0
*c1cccc(Oc2ccc(N3C(=O)c4ccc(C(c5ccc6c(c5)C(=O)N(*)C6=O)(C(F)(F)F)C(F)(F)F)cc4C3=O)cc2)c1,3248070751.0
*CC(*)c1ccc(C(=O)N2CCCCC2)cc1,2721450027.0
*CC(*)C(=O)OCCCC,2409870674.0
*CC(*)c1ccccc1OC,2374154943.0
*Oc1ccc(C(C)(c2ccccc2)c2ccc(OC(=O)c3cccc(C(*)=O)c3)cc2)cc1,3149012837.0
*C(=O)Nc1cccc(NC(=O)/C=C/c2cccc(N3C(=O)c4ccc(*)cc4C3=O)c2)c1,3859739320.0
*c1ccc(Oc2c(C)cc(C(c3cc(C)c(Oc4ccc(-n5c(=O)c6cc7c(=O)n(*)c(=O)c7cc6c5=O)cc4)c(C)c3)c3cccc4ccccc34)cc2C)cc1,2424061698.0
*CC(*)c1ccc(Cl)c(C)c1,1731953172.0
*NC(CCC(=O)OCCC)C(*)=O,3834212796.0
*CC(*)C#N,5979370254.0
*CC(*)(C)C(=O)OCCCCCC,2657065462.0
*Oc1ccc(S(=O)(=O)c2ccc(OC(*)=O)cc2)cc1,3737280900.0
*CCCCCCNC(=O)CCCCC(=O)N(*)C,3509279123.0
*Oc1ccc(S(=O)(=O)c2ccc(Oc3ccc(C(C)(C)c4ccc(*)cc4)cc3[N+](=O)[O-])cc2)cc1,2913054113.0
*CC(*)C(=O)Oc1ccc(C#N)cc1,4304219364.0
*C(=O)c1ccc2c(c1)C(=O)N(c1c(C)cc(Cc3cc(C)c(N4C(=O)c5ccc(*)cc5C4=O)c(C)c3)cc1C)C2=O,2891718433.0
*Oc1ccc(C(c2ccccc2)(c2ccccc2)c2ccc(OC(=O)c3cccc(C(*)=O)c3)cc2)cc1,2926252749.0
*OC1C(COC(C)=O)OC(*)C(OC(C)=O)C1OC(C)=O,2439058062.0
*C(=O)c1ccc2c(c1)C(=O)N(c1ccc(Oc3cccc4c(Oc5ccc(N6C(=O)c7ccc(*)cc7C6=O)cc5)cccc34)cc1)C2=O,3508248713.0
*Oc1ccc(-c2ccc(OC(=O)CCCCCCCCCC(*)=O)cc2)cc1,3715334363.0
*CCOC(=O)Nc1ccc(-c2ccc(NC(=O)O*)cc2)cc1,4488484639.0
*CC(*)c1ccccc1COC(C)C,2270342913.0
*CCCCCNC(=O)O*,4490069949.0
*CC(*)(C)c1ccc2ccccc2c1,2247381555.0
*c1ccc(Oc2ccc(N3C(=O)c4ccc(C(c5ccc6c(c5)C(=O)N(*)C6=O)(C(F)(F)F)C(F)(F)F)cc4C3=O)cc2)cc1,3175344120.0
*CC(*)CCCCCCCCCCCCC,2615656090.0
*c1ccc(C(=O)Oc2ccc(N3C(=O)c4ccc(-c5ccc6c(c5)C(=O)N(*)C6=O)cc4C3=O)cc2)cc1,4199647221.0
*CC(*)OC(C)(C)C,2484465122.0
*Oc1ccc(C(C)(C)c2ccc(OC(=O)c3ccccc3/C=C/c3ccc(/C=C/c4ccccc4C(*)=O)cc3)c(C)c2)cc1C,3058998577.0
*CCCCCCS(*)(=O)=O,4591069093.0
*CC(*)OCC(CC)CCCC,2396481040.0
*CCS*,3092368961.0
*CC(*)C(=O)OCCC,2364792649.0
*c1ccc2c(c1)C(=O)N(c1cccc(Oc3ccc(S(=O)(=O)c4ccc(Oc5cccc(N6C(=O)c7ccc(C(*)(C(F)(F)F)C(F)(F)F)cc7C6=O)c5)cc4)cc3)c1)C2=O,3037804077.0
*CC(*)(C)C(=O)Oc1ccc(C#N)cc1,3153859418.0
*CC(*)c1ccc(OC)cc1,2671776899.0
*CC(*)C(=O)c1ccc(C(C)C)cc1,2511869356.0
*C=CCCCCCCCC*,2359592038.0
*CC(C)(C)COC(=O)CCC(=O)O*,3978907449.0
*CC(*)c1c(C)cc(C)cc1C,2395944402.0
*CC(*)c1ccc(F)cc1,2110666990.0
*CC(*)c1cccc(C)n1,2653946495.0
*C(=O)c1ccc2c(c1)C(=O)N(c1ccc(C(=O)Nc3ccc(N4C(=O)c5ccc(*)cc5C4=O)cc3)cc1)C2=O,4208373718.0
*CC(*)OC(=O)C1CCCC1,2737988646.0
*CC(*)c1ccc(C(C)(O)CCC)cc1,2894941916.0
*CC(*)(CC(=O)OCCCC)C(=O)OCCCC,2473498594.0
*CC(*)(F)F,4330513534.0
*c1ccc(C(c2ccc(N3C(=O)c4cc5c(cc4C3=O)C(C(F)(F)F)(C(F)(F)F)c3cc4c(cc3O5)C(=O)N(*)C4=O)cc2)(C(F)(F)F)C(F)(F)F)cc1,2305190403.0
*CC(*)OC(=O)c1ccc(OC)cc1,2921015508.0
*c1ccc2c(c1)C(=O)N(c1ccc(C(c3ccc(C)c(N4C(=O)c5ccc(C(*)(C(F)(F)F)C(F)(F)F)cc5C4=O)c3)(C(F)(F)F)C(F)(F)F)cc1C)C2=O,1943935436.0
*c1ccc(Oc2ccc(C(C)(C)c3ccc(Oc4ccc(-n5c(=O)c6cc7c(=O)n(*)c(=O)c7cc6c5=O)cc4)cc3)cc2)cc1,4183380331.0
*CC(*)OCC(C)(C)CC(C)C,2812095113.0
*CC/C=C(/*)Cl,3392139963.0
*CC(*)(C)C(=O)OC(C)C,2182791422.0
*Oc1ccc(C(C)(CCC)c2ccc(OC(*)=O)cc2)cc1,3299240498.0
*C(=O)Nc1cccc(C#Cc2cccc(N3C(=O)c4ccc(*)cc4C3=O)c2)c1,3470481589.0
*CC(*)(C)c1ccccc1,2502081099.0
*c1ccc(Cc2ccc(N3C(=O)c4ccc(Oc5ccc6c(c5)C(=O)N(*)C6=O)cc4C3=O)cc2)cc1,3953876898.0
*c1ccc(-c2ccc(N3C(=O)c4ccc(-c5cccc6c5C(=O)N(*)C6=O)cc4C3=O)c(C)c2)cc1C,2552842354.0
*C(F)(F)C(*)(F)OC(F)(F)F,2140198823.0
*C(=O)c1ccc2c(c1)C(=O)N(c1ccc(-c3ccc(N4C(=O)c5ccc(*)cc5C4=O)c(OC)c3)cc1OC)C2=O,3081048156.0
*C(=O)OCCOC(=O)c1ccc(*)o1,3580023275.0
*CC(*)CCCCCCC,2389200601.0
*c1ccc(Oc2ccc(C3(c4ccc(Oc5ccc(N6C(=O)c7ccc(Oc8ccc(C9(c%10ccc(Oc%11ccc%12c(c%11)C(=O)N(*)C%12=O)cc%10)CCCCCCCCCCC9)cc8)cc7C6=O)cc5)cc4)C4CC5CC(C4)CC3C5)cc2)cc1,3137936473.0
*CC(*)c1ccc(Oc2ccccc2)cc1,3052259642.0
*CCCCCCOC(=O)CCCCCNC(=O)CCCCC(=O)NCCCCCC(=O)O*,4130228607.0
*c1cccc(Oc2ccc(S(=O)(=O)c3ccc(Oc4cccc(N5C(=O)c6ccc(-c7ccc8c(c7)C(=O)N(*)C8=O)cc6C5=O)c4)cc3)cc2)c1,4033094019.0
*CC(*)C(=O)c1ccc(Cl)cc1,2636656462.0
*CC(*)c1ccc(C(=O)N(CC)CC)cc1,2691212566.0
*CCCCCCNC(=O)c1cccc(C(=O)N*)c1,4429699537.0
*Oc1c(-c2ccccc2)cc(*)cc1-c1ccccc1,2617745437.0
*CC(*)(C)C(=O)Oc1c(C(C)C)cccc1C(C)C,2159779637.0
*Oc1ccc2[nH]c(-c3ccc4sc5ccc(-c6nc7cc(*)ccc7[nH]6)cc5c4c3)nc2c1,3653784899.0
*CC(*)(C)C(=O)OCc1ccccc1,3300272580.0
*c1ccc(N2C(=O)c3ccc(Oc4ccc(C(C)(C)c5cccc(Oc6ccc7c(c6)C(=O)N(*)C7=O)c5)cc4)cc3C2=O)cc1,4005399237.0
*CCCCCCOC(=O)c1ccc2cc(C(=O)O*)ccc2c1,3959233740.0
*Oc1ccc(SC(=O)Oc2ccc(C(C)(C)c3ccc(OC(=O)Sc4ccc(*)cc4)cc3)cc2)cc1,3651906108.0
*C(F)C(*)(F)OC(F)(F)F,2555490695.0
*CC(*)Cc1ccc(C)c(C)c1,2893324105.0
*CC(*)CNc1ccc([N+](=O)[O-])cc1[N+](=O)[O-],5522856435.0
*CC(*)C(=O)Oc1cccc(C(=O)OCC)c1,3044751226.0
*CCCCCCCCCCCNC(=O)CCCCC(=O)N*,4188571227.0
*CC(*)c1ccccc1Cl,2028058914.0
*c1ccc2c(c1)C(=O)N(c1c(C)cc(C)c(N3C(=O)c4ccc(C(*)(C(F)(F)F)C(F)(F)F)cc4C3=O)c1C)C2=O,1865159488.0
*c1c(C)c(C)c(-n2c(=O)c3cc4c(=O)n(*)c(=O)c4cc3c2=O)c(C)c1C,2092160568.0
*CC(*)c1cc(C(C)(C)C)ccc1C,2126206322.0
*CC(*)c1ccc(Cl)cc1,2429128169.0
*C(=O)c1ccc2c(c1)C(=O)N(c1cccc(C(=O)Nc3cccc(N4C(=O)c5ccc(*)cc5C4=O)c3)c1)C2=O,4033803234.0
*CCCCCCCCCNC(=O)c1ccc(C(=O)N*)cc1,4231967416.0
*c1cc(C(c2ccc(O)c(-n3c(=O)c4cc5c(=O)n(*)c(=O)c5cc4c3=O)c2)(C(F)(F)F)C(F)(F)F)ccc1O,3202458007.0
*Oc1c(Br)cc(C(C)(C)c2cc(Br)c(OC(*)=O)c(Br)c2)cc1Br,2769890962.0
*/C(Cl)=C(/*)c1ccccc1,1320723541.0
*CCCCCCCCOC(=O)c1cccc(C(=O)O*)c1,3691254642.0
*Oc1ccc(C(C)(C)c2ccc(C(C)(C)c3ccc(OC(*)=O)c(C)c3)cc2)cc1C,3074158062.0
*c1cccc(Oc2ccc(N3C(=O)c4ccc(C(=O)c5ccc6c(c5)C(=O)N(*)C6=O)cc4C3=O)cc2)c1,3800648953.0
*CC(*)(C)C(=O)Oc1ccc(CC#N)cc1,3808442984.0
*c1ccc(Cc2ccc(N3C(=O)c4ccc(Oc5ccc(C6(c7ccc(Oc8ccc9c(c8)C(=O)N(*)C9=O)cc7)CCCCCCCCCCC6)cc5)cc4C3=O)cc2)cc1,3963890028.0
*CCC=C(*)C,2708652860.0
*CC(=C)COCC(=C)COC(=O)O*,3132924887.0
*CC(*)CC(C)(C)C,2508428805.0
*c1ccc(N2C(=O)c3ccc(C(=O)c4ccc5c(c4)C(=O)N(*)C5=O)cc3C2=O)cc1,3684758341.0
*CCCCOC(=O)c1ccc2cc(C(=O)O*)ccc2c1,4014771509.0
*CC/C=C(\*)C,2715899368.0
*CCCCO*,2384626818.0
*CC(*)c1ccc(C(C)(C)O)cc1,3218032979.0
*C(=O)NC1CCC(CC2CCC(NC(=O)c3ccc(N4C(=O)c5ccc(*)cc5C4=O)cc3)CC2)CC1,3926124002.0
*CC(*)c1ccccc1COCc1ccccc1,2712644569.0
*CCCCCCOC(=O)Nc1ccc(NC(=O)O*)cc1,4350881849.0
*CC(*)C(=O)N1CCCCC1,3247357640.0
*c1ccc(Oc2cccc(Oc3ccc(N4C(=O)c5ccc(Oc6ccc7c(c6)C(=O)N(*)C7=O)cc5C4=O)cc3)c2)cc1,3844763096.0
*CCCCCCN(C)C(=O)CCCCC(=O)N(*)C,4164702438.0
*CC(*)P(=O)(Oc1ccccc1)N(C)C,2467535699.0
*CC(*)SC,3103123734.0
*CC(*)(C)C(=O)OC(C)CC,2175360136.0
*NC1CC(C)(C)CC(C)(CNC(=O)CCCCC(*)=O)C1,4069113943.0
*CC(*)OC(=O)c1ccccc1OC,3329822916.0
*CCC(C)C(*)C,3090430464.0
*/C=C\CCCCC*,2515212254.0
*CC(*)C(C)CC,2110736507.0
*c1ccc(-n2c(=O)c3cc4c(=O)n(*)c(=O)c4cc3c2=O)cc1,3649883304.0
*CC(*)C(C)c1ccccc1,2125713423.0
*CCCCNC(=O)CCCCCCC(=O)N*,4770933161.0
*CCC(C)CO*,2898987488.0
*CC(*)C(=O)OCCc1ccccc1,3513877834.0
*Oc1ccc(C(=C(Cl)Cl)c2ccc(OC(*)=O)cc2)cc1,3115976057.0
*/C=C\*,2882155640.0
*CC(*)CCc1ccccc1,3358216078.0
*C(F)(F)C(*)(F)c1c(F)c(F)c(F)c(F)c1F,1664539427.0
*CCCCCCCCCCCC(=O)N*,3408836210.0
*CC(*)c1ccccc1COC,2465039988.0
*C(=O)Nc1ccc(NC(=O)c2ccc(N3C(=O)c4ccc(*)cc4C3=O)cc2)cc1,4425205381.0
*CCOC(=O)CCC(=O)O*,5211081254.0
*CC(*)c1ccc(COCCOCC)cc1,2813667821.0
*C(=O)Nc1cccc(NC(=O)c2ccc(N3C(=O)c4ccc(*)cc4C3=O)cc2)c1,3940095394.0
*C(=O)c1ccc2c(c1)C(=O)N(c1ccc(-c3ccc(-c4ccc(N5C(=O)c6ccc(*)cc6C5=O)cc4)cc3)cc1)C2=O,3899536889.0
*Nc1ccc(NC(=O)c2cc(C(*)=O)c(C(=O)OCC)cc2C(=O)OCC)cc1,3634135015.0
*CC(*)c1ccc(COCCO)cc1,3498497457.0
*Oc1cc(C)c(*)c(C)c1Br,2046631740.0
*CCC=C(*)CCCCCCC,2404672690.0
*c1ccc(Oc2ccc(C3(c4ccc(Oc5ccc(N6C(=O)c7ccc(Oc8ccccc8Oc8ccc9c(c8)C(=O)N(*)C9=O)cc7C6=O)cc5C(F)(F)F)cc4)c4ccccc4-c4ccccc43)cc2)c(C(F)(F)F)c1,2641911950.0
*CC(*)c1ccc(CCCCCCCCCCCCCCCCCC)cc1,2793055534.0
*c1cccc(N2C(=O)c3ccc(Oc4ccc(C(C)(C)c5ccc(Oc6ccc7c(c6)C(=O)N(*)C7=O)cc5)cc4)cc3C2=O)c1,3769782007.0
*C#C/C(COS(=O)(=O)c1ccc(C)cc1)=C(/*)COS(=O)(=O)c1ccc(C)cc1,3789907666.0
*CC(*)C(=O)OCC(F)(F)C(F)C(F)(F)F,3153850211.0
*Oc1ccc(S(=O)(=O)c2ccc(Oc3ccc(C(=O)c4cc(Br)cc(C(=O)c5ccc(*)cc5)c4)cc3)cc2)cc1,3199346580.0
*CC(*)OC(=O)CCCCC,2202632514.0
*CC(*)c1ccc(C(C)(O)CCCCC)cc1,2578389016.0
*C(*)C(=O)OC,2644871391.0
*/C=C/CC*,2172100895.0
*Oc1cccc2ccc(OC(=O)c3ccccc3/C=C/c3ccc(/C=C/c4ccccc4C(*)=O)cc3)cc12,3108607394.0
*Oc1ccc(S(=O)(=O)c2ccc(Oc3ccc(-c4ccc(*)cc4)cc3)cc2)cc1,3659957431.0
*Oc1cc(C(C)(C)C)c(Oc2ccc(C(=O)Nc3ccc(C(C)(C)c4ccc(NC(=O)c5ccc(*)cc5)c(C)c4)cc3C)cc2)cc1C(C)(C)C,2879026860.0
*CC(*)c1ccc(-c2ccc(-c3ccccc3)cc2)cc1,2716036146.0
*CCOC(=O)NCC1(C)CC(NC(=O)O*)CC(C)(C)C1,3380304074.0
*CC(*)OC(=O)c1ccncc1,3411457338.0
*CC(*)(C)C(=O)OCCS(=O)CC,3486477449.0
*Oc1ccc2c(c1)C1(CC2(C)C)CC(C)(C)c2ccc(OC(=O)c3cccc(C(*)=O)c3)cc21,3168681455.0
*c1ccc(Oc2ccc(Oc3ccc(N4C(=O)c5ccc(Oc6ccc7c(c6)C(=O)N(*)C7=O)cc5C4=O)cc3)cc2)cc1,3926833529.0
*c1ccc(C(c2ccc(-c3nc4ccc(-c5ccc6nc(*)[nH]c6c5)cc4[nH]3)cc2)(C(F)(F)F)C(F)(F)F)cc1,2697922623.0
*CC(*)c1ccc(C(C)C)cc1,2151687509.0
*c1cc(CCCC)c(*)s1,2303914013.0
*CC(*)c1ccc(OCCC(C)C)cc1,2618825230.0
*c1ccc(-c2ccc(N3C(=O)c4cc5c(cc4C3=O)C(C(F)(F)F)(C(F)(F)F)c3cc4c(cc3O5)C(=O)N(*)C4=O)cc2C(F)(F)F)c(C(F)(F)F)c1,2054115501.0
*c1cccc(Oc2cccc(Oc3cccc(-n4c(=O)c5cc6c(=O)n(*)c(=O)c6cc5c4=O)c3)c2)c1,4194006389.0
*c1cccc(P(=O)(c2ccccc2)c2cccc(-n3c(=O)c4c(-c5ccccc5)c5c(=O)n(*)c(=O)c5c(-c5ccccc5)c4c3=O)c2)c1,2147816850.0
*CC/C=C(\*)Cl,3345179579.0
*CCCCCOC(=O)c1ccc2cc(C(=O)O*)ccc2c1,3963327225.0
*c1ccc(Oc2ccc(-c3ccc(Oc4ccc(N5C(=O)c6ccc(Oc7ccc(C8(c9ccc(Oc%10ccc%11c(c%10)C(=O)N(*)C%11=O)cc9)CCCCCCCCCCC8)cc7)cc6C5=O)cc4)cc3C)c(C)c2)cc1,3172889764.0
*c1ccc(-c2ccc(N3C(=O)c4cc5c(cc4C3=O)C(C(F)(F)F)(C(F)(F)F)c3cc4c(cc3O5)C(=O)N(*)C4=O)cc2OC(F)(F)F)c(OC(F)(F)F)c1,2043983538.0
*CC(*)C(=O)c1ccc(C(C)(C)C)cc1,2776004712.0
*CC(*)CCCCCCCCCO,3537877556.0
*c1cccc(N2C(=O)c3ccc(-c4ccc5c(c4)C(=O)N(*)C5=O)cc3C2=O)c1,3525972526.0
*c1cccc(N2C(=O)c3ccc(Oc4ccc(S(=O)(=O)c5ccc(Oc6ccc7c(c6)C(=O)N(*)C7=O)cc5)cc4)cc3C2=O)c1,4021147053.0
*CC1CCC(COC(=O)CCCCCCCCC(=O)O*)CC1,3901676798.0
*CCOC(=O)c1ccc(-c2ccc(C(=O)O*)cc2)cc1,3941026384.0
*c1ccc2c(c1)C(=O)N(c1ccc(Oc3ccc(N4C(=O)c5ccc(C(C)(C)CCCCCCCCC(*)(C)C)cc5C4=O)cc3)cc1)C2=O,3931275924.0
*c1ccc(C(=O)Oc2ccc(-n3c(=O)c4cc5c(=O)n(*)c(=O)c5cc4c3=O)cc2)cc1,5207097551.0
*CC(*)C(=O)OCC(F)(F)C(F)(F)C(F)(F)F,2426327782.0
*CC(*)C(=O)OC(F)(C(F)(F)F)C(F)(F)Cl,1911401709.0
*C(=O)c1ccc2c(c1)C(=O)N(c1cccc(C(=O)Nc3ccc(N4C(=O)c5ccc(*)cc5C4=O)cc3)c1)C2=O,4512086748.0
*CC(*)c1ccc(C)cc1C,2318375584.0
*NC(=O)Nc1ccc(Cc2ccc(*)cc2)cc1,3874386072.0
*c1ccc(Oc2ccccc2Oc2ccc(N3C(=O)c4ccc(Oc5ccccc5Oc5ccc6c(c5)C(=O)N(*)C6=O)cc4C3=O)cc2C(F)(F)F)c(C(F)(F)F)c1,3258762290.0
*CC(*)OC(=O)c1ccc(C(C)(C)C)cc1,2321290810.0
*CCOC(=O)c1cccc2c(C(=O)O*)cccc12,4782914599.0
*CC(*)C(=O)OCCCCCCC,2579388554.0
*c1ccc(*)s1,2039308655.0
*CC(*)OC(=O)c1ccc(C)cc1,2427816968.0
*CCOC(=O)c1ccc2ccc(C(=O)O*)cc2c1,4291371828.0
*C(F)(F)C(*)(F)Cl,3565461508.0
*CCCCCCNC(=O)c1ccc(C(C)(C)c2ccc(C(=O)N*)cc2)cc1,3662056920.0
*/C=C/C(C*)C(C)CC,2586220576.0
*CC(*)C(=O)OC(F)(C(F)(F)F)C(F)(F)F,2118039441.0
*C(=O)c1ccc2c(c1)C(=O)N(c1cccc(N3C(=O)c4ccc(*)cc4C3=O)c1C)C2=O,3125950824.0
*CCCCCC(=O)N*,4809197794.0
*CC(*)(C)C(=O)OCCCCCCCCCCCC,2304082380.0
*c1ccc2c(c1)C(=O)N(c1ccc(Oc3cccc(Oc4ccc(N5C(=O)c6ccc(C(*)(C(F)(F)F)C(F)(F)F)cc6C5=O)cc4)c3)cc1)C2=O,3155318346.0
*c1ccc(Oc2cc(C(C)(C)C)ccc2Oc2ccc(-n3c(=O)c4cc5c(=O)n(*)c(=O)c5cc4c3=O)cc2)cc1,3321832731.0
*/C=C(/*)c1ccc(C#C)cc1,2309736166.0
*CC(*)CCCCCCCCCCCCCCCCCCCC,2618378038.0
*c1ccc2sc3ccc(-c4nc5cc(-c6ccc7[nH]c(*)nc7c6)ccc5[nH]4)cc3c2c1,2944899265.0
*NC(CCC(=O)OCCCCCC)C(*)=O,2814145223.0
*c1cccc(P(=O)(c2ccc(C(F)(F)F)cc2)c2cccc(-n3c(=O)c4c(-c5cc(C(F)(F)F)cc(C(F)(F)F)c5)c5c(=O)n(*)c(=O)c5c(-c5cc(C(F)(F)F)cc(C(F)(F)F)c5)c4c3=O)c2)c1,1464742698.0
*c1ccc(Oc2cccc(Oc3ccc(N4C(=O)c5ccc(-c6cccc7c6C(=O)N(*)C7=O)cc5C4=O)cc3)c2)cc1,3977829613.0
*c1ccc(C(C)(C)c2ccc(N3C(=O)c4ccc(Oc5ccc6c(c5)C(=O)N(*)C6=O)cc4C3=O)cc2)cc1,3733192253.0
*c1ccc(-c2nc3cc(-c4ccc5nc(-c6ccccc6)c(*)nc5c4)ccc3nc2-c2ccccc2)cc1,1979871991.0
*CC(*)c1cc(Br)ccc1OCCC,1695771143.0
*CCCOC(=O)c1ccc(C(=O)O*)cc1,4449648476.0
*Oc1ccc(S(=O)(=O)c2ccc(Oc3c(C)cc(C(c4cc(C)c(*)c(C)c4)(C(F)(F)F)C(F)(F)F)cc3C)cc2)cc1,2605434579.0
*Oc1ccc(-c2ccc(OC(=O)CCCCCCCCCCC(*)=O)cc2)cc1,3121764593.0
*CC(*)OC(=O)CC(C)(C)c1ccccc1,3301485295.0
*CCOC(=O)Nc1cccc(NC(=O)O*)c1,4782924084.0
*CC(*)c1ccc(OCCC)cc1,2127610144.0
*C(F)C(*)(F)F,4451895374.0
*CC(*)c1ccc(C(=O)N(C)C)cc1,3142760023.0
*CC(*)c1ccc(C(C)CC)cc1,2174257804.0
*CC(*)CCCC,2428120825.0
*CCCCCCOC(=O)c1ccc(-c2ccc(C(=O)O*)cc2)cc1,3402418692.0
*Oc1ccccc1OC(=O)c1ccccc1/C=C/c1ccc(/C=C/c2ccccc2C(*)=O)cc1,3334747078.0
*CCCCNC(=O)CCCCCCCCC(=O)N*,4004711761.0
*C(=O)c1ccc2c(c1)C(=O)N(c1cccc(OCCOCCOc3cccc(N4C(=O)c5ccc(*)cc5C4=O)c3)c1)C2=O,4593079085.0
*c1ccc2c(c1)-c1cc(-c3nc4cc(-c5ccc6[nH]c(*)nc6c5)ccc4[nH]3)ccc1S2(=O)=O,3447987363.0
*CC(*)c1ccc(Br)cc1,2432334781.0
*Oc1cccc(Oc2cccc(*)c2)c1C#N,3423954223.0
*C(F)(F)C(*)(F)c1ccccc1,2050548225.0
*CCOC(=O)CCCCCCCCC(=O)O*,3722860481.0
*CC(*)C1CC1,2481085867.0
*CC(*)(C)CCC,2616246012.0
*CCC1CCCC1*,3177193217.0
*c1ccc(Oc2ccc(-c3ccc(Oc4ccc(-n5c(=O)c6cc7c(=O)n(*)c(=O)c7cc6c5=O)cc4)cc3)cc2)cc1,3797507439.0
*Oc1ccc(S(=O)(=O)c2ccc(Oc3ccc(C(C)(C)c4ccc(*)cc4)cc3)c([N+](=O)[O-])c2)cc1[N+](=O)[O-],3458419739.0
*CC(*)c1ccc(COCCC)cc1,2650733545.0
*c1ccc(S(=O)(=O)c2ccc(-n3c(=O)c4cc5c(=O)n(*)c(=O)c5cc4c3=O)cc2)cc1,3557481681.0
*CC(*)OC(=O)C(F)(F)C(F)(F)C(F)(F)C(F)(F)F,2051846589.0
*c1ccc(Oc2ccc(S(=O)(=O)c3ccc(Oc4ccc(-n5c(=O)c6cc7c(=O)n(*)c(=O)c7cc6c5=O)cc4)cc3)cc2)cc1,3598076847.0
*c1ccc(-c2nc3cc4nc(*)oc4cc3o2)cc1,2719065720.0
*Sc1ccc(*)cc1,3682909952.0
*C(F)(F)C(*)(F)C(F)(F)F,1968790026.0
*C1Cc2ccccc2C1*,2126769723.0
*c1ccc(Oc2ccc(C(=O)c3ccc(Oc4ccc(C5(*)OC(=O)c6ccccc65)cc4)cc3)cc2)cc1,3822074310.0
*Cc1ccc2[nH]c(-c3ccc4c(c3)-c3cc(-c5nc6cc(*)ccc6[nH]5)ccc3S4(=O)=O)nc2c1,3292854241.0
*Oc1ccc(C(C)(C)c2ccc(OC(=O)SCCCCCCSC(*)=O)cc2)cc1,3667900461.0
*Oc1ccc2[nH]c(-c3ccc4c(c3)-c3cc(-c5nc6cc(*)ccc6[nH]5)ccc3S4(=O)=O)nc2c1,3461604541.0
*CC(*)OCCCCCCCCCCCCCCCCCC,2633236838.0
*C(=O)c1ccc2c(c1)C(=O)N(c1cc(C(c3ccc(O)c(N4C(=O)c5ccc(*)cc5C4=O)c3)(C(F)(F)F)C(F)(F)F)ccc1O)C2=O,3128210023.0
*CC(*)c1ccc(C(=O)OCC)cc1,2093139279.0
*c1ccc(Oc2ccc(C(c3ccc(Oc4ccc(N5C(=O)c6ccc(Oc7ccc(C8(c9ccc(Oc%10ccc%11c(c%10)C(=O)N(*)C%11=O)cc9)CCC(C(C)(C)C)CC8)cc7)cc6C5=O)cc4)cc3)(C(F)(F)F)C(F)(F)F)cc2)cc1,3075726281.0
*Oc1ccc(NC(=O)c2cc(C(c3ccc(C(=O)O)c(C(=O)Nc4ccc(Oc5ccc(C(c6ccc(*)cc6)(C(F)(F)F)C(F)(F)F)cc5)cc4)c3)(C(F)(F)F)C(F)(F)F)ccc2C(=O)O)cc1,3062937782.0
*CCCC=C(*)c1ccc(Cl)cc1,3151460319.0
*C(=O)Nc1ccc(NC(=O)c2ccc3c(c2)C(=O)N(c2ccc(S(=O)(=O)c4ccc(N5C(=O)c6ccc(*)cc6C5=O)cc4)cc2)C3=O)cc1,4547408640.0
*Oc1cccc2c(OC(=O)c3ccccc3/C=C/c3ccc(/C=C/c4ccccc4C(*)=O)cc3)cccc12,3350350114.0
*CC(*)Cc1cccc(C)c1,3028761797.0
*CC(*)CCCCCCCC,2416301644.0
*CC(*)c1ccc(Cl)cc1C,2205553142.0
*N=P(*)(OCC(F)(F)F)OCC(F)(F)F,1830818292.0
*c1ccc(Oc2ccc(S(=O)(=O)c3ccc(Oc4ccc(N5C(=O)c6ccc(Oc7ccc8c(c7)C(=O)N(*)C8=O)cc6C5=O)cc4)cc3)cc2)cc1,4292232941.0
*c1cccc(S(=O)(=O)NCCCCCCNS(*)(=O)=O)c1,5361344154.0
*CCC(c1ccccc1)C(*)c1ccccc1,2524924572.0
*CCOC(=O)c1cccc(C(=O)O*)c1,4292187280.0
*Oc1ccc(S(=O)(=O)c2ccc(Oc3ccc(C(C)(C)c4ccc(*)c(C(OC)(C(F)(F)F)C(F)(F)F)c4)cc3C(OC)(C(F)(F)F)C(F)(F)F)cc2)cc1,2528323881.0
*CC(*)C(=O)OC,3434264508.0
*CC(*)c1ccc(C(=O)CCC)cc1,2644986213.0
*CCCCOC(=O)CCC(=O)O*,4217580847.0
*C(=O)NCCCCCCNC(=O)c1ccc(N2C(=O)c3ccc(*)cc3C2=O)cc1,4736327418.0
*c1ccc2c(c1)C(=O)N(c1ccc(Cc3ccc(N4C(=O)c5ccc(C(F)(F)C(F)(F)C(*)(F)F)cc5C4=O)cc3)cc1)C2=O,3475134933.0
*NC(=O)c1ccc(C(=O)Nc2ccc(*)cc2)cc1,5156211523.0
*C1CCC(*)N1,3440307881.0
*CC(*)c1ccc(C(=O)CCCCCCC)cc1,2712343583.0
*CC1CC(*)C(OC(=O)CCCCCCCCCCOc2ccc(-c3ccc(C#N)cc3)cc2)C1OC(=O)CCCCCCCCCCOc1ccc(-c2ccc(C#N)cc2)cc1,3402213891.0
*Oc1ccc(S(=O)(=O)c2ccc(Oc3ccc(Cc4ccc(*)cc4)cc3)cc2)cc1,3794667307.0
*CCCC(*)(C)CC,3201671232.0
*c1ccc2c(c1)C(=O)N(c1ccc(Oc3ccc(C(c4ccc(Oc5ccc(N6C(=O)c7ccc(C(*)(C(F)(F)F)C(F)(F)F)cc7C6=O)cc5)cc4)(C(F)(F)F)C(F)(F)F)cc3)cc1)C2=O,2826582477.0
*CC(*)c1cc(Br)ccc1OCC,2067177094.0
*Oc1ccc(S(=O)(=O)c2ccc(Oc3ccc(C(C)(C)c4ccc(*)c(C(O)(C(F)(F)F)C(F)(F)F)c4)cc3C(O)(C(F)(F)F)C(F)(F)F)cc2)cc1,2732165746.0
*c1cccc(N2C(=O)c3ccc(Oc4ccc5c(c4)C4(CC(C)(C)c6ccc(Oc7ccc8c(c7)C(=O)N(*)C8=O)cc64)CC5(C)C)cc3C2=O)c1,2668341004.0
*CC*,2839027343.0
*c1ccc(Oc2ccc(N3C(=O)c4cccc(Oc5cccc6c5C(=O)N(*)C6=O)c4C3=O)cc2)cc1,4130953267.0
*CC(*)C(=O)c1ccccc1,3159786176.0
*CC(*)c1ccc(COCC(CC)CCCC)cc1,2676935442.0
*CC(*)(C)C(=O)OCCCC,2204801190.0
*OC1C(CO)OC(*)C(N)C1O,6081279637.0
*CC1(*)CCC(C)CC1,3034057495.0
*c1ccc(Oc2ccc(Oc3ccc(-n4c(=O)c5cc6c(=O)n(*)c(=O)c6cc5c4=O)cc3)cc2C(C)(C)C)cc1,3498996737.0
*c1ccc(Oc2ccc(S(=O)(=O)c3ccc(Oc4ccc(N5C(=O)c6ccc(C(c7ccc8c(c7)C(=O)N(*)C8=O)(C(F)(F)F)C(F)(F)F)cc6C5=O)cc4)cc3)cc2)cc1,3640828518.0
*CC(*)C(N)=O,7298870121.0
*CC(*)CCN(C(C)C)C(C)C,2828708836.0
*CC(*)CCCCCCCCCC,2460656495.0
*CC(*)(C)C(=O)Oc1ccccc1,2826432097.0
*CC(*)C(=O)c1ccc(Br)c(OC)c1,2754936850.0
*CC(*)CNc1ccc([N+](=O)[O-])cc1C,4223253488.0
*C(C)C(*)OC(C)C,2014281380.0
*CC(*)c1cccc(-c2ccc(-c3ccccc3)cc2)c1,2986103877.0
*NC(CCC(=O)OC)C(*)=O,4940705702.0
*CC(*)c1ccccc1CC,2397250445.0
*c1cccc(P(=O)(c2cccc(-n3c(=O)c4cc5c(=O)n(*)c(=O)c5cc4c3=O)c2)c2cc(C(F)(F)F)cc(C(F)(F)F)c2)c1,2323734171.0
*/C=C/*,2104233392.0
*CC(*)c1ccccc1F,1983961950.0
*c1ccc(-c2ccc(-n3c(=O)c4cc5c(=O)n(*)c(=O)c5cc4c3=O)cc2OC(F)(F)F)c(OC(F)(F)F)c1,2896499257.0
*c1ccc2c(c1)C(=O)N(c1c(C)c(C)c(N3C(=O)c4ccc(C(*)(C(F)(F)F)C(F)(F)F)cc4C3=O)c(C)c1C)C2=O,1948801856.0
*C(=O)c1ccc2c(c1)C(=O)N(c1ccc(Sc3ccc(N4C(=O)c5ccc(*)cc5C4=O)cc3)cc1)C2=O,4010960258.0
*c1ccc2c(c1)C(=O)N(c1ccc(Cc3ccc(N4C(=O)c5ccc(C(*)(C(F)(F)F)C(F)(F)F)cc5C4=O)cc3)cc1)C2=O,2843663389.0
*CC(*)CCC1CCCCC1,3393375085.0
*c1ccc2c(c1)C(=O)N(c1ccc(Sc3ccc(Oc4ccc(Sc5ccc(N6C(=O)c7ccc(C(*)(C(F)(F)F)C(F)(F)F)cc7C6=O)cc5)cc4)cc3)cc1)C2=O,2881798198.0
*CC(*)C(=O)OC(C)C,2475461889.0
*Oc1c(Cl)cc(C(C)(C)c2cc(Cl)c(OC(*)=O)c(Cl)c2)cc1Cl,2408070606.0
*Oc1ccc(S(=O)(=O)c2ccc(Oc3ccc(C(=O)c4cc(C(=O)c5ccc(*)cc5)cc(C(C)(C)C)c4)cc3)cc2)cc1,3321358211.0
*Oc1ccc(C(C#N)(c2ccccc2)c2ccc(OC(*)=O)cc2)cc1,3376019094.0
*CC(*)C=O,5677306024.0
*Oc1c(C)cc(*)cc1C,2586871908.0
*CCOC(=O)Nc1ccc(NC(=O)O*)cc1,4232790750.0
*CC(*)C(CC)CC,2131541160.0
*CC(*)c1ccc(Cl)c(Cl)c1,1865227472.0
*C(=O)Oc1ccc(OC(=O)c2ccc3c(c2)C(=O)N(c2ccc(Oc4ccc(N5C(=O)c6ccc(*)cc6C5=O)cc4)cc2)C3=O)cc1,4657462610.0
*c1ccc2c(c1)C(=O)N(c1ccc(Oc3ccc(N4C(=O)c5ccc(C(C)(C)CCCCC(*)(C)C)cc5C4=O)cc3)cc1)C2=O,4203533884.0
*CC(*)(F)C(C)=O,3875735059.0
*CC(*)c1c(F)c(F)c(F)c(F)c1F,2343322767.0
*CC(*)c1cc(C)ccc1C,2037041249.0
*c1ccc2c(c1)C(=O)N(c1ccc(Oc3ccc(-c4ccc(Oc5ccc(N6C(=O)c7ccc(C(*)(C(F)(F)F)C(F)(F)F)cc7C6=O)cc5)cc4)cc3)cc1)C2=O,3577475069.0
*Oc1cc(C(C)(C)C)c(Oc2ccc(C(=O)Nc3ccc(C(C)(C)c4ccc(NC(=O)c5ccc(*)cc5)cc4)cc3)cc2)cc1C(C)(C)C,2379687539.0
*CC(*)(C)C(=O)OCc1cc(Cl)cc(Cl)c1,3006322023.0
*C=CCC(C)(CC*)C(=O)OC,3067267317.0
*CC(*)C(=O)N1CCOCC1,3644178637.0
*Oc1ccc(Oc2ccc(C(=O)c3ccc(*)cc3)cc2)cc1,3625795499.0
*CCCCCCCCCC(=O)N*,3889705315.0
*c1ccc(Oc2ccc(-c3ccc(Oc4ccc(N5C(=O)c6ccc(Oc7ccc(C8(c9ccc(Oc%10ccc%11c(c%10)C(=O)N(*)C%11=O)cc9)CCC(c9ccccc9)CC8)cc7)cc6C5=O)cc4)cc3C)c(C)c2)cc1,3125648015.0
*c1cccc(Oc2ccc(N3C(=O)c4ccc(-c5ccc6c(c5)C(=O)N(*)C6=O)cc4C3=O)cc2)c1,4156615819.0
*CC(*)c1ccccc1COCCC(C)C,2770758445.0
*CC(*)c1cccc(C)c1,2515904088.0
*C1CCC1*,2361868480.0
*c1ccc(S(=O)(=O)c2ccc(N3C(=O)c4ccc(C(c5ccc6c(c5)C(=O)N(*)C6=O)(C(F)(F)F)C(F)(F)F)cc4C3=O)cc2)cc1,2423627702.0
*c1cccc(-c2nc3cc(-c4ccc5nc(*)c(-c6ccccc6)nc5c4)ccc3nc2-c2ccccc2)c1,2298155878.0
*c1ccc(Oc2ccc(-n3c(=O)c4cc5c(=O)n(*)c(=O)c5cc4c3=O)cc2)cc1,3999095078.0
*CCCNC(=O)Cc1ccc(C(=O)N*)cc1,5178590203.0
*CC(*)CCCCCCCCCCCCCCCC,2545264694.0
*CC(=O)N*,7459766508.0
*c1ccc(Oc2ccc(Oc3ccc(N4C(=O)c5ccc(-c6ccc7c(c6)C(=O)N(*)C7=O)cc5C4=O)cc3)c(C(C)(C)C)c2)cc1,3452773921.0
*CC(*)C(=O)OCC(C)(C)C,2772743696.0
*c1ccc(Oc2ccc(C(C)(C)c3ccc(Oc4ccc(N5C(=O)c6ccc(C(=O)c7ccc8c(c7)C(=O)N(*)C8=O)cc6C5=O)cc4)cc3)cc2)cc1,4123814248.0
*CC(*)c1cccc(CC)c1,2208101298.0
*c1ccc(-c2ccc(N3C(=O)c4ccc(-c5cccc6c5C(=O)N(*)C6=O)cc4C3=O)cc2C)c(C)c1,2494528548.0
*Nc1cccc(C(O)Cc2ccc(NC(=O)c3ccc(C(*)=O)cc3)cc2)c1,4931909727.0
*c1ccc(Oc2ccc(Oc3ccc(-n4c(=O)c5cc6c(=O)n(*)c(=O)c6cc5c4=O)cc3)cc2-c2ccccc2)cc1,3226185780.0
*CC(*)OC(=O)C(C)(C)CC(C)(C)C,2779954880.0
*/C=C/C1CC(*)C2C(=O)N(CCCCC)C(=O)C12,2794764229.0
*CC(*)OC(=O)C1(C)CCCCC1,2770315882.0
*c1ccc(Oc2ccccc2Oc2ccc(N3C(=O)c4ccc(-c5ccc6c(c5)C(=O)N(*)C6=O)cc4C3=O)cc2)cc1,3837440195.0
*CC(*)Cc1ccc(C)cc1,2839726249.0
*CC(*)(C)C(=O)OC1CCCCC1,2733366702.0
*CC(*)OC(=O)CCl,3211865142.0
*CCC(*)(C)C,3691054311.0
*CC(*)C(=O)c1ccc(OC)cc1,3122449895.0
*CC(*)c1ccccc1COCCCC,2542265104.0
*CC(*)OC(=O)C(C)(C)C(C)C(C)C,2296313271.0
*CCCCCCNC(=O)Cc1ccc(C(=O)N*)cc1,4497697028.0
*Oc1ccc(Oc2ccc(C(=O)c3ccc(C(=O)c4ccc(*)cc4)c4ccccc34)cc2)cc1,3000650617.0
*C(=O)Oc1ccc(OC(=O)c2ccc3c(c2)C(=O)N(C2CCC(N4C(=O)c5ccc(*)cc5C4=O)CC2)C3=O)cc1,3927596285.0
*CC(*)(C)C(=O)OCc1ccc(Cl)cc1,2995971732.0
*CC(*)OC(=O)C(F)(F)F,2769002039.0
*c1ccc(Sc2ccc(N3C(=O)c4ccc(-c5ccc6c(c5)C(=O)N(*)C6=O)cc4C3=O)cc2)cc1,3875986759.0
*Oc1cccc2c(OC(=O)Oc3ccc(OC(*)=O)cc3)cccc12,3872800747.0
*CC(*)Cc1cc(C)cc(C)c1,2662557580.0
*CCCCCCC(=O)N*,4352274569.0
*CC(*)c1ccc(COCCCCCCOc2ccc(-c3ccc(OC)cc3)cc2)cc1,3624181294.0
*CC(*)OC(=O)CC1CCCCC1,2725703552.0
*CC(*)OC(=O)c1cccc([N+](=O)[O-])c1,3875530810.0
*CC(*)c1ccc(C(C)=O)cc1,2621017932.0
*CC(*)c1ccc(C(=O)c2ccccc2)cc1,3469140424.0
*c1ccc(Oc2ccc(C(C)(C)c3ccc(Oc4ccc(N5C(=O)c6ccc(-c7ccc8c(c7)C(=O)N(*)C8=O)cc6C5=O)cc4)cc3)cc2)cc1,3595250777.0
*CC(*)c1ccc(COCCOCCCC)cc1,2993159993.0
*CC(*)OC(=O)C(C)(C(C)C)C(C)C,2343752178.0
*CCCCCCOC(=O)CCCCCCCCC(=O)O*,3806757594.0
*CCc1cc(C)c(*)cc1C,3273608962.0
*CC(*)(C)C(=O)OCCCCCCCC,2686650782.0
*CC(*)C(C)=O,4070038886.0
*Oc1ccc(C(C)(C)c2ccc(OC(=O)c3ccccc3/C=C/c3ccc(/C=C/c4ccccc4C(*)=O)cc3)cc2)cc1,2677720327.0
*CC(*)C(=O)OCCCCCCCC,2474004089.0
*c1ccc(Oc2cc3ccccc3cc2Oc2ccc(N3C(=O)c4ccc(Oc5ccc6c(c5)C(=O)N(*)C6=O)cc4C3=O)cc2)cc1,3924847160.0
*CCCOC(=O)c1ccc2cc(C(=O)O*)ccc2c1,4096502635.0
*c1ccc(-c2ccc(N3C(=O)c4ccc(-c5cccc6c5C(=O)N(*)C6=O)cc4C3=O)cc2C(F)(F)F)c(C(F)(F)F)c1,2194950277.0
*CC(*)CC(C)CC,2557428726.0
*CC(*)c1cc(Br)ccc1OC(C)C,1851400882.0
*Oc1ccc(OC(=O)c2cc(OCCCCCCCCCCCC)c(C(*)=O)cc2OCCCCCCCCCCCC)cc1,3092684386.0
*C(=O)c1ccc2c(c1)C(=O)N(c1ccc(N3C(=O)c4ccc(*)cc4C3=O)nc1)C2=O,3563306990.0
*C(=O)Oc1ccc(C(C)(C)c2ccc(OC(=O)c3ccc4c(c3)C(=O)n3c-4nc4ccc(Oc5ccc6c(c5)nc5n6C(=O)c6ccc(*)cc6-5)cc43)cc2)cc1,3846560018.0
*c1cc(Br)c(OC(=O)c2ccc(C(=O)Oc3c(Br)cc(C4(*)OC(=O)c5ccccc54)cc3Br)cc2)c(Br)c1,2301211910.0
*CC(*)(C)C(=O)OCc1cccc(Cl)c1,2934109823.0
*c1ccc(Oc2cc3ccccc3cc2Oc2ccc(N3C(=O)c4ccc(-c5ccc6c(c5)C(=O)N(*)C6=O)cc4C3=O)cc2)cc1,3676998695.0
*CC(*)c1ccc(CCC)cc1,2172780728.0
*c1ccc(Oc2ccc(C3(c4ccc(Oc5ccc(N6C(=O)c7ccc(Oc8ccc(C9(c%10ccc(Oc%11ccc%12c(c%11)C(=O)N(*)C%12=O)cc%10)CCCCCCCCCCC9)cc8)cc7C6=O)cc5)cc4)CCC(C(C)(C)C)CC3)cc2)cc1,3119484010.0
*CCCCNC(=O)CCCCC(=O)N*,5361613623.0
*Oc1ccc(S(=O)(=O)c2ccc(Oc3ccc(C(c4ccc(*)cc4)(C(F)(F)F)C(F)(F)F)cc3)cc2)cc1,3260930447.0
*CC(*)c1ccc(C(=O)OC)cc1,2526021389.0
*CC(*)c1ccc2ccccc2c1,2379417550.0
*C(C)C(*)C,2521594432.0
*CC(*)(C)C(=O)OC(C)(C)C,1692642645.0
*Oc1ccc(C(C)(C)c2ccc(OC(*)=O)c(C(C)C)c2)cc1C(C)C,2952306183.0
*Oc1ccc(C2(c3ccc(OC(*)=O)c(C)c3)CCCCC2)cc1C,2749406430.0
*OC1C(CO)OC(*)C(O)C1O,5516444364.0
*CC(*)C1CCCC1,3107893032.0
*c1cccc(N2C(=O)c3ccc(Oc4ccc5c(c4)C(=O)N(*)C5=O)cc3C2=O)c1,3405045358.0
*/C=C/C(C*)OC,2579878372.0
*CC(*)c1ccccc1C(=O)OCCC,2278506549.0
*CC1CC(*)C(OC(=O)CCCCCCCCCCOc2ccc(-c3ccc(C#N)cc3)cc2)C1,3805074828.0
*CC(*)(C)C(=O)OCc1ccc(Cl)cc1Cl,2689903921.0
*CC(*)c1ccc(Cl)cc1Cl,1890163937.0
*CC(*)(C)C(=O)OCC(C)O,3881809611.0
*CC(*)OC(=O)c1cccc(OC)c1,3092914208.0
*CC(*)OC(=O)c1ccc(C#N)cc1,3350015642.0
*C(=O)c1ccc2c(c1)C(=O)N(c1ccc(-c3ccc(N4C(=O)c5ccc(*)cc5C4=O)c(C)c3)cc1C)C2=O,2866513228.0
*CC(*)(C)C(=O)OCCC,2273482142.0
*CC(*)C1CCC1,2885327647.0
*c1ccc2c(c1)C(=O)N(c1cccc(Oc3cccc(Oc4cccc(N5C(=O)c6ccc(C(*)(C(F)(F)F)C(F)(F)F)cc6C5=O)c4)c3)c1)C2=O,2696510062.0
*C(c1ccccc1)C(*)[N+](=O)[O-],1523855226.0
*CC(*)C(=O)OCC(F)(F)F,3288929441.0
*CC(*)O[N+](=O)[O-],4676568699.0
*Oc1ccc(S(=O)(=O)c2ccc(OC(=O)c3ccccc3/C=C/c3ccc(/C=C/c4ccccc4C(*)=O)cc3)cc2)cc1,3646121070.0
*CC(*)N1Cc2ccccc2N1,3107869748.0
*CC(*)c1ccc(C(C)=NO)cc1,3214900040.0
*c1ccc(Oc2ccc(C(c3ccc(Oc4ccc(-n5c(=O)c6cc7c(=O)n(*)c(=O)c7cc6c5=O)cc4)cc3)(C(F)(F)F)C(F)(F)F)cc2)cc1,3286812529.0
*Oc1ccc(NC(=O)c2ccc(C(c3ccc(C(=O)O)c(C(=O)Nc4cc(*)ccc4N)c3)(C(F)(F)F)C(F)(F)F)cc2C(=O)O)c(N)c1,3896430976.0
*CC(*)(Cl)Cl,4418601722.0
*CC(*)C(=O)Oc1cccc(N(C)C)c1,4044228247.0
*CC(O)COc1ccc(C(C)(C)c2ccc(O*)cc2)cc1,3794334350.0
*c1ccc(Oc2cccc(Oc3ccc(-n4c(=O)c5cc6c(=O)n(*)c(=O)c6cc5c4=O)cc3)c2)cc1,4239041789.0
*Oc1ccc(C(C)(C)c2ccc(OC(=O)SCCCSC(*)=O)cc2)cc1,3413404658.0
*CC(*)c1ccc(-c2ccccc2)cc1,2501630255.0
*C(=O)c1ccc2c(c1)C(=O)N(c1ccc(C)c(N3C(=O)c4ccc(*)cc4C3=O)c1)C2=O,3215103387.0
*CC(*)c1ccc(C(F)(F)C(F)(F)C(F)(F)C(F)(F)C(F)(F)C(F)(F)C(F)(F)F)cc1,2248689325.0
*c1ccc(Sc2ccc(Oc3ccc(Sc4ccc(N5C(=O)c6ccc(Oc7ccc(C(C)(C)c8ccc(Oc9ccc%10c(c9)C(=O)N(*)C%10=O)cc8)cc7)cc6C5=O)cc4)cc3)cc2)cc1,3807184308.0
*CC(*)(C)C(=O)Oc1c(C)cccc1C,2815904159.0
*CC(*)OC(=O)c1ccc(OC(=O)CCC)cc1,2572963855.0
*CCC=C(*)c1ccccc1,2827531138.0
*CC(*)C1CC=CCC1,2262283292.0
*c1c(C)cc(C(c2cc(C)c(N3C(=O)c4ccc(-c5ccc6c(c5)C(=O)N(*)C6=O)cc4C3=O)c(C)c2)c2cccc3ccccc23)cc1C,2372871293.0
*CC(*)OC(F)(C(F)(F)F)C(F)(F)F,2297892124.0
*CC(*)(CC(=O)OCCCCCCCC)C(=O)OCCCCCCCC,2448778300.0
*c1ccc(Oc2ccc(N3C(=O)C4CCC5C(=O)N(*)C(=O)C5C4C3=O)cc2)cc1,4372891749.0
*CC(*)OC(=O)CC,2505451249.0
*CC(*)C(=O)OCC(F)(F)C(F)(F)F,2513437254.0
*CS*,3678645337.0
*CC(*)P(=O)(c1ccccc1)c1ccccc1,1983225755.0
*CC(*)OC(=O)c1cccc(C)c1,3339643950.0
*c1cccc(S(=O)(=O)c2cccc(N3C(=O)c4ccc(Oc5ccc(S(=O)(=O)c6ccc(Oc7ccc8c(c7)C(=O)N(*)C8=O)cc6)cc5)cc4C3=O)c2)c1,3678987959.0
*C(=O)CCCCCCCCC(=O)N1CCN(*)CC1,4563506069.0
*CC(*)c1ccccc1C,2853147424.0
*c1ccc(Oc2ccc(C3(c4ccc(Oc5ccc(N6C(=O)c7ccc(Oc8ccc(C9(c%10ccc(Oc%11ccc%12c(c%11)C(=O)N(*)C%12=O)cc%10)CCC(C(C)(C)C)CC9)cc8)cc7C6=O)cc5)cc4)CC4CC3C3CCCC43)cc2)cc1,3623029359.0
*C(*)C(=O)OCCC,2231326067.0
*CC(*)OCC(C)(C)CC,2386720249.0
*c1ccc(-c2ccc(-n3c(=O)c4cc5c(=O)n(*)c(=O)c5cc4c3=O)cc2)cc1,2860571526.0
*c1ccc(Oc2cccc(N3C(=O)c4ccc(-c5cccc6c5C(=O)N(*)C6=O)cc4C3=O)c2)cc1,3415608791.0
*CC/C=C(/*)C,2691627986.0
*c1ccc(S(=O)(=O)c2ccc(N3C(=O)c4ccc(-c5ccc6c(c5)C(=O)N(*)C6=O)cc4C3=O)cc2)cc1,3396507367.0
*CCOC(=O)c1ccc(C(=O)O*)c2ccccc12,4577764027.0
*CC(*)OC(=O)C(C)(C)CCC,2465221540.0
*CC1(C)CC(*)(C)C(=O)OC1=O,4139663436.0
*Cc1cccc(COC(=O)Nc2ccc(Cc3ccc(NC(=O)O*)cc3)cc2)c1,3915797403.0
*C(=O)c1ccc2c(c1)C(=O)N(c1ccc(Cc3ccc(N4C(=O)c5ccc(*)cc5C4=O)c(C)c3)cc1C)C2=O,3513028449.0
*CCCC(*)(C)C,3400868702.0
*CCCCCCCC(=O)N*,3994143397.0
*CC(*)c1ccc(C)c(C)c1,2257938835.0
*Oc1ccc(C(C)(C)c2ccc(OC(*)=O)c(CC)c2)cc1CC,2872780843.0
*/C=C/CCC*,1966274019.0
*C(=O)Nc1ccc(Oc2ccc(NC(=O)c3ccc4c(c3)C(=O)N(c3ccc(S(=O)(=O)c5ccc(N6C(=O)c7ccc(*)cc7C6=O)cc5)cc3)C4=O)cc2)cc1,4206116185.0
*C=CC1CCC(*)C1,2433772735.0
*c1ccc(Oc2ccc(Oc3ccc(N4C(=O)c5ccc(-c6ccc7c(c6)C(=O)N(*)C7=O)cc5C4=O)cc3)cc2)cc1,3412294966.0
*CCCCOc1ccc(C(=O)OCCOC(=O)c2ccc(O*)cc2)cc1,4487417061.0
*C(=O)c1ccc2c(c1)C(=O)N(c1ccc(C3(c4ccc(N5C(=O)c6ccc(*)cc6C5=O)cc4)c4ccccc4-c4ccccc43)cc1)C2=O,2946488830.0
*c1ccc(Oc2cc(C(C)(C)C)ccc2Oc2ccc(N3C(=O)c4ccc(-c5ccc6c(c5)C(=O)N(*)C6=O)cc4C3=O)cc2)cc1,3041412209.0
*CC(*)C=C,1843933240.0
*Oc1ccc(-c2ccc(OC(=O)CCCCCCCCC(*)=O)cc2)cc1,3752724031.0
*CC(*)C(=O)Oc1cccc(C(=O)OC)c1,3850352285.0
*c1ccc(-c2nc3cc(-c4ccc5nc(*)c(-c6ccc7ccccc7c6)nc5c4)ccc3nc2-c2ccc3ccccc3c2)cc1,2394171816.0
*CC(*)CCc1ccc(C)cc1,3216830939.0
*Oc1ccc(C(C)(C)c2ccc(OC(=O)c3cccc(C(*)=O)c3)cc2)cc1,3520249709.0
*C(=O)c1ccc2c(c1)C(=O)N(c1ccc(N3C(=O)c4ccc(*)cc4C3=O)c(C)c1)C2=O,3662803522.0
*CC(*)c1ccccc1C(=O)OC(C)C,2336621767.0
*c1ccc2c(c1)C(=O)N(c1c(C)cc(Cc3cc(C)c(N4C(=O)c5ccc(C(*)(C(F)(F)F)C(F)(F)F)cc5C4=O)c(C)c3)cc1C)C2=O,2346754255.0
*c1cc(C(c2ccc(O)c(N3C(=O)c4ccc(-c5ccc6c(c5)C(=O)N(*)C6=O)cc4C3=O)c2)(C(F)(F)F)C(F)(F)F)ccc1O,3054669088.0
*c1ccc(N2C(=O)c3ccc(-c4cccc5c4C(=O)N(*)C5=O)cc3C2=O)cc1,3262886945.0
*CC(*)OCCC,2416618983.0
*CC(*)c1cc(Br)ccc1OCCCCC,1470129639.0
*CC(*)C1CCC(C)CC1,2511203606.0
*Oc1ccc(OC(=O)Oc2ccc(-c3ccc(OC(*)=O)cc3)cc2)cc1,3884040001.0
*c1cccc2c(N3C(=O)c4ccc(-c5ccc6c(c5)C(=O)N(*)C6=O)cc4C3=O)cccc12,1940783447.0
*CC(*)C(=O)OC1CC2CCC1(C)C2(C)C,2794650030.0
*CC(*)CC(C)(C)CC,3067148178.0
*CC(*)c1ccccc1C(=O)NC,2324727688.0
*C(C)C(*)OCCC,1870303108.0
*c1cccc(-n2c(=O)c3cc4c(=O)n(*)c(=O)c4cc3c2=O)c1C,2483385441.0
*C(*)C(=O)OC(C)C,2029871203.0
*c1ccc(Oc2ccc(Oc3ccc(N4C(=O)c5ccc(Oc6cccc7c6C(=O)N(*)C7=O)cc5C4=O)cc3)cc2)cc1,3756406204.0
*C(=O)c1ccc2c(c1)C(=O)N(c1c(C(C)C)cc(Cc3cc(C(C)C)c(N4C(=O)c5ccc(*)cc5C4=O)c(C(C)C)c3)cc1C(C)C)C2=O,2446916434.0
*/C=C/CCCCCCCCCC*,2574896789.0
*CC(*)c1cc(Br)ccc1OCCC(C)C,2129223411.0
*CC(*)c1ccc(CCCC)cc1,2187594992.0
*C1CC2CC1C(*)C2CCCCCC,2234084515.0
*CC(*)C(=O)Oc1ccc(-c2ccccc2)cc1,3712473738.0
*CC(*)c1ccccc1C(=O)O,3611214084.0
*c1ccc(Oc2ccc(C(c3ccc(Oc4ccc(N5C(=O)c6ccc(Oc7ccccc7Oc7ccc8c(c7)C(=O)N(*)C8=O)cc6C5=O)cc4C(F)(F)F)cc3)(C(F)(F)F)C(F)(F)F)cc2)c(C(F)(F)F)c1,3319439208.0
*CC(*)OC(C)C,2462565091.0
*NC(CCC(=O)OCc1ccccc1)C(*)=O,3745758799.0
*CC(*)C(C)C,2354943086.0
*/C=C\CCCC*,2388615523.0
*Oc1ccc(C(C)(CCC#N)c2ccc(OC(*)=O)c(C)c2)cc1C,3159033043.0
*Sc1ccc(Cc2ccc(SC(*)=O)cc2)cc1,3516188218.0
*c1ccc(Oc2ccc(N3C(=O)c4ccc(C(=O)c5ccc6c(c5)C(=O)N(*)C6=O)cc4C3=O)cc2)cc1,3763855574.0
*C(=O)c1ccc2c(c1)C(=O)N(c1c(CC)cc(Cc3cc(CC)c(N4C(=O)c5ccc(*)cc5C4=O)c(CC)c3)cc1CC)C2=O,2504443612.0
*CC(*)OCC,2369235285.0
*C(C)C(*)OCC(C)C,2120379015.0
*CC(*)(C)C(=O)OCCBr,2891086297.0
*c1ccc(N2C(=O)c3ccc(-c4ccc5c(c4)C(=O)N(*)C5=O)cc3C2=O)cc1,3327456721.0
*CC(*)CCc1ccccc1C,3270435413.0
*c1ccc(N2C(=O)c3ccc(C(c4ccc5c(c4)C(=O)N(*)C5=O)(C(F)(F)F)C(F)(F)F)cc3C2=O)cc1,2831681653.0
*CC(*)OC(=O)c1cccc(Br)c1,3458641252.0
*C(C)C(*)OCC,2042780227.0
*C(F)(F)C(*)(F)OC(F)(F)C(F)(F)C(F)(F)C(F)(F)F,1568892764.0
*CC(*)(CC(=O)OCCc1ccccc1)C(=O)OCCc1ccccc1,3386145090.0
*c1ccc(C)c(N2C(=O)c3ccc(-c4ccc5c(c4)C(=O)N(*)C5=O)cc3C2=O)c1,2803946226.0
*C(C)C(*)OC(C)(C)C,2272081329.0
*CC(*)CC1CCCC1,2884036344.0
*c1cccc(-n2c(=O)c3cc4c(=O)n(*)c(=O)c4cc3c2=O)c1,3651158226.0
*CC(*)c1ccc(CCCCCCCCC)cc1,2395731433.0
*CC(*)c1ccc(CCCCCC)cc1,2298352100.0
*CC(*)(C)C(=O)OC(OCC)C(F)(F)F,1958740265.0
*c1ccc(-c2ccc(-c3ccc(N4C(=O)c5ccc(-c6ccc7c(c6)C(=O)N(*)C7=O)cc5C4=O)cc3)cc2)cc1,3019744167.0
*CCOC(=O)Nc1cccc2c(NC(=O)O*)cccc12,4060685220.0
*CC(*)(CC(=O)OCC)C(=O)OCC,2707588230.0
*CC(*)NC(=O)OC(C)(C)C,2125829564.0
*c1ccc(N2C(=O)c3ccc(-c4ccc5c(c4)C(=O)N(*)C5=O)cc3C2=O)nc1,3489414802.0
*Oc1ccc2c(c1)nc1c3cc4c(=O)n5c6cc(*)ccc6nc5c4cc3c(=O)n21,3472283188.0
*CC(*)OC(=O)c1ccccc1OC(C)=O,3312038795.0
*c1ccc(-c2ccc(-n3c(=O)c4cc5c(=O)n(*)c(=O)c5cc4c3=O)cc2C(F)(F)F)c(C(F)(F)F)c1,2192367096.0
*c1ccc(Oc2cccc3c(Oc4ccc(N5C(=O)c6ccc(Oc7ccc8c(c7)C(=O)N(*)C8=O)cc6C5=O)cc4)cccc23)cc1,3994242463.0
*Oc1cccc(OC(=O)c2ccccc2/C=C/c2ccc(/C=C/c3ccccc3C(*)=O)cc2)c1,2625450215.0
*c1ccc2c(c1)C(=O)N(c1c(CC)cc(Cc3cc(CC)c(N4C(=O)c5ccc(C(*)(C(F)(F)F)C(F)(F)F)cc5C4=O)c(CC)c3)cc1CC)C2=O,2145416351.0
*/C(C)=C(/*)C(C)C,935409154.3
*CC(*)c1ccccc1C(=O)OC,2201222352.0
*CC(*)c1ccc(N(C)C)cc1,2833184804.0
*CC(*)(CC(=O)OCCCCCCCCC)C(=O)OCCCCCCCCC,2568207411.0
*C(F)(F)C(F)(F)C1(F)C(*)(F)OC(F)(F)C1(F)F,2641944255.0
*C(=O)c1ccc2c(c1)C(=O)N(c1ccc(Oc3ccc(C(=O)c4cccc(C(=O)c5ccc(Oc6ccc(N7C(=O)c8ccc(*)cc8C7=O)cc6)cc5)c4)cc3)cc1)C2=O,3827215801.0
*CCCCCCNC(=O)N*,3806614217.0
*CC(*)c1ccc(C(=O)CC)cc1,2518984568.0
*Oc1ccc(S(=O)(=O)c2ccc(Oc3ccc(C(=O)c4cccc(C(=O)c5ccc(*)cc5)c4)cc3)cc2)cc1,3586674956.0
*CC(*)c1ccc(C(=O)CCCC)cc1,2732590386.0
*C(=O)C1CCCN1*,3253495331.0
*CC(*)c1ccc(C(=O)CCCCC)cc1,2716811722.0
*CCCCCCNC(=O)CCCCCCCCC(=O)N*,4238487412.0
*CC(*)C(=O)OCCCCCCCCCCCCCC,2613474095.0
*CC(*)OC(=O)C(F)(F)C(F)(F)C(F)(F)C(F)(F)C(F)(F)C(F)(F)C(F)(F)F,2536492511.0
*CC(*)(C)C(=O)OCCN(C)C,2760287326.0
*c1ccc(Oc2ccc(N3C(=O)c4ccc(-c5ccc6c(c5)C(=O)N(*)C6=O)cc4C3=O)cc2)cc1,3833237486.0
*Oc1ccc(C2(c3ccc(OC(=O)c4cccc(C(*)=O)c4)cc3)c3ccccc3-c3ccccc32)cc1,3091524368.0
*CC(*)c1ccc(COC)cc1,2344600038.0
*CC(*)C(=O)C(C)C,2665897667.0
*CC(*)c1cccc(Cl)c1,1963875026.0
*C(=O)Oc1ccc(C(C)(C)c2ccc(OC(=O)c3ccc4c(c3)C(=O)N(c3ccc(-c5ccc(N6C(=O)c7ccc(*)cc7C6=O)c(C)c5)cc3C)C4=O)cc2)cc1,3007541432.0
*CC(*)c1ccc(CCCCCCCCCCCCCC)cc1,2534569094.0
*c1ccc(Oc2ccc(Oc3ccc(N4C(=O)c5ccc(-c6ccc7c(c6)C(=O)N(*)C7=O)cc5C4=O)cc3)c(-c3ccccc3)c2)cc1,3446533085.0
*CC(CCl)O*,3721895726.0
*CC(*)c1ccc(O)cc1,3941408328.0
*CC(*)C(=O)N(C)C,3257798774.0
*CCOCC(=O)O*,4781185475.0
*CC(*)OCC(F)(F)F,2514152572.0
*CC(*)OC(=O)c1ccc(OCC)cc1,2751717724.0
*CC(*)c1ccc(C(=O)O)c(C(=O)O)c1,6578508188.0
*CCOC(=O)C1CCC(C(=O)O*)CC1,4459122578.0
*CC(*)(C)C#N,5380258781.0
*Oc1ccc(C(=O)c2ccc(*)cc2)cc1,3661256492.0
*c1ccc(Oc2ccc(S(=O)(=O)c3ccc(Oc4ccc(N5C(=O)c6ccc(C(=O)c7ccc8c(c7)C(=O)N(*)C8=O)cc6C5=O)cc4)cc3)cc2)cc1,3991316816.0
*CCCCCCOC(=O)Nc1ccc(C)c(NC(=O)OCCCCCCOc2ccc(-c3ccc(O*)cc3)cc2)c1,3974519486.0
*CC(CC(*)(C#N)C(=O)OC)c1ccccc1,2956181287.0
*CC(*)C(=O)Oc1ccc(C(=O)OCCCC)cc1,3276732668.0
*c1ccc(C(c2ccc(-c3nc4cc(-c5ccc6nc(*)[nH]c6c5)ccc4[nH]3)cc2)(C(F)(F)F)C(F)(F)F)cc1,3134059479.0
*CC(*)(C)c1ccc(C(C)C)cc1,2125908181.0
*C=CC(C*)OC,2774373142.0
*c1ccc2c(c1)Cc1cc(N3C(=O)c4ccc(-c5ccc6c(c5)C(=O)N(*)C6=O)cc4C3=O)ccc1-2,3997251824.0
*CC(*)OCc1ccccc1,3206863673.0
*CCCCCCCCCCCCNC(=O)CCCCCCCCCCC(=O)N*,3522962972.0
*CC(*)C(=O)OC(F)(C(F)(F)Cl)C(F)(F)Cl,2366953264.0
*Oc1ccc(C(=O)Nc2cccc(C(O)Cc3ccc(NC(=O)c4ccc(*)cc4)cc3)c2)cc1,4665281806.0
*C1CC2CC1C(*)C2CCCC,1983783851.0
*/C=C\CC*,2385455527.0
*CCCCCCNC(=O)c1ccc(-c2ccc(C(=O)N*)cc2)cc1,4381123404.0
*c1ccc(Oc2ccc(N3C(=O)c4ccc(Oc5ccc(C6(c7ccc(Oc8ccc9c(c8)C(=O)N(*)C9=O)cc7)CCC(c7ccccc7)CC6)cc5)cc4C3=O)cc2)cc1,3757615100.0
*CC(*)CCCCCC,2297328266.0
*CC(*)OC(=O)C(F)(F)C(F)(F)C(F)(F)C(F)(F)C(F)(F)C(F)(F)C(F)(F)C(F)(F)C(F)(F)F,2914076641.0
*c1cccc(N2C(=O)c3ccc(-c4ccc5c(c4)C(=O)N(*)C5=O)cc3C2=O)c1C,2691898777.0
*CC(*)C(=O)OCC(C)C,2932673265.0
*c1cccc(N2C(=O)c3ccc(C(c4ccc5c(c4)C(=O)N(*)C5=O)(C(F)(F)F)C(F)(F)F)cc3C2=O)c1,2796077095.0
*CC(*)c1ccc(CCCCCCCCCCCC)cc1,2213372981.0
*/C=C\CCC*,2324981022.0
*CC(*)OC(=O)c1ccccc1Cl,3465289258.0
*Oc1ccc(C(C)(C)c2ccc(OC(*)=O)c(C)c2)cc1C,3235803704.0
*c1ccc(Sc2ccc(Sc3ccc(Sc4ccc(-n5c(=O)c6cc7c(=O)n(*)c(=O)c7cc6c5=O)cc4)cc3)cc2)cc1,4071184937.0
*CC(*)OC=O,4531299873.0
*CC(*)OC1CCCCC1,2919010407.0
*CCCCCCOC(=O)CCCCCCCC(=O)O*,3590735595.0
*CCCCCCCCC(=O)N*,3589437401.0
*CC(*)c1cc(C)cc(C)c1,2575967072.0
*c1ccc(Oc2cc3ccccc3cc2Oc2ccc(N3C(=O)c4ccc(S(=O)(=O)c5ccc6c(c5)C(=O)N(*)C6=O)cc4C3=O)cc2)cc1,3367369792.0
*C(O)C(*)O,7110950115.0
*CC(*)C(=O)OCc1ccccc1,3495385641.0
*CC(*)OCCCl,3384768685.0
*CC(*)c1ccncc1,3244768604.0
*CC(*)CCC(C)(C)C,2430226069.0
*CCC=C(*)C(C)C,2551504441.0
*CC(*)(C(=O)OC)c1ccccc1,2317588492.0
*Oc1ccc(C(C)(C)c2ccc(OC(*)=O)cc2)cc1,3667175006.0
*CC(*)CC(CC)CC,2510426313.0
*CC(*)C,3084146749.0
*C=CC(C)CCCCC*,2480326713.0
*CC(*)C(=O)OCCCCCCCCCCCCCCCC,2563208132.0
*CCCCCCCCCCC(=O)N(*)C,3383276868.0
*c1ccc2c(c1)Cc1cc(-n3c(=O)c4cc5c(=O)n(*)c(=O)c5cc4c3=O)ccc1-2,3392560193.0
*C(=O)c1ccc2c(c1)C(=O)N(c1ccc3c(c1)Cc1cc(N4C(=O)c5ccc(*)cc5C4=O)ccc1-3)C2=O,4069626199.0
*CC(*)c1ccc(C(O)CCN(C)C)cc1,3420840177.0
*c1ccc(Oc2ccc(Oc3ccc(N4C(=O)c5cccc(Oc6cccc7c6C(=O)N(*)C7=O)c5C4=O)cc3)cc2)cc1,4180240163.0
*CC(*)Cl,3871035206.0
*CC(*)c1cccc(F)c1,2212991721.0
*Oc1ccc(S(=O)(=O)c2ccc(Oc3c(C)cc(C(C)(C)c4cc(C)c(*)c(C)c4)cc3C)cc2)cc1,2644171665.0
*c1ccc(*)cc1,3182887710.0
*C(C)C(*)OC,2381257492.0
*CC(*)SCC,2598592219.0
*CC(OC)C(C(=O)O)C(*)C(=O)O,5993724341.0
*CCCCOC(=O)c1ccc(C(=O)O*)cc1,4024788357.0
*c1cccc(P(=O)(c2ccc(C(F)(F)F)cc2)c2cccc(-n3c(=O)c4cc5c(=O)n(*)c(=O)c5cc4c3=O)c2)c1,3009227589.0
*C(=O)c1ccc2c(c1)C(=O)N(c1ccc(Oc3ccc(-c4ccc(Oc5ccc(N6C(=O)c7ccc(*)cc7C6=O)cc5)cc4)cc3)cc1)C2=O,3206530599.0
*Oc1cc(C(C)(C)C)c(Oc2ccc(C(=O)Nc3c(C)cc(C(C)(C)c4cc(C)c(NC(=O)c5ccc(*)cc5)c(C)c4)cc3C)cc2)cc1C(C)(C)C,2820185301.0
*CC(*)(C)C(=O)OCC(C)C,2520918819.0
*CC(*)C(=O)OCCCCCCCCCCCCCCCCCCCCCC,2743020762.0
*CCCCCCNC(=O)NCc1ccc(CNC(=O)N*)cc1,4338032634.0
*C([2H])([2H])C(*)(C(=O)OC([2H])([2H])[2H])C([2H])([2H])[2H],2353663269.0
*C1C2CC(C)C(C2)C1*,2666004950.0
*CC(*)c1ccc(C#N)cc1,2828998695.0
*c1cccc(P(=O)(c2cccc(-n3c(=O)c4c(-c5ccccc5)c5c(=O)n(*)c(=O)c5c(-c5ccccc5)c4c3=O)c2)c2cc(C(F)(F)F)cc(C(F)(F)F)c2)c1,1645559751.0
*CCCCCCCCCCC(=O)N*,3587537725.0
*CC(*)CNc1ccc([N+](=O)[O-])cn1,4446145708.0
*c1cccc(P(=O)(c2cccc(-n3c(=O)c4c(-c5ccc(C(F)(F)F)cc5)c5c(=O)n(*)c(=O)c5c(-c5ccc(C(F)(F)F)cc5)c4c3=O)c2)c2cc(C(F)(F)F)cc(C(F)(F)F)c2)c1,2126267890.0
*c1ccc(S(*)(=O)=O)cc1,3585821361.0
*CC(*)C(=O)OCCO,5301354540.0
*CC(*)c1ccc(C(=O)OCCC)cc1,2286290822.0
*Oc1ccc(SC(=O)Sc2ccc(*)cc2)cc1,3349250404.0
*CC(*)(C)C(=O)OCCOC,3012409229.0
*CC(*)c1cc(C)ccc1F,2391796866.0
*CC(*)(C)C(=O)OCc1ccccc1Cl,3051473829.0
*CC(*)(CC(=O)OC)C(=O)OC,2928456693.0
*c1ccc(Cc2ccc(-n3c(=O)c4cc5c(=O)n(*)c(=O)c5cc4c3=O)c(C)c2)cc1C,3530827297.0
*C(*)C(=O)OCC,2318908918.0
*CC(*)C(=O)OC1CCCCCCCCCCC1,3854757224.0
*CC(*)(CC(=O)OCc1ccccc1)C(=O)OCc1ccccc1,2997347296.0
*CC1CC(*)OC(CCC)O1,2672828595.0
*CC(*)c1ccc(C(O)CCN2CCOCC2)cc1,4165983345.0
*CC(*)c1ccc(OCC)cc1,2449470526.0
*CC(*)(CC(=O)OCCCCCCC)C(=O)OCCCCCCC,2512286817.0
*c1ccc(Cc2ccc(N3C(=O)c4ccc(-c5ccc6c(c5)C(=O)N(*)C6=O)cc4C3=O)c(C)c2)cc1C,3237317247.0
*C(F)(F)C(*)(OC(F)(F)F)OC(F)(F)F,1571883402.0
*CCCS(=O)(=O)c1ccc(/N=N/c2ccc(N(CCCC)CC(=O)O*)cc2)cc1,3896529968.0
*Oc1ccc(C(CCCC)(CCCC)c2ccc(OC(*)=O)cc2)cc1,2367374806.0
*CC(*)c1ccc(C(=O)Cc2ccccc2)cc1,3803957126.0
*/C=C/C1CC(*)C2C(=O)N(CCCCCC)C(=O)C12,2771355316.0
*CC(*)CC1CCCCC1,2924871338.0
*CC(*)(CC(=O)OCCC1CCCCC1)C(=O)OCCC1CCCCC1,3004365768.0
*Oc1ccc(C(C)(C)c2ccc(OC(=O)CCCCC(*)=O)cc2)cc1,4382591586.0
*CC(*)C(=O)OCCCCCCCCCCCC,2636453223.0
*C(=O)c1ccc2c(c1)C(=O)N(c1cccc(C(=O)N(C)c3ccc(N4C(=O)c5ccc(*)cc5C4=O)cc3)c1)C2=O,3716583730.0
*CC(*)SCCCC,2330150806.0
*CC(*)c1ccc(COCCCC)cc1,2547678681.0
*c1ccc2c(c1)C(=O)N(c1ccc(Oc3c(C)cc(C(c4cc(C)c(Oc5ccc(N6C(=O)c7ccc(C(*)(C(F)(F)F)C(F)(F)F)cc7C6=O)cc5)c(C)c4)c4cccc5ccccc45)cc3C)cc1)C2=O,2385612039.0
*c1ccc(Oc2cccc(Oc3ccc(N4C(=O)c5ccc(C(=O)c6ccc7c(c6)C(=O)N(*)C7=O)cc5C4=O)cc3)c2)cc1,4200309401.0
*NC1CCC(CC2CCC(NC(=O)CCCCCCCCCCCCC(*)=O)CC2)CC1,4070552059.0
*CC(*)(CC(=O)Oc1ccccc1)C(=O)Oc1ccccc1,2284296680.0
*CC(*)n1c2ccccc2c2ccccc21,2333802186.0
*CC(*)c1ccccc1C(=O)OCC(C)C,2637716687.0
*CCCCCCCCCSC(=O)S*,3486957061.0
*CC(*)(C)C(=O)Oc1ccc(C(=O)OC)cc1,3292593439.0
*CCCCCCN1C(=O)c2ccc(Oc3ccc4c(c3)C(=O)N(*)C4=O)cc2C1=O,4475145207.0
*CC(*)OC(=O)c1ccc(CC)cc1,2340950641.0
*c1ccc2c(c1)C(=O)N(c1ccc(C(c3ccc(N4C(=O)c5ccc(C(*)(C(F)(F)F)C(F)(F)F)cc5C4=O)cc3)(C(F)(F)F)C(F)(F)F)cc1)C2=O,2213513728.0
*CCc1ccc(*)c(Cl)c1,3377502902.0
*CC(*)c1ccc(OC(C)=O)cc1,2761757583.0
*CC(*)(C)C(=O)OCc1ccc(Cl)c(Cl)c1,2869123900.0
*CCCCN(C)C(=O)c1ccc(C(=O)N(*)C)cc1,3853138742.0
*CC(*)c1ccc(COCCOCCCCCCCC)cc1,2262887067.0
*c1ccc(C(c2ccccc2)(c2ccc(-n3c(=O)c4cc5c(=O)n(*)c(=O)c5cc4c3=O)cc2)C(F)(F)F)cc1,2335621380.0
*Oc1ccc(-c2ccc(OC(=O)CCCCCCC(*)=O)cc2)cc1,4074345328.0
*c1ccc(Oc2ccc(NC(=O)CN3C(=O)c4ccc(C(c5ccc6c(c5)C(=O)N(CC(=O)Nc5ccc(Oc7ccc(-c8nnc(*)o8)cc7)cc5)C6=O)(C(F)(F)F)C(F)(F)F)cc4C3=O)cc2)cc1,3499596834.0
*CC(*)CCCCCCCCCCCCCC,2570717871.0
*Oc1ccc(C(CCC)(CCC)c2ccc(OC(*)=O)c(C)c2)cc1C,2086540178.0
*c1cccc(Oc2ccc(N3C(=O)c4ccc(Oc5ccc6c(c5)C(=O)N(*)C6=O)cc4C3=O)cc2)c1,4034606019.0
*CC1CCC(*)C1,3732456453.0
*CCC1CC2C(CC(*)C2OC(=O)CCCCCCCCCCOc2ccc(-c3ccc(C#N)cc3)cc2)C1OC(=O)CCCCCCCCCCOc1ccc(-c2ccc(C#N)cc2)cc1,3811435078.0
*c1ccc(Oc2c(C)cc(C(c3cc(C)c(Oc4ccc(N5C(=O)c6ccc(-c7ccc8c(c7)C(=O)N(*)C8=O)cc6C5=O)cc4)c(C)c3)c3cccc4ccccc34)cc2C)cc1,2707964561.0
*CC(*)c1ccccc1COCCCCC,2422053501.0
*CC(*)C(=O)OC(C)(C)C,2363173283.0
*c1cccc(P(=O)(c2ccccc2)c2cccc(-n3c(=O)c4cc5c(=O)n(*)c(=O)c5cc4c3=O)c2)c1,3118868108.0
*CC(*)C(=O)OCCC#N,5257958362.0
*c1ccc(-c2ccc(N3C(=O)c4ccc(-c5ccc6c(c5)C(=O)N(*)C6=O)cc4C3=O)cc2C(F)(F)F)c(C(F)(F)F)c1,2219875181.0
*CC(C)C(*)(C)C,2967550847.0
*CC(*)P(=O)(OCC)N(C)C,2751702909.0
*c1ccc2c(c1)-c1nc3cc(Oc4ccc5nc6n(c5c4)C(=O)c4cc(C(*)(C(F)(F)F)C(F)(F)F)ccc4-6)ccc3n1C2=O,3324430010.0
*CCCCCCCCCCCCNC(=O)CCCCCCCCCCCCCCCCCCC(=O)N*,2985878717.0
*CC(*)OCCCCCCCCCCCC,2616286261.0
*c1ccc(NC(=O)CCCCC(=O)Nc2ccc(S(*)(=O)=O)cc2)cc1,4756352736.0
*CC(*)CCCN(C(C)C)C(C)C,2817474785.0
*CC(*)OC(=O)CCCCCCC,2527159514.0
*NC(=O)NCCCCCCNC(=O)Nc1ccc(Cc2ccc(*)cc2)cc1,3931450929.0
*CC(*)(C)c1ccc(C)cc1,2197781632.0
*CC(*)CCCN(CC(C)C)CC(C)C,2835946763.0
*C(=O)Nc1ccccc1NC(=O)c1ccc(N2C(=O)c3ccc(*)cc3C2=O)cc1,3843134422.0
*c1ccc(Sc2ccc(-n3c(=O)c4cc5c(=O)n(*)c(=O)c5cc4c3=O)cc2)cc1,3852121204.0
*CCC=C(*)Cl,3241047198.0
*C(OC(F)(F)F)C(*)(F)F,2368620779.0
*CC(*)Cc1ccccc1C,2806737744.0
*c1ccc(Oc2cccc(Oc3ccc(N4C(=O)c5ccc(-c6ccc7c(c6)C(=O)N(*)C7=O)cc5C4=O)cc3)c2)cc1,4107183725.0
*c1ccc2c(c1)-c1nc3cc(Oc4ccc5c(c4)nc4n5C(=O)c5cc(C(*)(C(F)(F)F)C(F)(F)F)ccc5-4)ccc3n1C2=O,2954528219.0
*Oc1ccc(Sc2ccc(OC(*)=O)cc2)cc1,3743539446.0
*c1ccc(Oc2ccc(Oc3ccc(-n4c(=O)c5cc6c(=O)n(*)c(=O)c6cc5c4=O)cc3)cc2)cc1,4000798825.0
*c1cccc(P(=O)(c2ccccc2)c2cccc(-n3c(=O)c4c(-c5ccc(C(F)(F)F)cc5)c5c(=O)n(*)c(=O)c5c(-c5ccc(C(F)(F)F)cc5)c4c3=O)c2)c1,1840813973.0
*Oc1ccc2c(c1)C1(CC2(C)C)CC(C)(C)c2ccc(OC(*)=O)cc21,2541153248.0
*CC(*)c1ccc(F)cc1C,2348362233.0
*CC(*)(C)C(=O)OCCCCCCN(C)c1ccc(/N=N/c2ccc(S(C)(=O)=O)cc2)cc1,4198235775.0
*CCOc1ccc(C(=O)OCCOC(=O)c2ccc(O*)cc2)cc1,4476982234.0
*C=CCCCCCCCCCC*,2580948272.0
*CC(*)c1ccccc1C(=O)OCCN(C)C,2876147288.0
*c1ccc2c(c1)C(=O)N(c1cc(N3C(=O)c4ccc(C(*)(C(F)(F)F)C(F)(F)F)cc4C3=O)ccc1C)C2=O,2317983968.0
*c1ccc(Oc2ccc(-c3ccc(Oc4ccc(N5C(=O)c6ccc(-c7ccc8c(c7)C(=O)N(*)C8=O)cc6C5=O)cc4)cc3)cc2)cc1,3830587393.0
*C(=O)Nc1ccc(Oc2ccc(N3C(=O)c4ccc(*)cc4C3=O)cc2)cc1,4212935653.0
*c1ccc(C(Cl)(Cl)C(*)Cl)cc1,2663011611.0
*C1CCC(*)C1,3294847131.0
*CCCCCCNC(=O)c1ccc(C(=O)N*)cc1,4057505038.0
*CC(*)c1ccc(C)nc1,2288412140.0
*Oc1ccc(S(=O)(=O)c2ccc(OC(=O)c3ccc(C(*)=O)cc3)cc2)cc1,3952841939.0
*CCCCCCNC(=O)CCCCC(=O)N*,4530222196.0
*CC(*)(CC(=O)OCC1CCCCC1)C(=O)OCC1CCCCC1,2598010707.0
*c1cccc(Oc2ccc(S(=O)(=O)c3ccc(Oc4cccc(-n5c(=O)c6cc7c(=O)n(*)c(=O)c7cc6c5=O)c4)cc3)cc2)c1,3766312042.0
*c1ccc(C(C)(C)c2ccc(C(C)(C)c3ccc(N4C(=O)c5ccc(Oc6ccc7c(c6)C(=O)N(*)C7=O)cc5C4=O)cc3)cc2)cc1,3382371802.0
*CC(*)(C)C(=O)OCc1c(Cl)cccc1Cl,3001911419.0
*Oc1ccc(C2(c3ccc(OC(*)=O)cc3)c3ccccc3-c3ccccc32)cc1,2725924070.0
*c1ccc(-c2sc(-c3ccc(-n4c(=O)c5cc6c(=O)n(*)c(=O)c6cc5c4=O)cc3)c(-c3ccccc3)c2-c2ccccc2)cc1,2366368424.0
*c1cccc(P(=O)(c2ccc(C(F)(F)F)cc2)c2cccc(-n3c(=O)c4c(-c5ccc(C(F)(F)F)cc5)c5c(=O)n(*)c(=O)c5c(-c5ccc(C(F)(F)F)cc5)c4c3=O)c2)c1,2124272597.0
*CC(*)(C)C(=O)OC,2768876873.0
*OC(C)COC(*)=O,3669643507.0
*CCCCCCNC(=O)c1ccc(C2(C)CC(C)(C)c3ccc(C(=O)N*)cc32)cc1,3173197280.0
*Oc1ccc(C(C)(C)c2ccc(OC(=O)Sc3ccc(C(C)(C)c4ccc(SC(*)=O)cc4)cc3)cc2)cc1,3166079868.0
*Cc1cc(C(C)(C)c2ccc3c(c2)CN(C)CO3)cc(CN(*)C)c1O,3496653107.0
*CC(OC)C1C(=O)OC(=O)C1*,4009261895.0
*CC(*)c1ccc(COCCCCCC)cc1,2585094610.0
*CC(*)(CC(=O)OCCC)C(=O)OCCC,2389590020.0
*c1ccc(Oc2ccc(Oc3ccc(N4C(=O)c5ccc(Oc6ccc(C7(c8ccc(Oc9ccc%10c(c9)C(=O)N(*)C%10=O)cc8)CCCCCCCCCCC7)cc6)cc5C4=O)cc3)c(C(C)(C)C)c2)cc1,2955095843.0
*c1ccc(-c2ccc(N3C(=O)c4ccc(Oc5ccc6c(c5)C(=O)N(*)C6=O)cc4C3=O)cc2)cc1,3319708177.0
*CC(*)c1cccc2ccccc12,2340495452.0
*CC(*)c1ccccc1C(=O)N(C)C,1734826935.0
*CC(*)CNc1ccc([N+](=O)[O-])c(C(F)(F)F)c1,4419280428.0
*CCCSS*,2989984895.0
*CC(*)c1ccccc1C(=O)Oc1ccccc1,2807633842.0
*Oc1ccc(Oc2ccc(Oc3ccc(S(=O)(=O)c4ccc(*)cc4)cc3)cc2)cc1,3267101421.0
*CC(*)(C)C(=O)OCCO,3846916141.0
*c1ccc(Oc2ccc(Oc3ccc(N4C(=O)c5ccc(Oc6ccc(C7(c8ccc(Oc9ccc%10c(c9)C(=O)N(*)C%10=O)cc8)CCC(C(C)(C)C)CC7)cc6)cc5C4=O)cc3)c(C(C)(C)C)c2)cc1,3498347055.0
*C(=O)c1ccc2c(c1)C(=O)N(c1c(C)c(C)c(N3C(=O)c4ccc(*)cc4C3=O)c(C)c1C)C2=O,2600497854.0
*CC(*)c1ccccc1COCC,2365296377.0
*C(=O)Nc1cccc(/C=C/C(=O)/C=C/c2cccc(NC(=O)c3ccc(N4C(=O)c5ccc(*)cc5C4=O)cc3)c2)c1,3702480794.0
*CC1CCC(COC(=O)CCC(=O)O*)CC1,4110680208.0
*CC(*)O,6108361464.0
*c1ccc(Oc2ccc(Oc3ccc(N4C(=O)C5CCC6C(=O)N(*)C(=O)C6C5C4=O)cc3)cc2)cc1,4130425443.0
*C(CC)C(*)CC,2281219497.0
*Oc1ccc2c(c1)C1(CC2(C)C)CC(C)(C)c2ccc(OC(=O)c3ccc(C(*)=O)cc3)cc21,2908668346.0
*CC(*)c1ccc(C(F)(F)C(F)(F)C(F)(F)C(F)(F)C(F)(F)C(F)F)cc1,2044833069.0
*CC(*)c1ccc(OCCCC)cc1,2042060201.0
*CCCCOC(=O)CCCCC(=O)O*,4097397994.0
*CC(*)c1ccc(C(=O)OCC(C)C)cc1,2769724013.0
*CC(*)CCCCCCCCC,2352327975.0
*CC(*)OC(=O)C1(F)C(F)(F)C(F)(F)C(F)(F)C(F)(F)C1(F)F,2357432670.0
*CCO*,2760335281.0
*CC(*)C(=O)Oc1ccc(Cl)cc1Cl,3085986342.0
*c1ccc(Oc2ccc(N3C(=O)c4ccc(Oc5cccc6c5C(=O)N(*)C6=O)cc4C3=O)cc2)cc1,3395201270.0
*CC(*)c1c(Cl)cccc1Cl,1997451620.0
*CCCCCCCC(*)C,2734915274.0
*c1cccc(Oc2ccc(-n3c(=O)c4cc5c(=O)n(*)c(=O)c5cc4c3=O)cc2)c1,4059370582.0
*CC(*)OC(=O)CCCCCCCCC,2436255176.0
*CCCCCCCCCCCCSC(=O)S*,3341452079.0
*CC(*)(C)C(=O)OCCC#N,4135286008.0
*c1ccc(Oc2ccc(C(C)(C)c3ccc(Oc4ccc(N5C(=O)C6CCC7C(=O)N(*)C(=O)C7C6C5=O)cc4)cc3)cc2)cc1,3951822978.0
*Oc1ccc2ccc(OC(=O)c3ccccc3/C=C/c3ccc(/C=C/c4ccccc4C(*)=O)cc3)cc2c1,3255344891.0
*c1ccc(-c2ccc(-c3ccc(-n4c(=O)c5cc6c(=O)n(*)c(=O)c6cc5c4=O)cc3)cc2)cc1,2738013475.0
*CC(*)c1ccccc1C(=O)OCC,2133087825.0
*c1ccc(N2C(=O)c3ccc(-c4ccc5c(c4)C(=O)N(*)C5=O)cc3C2=O)c(C)c1,3514898839.0
*CC(*)(CC(=O)OCCCC1CCCCC1)C(=O)OCCCC1CCCCC1,2865687162.0
*CC(*)C(=O)OCC=C,2753157699.0
*OC(C)C(*)=O,2675038726.0
*c1ccc(S(=O)(=O)c2ccc(N3C(=O)c4ccc(C(=O)c5ccc6c(c5)C(=O)N(*)C6=O)cc4C3=O)cc2)cc1,3458141502.0
*C(=O)Nc1ccc(Cc2ccc(NC(=O)c3ccc(N4C(=O)c5ccc(*)cc5C4=O)cc3)cc2)cc1,3910081078.0
*C(=O)c1ccc2c(c1)C(=O)N(c1ccc(C(=O)Nc3cccc(N4C(=O)c5ccc(*)cc5C4=O)c3)cc1)C2=O,4084713953.0
*CC(*)c1ccc(C(=O)C(F)(F)F)cc1,2342071712.0
*Oc1ccc(C(=O)CCCCCCCCC(=O)c2ccc(OC(*)=O)cc2)cc1,4230880879.0
*OS(=O)(=O)c1ccc(*)cc1,4760254996.0
*CC/C=C(\*)C(C)(C)C,3025947965.0
*CCCC(=O)N*,5570972001.0
*CCCCCCOC(=O)O*,3321319735.0
*Oc1ccc(C(C)(C)c2ccc(OC(=O)c3ccc(C(*)=O)cc3)cc2)cc1,3582564736.0
*CC(*)c1nc(C)nc(C)n1,2871751727.0
*CCCCCCN1C(=O)c2ccc(C(c3ccc4c(c3)C(=O)N(*)C4=O)(C(F)(F)F)C(F)(F)F)cc2C1=O,2806760187.0
*CC(*)N1CCNC1,3997780898.0
*c1ccc2c(c1)C(=O)N(c1ccc(Oc3c(C)cc(Cc4cc(C)c(Oc5ccc(N6C(=O)c7ccc(C(*)(C(F)(F)F)C(F)(F)F)cc7C6=O)cc5)c(C)c4)cc3C)cc1)C2=O,2718433990.0
*NC(=O)c1cccc(C(=O)Nc2ccc(-c3ccc(*)cc3)cc2)c1,4172157382.0
*C1C(*)C2CC1C1C=CCC12,2699852326.0
*CC(*)CC(C)C,2467899529.0
*CCCCCCCCNC(=O)CCCCCCCCC(=O)N*,3126834073.0
*CC(*)OC(=O)C1CCCCC1,2711178789.0
*c1ccc(Cc2ccc(N3C(=O)c4ccc(-c5ccc6c(c5)C(=O)N(*)C6=O)cc4C3=O)cc2)cc1,4116995637.0
*CC(*)c1ccc(S(=O)(=O)OCCC)cc1,2920282320.0
*c1ccc2c(c1)C(=O)N(c1cccc(S(=O)(=O)c3cccc(N4C(=O)c5ccc(C(*)(C(F)(F)F)C(F)(F)F)cc5C4=O)c3)c1)C2=O,3030855664.0
*CC(*)OC(C)=O,2894141783.0
*CC(*)OCCOC,2970150852.0
*CC(*)c1ccc(C)cc1,2311216241.0
*CC(*)C(=O)Oc1ccccc1C(=O)OC,3647233908.0
*CC(*)c1ccc(C(=O)OC(C)C)cc1,2661020947.0
*c1ccc(-n2c(=O)c3cc4c(=O)n(*)c(=O)c4cc3c2=O)c(C)c1,3119660826.0
*CC(*)OC(=O)c1ccccc1C,3501598543.0
*CC(*)c1ccc(Cl)c(F)c1,2006299830.0
*CC(*)c1ccccc1COCCC,2219684877.0
*CCCC=C(*)c1ccc(OC)cc1,3104806110.0
*c1ccc(Oc2c(C)cc(Cc3cc(C)c(Oc4ccc(N5C(=O)c6ccc(-c7ccc8c(c7)C(=O)N(*)C8=O)cc6C5=O)cc4)c(C)c3)cc2C)cc1,3178384906.0
*CC(*)c1cc(C)c(C)cc1C,2543778784.0
*C(=O)c1ccc2c(c1)C(=O)N(c1ccc(-c3ccc(N4C(=O)c5ccc(*)cc5C4=O)cc3)cc1)C2=O,3728311739.0
*Oc1ccc(S(=O)(=O)c2ccc(Oc3ccc(C(C)(C)c4ccc(*)cc4)cc3)cc2)cc1,3478682655.0
*c1ccc(Oc2ccc(N3C(=O)c4ccc(Oc5ccc(S(=O)(=O)c6ccc(Oc7ccc8c(c7)C(=O)N(*)C8=O)cc6)cc5)cc4C3=O)cc2)cc1,4031110984.0
*CC(*)C1CCCC(C)C1,2878068841.0
*CC(*)C(=O)OC(C(F)(F)F)C(F)(F)F,2377030705.0
*c1ccc(Cc2ccc(N3C(=O)C4CCC5C(=O)N(*)C(=O)C5C4C3=O)c(C)c2)cc1C,3483422453.0
*CC(*)c1ccccc1C(=O)Nc1ccccc1,2354336054.0
*CC(*)OC(=O)C(F)(F)C(F)(F)F,2441350280.0
*CC(*)OC(=O)CCCCCCCCCCC,2725721544.0
*CC(*)c1ccc(C(C)C)cc1C(C)C,1923147576.0
*Oc1c(C)cc(C(C)(C)c2cc(C)c(ON3C(=O)c4ccc(Oc5ccc(C6(c7ccc(Oc8ccc9c(c8)C(=O)N(*)C9=O)cc7)CCC(C(C)(C)C)CC6)cc5)cc4C3=O)c(C)c2)cc1C,2905496480.0
*CC(*)OC(=O)c1cccc(Cl)c1,2934899981.0
*Oc1ccc(C2(c3ccc(OC(*)=O)cc3)CCCC2)cc1,3445030066.0
*c1ccc(-c2ccc(N3C(=O)c4ccc(-c5ccc6c(c5)C(=O)N(*)C6=O)cc4C3=O)c(OC)c2)cc1OC,2593702088.0
*CC(*)OC(=O)C(F)(F)C(F)(F)C(F)(F)C(F)(F)C(F)(F)F,2462054569.0
*CC(*)CCCC1CCCCC1,3292682726.0
*CC(*)c1ccc(CCCCCCCCCC)cc1,2586633470.0
*Cc1ccc(-c2ccc(C(=O)O*)cc2)cc1,3651479457.0
*CC(*)OC(=O)CCCC(=O)c1ccccc1,4156723486.0
*c1ccc(-c2ccc(-n3c(=O)c4cc5c(=O)n(*)c(=O)c5cc4c3=O)c(C)c2)cc1C,1996826736.0
*CCCCCCCCCCCCC(=O)N*,3677129962.0
*CC(C)(CCC)C(=O)O*,2625675420.0
*Oc1ccc2ccc(OC(=O)Oc3ccc(OC(*)=O)cc3)cc2c1,3561308208.0
*CC(*)C(=O)Oc1ccccc1,3599946599.0
*CC(C)CNC(=O)O*,4419128188.0
*C1CCC(CC2CCC(N3C(=O)C4C5C=CC(C6C(=O)N(*)C(=O)C56)C4C3=O)C(C)C2)CC1C,3592405103.0
*CC(*)C(=O)O,7862449488.0
*CC(*)c1ccc(I)cc1,2049612209.0
*CC(*)c1ccccn1,2831613696.0
*Cc1ccc2[nH]c(-c3ccc4sc5ccc(-c6nc7cc(*)ccc7[nH]6)cc5c4c3)nc2c1,3402354907.0
*Oc1ccc(C(C)(C)c2ccc(OC(=O)c3ccc(C(=O)c4ccc(C(*)=O)cc4)cc3)cc2)cc1,3487212583.0
*c1ccc(-c2ccc(N3C(=O)c4ccc(-c5ccc6c(c5)C(=O)N(*)C6=O)cc4C3=O)cc2)cc1,3984009699.0
*C(C)C(*)O,3812048061.0
*CC(*)c1ccc(C(=O)OCCCC)cc1,2462971995.0
*CC(*)OCC(C)(C)C,2067687629.0
*c1ccc2c(c1)C(=O)N(c1cc(C(c3ccc(O)c(N4C(=O)c5ccc(C(*)(C(F)(F)F)C(F)(F)F)cc5C4=O)c3)(C(F)(F)F)C(F)(F)F)ccc1O)C2=O,2942218085.0
*C(=O)Oc1ccc(OC(=O)c2ccc3c(c2)C(=O)N(c2ccc(C(=O)Nc4ccc(N5C(=O)c6ccc(*)cc6C5=O)cc4)cc2)C3=O)cc1,4181470542.0
*Oc1ccc(C(C)(CCC#N)c2ccc(OC(*)=O)cc2)cc1,3760414840.0
*c1ccc(-c2ccc(-n3c(=O)c4cc5c(=O)n(*)c(=O)c5cc4c3=O)c(OC)c2)cc1OC,2065692856.0
*CC(*)c1ccccc1C(=O)OCCCCC,2382639858.0
*CC(*)Cc1ccccc1,3403524273.0
*CC(*)(CC(=O)OCCCc1ccccc1)C(=O)OCCCc1ccccc1,3206633384.0
*CC(*)OC(=O)c1ccc(Cl)cc1,2983996685.0
*CC(*)c1cc(Cl)ccc1Cl,2051155029.0
*CC(*)CCCC(C)(C)C,2572138016.0
*c1ccc(S(=O)(=O)c2ccc(N3C(=O)c4ccc(Oc5ccc6c(c5)C(=O)N(*)C6=O)cc4C3=O)cc2)cc1,3935855622.0
*CCCCCCCCCCN1C(=O)C2C3C=CC(C4C(=O)N(*)C(=O)C34)C2C1=O,4100079653.0
*C(C)C(*)OCCCC,2180469543.0
*C(=O)c1ccc2c(c1)C(=O)N(c1c(C)cc(C(c3cc(C)c(N4C(=O)c5ccc(*)cc5C4=O)c(C)c3)c3cccc4ccccc34)cc1C)C2=O,2120326227.0
*CC(*)C(=O)OCCCCCC,2559937138.0
*c1ccc(Cc2ccc(N(*)Cc3ccccc3)cc2)cc1,3521632674.0
*CC(*)c1cc(C(C)C)ccc1C(C)C,1993636751.0
*CC(*)c1ccc(C(O)CCN2CCCCC2)cc1,3234771223.0
*CC(*)C(C)(C)C,2591965807.0
*c1cc(C(c2ccc(O)c(N3C(=O)c4ccc(Oc5ccc6c(c5)C(=O)N(*)C6=O)cc4C3=O)c2)(C(F)(F)F)C(F)(F)F)ccc1O,3472526351.0
*OC(C)CC(*)=O,3129966157.0
*Nc1ccc(*)cc1,4416429417.0
*CC(c1ccccn1)C(c1ccccc1)C(*)c1ccccn1,2309751117.0
*C(=O)Nc1ccc(C2(c3ccc(NC(=O)c4ccc5c(c4)C(=O)N(c4ccc(Sc6ccc(Oc7ccc(Sc8ccc(N9C(=O)c%10ccc(*)cc%10C9=O)cc8)cc7)cc6)cc4)C5=O)cc3)c3ccccc3-c3ccccc32)cc1,3556658616.0
*CC(*)C(=O)OCC,3043797409.0
*c1ccc(C(=O)Nc2ccc(-n3c(=O)c4cc5c(=O)n(*)c(=O)c5cc4c3=O)cc2)cc1,4840607536.0
*NC(CCC(=O)OCC)C(*)=O,3945219325.0
*CCCCCC(=O)O*,3567082354.0
*CC(*)OC(=O)c1ccc(Br)cc1,2885376048.0
*c1ccc(Oc2c(C)cc(-c3cc(C)c(Oc4ccc(N5C(=O)c6ccc(Oc7ccccc7Oc7ccc8c(c7)C(=O)N(*)C8=O)cc6C5=O)cc4C(F)(F)F)c(C)c3)cc2C)c(C(F)(F)F)c1,2998064750.0
*CC(*)OC,3233496230.0
*CC(*)OC(=O)c1ccc(OC(C)=O)cc1,2889995379.0
*C(F)(F)C(*)(F)OC(F)(F)C(F)(F)F,1446732709.0
*NC(=O)NCCCCCCNC(=O)NCCCCC(*)C(=O)OC,4073864309.0
*CC(*)C(=O)Oc1c(Cl)c(Cl)c(Cl)c(Cl)c1Cl,2472745421.0
*CC(*)CCC(C)CC,2544206205.0
*CC(*)(C)C(C)=O,2903525424.0
*c1ccc(Oc2ccc(Oc3ccc(N4C(=O)c5ccc(C(c6ccc7c(c6)C(=O)N(*)C7=O)(C(F)(F)F)C(F)(F)F)cc5C4=O)cc3)cc2)cc1,3367854107.0
*Oc1ccc(NC(=O)c2cccc(C(=O)Nc3ccc(*)cc3)c2)cc1,4122952989.0
*CC(*)c1ccccc1,2517005617.0
*CCCCCCOC(=O)c1ccc(C(=O)O*)cc1,3435536024.0
*CC(*)(C)OC,2684076232.0
*Oc1ccc(-c2ccc(OC(=O)CCCCCCCCCCCCC(*)=O)cc2)cc1,3435917477.0
*c1ccc(N2C(=O)c3ccc(Oc4ccc5c(c4)C(=O)N(*)C5=O)cc3C2=O)cc1,3865003392.0
*c1ccc(Oc2ccc(Oc3ccc(N4C(=O)c5ccc(Oc6ccc(C7(c8ccc(Oc9ccc%10c(c9)C(=O)N(*)C%10=O)cc8)CCC(c8ccccc8)CC7)cc6)cc5C4=O)cc3)c(C(C)(C)C)c2)cc1,3503586368.0
*CC(*)C(=O)OCc1ccc(C#N)cc1,3562055262.0
*c1ccc(Oc2ccc(N3C(=O)c4ccc(Oc5ccc(C(c6ccc(Oc7ccc8c(c7)C(=O)N(*)C8=O)cc6)(C(F)(F)F)C(F)(F)F)cc5)cc4C3=O)cc2)cc1,3558603269.0
*C(=O)Oc1ccc(OC(=O)c2ccc3c(c2)C(=O)N(c2ccc(C(=O)Oc4ccc(N5C(=O)c6ccc(*)cc6C5=O)cc4)cc2)C3=O)cc1,3723641127.0
*Oc1ccc(-c2ccc(OC(=O)CCCCCC(*)=O)cc2)cc1,4482180812.0
*CC(*)c1ccc(COCCCCO)cc1,3904588837.0
*CC(*)(C)C(=O)OCC(=O)c1ccccc1,3693639322.0
*c1cccc(N2C(=O)c3ccc(-c4cccc5c4C(=O)N(*)C5=O)cc3C2=O)c1,3621804757.0
*c1cccc(-c2nc3cc(-c4ccc5nc(*)c(-c6ccc7ccccc7c6)nc5c4)ccc3nc2-c2ccc3ccccc3c2)c1,2073435470.0
*C(=O)c1ccc2c(c1)C(=O)N(c1cccc(C(=O)c3cccc(N4C(=O)c5ccc(*)cc5C4=O)c3)c1)C2=O,4117333003.0
*CC(*)CNc1ccc([N+](=O)[O-])cc1,5001413657.0
*CC(*)N1CCCC1=O,3216991436.0
*CC(*)C(=O)c1ccc(C)cc1,2947408022.0
*/C=C/C(C(=O)OCc1ccc(Cl)cc1)C(*)C(=O)OCc1ccc(Cl)cc1,3270560867.0
*CC(*)C(=O)Oc1ccc(C(=O)OC)cc1,3393999234.0
*CC(*)C(=O)c1ccc(C)c(C)c1,3115251984.0
*CC(*)OC(=O)CC1CCCC1,2941962400.0
*CCCCCCS(=O)(=O)c1ccc(/N=N/c2ccc(N(C)CCCCCC(=O)O*)cc2)cc1,4029603135.0
*c1ccc(Sc2ccc3c(c2)Sc2ccc(Sc4ccc(-n5c(=O)c6cc7c(=O)n(*)c(=O)c7cc6c5=O)cc4)cc2S3)cc1,4204301955.0
*CC(*)C(=O)Oc1ccc(OC)cc1,2957839248.0
*CCOCCOC(=O)c1ccc(-c2ccc(C(=O)O*)cc2)cc1,4278343761.0
*CCCCOC(=O)NCCCCCCNC(=O)O*,4689334467.0
*CC(*)c1ccc(C(=O)CCN2CCOCC2)cc1,3856765277.0
*Oc1ccc(C(c2ccccc2)(c2ccccc2)c2ccc(OC(*)=O)cc2)cc1,2668119725.0
*CCC=C(*)CCC,2362491115.0
*CCOC(=O)c1ccc(C(=O)O*)cc1,4256049980.0
*CC(*)C(=O)c1ccc(CCC)cc1,2463563971.0
*Oc1cc(C(C)(C)C)c(Oc2ccc(C(=O)Nc3ccc(C(c4ccc(NC(=O)c5ccc(*)cc5)cc4)(C(F)(F)F)C(F)(F)F)cc3)cc2)cc1C(C)(C)C,2107658688.0
*CC(*)OC(=O)c1ccc(C(C)C)cc1,2255039198.0
*Oc1ccc(C(c2ccc(Oc3ccc(C(=O)c4cccc(C(=O)c5ccc(*)cc5)c4)cc3)cc2)(C(F)(F)F)C(F)(F)F)cc1,3864139431.0
*CC(*)C(=O)c1ccccc1O,3231848821.0
*c1cccc(Oc2cccc(Oc3cccc(N4C(=O)c5ccc(-c6cccc7c6C(=O)N(*)C7=O)cc5C4=O)c3)c2)c1,3011729557.0
*CCCC=C(*)c1ccccc1,3386813350.0
*C(=O)Oc1ccc(C(C)(C)c2ccc(OC(=O)c3ccc4c(c3)C(=O)N(c3ccc(-c5ccc(N6C(=O)c7ccc(*)cc7C6=O)cc5)cc3)C4=O)cc2)cc1,4160894224.0
*Oc1ccc(S(=O)(=O)c2ccc(*)cc2)cc1,3607372536.0
*Oc1ccc(C(C)(c2ccccc2)c2ccc(OC(*)=O)cc2)cc1,3334022853.0
*c1ccc2c(c1)C(=O)N(c1ccc(Oc3ccc(N4C(=O)c5ccc(C(F)(F)C(F)(F)C(*)(F)F)cc5C4=O)cc3)cc1)C2=O,3365218625.0
*CC(*)C1CCCCC1,2427625278.0
*CCc1ccc(*)c(C)c1,3728824444.0
*CC(*)c1ccccc1C(=O)OCCCC,2202650158.0
*Cc1cccc(CNC(=O)CCCCC(=O)N*)c1,5283892295.0
