SMILES,CO2/N2 Selectivity
*C(=C(*)c1ccc2c(c1)Cc1ccccc1-2)c1ccccc1,6.53846153846154
*c1cccc(N2C(=O)c3ccc(C(c4ccc5c(c4)C(=O)N(*)C5=O)(C(F)(F)F)C(F)(F)F)cc3C2=O)c1C,18.7043189368771
*c1ccc(Cc2ccc(N3C(=O)c4ccc(-c5ccc6c(c5)C(=O)N(*)C6=O)cc4C3=O)c(Cl)c2)cc1Cl,31.85667752443
*c1ccc(Oc2ccc(N3C(=O)c4ccc(C(c5ccc6c(c5)C(=O)N(*)C6=O)(C(F)(F)F)C(F)(F)F)cc4C3=O)cc2)cc1,26.4711976792375
*Oc1c(C)cc(C(c2cc(C)c(Oc3ccc(S(=O)(=O)c4ccc(*)cc4C(O)(C(F)(F)F)C(F)(F)F)c(C(O)(C(F)(F)F)C(F)(F)F)c3)c(C)c2)(C(F)(F)F)C(F)(F)F)cc1C,13.6824324324324
*c1cc(C)c2c(c1)CN1CN2Cc2cc(N3C(=O)c4ccc(Oc5ccc6c(c5)C(=O)N(*)C6=O)cc4C3=O)cc(C)c21,26.8
*c1c(C)cc(-c2cc(C)c(N3C(=O)c4cc5c(cc4C3=O)C3(C(C)C)c4ccccc4C5(C(C)C)c4cc5c(cc43)C(=O)N(*)C5=O)c3ccccc23)c2ccccc12,19.9511111111111
*c1cc(C)c(Cc2cc(C)c(N3C(=O)c4ccc(Oc5ccc(Oc6ccc7c(c6)C(=O)N(*)C7=O)cc5)cc4C3=O)cc2C)cc1C,35.9621451104101
*Oc1ccc(C(=O)c2ccc(Oc3ccc(*)cc3)cc2)cc1,24.1959798994975
*Oc1ccc(C(C)(C)c2ccc(Oc3ccc(S(=O)(=O)c4ccc(*)cc4)cc3)cc2)cc1,26.3709677419355
*CC(*)c1ccc(C)cc1,19.8666666666667
*c1c(C)cc(C)c(N2C(=O)c3ccc(C(c4ccc5c(c4)C(=O)N(*)C5=O)(C(F)(F)F)C(F)(F)F)cc3C2=O)c1C,17.388085106383
*O[Si](*)(C)CCCCCCCC,10.881494454174
*Nc1ccc(C(C)(C)c2ccc(NC(=O)c3ccc(Oc4cc(C(C)(C)C)c(Oc5ccc(C(*)=O)cc5)cc4C(C)(C)C)cc3)cc2)cc1,28.2608695652174
*CC(*)OC(=O)c1ccc(C)cc1,19.8525073746313
*Oc1ccc(C2(c3ccc(Oc4ccc(S(=O)(=O)c5ccc(*)cc5)cc4)cc3)c3ccccc3-c3ccccc32)cc1,28.5123966942149
*Oc1ccc(C(C)(C)c2ccc(Oc3ccc(C(=O)c4ccc5c(c4)C(C)(C4CCCCC4)CC5(c4ccc(C(=O)c5ccc(*)cc5)cc4)C4CCCCC4)cc3)cc2)cc1,28.3636363636364
*c1ccc(Oc2c3c(c(ON4C(=O)c5ccc(C(c6ccc7c(c6)C(=O)N(*)C7=O)(C(F)(F)F)C(F)(F)F)cc5C4=O)c4c2C2c5ccccc5C4c4ccccc42)C2c4ccccc4C3c3ccccc32)cc1C,22.9166666666667
*c1ccc(Cc2ccc(N3C(=O)c4ccc(-c5ccc6c(c5)C(=O)N(*)C6=O)cc4C3=O)c(C)c2)cc1C,29.1925465838509
*C(=C(*)c1ccc2c(c1)C(C)(C)CC2(C)C)c1ccc(C)cc1,4.1219512195122
*N=P(*)(Oc1ccc(Br)cc1)Oc1ccc(Br)cc1,22.7777777777778
*c1cccc(NC(=O)C(F)(F)C(F)(F)C(F)(F)C(F)(F)C(F)(F)C(F)(F)C(=O)Nc2cccc(N3C(=O)c4ccc(C(c5ccc6c(c5)C(=O)N(*)C6=O)(C(F)(F)F)C(F)(F)F)cc4C3=O)c2)c1,18.2
*CC(*)OCC1CCCCC1,12.804347826087
*c1cc(C(=O)OCCC(F)(F)C(F)(F)C(F)(F)C(F)(F)C(F)(F)C(F)(F)F)cc(N2C(=O)c3ccc(C(c4ccc5c(c4)C(=O)N(*)C5=O)(C(F)(F)F)C(F)(F)F)cc3C2=O)c1,24.0540540540541
*CO*,18.75
*=CC1CC(C=*)C2C(=O)N(C3CCCC3)C(=O)C12,19.5555555555556
*Oc1ccc(Cc2ccc(Oc3ccc(S(=O)(=O)c4ccc(*)cc4)cc3)cc2)cc1,22.5
*Oc1ccc(C(c2ccc(Oc3ccc(S(=O)(=O)c4ccc(*)cc4)cc3)cc2)c2ccccc2C(=O)O)cc1,51.487414187643
*Oc1ccc(C2(c3ccc(Oc4ccc(S(=O)(=O)c5ccc(*)cc5)cc4)cc3)CCCCC2)cc1,23.0909090909091
*c1ccc(-c2ccc(-n3c(=O)c4cc5oc6cc7c(cc6oc5cc4c3=O)C3(CC(C)(C)c4cc5oc6cc8c(=O)n(*)c(=O)c8cc6oc5cc43)CC7(C)C)cc2C(F)(F)F)c(C(F)(F)F)c1,26.25
*=CC1CC(C=*)C2C(=O)N(c3c(F)c(F)c(F)c(F)c3F)C(=O)C12,16.2387096774194
*c1ccc2c(c1)C(=O)N(c1ccc(*)cc1C(F)(F)F)C2=O,35.4
*Cc1ccc(C*)cc1,26.7615176151762
*c1ccc(N(c2ccccc2)c2ccc(N3C(=O)c4ccc(C(c5ccc6c(c5)C(=O)N(*)C6=O)(C(F)(F)F)C(F)(F)F)cc4C3=O)cc2)cc1,21.0075757575758
*Oc1ccc(C2(c3ccc(Oc4ccc(C(=O)c5ccc6c(c5)C(C)(C5CCCCC5)CC6(c5ccc(C(=O)c6ccc(*)cc6)cc5)C5CCCCC5)cc4)cc3)CCCCC2)cc1,25.4827586206897
*Nc1ccc(C2(c3ccc(NC(=O)c4cc(C(*)=O)cc(C(C)(C)C)c4)cc3)c3ccccc3-c3ccccc32)cc1,26.8518518518519
*Oc1ccc(C(C)(C)c2ccc(OCCCC(*)O)cc2)cc1,26.3157894736842
*c1cc2c(cc1C)-c1cc(C)c(N3C(=O)c4ccc(-c5ccc6c(c5)C(=O)N(*)C6=O)cc4C3=O)cc1S2(=O)=O,65.5307994757536
*Oc1c(C)cc(C(C)(C)c2cc(C)c(OC(=O)c3cc(C(*)=O)cc(C(C)(C)C)c3)c(Br)c2)cc1Br,21.4150943396226
*C(C)=C(*)SCC,17.7777777777778
*c1c(C)cc(Cc2cc(C)c(-n3c(=O)c4cc5c(=O)n(*)c(=O)c5cc4c3=O)c(C)c2)cc1C,13.7853107344633
*CC(*)C(=O)OCC(F)(F)C(F)(F)C(F)(F)C(F)(F)C(F)(F)C(F)(F)C(F)(F)F,9.62962962962963
*C(=C(*)c1ccc2c(c1)C1(CC1)c1ccccc1-2)c1ccc([Si](C)(C)C)cc1,7.59259259259259
*c1c(C)c(C)c(N2C(=O)c3ccc(Oc4cccc(C)c4Oc4ccc5c(c4)C(=O)N(*)C5=O)cc3C2=O)c(C)c1C,32.5301204819277
*c1ccc(Oc2ccc(C(c3ccc(Oc4ccc(N5C(=O)c6ccc(C(c7ccc8c(c7)C(=O)N(*)C8=O)(C(F)(F)F)C(F)(F)F)cc6C5=O)cc4)cc3)(C(F)(F)F)C(F)(F)F)cc2)cc1,19.4019707781176
*Oc1cc(C)c(C2(c3cc(C)c(Oc4ccc(C(=O)c5ccc(*)cc5)cc4)cc3C)OC(=O)c3ccccc32)cc1C,28.6315789473684
*c1ccc(Cc2ccc(N3C(=O)c4ccc(Oc5ccc(Oc6ccc7c(c6)C(=O)N(*)C7=O)cc5)cc4C3=O)c(C)c2C)c(C)c1C,35.8161648177496
*CC(*)(C)C(=O)OCC,21.5030674846626
*c1ccc(-c2ccc(Oc3ccc4c(c3)C(C)(c3ccc(Oc5ccc(-c6ccc(N7C(=O)c8ccc(C(c9ccc%10c(c9)C(=O)N(*)C%10=O)(C(F)(F)F)C(F)(F)F)cc8C7=O)cc6)cc5C(F)(F)F)cc3)CC4(C)C)c(C(F)(F)F)c2)cc1,23.5450819672131
*c1ccc(C)c(-c2cc(C)c(-c3cc(*)ccc3C)cc2C)c1,25.8333333333333
*Oc1ccc(C(C)(C)c2ccc(OC(*)=O)cc2)cc1,12.21044045677
*c1c(C)cc(-c2cc(C)c(N3C(=O)c4cc5c(cc4C3=O)C3(CC(C)(C)c4cc6c(cc43)C(=O)N(*)C6=O)CC5(C)C)c3ccccc23)c2ccccc12,19.0188679245283
*c1c(C)cc(C)c2c1CN1CN2Cc2c1c(C)cc(C)c2N1C(=O)c2ccc(C(c3ccc4c(c3)C(=O)N(*)C4=O)(C(F)(F)F)C(F)(F)F)cc2C1=O,18.3207547169811
*c1c(C)cc(-c2cc(C)c(N3C(=O)c4cc5c(cc4C3=O)C3(C)c4ccccc4C5(C)c4cc5c(cc43)C(=O)N(*)C5=O)c3ccccc23)c2ccccc12,21.2025316455696
*Oc1ccc(C2(c3ccc(OC(*)=O)cc3)CC3CCC2C3)cc1,19.3205944798302
*c1ccc(Sc2ccc(N3C(=O)c4ccc(C(c5ccc6c(c5)C(=O)N(*)C6=O)(C(F)(F)F)C(F)(F)F)cc4C3=O)cc2)cc1,26.5632183908046
*c1ccc(C(C)(C)c2ccc(N3C(=O)c4ccc(Oc5ccc(Oc6ccc7c(c6)C(=O)N(*)C7=O)cc5)cc4C3=O)cc2)cc1,25.4807692307692
*Oc1ccc(C2(c3ccc(Oc4ccc(C(=O)c5ccc(C(=O)c6ccc(*)cc6)cc5)cc4)cc3)OC(=O)c3ccccc32)cc1,29.8076923076923
*c1ccc(C(C)(C)c2ccc(Oc3ccc(S(=O)(=O)c4ccc(*)cc4)cc3)cc2)cc1,22.3076923076923
*CC(*)c1ccc(C[Si](C)(C)C)cc1,3.09108527131783
*Oc1ccc(S(=O)(=O)c2ccc(Oc3c(C)cc(C(C)(C)c4ccc(C(C)(C)c5cc(C)c(*)c(C)c5)cc4)cc3C)cc2)cc1,23.1173380035026
*c1cc(C(=O)OCCC(F)(F)C(F)(F)C(F)(F)C(F)(F)C(F)(F)C(F)(F)F)cc(N2C(=O)c3ccc(Oc4ccc5c(c4)C(=O)N(*)C5=O)cc3C2=O)c1,19.6964285714286
*/C(C)=C(/*)C(C)C,8.27067669172932
*Cc1ccc(C*)c(Cl)c1,14.2792452830189
*C(C)=C(*)c1ccc([Si](C)(C)C)cc1,9.5
*c1c(C)cc(Cc2cc(C)c(N3C(=O)c4ccc(-c5ccc6c(c5)C(=O)N(*)C6=O)cc4C3=O)c(C)c2)cc1C,24.5345016429354
*Oc1cc(C)c(C(c2cc(C(C)C)c(Oc3ccc(S(=O)(=O)c4ccc(*)cc4)cc3)cc2C)c2ccccc2C(=O)O)cc1C(C)C,33.1571994715984
*Nc1ccc(S(=O)(=O)c2ccc(NC(=O)c3cc(C(*)=O)cc(-c4ccccc4)c3)cc2)cc1,24.6153846153846
*c1cc(C)c2c(c1)CN1CN2Cc2c1ccc(N1C(=O)c3ccc(C(c4ccc5c(c4)C(=O)N(*)C5=O)(C(F)(F)F)C(F)(F)F)cc3C1=O)c2C,23.8461538461538
*c1ccc(Oc2c3c(c(ON4C(=O)c5ccc(C(c6ccc7c(c6)C(=O)N(*)C7=O)(C(F)(F)F)C(F)(F)F)cc5C4=O)c4c2C2c5ccccc5C4c4ccccc42)C2c4ccccc4C3c3ccccc32)cc1,22.8125
*O[Si](*)(C)CCC(F)(F)F,15.5692652832305
*/C=C/C1CCC(*)C1,10.2666666666667
*C(=C(*)c1ccc2c(c1)C(C)(C)c1ccccc1-2)c1ccc(C(C)(C)C)cc1,4.4
*c1ccc(-c2ccc(Oc3ccc4c(c3)C(C)(c3ccc(Oc5ccc(-c6ccc(N7C(=O)c8ccc(C(=O)c9ccc%10c(c9)C(=O)N(*)C%10=O)cc8C7=O)cc6)cc5C(F)(F)F)cc3)CC4(C)C)c(C(F)(F)F)c2)cc1,25.9090909090909
*c1cccc(N2C(=O)c3ccc(Oc4ccc(Oc5ccc6c(c5)C(=O)N(*)C6=O)cc4)cc3C2=O)c1,37.375
*Oc1ccc(C2(c3ccc(Oc4ccc(S(=O)(=O)c5ccc(*)cc5)cc4)c(C)c3)OC(=O)c3ccccc32)cc1C,28.3636363636364
*c1ccc(Cc2ccc(N3C(=O)c4cc(Oc5ccccc5)c(-c5cc6c(cc5Oc5ccccc5)C(=O)N(*)C6=O)cc4C3=O)cc2)cc1,39.7260273972603
*c1ccc(-c2ccc(N3C(=O)c4ccc(-c5ccc6c(c5)C(=O)N(*)C6=O)cc4C3=O)c(O)c2)cc1O,31.3
*C(=C(*)c1ccc([Si](C)(C)C)cc1)c1ccc(O[Si](C)(C)C(C)(C)C)cc1,9.74358974358974
*Cc1ccc(C2(c3ccc(*)cc3)OC(=O)c3ccccc32)cc1,30.1129234629862
*c1ccc(S(=O)c2ccc(N3C(=O)c4ccc(-c5ccc6c(c5)C(=O)N(*)C6=O)cc4C3=O)cc2)cc1,35.0701402805611
*Oc1ccc(C(C)(C)c2ccc(OC(=O)c3cc(C(*)=O)cc(C(C)(C)C)c3)c(C(C)C)c2)cc1C(C)C,14.9212233549583
*Oc1c(Br)cc(C(c2cc(Br)c(OC(=O)c3cc(C(*)=O)cc(C(C)(C)C)c3)c(Br)c2)(C(F)(F)F)C(F)(F)F)cc1Br,19.0380313199105
*C1C(*)C2CC1C1CC([Si](C)(C)C)C21,13.5897435897436
*Nc1cccc2c(NC(=O)c3ccc4c(c3)C(C)(C)CC4(C)c3ccc(C(*)=O)cc3)cccc12,34.1666666666667
*c1cc(C)c(C)c(N2C(=O)c3ccc(Oc4cc(C)c(Oc5ccc6c(c5)C(=O)N(*)C6=O)c(C)c4C)cc3C2=O)c1C,28.9473684210526
*Oc1ccc(C2(c3ccc(Oc4ccc(C(=O)c5ccc6c(c5)C(C)(C5CCCCC5)CC6(c5ccc(C(=O)c6ccc(*)cc6)cc5)C5CCCCC5)cc4)cc3)CC(C)CC(C)(C)C2)cc1,29.53125
*OC(=O)Oc1ccc(C(C)(c2ccccc2)c2ccc(*)cc2)cc1,26.2603878116344
*Oc1ccc(S(=O)(=O)c2ccc(-c3ccc(S(=O)(=O)c4ccc(Oc5ccc(C(C)(C)c6ccc(*)cc6)cc5)cc4)cc3)cc2)cc1,23.0031948881789
*Oc1c(Br)cc(C(C)(C)c2cc(Br)c(OC(=O)c3cc(C(*)=O)cc(C(C)(C)C)c3)c(Br)c2)cc1Br,23.5294117647059
*c1ccc(Oc2ccc(N3C(=O)c4cc(Oc5ccccc5)c(-c5cc6c(cc5Oc5ccccc5)C(=O)N(*)C6=O)cc4C3=O)cc2)cc1,36.2650602409639
*N=P(N=P(*)(Cl)Oc1cc(C(C)C)cc(C(C)C)c1)(Oc1cc(C(C)C)cc(C(C)C)c1)Oc1cc(C(C)C)cc(C(C)C)c1,9.0
*=CC1CC(C=*)C2C(=O)N(C34CC5CC(CC(C5)C3)C4)C(=O)C12,16.78
*C(=C(*)c1cccc(O[Si](C)(C)C(C)(C)C)c1)c1ccc([Si](C)(C)C)cc1,6.74418604651163
*Oc1c(C)cc(C(C)(C)c2cc(C)c(OC(=O)c3cccc(C(*)=O)c3)c(C)c2)cc1C,28.594122319301
*C(=C(*)c1ccc2c(c1)C(C)(C)CC2(C)C)c1ccc(Cl)cc1,3.82608695652174
*CC(*)[Si](C)(C)c1ccccc1,27.3333333333333
*Oc1c(C)cc(C2(c3ccc(Oc4ccc(S(=O)(=O)c5ccc(*)cc5)cc4)cc3)CCCCC2)cc1C,24.5829675153644
*c1c(C)cc(Cc2cc(C)c(N3C(=O)c4ccc(C(c5ccc6c(c5)C(=O)N(*)C6=O)(C(F)(F)F)C(F)(F)F)cc4C3=O)c(C)c2)cc1C,20.6103286384977
*c1ccc(Oc2ccc(N3C(=O)c4ccc(C(=O)c5ccc6c(c5)C(=O)N(*)C6=O)cc4C3=O)cc2)cc1,31.6722972972973
*c1c(C)cc(-c2cc(C)c(N3C(=O)c4cc5c(cc4C3=O)C3Cc4cc6c(cc4C(C5)C3)C(=O)N(*)C6=O)c3ccccc23)c2ccccc12,22.6151012891344
*CC(*)c1ccc(C(C)(C)C)cc1,16.672619047619
*Oc1ccc(C(C)(C)c2ccc(OC(=O)c3ccc(C(*)=O)cc3)c(C)c2)cc1C,25.2173913043478
*N=C1C=CC(=Nc2ccc(Nc3ccc(Nc4ccc(*)cc4OC)cc3OC)cc2OC)C=C1OC,22.5531914893617
*C(C)=C(*)CCCCCC,10.0
*c1cc(C(c2ccc(C)c(-n3c(=O)c4cc5oc6cc7c(cc6oc5cc4c3=O)C3(CC(C)(C)c4cc5oc6cc8c(=O)n(*)c(=O)c8cc6oc5cc43)CC7(C)C)c2)(C(F)(F)F)C(F)(F)F)ccc1C,23.3333333333333
*N=P(*)(C)c1ccccc1,10.8333333333333
*Oc1ccc(C2(c3ccc(OC(=O)c4cccc(C(*)=O)c4)cc3)OC(=O)c3ccccc32)cc1,24.4202898550725
*c1ccc(Oc2ccc(-c3ccc(-c4ccc(Oc5ccc(N6C(=O)c7ccc(C(c8ccc9c(c8)C(=O)N(*)C9=O)(C(F)(F)F)C(F)(F)F)cc7C6=O)cc5)c(C(F)(F)F)c4)cc3)cc2C(F)(F)F)cc1,11.5400696864112
*c1cc2c(cc1C)-c1cc(C)c(N3C(=O)c4ccc(S(=O)(=O)c5ccc6c(c5)C(=O)N(*)C6=O)cc4C3=O)cc1S2(=O)=O,39.1891891891892
*c1cccc(S(=O)(=O)c2cccc(N3C(=O)c4ccc(C(c5ccc6c(c5)C(=O)N(*)C6=O)(C(F)(F)F)C(F)(F)F)cc4C3=O)c2)c1,26.4840182648402
*Oc1ccc(C(C)(c2ccccc2)c2ccc(OC(=O)c3cccc(C(*)=O)c3)cc2)cc1,27.7906976744186
*C[Si](*)(C)C,12.8679562657696
*CC(*)c1ccncc1,26.488
*CC(*)(C)C(=O)OC,30.3324808184146
*c1ccc(-c2nnc(-c3ccc(-c4nnc(*)n4-c4ccccc4)cc3)n2-c2ccccc2)cc1,37.1428571428571
*Oc1ccc(C(C)(C)c2ccc(Oc3ccc(C(=O)c4ccc(C(C)(C)c5ccc(C(=O)c6ccc(*)cc6)cc5)cc4)cc3)cc2)cc1,21.9047619047619
*c1ccc2c(c1)C1(CC2(C)C)CC(C)(C)c2ccc(N3C(=O)c4cc5c(cc4C3=O)C3(CC(C)(C)c4cc6c(cc43)C(=O)N(*)C6=O)CC5(C)C)cc21,23.4307692307692
*c1ccc(Oc2ccc(C(c3ccc(Oc4ccc(-n5c(=O)c6cc7c(=O)n(*)c(=O)c7cc6c5=O)cc4)cc3)(C(F)(F)F)C(F)(F)F)cc2)cc1,18.2220256523662
*N=P(*)(Oc1cccc(C(C)(C)C)c1)Oc1cccc(C(C)(C)C)c1,7.08333333333333
*Oc1cc(C)c(C(c2cc(C(C)C)c(Oc3ccc(C(=O)c4ccc(*)cc4)cc3)cc2C)c2ccccc2C(=O)O)cc1C(C)C,19.3220338983051
*C=C(*)c1ccccc1[Si](C)(C)C,12.0833333333333
*C(F)(F)C(F)(F)C1(F)OC(C(F)(F)F)(C(F)(F)F)OC1(*)F,4.80314960629921
*Oc1ccc(-c2ccc(Oc3c(F)c(F)c(COC(c4cccc(C(OCc5c(F)c(F)c(*)c(F)c5F)(C(F)(F)F)C(F)(F)F)c4)(C(F)(F)F)C(F)(F)F)c(F)c3F)cc2)cc1,13.4426229508197
*CC(*)C(=O)OCCCCCCCCCCCCCCCCCC,14.7079037800687
*Nc1ccc(Oc2ccc(C(C)(C)c3ccc(Oc4ccc(NC(=O)c5ccc6c(c5)C(C)(C)CC6(C)c5ccc(C(*)=O)cc5)cc4)cc3)cc2)cc1,30.9677419354839
*c1c(C)cc(-c2cc(C)c(N3C(=O)c4cc5c(cc4C3=O)C3CC(C5=O)c4cc5c(cc4C3=O)C(=O)N(*)C5=O)c3ccccc23)c2ccccc12,25.0671140939597
*c1cc(CCCCCCCCCCCC)c(-c2sc(-c3cc(CCCCCCCCCCCC)c(-c4sc(-c5cc(CCCCCCCCCCCC)c(*)s5)cc4CCCCCCCCCCCC)s3)cc2CCCCCCCCCCCC)s1,9.38297872340426
*C(C)=C(*)CCC(C)C,7.64705882352941
*CC=C(Cl)C*,12.3913043478261
*c1ccc(C(c2ccc(-c3nc4cc(-c5ccc6nc(*)oc6c5)ccc4o3)cc2)(C(F)(F)F)C(F)(F)F)cc1,26.8181818181818
*CC(*)OCc1ccccc1,14.0506329113924
*c1ccc(Oc2ccc(-c3nc4cc(C(c5ccc6oc(*)nc6c5)(C(F)(F)F)C(F)(F)F)ccc4o3)cc2)cc1,8.65853658536585
*/C=C/c1ccc(*)cc1[Si](C)(C)CCCCCCCCCCCCCCCCCC,13.5555555555556
*c1cccc(Oc2cccc(N3C(=O)c4ccc(C(c5ccc6c(c5)C(=O)N(*)C6=O)(C(F)(F)F)C(F)(F)F)cc4C3=O)c2)c1,28.3132530120482
*c1c(C)c(C)c(N2C(=O)c3cc4c(cc3C2=O)C2(CC(C)(C)c3cc5c(cc32)C(=O)N(*)C5=O)CC4(C)C)c(C)c1C,15.3307392996109
*c1ccc(N2C(=O)c3ccc([Si](C)(C)c4ccc5c(c4)C(=O)N(*)C5=O)cc3C2=O)cc1,26.1904761904762
*Oc1c(C)cc(C(C)(C)c2ccc(Oc3ccc(S(=O)(=O)c4ccc(*)cc4)cc3)cc2)cc1C,23.0769230769231
*c1ccc(-c2ccc(Oc3ccc4c(c3)C3(CC4(C)C)CC(C)(C)c4ccc(Oc5ccc(-c6ccc(N7C(=O)c8ccc(C(c9ccc%10c(c9)C(=O)N(*)C%10=O)(C(F)(F)F)C(F)(F)F)cc8C7=O)cc6)cc5C(F)(F)F)cc43)c(C(F)(F)F)c2)cc1,15.8149253731343
*c1ccc(-c2ccc(N3C(=O)c4ccc(C(c5ccc6c(c5)C(=O)N(*)C6=O)(C(F)(F)F)C(F)(F)F)cc4C3=O)c(OC(C)=O)c2)cc1OC(C)=O,21.4285714285714
*=CC1CC(C=*)C2C(=O)N(c3cc(C(F)(F)F)cc(C(F)(F)F)c3)C(=O)C12,16.0142857142857
*Oc1ccc(C(c2ccc(Oc3ccc(C(=O)c4ccc(C(C)(C)c5ccc(C(=O)c6ccc(*)cc6)cc5)cc4)cc3)cc2)(C(F)(F)F)C(F)(F)F)cc1,19.5454545454545
*OC(=O)Oc1ccc(C(C)(C)c2ccc(*)cc2)cc1,21.9595645412131
*c1ccc2c(c1)C(=O)N(c1ccc(-c3ccc(N4C(=O)c5ccc(C(*)(C(F)(F)F)C(F)(F)F)cc5C4=O)c(N)c3)cc1N)C2=O,26.1538461538462
*c1cc(C(c2ccc(O)c(N3C(=O)c4ccc(-c5ccc6c(c5)C(=O)N(*)C6=O)cc4C3=O)c2)(C(F)(F)F)C(F)(F)F)ccc1O,30.0
*Oc1ccc(C(=O)c2ccc(Oc3ccc(C4(c5ccc(*)cc5)c5ccccc5-c5ccccc54)cc3)cc2)c2ccccc12,22.3873873873874
*Nc1ccc(NC(=O)c2ccc3c(c2)C(C)(C)CC3(C)c2ccc(C(*)=O)cc2)cc1,35.6
*c1ccc(N(c2ccc(N3C(=O)c4ccc(C(c5ccc6c(c5)C(=O)N(*)C6=O)(C(F)(F)F)C(F)(F)F)cc4C3=O)cc2)c2ccc(N(c3ccc(OC)cc3)c3ccc(OC)cc3)cc2)cc1,21.9830508474576
*CC(*)OC(=O)c1cccc(C)c1,24.3428571428571
*c1c(C)cc(-c2cc(C)c(N3C(=O)c4ccc(Oc5cc(C)c(Oc6ccc7c(c6)C(=O)N(*)C7=O)c(C)c5C)cc4C3=O)c(C)c2)cc1C,32.5
*c1ccc(Cc2ccc(N3C(=O)c4ccc(C(c5ccc6c(c5)C(=O)N(*)C6=O)(C(F)(F)F)C(F)(F)F)cc4C3=O)cc2)cc1,26.4068146618482
*=CC1CC[C@@H](/C=C/C2CCC(/C=C/[C@@H]3CCC(C=*)C3)C2)C1,20.7142857142857
*c1ccc(C(c2ccc(N3C(=O)c4ccc(-c5ccc6c(c5)C(=O)N(*)C6=O)cc4C3=O)cc2)(C(F)(F)F)C(F)(F)F)cc1,21.4819241111443
*C(=C(*)c1cccc([Si](C)(C)C)c1)c1ccccc1,6.55737704918033
*c1ccc(-c2ccc(N3C(=O)c4ccc(Oc5cc(C(C)(C)C)ccc5Oc5ccc6c(c5)C(=O)N(*)C6=O)cc4C3=O)c(OC)c2)cc1OC,31.9047619047619
*c1cccc(Oc2ccc(C(c3ccc(Oc4cccc(N5C(=O)c6ccc(C(c7ccc8c(c7)C(=O)N(*)C8=O)(C(F)(F)F)C(F)(F)F)cc6C5=O)c4)cc3)(C(F)(F)F)C(F)(F)F)cc2)c1,26.1954261954262
*c1cccc(C(c2cccc(N3C(=O)c4ccc(C(=O)c5ccc6c(c5)C(=O)N(*)C6=O)cc4C3=O)c2)(C(F)(F)F)C(F)(F)F)c1,2.23404255319149
*c1ccc(N(c2ccc(N3C(=O)c4ccc(C(c5ccc6c(c5)C(=O)N(*)C6=O)(C(F)(F)F)C(F)(F)F)cc4C3=O)cc2)c2ccc(N(c3ccccc3)c3ccccc3)cc2)cc1,26.1555555555556
*C(=C(*)c1ccc2c(c1)Cc1ccccc1-2)c1ccc([Si](C)(C)C)cc1,6.78947368421053
*c1ccc(N(c2ccccc2)c2ccc(N3C(=O)c4ccc(C(=O)c5ccc6c(c5)C(=O)N(*)C6=O)cc4C3=O)cc2)cc1,22.9166666666667
*Oc1ccc(C(C)(C)c2ccc(Oc3ccc(S(=O)(=O)c4ccc(*)cc4)cc3)c(C)c2)cc1C,22.9759299781182
*C(=C(*)c1ccc(C(C)(C)C)cc1)c1ccc(O)cc1,23.0434782608696
*c1ccc2c(c1)C(=O)N(c1cc(C(c3ccc(O)c(N4C(=O)c5ccc(C(*)(C(F)(F)F)C(F)(F)F)cc5C4=O)c3)(C(F)(F)F)C(F)(F)F)ccc1O)C2=O,24.75
*NC(=O)c1ccc2c(c1)C(=O)N(c1cccc(*)c1)C2=O,32.2222222222222
*c1ccc(C(C)(C)c2cccc(N3C(=O)c4ccc(C(c5ccc6c(c5)C(=O)N(*)C6=O)(C(F)(F)F)C(F)(F)F)cc4C3=O)c2)cc1,22.6215644820296
*c1ccc(Oc2ccc(C(=O)c3ccc(Oc4ccc(C(*)(c5ccccc5)C(F)(F)F)cc4)cc3)cc2)cc1,28.0
*Oc1ccc(C(C)(C)c2ccc(Oc3ccc(C(=O)c4ccc(*)cc4)cc3)cc2)cc1,21.875
*/C=C/C1CC(*)CC1[Si](C)(C)C,12.3611111111111
*[NH+]=C1C=CC(=[NH+]c2ccc(Nc3ccc(Nc4ccc(*)cc4)cc3)cc2)C=C1.[Cl-].[Cl-],41.5714285714286
*Oc1ccc(-c2ccc(-c3ccc(OC(=O)c4cccc(C(*)=O)c4)cc3)c3c2C(=O)OC3(C)C)cc1,25.530303030303
*Oc1c(C)cc(C(C)(C)c2cc(C)c(Oc3ccc(S(=O)(=O)c4ccc(*)cc4)cc3)c(C)c2)cc1C,19.5834628535903
*Cc1ccc(C*)c(C)c1,16.8789808917198
*c1ccc(Oc2ccc(C(C)(C)c3ccc(Oc4ccc(N5C(=O)c6ccc(C(=O)c7ccc8c(c7)C(=O)N(*)C8=O)cc6C5=O)cc4)cc3)cc2)cc1,25.4545454545455
*C(C)=C(*)[Si](C)(C)c1ccccc1,31.3333333333333
*Oc1ccc(C2(c3ccc(OC(*)=O)cc3)CCCCC2)cc1,20.952380952381
*Oc1ccc(C(C)(CC(C)C)c2ccc(OC(=O)c3cccc(C(*)=O)c3)cc2)cc1,27.8947368421053
*=CC1CC(C=*)C(F)(OC(F)(F)C(F)(F)C(F)(F)F)C1(F)F,11.7647058823529
*c1ccc(Oc2ccc(C(*)(c3ccccc3)C(F)(F)F)cc2)cc1,24.6376811594203
*c1ccc(Cc2ccc(N3C(=O)c4ccc(C(c5ccc6c(c5)C(=O)N(*)C6=O)(C(F)(F)F)C(F)(F)F)cc4C3=O)c(Cl)c2)cc1Cl,25.2044609665428
*c1ccc(-c2ccc(N3C(=O)c4ccc(C(c5ccc6c(c5)C(=O)N(*)C6=O)(C(F)(F)F)C(F)(F)F)cc4C3=O)c(C)c2)cc1C,30.1418439716312
*Oc1c(C)cc(C2(c3cc(C)c(OC(=O)c4cc(C(*)=O)cc(C(C)(C)C)c4)c(Br)c3)c3ccccc3-c3ccccc32)cc1Br,21.9814241486068
*CC(*)C#N,11.25
*=CC1CC(C=*)C([Si](C)(C)C)C1,13.6480446927374
*c1c(C)cc(-c2cc(C)c(N3C(=O)c4ccc(Oc5cc(C(C)(C)C)c(Oc6ccc7c(c6)C(=O)N(*)C7=O)cc5C(C)(C)C)cc4C3=O)c(C)c2)cc1C,19.3877551020408
*C(=C(*)c1ccc2c(c1)C(C)(C)c1ccccc1-2)c1ccc(F)cc1,4.46808510638298
*c1ccc(Oc2ccc(Oc3ccc(Oc4ccc(N5C(=O)c6ccc(-c7ccc8c(c7)C(=O)N(*)C8=O)cc6C5=O)cc4)cc3)cc2)cc1,31.8877551020408
*C=C(C*)C(=O)OCCOCC,22.2337662337662
*c1cc(C)c(C)c(N2C(=O)c3ccc(Oc4ccc(C)cc4Oc4ccc5c(c4)C(=O)N(*)C5=O)cc3C2=O)c1C,33.8461538461539
*CC=C(C)C*,16.647619047619
*C/C=C(/C*)[Si](OC(C)C)(OC(C)C)OC(C)C,11.2844036697248
*Oc1ccc(C(C)(C)c2ccc(OC(=O)c3cc(C(*)=O)cc(C(C)(C)C)c3)cc2)cc1,20.4478242501056
*C(C)=C(*)CCCCC,9.52380952380952
*Oc1ccc(C(=O)c2ccc(Oc3ccc(C(c4ccc(*)cc4)(C(F)(F)F)C(F)(F)F)cc3)cc2)c2ccccc12,18.5846153846154
*c1c(C)cc2c(c1C)CN1CN2Cc2c1cc(C)c(-n1c(=O)c3cc4c(=O)n(*)c(=O)c4cc3c1=O)c2C,15.8071979434447
*CC(*)OC(=O)c1ccccc1C,25.9604190919674
*c1cc2c(c(N3C(=O)c4ccc(Oc5ccc6c(c5)C(=O)N(*)C6=O)cc4C3=O)c1C)C(C)(C)CC2,15.631067961165
*/C=C/c1ccc(*)cc1[Si](C)(C)CCCC,12.7272727272727
*c1ccc(-c2ccc(Oc3ccc4c(c3)C(C)(c3ccc(Oc5ccc(-c6ccc(N7C(=O)c8ccc(Oc9ccc%10c(c9)C(=O)N(*)C%10=O)cc8C7=O)cc6)cc5C(F)(F)F)cc3)CC4(C)C)c(C(F)(F)F)c2)cc1,25.1971830985916
*c1ccc2c(c1)C(=O)c1cc(N3C(=O)c4ccc(C(c5ccc6c(c5)C(=O)N(*)C6=O)(C(F)(F)F)C(F)(F)F)cc4C3=O)ccc1-2,22.6548672566372
*Oc1ccc2c(c1)C1(CC2(C)C)CC(C)(C)c2ccc(OC(=O)c3cccc(C(*)=O)c3)cc21,18.9
*Oc1ccc(S(=O)(=O)c2ccc(Oc3ccc(C4(c5ccc(*)cc5)c5ccccc5-c5ccccc54)cc3)cc2)cc1,28.5123966942149
*C(=C(*)c1ccc2c(c1)C(C)(C)CC2(C)C)c1ccc(Br)cc1,3.56521739130435
*c1cccc(N2C(=O)c3ccc(Oc4ccc5c(c4)C(=O)N(*)C5=O)cc3C2=O)c1,25.0833333333333
*Oc1c(C)cc(C(C)(C)c2cc(C)c(Oc3ccc(C(=O)c4ccc(*)cc4)cc3)c(C)c2)cc1C,18.1818181818182
*c1ccc(N(c2ccccc2)c2ccc(N3C(=O)c4ccc(-c5ccc6c(c5)C(=O)N(*)C6=O)cc4C3=O)cc2)cc1,23.9795918367347
*c1ccc(-c2cc(C)c(-c3ccc(*)cc3C)cc2C)c(C)c1,22.8571428571429
*C(=C(*)c1ccc2c(c1)C(C)(C)c1cc([Si](C)(C)C)ccc1-2)c1ccccc1,5.29411764705882
*c1cc(N2C(=O)c3ccc(C(c4ccc5c(c4)C(=O)N(*)C5=O)(C(F)(F)F)C(F)(F)F)cc3C2=O)ccc1O,27.5
*c1ccc(Sc2ccc(Sc3ccc(Sc4ccc(Sc5ccc(N6C(=O)c7ccc(C(c8ccc9c(c8)C(=O)N(*)C9=O)(C(F)(F)F)C(F)(F)F)cc7C6=O)cc5)cc4)cc3)cc2)cc1,22.8275862068966
*OC(=O)Oc1ccc2c(c1)CC(C)(C)C21Cc2cc(*)ccc2C1(C)C,21.849963583394
*Oc1ccc(-c2ccc3c(c2)C(C)(C)c2cc(-c4ccc(OC(=O)c5cccc(C(*)=O)c5)cc4)ccc2C3=O)cc1,26.3157894736842
*c1c(C)cc(-c2cc(C)c(N3C(=O)c4cc5c(cc4C3=O)C3(C)CCC5(C)C4C=C5C(=O)N(*)C(=O)C5=CC43)c3ccccc23)c2ccccc12,21.14
*CC(*)C(=O)OCC,27.2445820433437
*N=C1C=CC(=Nc2ccc(Nc3ccc(Nc4ccc(*)cc4)cc3)cc2)C=C1,36.3209076175041
*N=P(*)(OC(C)CC)OC(C)CC,13.2089552238806
*C(C)=C(*)CCCCCCC,10.0
*CC(*)C(=O)OCCCCCCCCCCCCCC,13.4389140271493
*O[Si](C)(C)CCCCCC[Si](*)(C)C,13.3265306122449
*c1cc2c(cc1Br)-c1ccccc1C21c2ccccc2-c2cc(Br)c(N3C(=O)c4ccc(C(c5ccc6c(c5)C(=O)N(*)C6=O)(C(F)(F)F)C(F)(F)F)cc4C3=O)cc21,21.4814814814815
*c1ccc2[nH]c3ccc(N4C(=O)c5ccc(C(c6ccc7c(c6)C(=O)N(*)C7=O)(C(F)(F)F)C(F)(F)F)cc5C4=O)cc3c2c1,23.6187845303867
*c1cccc(C(c2cccc(N3C(=O)c4ccc(C(c5ccc6c(c5)C(=O)N(*)C6=O)(C(F)(F)F)C(F)(F)F)cc4C3=O)c2)(C(F)(F)F)C(F)(F)F)c1,19.5402298850575
*CCOC(=O)c1ccc2cc(C(=C)O*)ccc2c1,11.7647058823529
*CC(*)OC1CC2CC1C1CCCC21,10.5
*c1cc2c(c(N3C(=O)c4ccc(C(=O)c5ccc6c(c5)C(=O)N(*)C6=O)cc4C3=O)c1C)C(C)(C)CC2,16.4705882352941
*C(=C(*)c1ccc2c(c1)C(C)(C)c1cc(Br)ccc1-2)c1ccccc1,7.27272727272727
*c1ccc(C(c2ccc(-c3nc4cc(C(c5ccc6oc(*)nc6c5)(C(F)(F)F)C(F)(F)F)ccc4o3)cc2)(C(F)(F)F)C(F)(F)F)cc1,14.304932735426
*Oc1ccc2cc(Oc3ccc(S(=O)(=O)c4ccc(*)cc4)cc3)ccc2c1,29.585798816568
*CC1CC(C*)C2C1C([Si](O[Si](C)(C)C)(O[Si](C)(C)C)O[Si](C)(C)C)C2[Si](O[Si](C)(C)C)(O[Si](C)(C)C)O[Si](C)(C)C,11.2
*Oc1ccc(Oc2ccc(Oc3ccc(C(=O)c4ccc5c(c4)C(C)(C4CCCCC4)CC5(c4ccc(C(=O)c5ccc(*)cc5)cc4)C4CCCCC4)cc3)cc2)cc1,19.9047619047619
*Oc1ccc(S(=O)(=O)c2ccc(Oc3ccc(C(C)(C)c4ccc(C(C)(C)c5ccc(*)cc5)cc4)cc3)cc2)cc1,21.183800623053
*C(=C(*)c1ccc(-c2ccccc2)cc1)c1ccccc1,20.0
*Oc1ccc(C(=O)c2ccc(-c3ccc(C(=C)c4ccc(Oc5ccc(C(C)(C)c6ccc(*)cc6)cc5)cc4)cc3)cc2)cc1,25.3846153846154
*Oc1ccc(C2(c3ccc(Oc4ccc(C(=O)c5ccc(*)cc5)cc4)cc3)NC(=O)c3ccccc32)cc1,25.6243213897937
*Oc1ccc2c(c1)C1(CC2(C)C)CC(C)(C)c2ccc(Oc3ccc4c(c3)C(=O)N(c3cccc(N5C(=O)c6ccc(*)cc6C5=O)c3)C4=O)cc21,22.8426395939086
*c1ccc(Cc2ccc(N3C(=O)c4ccc(-c5ccc6c(c5)C(=O)N(*)C6=O)cc4C3=O)cc2)cc1,45.2488687782805
*Oc1ccc(S(=O)(=O)c2ccc(Oc3c(C)cc(C(C)(C)c4cccc(C(C)(C)c5cc(C)c(*)c(C)c5)c4)cc3C)cc2)cc1,24.9110320284697
*N=P(*)(OCC(C)(C)C)OCC(C)(C)C,14.0751445086705
*Oc1ccc(-c2ccc(-c3ccc(Oc4ccc(C5(c6ccc(*)cc6)c6ccccc6-c6ccccc65)cc4)c(C(F)(F)F)c3)s2)cc1C(F)(F)F,12.5242718446602
*Nc1ccc(C(c2ccc(NC(=O)c3ccc4c(c3)C(C)(C)CC4(C)c3ccc(C(*)=O)cc3)cc2)(C(F)(F)F)C(F)(F)F)cc1,25.9558823529412
*Nc1ccc(C2(c3ccc(NC(=O)c4ccc(C(*)=O)cc4)cc3)c3ccccc3-c3ccccc32)cc1,29.5938104448743
*c1ccc(Oc2ccc(-c3cccc(-c4ccc(Oc5ccc(N6C(=O)c7ccc(C(c8ccc9c(c8)C(=O)N(*)C9=O)(C(F)(F)F)C(F)(F)F)cc7C6=O)cc5)c(C(F)(F)F)c4)n3)cc2C(F)(F)F)cc1,27.1832460732984
*C(=C(*)c1ccc([Si](C)(C)C)cc1)c1ccc(-c2ccc(C(C)(C)C)cc2)cc1,13.2
*C(C)=C(*)[Si](C)(C)C(C)C,12.9411764705882
*c1nc2ccc(-c3ccc4nc(*)oc4c3)cc2o1,30.0
*Oc1ccc(C(C)(C)c2ccc(Oc3ccc(C(=O)c4ccc(C(=O)c5ccc(*)cc5)cc4)cc3)cc2)cc1,25.1724137931035
*CC(*)c1ccc(F)cc1,20.7228915662651
*C(=C(*)c1ccc([Si](C)(C)CCCCCCCC)cc1)c1ccccc1,15.4545454545455
*c1cc(C)c(Oc2cc(C)c(*)c(C)c2C(O)(C(F)(F)F)C(F)(F)F)c(C)c1,44.5
*c1c(C)cc(-c2cc(C)c(N3C(=O)c4cc5c(cc4C3=O)S(=O)(=O)c3cc4c(cc3S5(=O)=O)C(=O)N(*)C4=O)c(C)c2)cc1C,29.3233082706767
*Oc1ccc(C2(c3ccc(OC(=O)c4cc(C(*)=O)cc(C(C)(C)C)c4)cc3)c3ccccc3-c3ccccc32)cc1,19.0180878552972
*C=C(*)[Si](C)(C)C,16.8421052631579
*CC(*)c1ccc(Br)cc1,26.5625
*c1cccc(NC(=O)C(F)(F)C(F)(F)C(F)(F)C(F)(F)C(=O)Nc2cccc(N3C(=O)c4ccc(C(c5ccc6c(c5)C(=O)N(*)C6=O)(C(F)(F)F)C(F)(F)F)cc4C3=O)c2)c1,20.75
*CC*,15.8718639433902
*c1ccc(Oc2cccc(-n3c(=O)c4cc5c(=O)n(*)c(=O)c5cc4c3=O)c2)cc1,25.3083700440529
*OC1OC(COC(C)=O)C(*)C(OC(C)=O)C1OC(C)=O,34.2391304347826
*CC(*)c1ccc(C([Si](C)(C)C)[Si](C)(C)C)cc1,14.8514851485149
*Oc1ccc(S(=O)(=O)c2ccc(Oc3ccc(C(C)(C)c4cccc(C(C)(C)c5ccc(*)cc5)c4)cc3)cc2)cc1,25.4545454545455
*Oc1ccc2c(c1)C1(CC2(C)C)CC(C)(C)c2ccc(OC(=O)c3ccc(C(*)=O)cc3)cc21,18.6912751677852
*Oc1ccc(C(=O)c2ccc(-c3ccc(C(=O)c4ccc(Oc5ccc(S(=O)(=O)c6ccc(*)cc6)cc5)cc4)cc3)cc2)cc1,29.7272727272727
*C/C=C(/C*)[Si](C)(C)OC(C)C,15.4666666666667
*C(=C(*)c1ccc2c(c1)C1(CC1)c1ccccc1-2)c1ccccc1,7.68707482993197
*c1ccc(*)n1C,20.9090909090909
*/C=C/c1ccc(*)cc1[Si](C)(C)CCCCCCCC,15.3846153846154
*Nc1ccc(Cc2ccc(NC(=O)CN3C(=O)c4ccc(C(*)=O)cc4C3=O)cc2)cc1,15.5294117647059
*c1ccc(Cc2ccc(N3C(=O)c4ccc(-c5ccc6c(c5)C(=O)N(*)C6=O)cc4C3=O)cc2Cl)c(Cl)c1,31.3084112149533
*c1ccc(NC(=O)C(F)(F)C(F)(F)C(F)(F)C(F)(F)C(=O)Nc2ccc(N3C(=O)c4ccc(C(c5ccc6c(c5)C(=O)N(*)C6=O)(C(F)(F)F)C(F)(F)F)cc4C3=O)cc2)cc1,21.1851851851852
*C(=C(*)c1ccc(C(C)(C)C)cc1)c1ccc(O[Si](C)(C)C(C)(C)C)cc1,10.952380952381
*C(=C(*)c1ccc([Si](C)(C)CCCCCCCC)cc1)c1ccc(C(C)C)cc1,13.1868131868132
*=CC1CC(C=*)C2C(=O)N(C3CCCCC3)C(=O)C12,26.2596153846154
*c1cccc(Oc2cccc(-n3c(=O)c4cc5c(=O)n(*)c(=O)c5cc4c3=O)c2)c1,27.7008310249307
*c1cc(-c2nc3cc(-c4ccc5[nH]c(*)nc5c4)ccc3[nH]2)cc(C(C)(C)C)c1,31.8333333333333
*C(C)=C(*)c1ccccc1,25.3142857142857
*c1ccc(-c2nc3cc(C(c4ccc5oc(*)nc5c4)(C(F)(F)F)C(F)(F)F)ccc3o2)cc1,23.0434782608696
*c1ccc(C(c2ccc(N3C(=O)c4ccc(C(c5ccc6c(c5)C(=O)N(*)C6=O)(C(F)(F)F)C(F)(F)F)cc4C3=O)cc2)(C(F)(F)F)C(F)(F)F)cc1,18.7762447510498
*c1cc(C(=O)O)cc(N2C(=O)c3ccc(Oc4ccc(Oc5ccc6c(c5)C(=O)N(*)C6=O)cc4)cc3C2=O)c1,45.5333333333333
*c1ccc(Oc2ccc(C(c3ccc(Oc4ccc(N5C(=O)c6ccc7c8c(ccc(c68)C5=O)C(=O)N(*)C7=O)cc4)cc3)(C(F)(F)F)C(F)(F)F)cc2)cc1,29.1666666666667
*CC(*)C(=O)OCCCCCCCCCCCCCCCCCCCCCC,11.2222222222222
*N=P(*)(OCC(F)(F)F)OC(F)(F)C(F)(F)C(F)(F)C(F)(F)C(F)(F)C(F)F,13.1818181818182
*C(C)=C(*)CCC,10.0
*Nc1ccc(C2(c3ccc(NC(=O)c4cccc(C(*)=O)c4)cc3)c3ccccc3-c3ccccc32)cc1,26.9035532994924
*=CC1CC(C=*)C2C(=O)C(c3ccccc3)C(=O)C12,36.9032258064516
*c1c(C)cc2c(c1C)CN1CN2Cc2c1cc(C)c(N1C(=O)c3cc4c(cc3C1=O)C1(c3ccccc3-c3cc5c(cc31)C(=O)N(*)C5=O)c1ccccc1-4)c2C,16.4783783783784
*c1nc2cc(C(c3ccc4oc(*)nc4c3)(C(F)(F)F)C(F)(F)F)ccc2o1,23.1489361702128
*Oc1cc(C)c(C2(c3cc(C(C)C)c(Oc4ccc(C(=O)c5ccc(*)cc5)cc4)cc3C)OC(=O)c3ccccc32)cc1C(C)C,20.6859592711683
*Oc1ccc(Oc2ccc(Oc3ccc(S(=O)(=O)c4ccc(*)cc4)cc3)cc2)cc1,21.9387755102041
*c1c(C)cc(C)c(N2C(=O)c3ccc(-c4ccc5c(c4)C(=O)N(*)C5=O)cc3C2=O)c1C,20.0376884422111
*c1ccc(-c2ccc(-c3ccc(C(*)(c4ccccc4)C(F)(F)F)cc3)cc2)cc1,24.4444444444444
*=CC1CC(C=*)C(C(F)(F)F)(C(F)(F)F)C1(F)F,10.9025270758123
*Oc1ccc(C2(c3ccc(OC(=O)c4cccc(C(*)=O)c4)cc3)c3ccccc3-c3ccccc32)cc1,24.2355605889015
*N=P(*)(OCC(F)(F)F)OCC(F)(F)F,12.2446368825034
*c1cccc2c(-n3c(=O)c4cc5oc6cc7c(cc6oc5cc4c3=O)C3(CC(C)(C)c4cc5oc6cc8c(=O)n(*)c(=O)c8cc6oc5cc43)CC7(C)C)cccc12,26.8421052631579
*CC(*)c1ccc(OC(C)=O)cc1,25.46875
*C(=C(*)c1ccc(-c2ccc(C(C)(C)C)cc2)cc1)c1ccccc1,17.3049645390071
*c1ccc2c(c1)C(=O)n1c-2nc2cc(-c3ccc4c(c3)nc3n4C(=O)c4cc(C(*)(C(F)(F)F)C(F)(F)F)ccc4-3)ccc21,22.6153846153846
*Oc1ccc(C(=O)c2ccccc2-c2ccccc2C(=O)c2ccc(Oc3ccc(C4(c5ccc(*)cc5)c5ccccc5-c5ccccc54)cc3)cc2)cc1,24.6659815005139
*c1ccc(-c2ccc(Oc3ccc(C4(c5ccc(Oc6ccc(-c7ccc(N8C(=O)c9ccc(C(c%10ccc%11c(c%10)C(=O)N(*)C%11=O)(C(F)(F)F)C(F)(F)F)cc9C8=O)cc7)cc6C(F)(F)F)cc5)c5ccccc5-c5ccccc54)cc3)c(C(F)(F)F)c2)cc1,25.7718446601942
*Oc1ccc(N2CCC3(CCC(=O)N3c3ccc(Oc4c(F)c(F)c(COC(c5cccc(C(OCc6c(F)c(F)c(*)c(F)c6F)(C(F)(F)F)C(F)(F)F)c5)(C(F)(F)F)C(F)(F)F)c(F)c4F)cc3)C2=O)cc1,15.4347826086957
*CCCCCC(=O)O*,28.4745762711864
*c1ccc2c(c1)C(C)(c1ccc(-c3nnc(*)o3)cc1)CC2(C)C,28.1818181818182
*c1ccc2c(c1C)N1Cc3c(ccc(N4C(=O)c5ccc(C(c6ccc7c(c6)C(=O)N(*)C7=O)(C(F)(F)F)C(F)(F)F)cc5C4=O)c3C)N(C2)C1,23.75
*c1ccc(Oc2ccc(N3C(=O)c4ccc(Sc5ccc6c(c5)C(=O)N(*)C6=O)cc4C3=O)cc2)cc1,85.6502242152466
*C(=C(*)c1ccc(-c2ccc([Si](C)(C)C)cc2)cc1)c1ccccc1,13.75
*Oc1ccc(C(C)(C)c2ccc(OC(=O)c3cccc(C(*)=O)c3)cc2)cc1,22.2595830531271
*CC(*)(C)c1ccccc1,20.0
*c1ccc(NC(=O)C(F)(F)C(F)(F)C(F)(F)C(F)(F)C(F)(F)C(F)(F)C(=O)Nc2ccc(N3C(=O)c4ccc(C(c5ccc6c(c5)C(=O)N(*)C6=O)(C(F)(F)F)C(F)(F)F)cc4C3=O)cc2)cc1,22.8461538461538
*C(=O)c1ccc(C2(c3ccc(C(=O)c4ccc(Oc5ccc(C(=O)c6ccc(C(=O)c7ccc(Oc8ccc(*)cc8)cc7)cc6)cc5)cc4)cc3)OC(=O)c3ccccc32)cc1,29.3552812071331
*Oc1ccc(S(=O)(=O)c2ccc(Oc3ccc(C(C)(C)c4ccc(*)cc4)cc3)cc2)cc1,27.9935275080906
*c1ccc(-c2ccc(*)cc2)cc1,23.3333333333333
*C1C(*)C2CC1C1CC([Si](O[Si](C)(C)C)(O[Si](C)(C)C)O[Si](C)(C)C)C21,9.57142857142857
*c1ccc(-c2ccc(Oc3ccc4c(c3)C3(CC4(C)C)CC(C)(C)c4ccc(Oc5ccc(-c6ccc(N7C(=O)c8ccc(Oc9ccc%10c(c9)C(=O)N(*)C%10=O)cc8C7=O)cc6)cc5C(F)(F)F)cc43)c(C(F)(F)F)c2)cc1,20.2142857142857
*c1ccc(Sc2ccc(N3C(=O)c4ccc(-c5ccc6c(c5)C(=O)N(*)C6=O)cc4C3=O)cc2)cc1,35.1818181818182
*CC(*)OCC1CC2CC1C1CCCC21,21.9230769230769
*Oc1ccc(C(C)(C)c2ccc(Oc3ccc4c(c3)C(=O)N(c3cccc(N5C(=O)c6ccc(*)cc6C5=O)c3)C4=O)cc2)cc1,5.32188841201717
*Oc1ccc(C(C)(C)c2ccc(Oc3ccc(S(=O)(=O)c4ccc(*)cc4)cc3)c(C(O)(C(F)(F)F)C(F)(F)F)c2)cc1C(O)(C(F)(F)F)C(F)(F)F,24.5454545454545
*c1ccc(Oc2ccc(C(c3ccc(Oc4ccc(-n5c(=O)c6cc7c(=O)n(*)c(=O)c7cc6c5=O)cc4C(F)(F)F)cc3)(C(F)(F)F)C(F)(F)F)cc2)c(C(F)(F)F)c1,16.4
*CC(*)(F)F,23.1838565022422
*Oc1ccc(S(=O)(=O)c2ccc(Oc3ccc(C(C)(C)c4cccc(*)c4)cc3)cc2)cc1,22.6928895612708
*c1cc(N2C(=O)c3ccc(C(c4ccc5c(c4)C(=O)N(*)C5=O)(C(F)(F)F)C(F)(F)F)cc3C2=O)cc(C(F)(F)F)c1,18.4957264957265
*Nc1ccc(C(=O)c2ccc(NC(=O)c3cc(C(*)=O)cc(C(C)(C)C)c3)cc2)cc1,21.5652173913043
*c1ccc(Oc2c3c(c(ON4C(=O)c5ccc(C(c6ccc7c(c6)C(=O)N(*)C7=O)(C(F)(F)F)C(F)(F)F)cc5C4=O)c4c2C2c5ccccc5C4c4ccccc42)C2c4ccccc4C3c3ccccc32)cc1C(F)(F)F,18.8571428571429
*Oc1ccc(C(c2ccc(Oc3ccc(C(=O)c4ccc(C(c5ccc(C(=O)c6ccc(*)cc6)cc5)(C(F)(F)F)C(F)(F)F)cc4)cc3)cc2)(C(F)(F)F)C(F)(F)F)cc1,16.9736842105263
*Oc1c(C)cc(C(C)(C)c2cc(C)c(OC(=O)c3cc(C(*)=O)cc(C(C)(C)C)c3)c(C)c2)cc1C,18.6493506493506
*c1cc(C)c(Oc2cc(C)c(*)c(C)c2)c(C)c1C(=O)c1ccccc1,8.9937106918239
*Oc1ccc(C(c2ccc(OC(=O)c3cc(C(*)=O)cc(C(C)(C)C)c3)cc2)(C(F)(F)F)C(F)(F)F)cc1,16.3045414069457
*C1C(*)C2CC1C1C2C([Si](C)(C)C)C1[Si](C)(C)C,9.09677419354839
*c1ccc(S(=O)(=O)c2ccc(N3C(=O)c4ccc(C(c5ccc6c(c5)C(=O)N(*)C6=O)(C(F)(F)F)C(F)(F)F)cc4C3=O)cc2)cc1,26.3591433278418
*Oc1ccc(S(=O)(=O)c2ccc(Oc3ccc(C(=O)c4ccc5c(c4)C(C)(C4CCCCC4)CC5(c4ccc(C(=O)c5ccc(*)cc5)cc4)C4CCCCC4)cc3)cc2)cc1,31.304347826087
*c1ccc(Oc2ccc(C(c3ccc(Oc4ccc(N5C(=O)c6ccc(C(c7ccc8c(c7)C(=O)N(*)C8=O)(C(F)(F)F)C(F)(F)F)cc6C5=O)cc4C(F)(F)F)cc3)(C(F)(F)F)C(F)(F)F)cc2)c(C(F)(F)F)c1,17.5384615384615
*c1ccc2c(c1)Cc1cc(N3C(=O)c4ccc(C(c5ccc6c(c5)C(=O)N(*)C6=O)(C(F)(F)F)C(F)(F)F)cc4C3=O)ccc1-2,24.975255691191
*c1cc(C)c(Oc2cc(C)c(*)c(C)c2)c(C)c1C(=O)c1ccc([N+](=O)[O-])cc1,8.97637795275591
*Oc1ccc(C(c2ccc(Oc3ccc(C(=O)c4ccc5c(c4)C(C)(C4CCCCC4)CC5(c4ccc(C(=O)c5ccc(*)cc5)cc4)C4CCCCC4)cc3)cc2)(C(F)(F)F)C(F)(F)F)cc1,24.0625
*c1ccc(-c2ccc(C(*)(c3ccccc3)C(F)(F)F)cc2)cc1,25.1515151515152
*c1cc(C(c2ccc(O)c(N3C(=O)c4ccc(Oc5ccc6c(c5)C(=O)N(*)C6=O)cc4C3=O)c2)(C(F)(F)F)C(F)(F)F)ccc1O,26.7175572519084
*CC(*)(C)C(=O)OCC(F)(F)C(F)(F)C(F)(F)C(F)(F)C(F)(F)C(F)(F)C(F)(F)F,8.66666666666667
*c1ccc2c(c1)c1cc(N3C(=O)c4ccc(C(c5ccc6c(c5)C(=O)N(*)C6=O)(C(F)(F)F)C(F)(F)F)cc4C3=O)ccc1n2CC,19.3142857142857
*Oc1ccc(C2(c3ccc(Oc4ccc(S(=O)(=O)c5ccc(*)cc5)cc4)cc3)OC(=O)c3ccccc32)cc1,30.8753315649867
*c1ccc(C)c(N2C(=O)c3ccc(C(c4ccc5c(c4)C(=O)N(*)C5=O)(C(F)(F)F)C(F)(F)F)cc3C2=O)c1,21.8549618320611
*N=P(*)(C)C,23.1496062992126
*C=CCCC*,20.0
*/C=C/c1ccc(*)cc1[Si](CC)(CC)CC,13.3333333333333
*c1cccc(-c2nc3cc(C(c4ccc5oc(*)nc5c4)(C(F)(F)F)C(F)(F)F)ccc3o2)c1,23.0
*C(=O)c1ccc(C2(c3ccc(C(=O)c4ccc(Oc5ccc(C(=O)c6cccc(C(=O)c7ccc(Oc8ccc(*)cc8)cc7)c6)cc5)cc4)cc3)OC(=O)c3ccccc32)cc1,29.3548387096774
*OCCCCCCC(*)=O,30.2839116719243
*c1ccc(N2C(=O)c3ccc(C(c4ccc5c(c4)C(=O)N(*)C5=O)(C(F)(F)F)C(F)(F)F)cc3C2=O)cc1,24.9199231262012
*CC(*)C,18.4
*Oc1ccc(Cc2ccc(Oc3c(F)c(F)c(COC(c4cccc(C(OCc5c(F)c(F)c(*)c(F)c5F)(C(F)(F)F)C(F)(F)F)c4)(C(F)(F)F)C(F)(F)F)c(F)c3F)cc2)cc1,13.8181818181818
*c1cc(C)c(Oc2cc(C)c(*)c(C)c2)c(C)c1C(=O)c1ccc(Cl)cc1,9.33333333333333
*C(=C(*)c1ccc2c(c1)CCC2)c1ccc([Si](C)(C)C)cc1,11.7647058823529
*Oc1c(C)cc(Cc2cc(C)c(Oc3ccc(S(=O)(=O)c4ccc(*)cc4)cc3)c(C)c2)cc1C,24.5499181669394
*C(C)=C(*)[Si](C)(C)CCCCCCCC,5.26315789473684
*Oc1c(Br)cc(C2(c3cc(Br)c(OC(=O)c4cc(C(*)=O)cc(C(C)(C)C)c4)c(Br)c3)c3ccccc3-c3ccccc32)cc1Br,23.6394557823129
*c1ccc2c(c1C)N1Cc3ccc(-n4c(=O)c5cc6oc7cc8c(cc7oc6cc5c4=O)C4(CC(C)(C)c5cc6oc7cc9c(=O)n(*)c(=O)c9cc7oc6cc54)CC8(C)C)c(C)c3N(C2)C1,24.7551020408163
*c1ccc2c(c1)C1(c3ccccc3-2)c2ccccc2-c2ccc(-n3c(=O)c4cc5c(=O)n(*)c(=O)c5cc4c3=O)cc21,23.1764705882353
*OC(=O)OC1C(C)(C)C(*)C1(C)C,21.0769230769231
*c1ccc(Cc2ccc(N3C(=O)c4ccc(-c5ccc6c(c5)C(=O)N(*)C6=O)cc4C3=O)cc2Br)c(Br)c1,30.5825242718447
*c1ccc(C(=O)c2ccc(-c3nc4cc(C(C)(C)c5ccc6oc(*)nc6c5)ccc4o3)cc2)cc1,22.5
*c1ccc(Oc2ccc(C(C)(C)c3ccc(Oc4ccc(N5C(=O)c6ccc(-c7ccc8c(c7)C(=O)N(*)C8=O)cc6C5=O)cc4)cc3)cc2)cc1,29.8507462686567
*Nc1cc(C(c2ccc(O)c(NC(=O)c3ccc(C(c4ccc(C(*)=O)cc4)(C(F)(F)F)C(F)(F)F)cc3)c2)(C(F)(F)F)C(F)(F)F)ccc1O,17.7966101694915
*Oc1ccc(C2(c3ccc(Oc4ccc(C(=O)c5ccc(*)cc5)cc4)c(C)c3)OC(=O)c3ccccc32)cc1C,26.5848670756646
*/C(=C(/*)c1ccc([Si](C)(C)C)cc1)c1ccccc1,8.75
*C(=C(*)c1ccc([Si](C)(C)CCCCCCCC)cc1)c1ccc(C(C)(C)C)cc1,13.3333333333333
*Oc1ccc(C(C)(C)c2ccc(OC(=O)c3cc(C(*)=O)cc(C(C)(C)C)c3)c(C)c2)cc1C,20.3562340966921
*Nc1ccc(C(c2ccc(NC(=O)c3cccc(C(*)=O)c3)cc2)(C(F)(F)F)C(F)(F)F)cc1,23.134328358209
*Oc1c(Br)cc(C2(c3cc(Br)c(OC(=O)c4cccc(C(*)=O)c4)c(Br)c3)c3ccccc3-c3ccccc32)cc1Br,28.936170212766
*c1ccc(-c2ccc(Oc3ccc4c(c3)C3(CC4(C)C)CC(C)(C)c4ccc(Oc5ccc(-c6ccc(N7C(=O)c8ccc(Oc9ccc(C(C)(C)c%10ccc(Oc%11ccc%12c(=C)n(*)c(=C)c%12c%11)cc%10)cc9)cc8C7=O)cc6)cc5C(F)(F)F)cc43)c(C(F)(F)F)c2)cc1,23.4019607843137
*c1ccc(-c2ccc(Oc3ccc(C4(c5cccc(Oc6ccc(-c7ccc(N8C(=O)c9ccc(Oc%10ccc(C(C)(C)c%11ccc(Oc%12ccc%13c(c%12)C(=O)N(*)C%13=O)cc%11)cc%10)cc9C8=O)cc7)cc6C(F)(F)F)c5)c5ccccc5C(=O)N4c4ccccc4)cc3)c(C(F)(F)F)c2)cc1,17.4842105263158
*C1C2CC(C)C(C2)C1*,16.4439834024896
*C(=C(*)c1ccc(C(C)(C)C)cc1)c1ccccc1,6.66666666666667
*N=P(*)(OCCOCCOC)OCCOCCOC,62.5
*C(=C(*)c1ccc2c(c1)C(C)(C)CC2(C)C)c1ccccc1,3.33620689655172
*c1cc2c(c(N3C(=O)c4ccc(-c5ccc6c(c5)C(=O)N(*)C6=O)cc4C3=O)c1C)C(C)(C)CC2,14.9545454545455
*c1ccc(Cc2ccc(N3C(=O)c4ccc(Oc5ccc(Oc6ccc7c(c6)C(=O)N(*)C7=O)cc5)cc4C3=O)cc2C)c(C)c1,42.4157303370787
*Oc1ccc(C(C)(CCC(=O)OC)c2ccc(OC(=O)c3cccc(C(*)=O)c3)cc2)cc1,20.5882352941176
*c1ccc2c(c1)C(=O)N(c1ccc(Oc3ccc(N4C(=O)c5ccc(*)cc5C4=O)cc3)cc1)C2=O,30.0
*C(=C(*)c1ccc([Si](C)(C)CCCCCCCC)cc1)c1ccc(CCCC)cc1,13.9240506329114
*N=C1C=CC(=Nc2ccc(Nc3ccc(Nc4ccc(*)cc4OCC)cc3OCC)cc2OCC)C=C1OCC,20.7476635514019
*Oc1ccc(C(C)(C)c2ccc(Oc3ccc(S(=O)(=O)c4ccc(*)cc4)cc3)c(C(OC)(C(F)(F)F)C(F)(F)F)c2)cc1C(OC)(C(F)(F)F)C(F)(F)F,29.6153846153846
*Nc1ccc(C(C)(C)c2ccc(NC(=O)c3ccc(Oc4cc(C(C)(C)C)c(Oc5ccc(C(*)=O)cc5)cc4C(C)(C)C)cc3)c(C)c2)cc1C,25.9259259259259
*c1ccc(C(c2ccc(-n3c(=O)c4cc5oc6cc7c(cc6oc5cc4c3=O)C3(CC(C)(C)c4cc5oc6cc8c(=O)n(*)c(=O)c8cc6oc5cc43)CC7(C)C)cc2)(C(F)(F)F)C(F)(F)F)cc1,22.6086956521739
*Cc1ccc(C*)c(Br)c1,59.016393442623
*c1ccc(S(=O)(=O)c2ccc(N3C(=O)c4ccc(-c5ccc6c(c5)C(=O)N(*)C6=O)cc4C3=O)cc2)cc1,30.8695652173913
*C(C)=C(*)CCCCCCCC,10.0
*c1cc(N2C(=O)c3ccc(C(c4ccc5c(c4)C(=O)N(*)C5=O)(C(F)(F)F)C(F)(F)F)cc3C2=O)c(O)cc1O,28.421052631579
*Oc1cccc2c(Oc3ccc(S(=O)(=O)c4ccc(*)cc4)cc3)cccc12,28.1195079086116
*c1c(C)cc2c(c1C)CN1CN2Cc2c1cc(C)c(N1C(=O)c3cc4c(cc3C1=O)C1(CC(C)(C)c3cc5c(cc31)C(=O)N(*)C5=O)CC4(C)C)c2C,14.5343511450382
*C(=C(*)c1ccc(CCCC)cc1)c1ccccc1,14.5454545454545
*C(=C(*)c1ccc(C(C)C)cc1)c1ccccc1,7.33333333333333
*NC(=O)c1ccc2c(c1)C(=O)N(c1c(CC)cc(CC)c(*)c1C)C2=O,29.375
*/C(=C(/*)c1ccc([Si](c2ccccc2)(c2ccccc2)c2ccccc2)cc1)c1ccccc1,28.3453237410072
*CC(*)[Si](C)(C)C,17.2727272727273
*c1ccc(Oc2ccc(N3C(=O)c4ccc(Oc5ccc6c(c5)C(=O)N(*)C6=O)cc4C3=O)cc2)cc1,27.6744186046512
*OC(=O)Oc1ccc(C2(c3ccc(*)cc3)c3ccccc3-c3ccccc32)cc1,25.5067567567568
*Oc1ccc(Oc2ccc(C(=O)c3ccc(*)cc3)cc2)c(-c2cccc(C(F)(F)F)c2)c1,29.4117647058824
*c1ccc(Cc2ccc(N3C(=O)c4ccc(Oc5ccc(Oc6ccc7c(c6)C(=O)N(*)C7=O)cc5)cc4C3=O)cc2)cc1,34.1258741258741
*c1ccc(Oc2ccc(-n3c(=O)c4cc5sc6cc7c(=O)n(*)c(=O)c7cc6sc5cc4c3=O)cc2)cc1,36.3636363636364
*C(C)=C(*)[Si](C)(C)CCCC,12.5
*O[Si](C)(C)CC[Si](*)(C)C,10.5786516853933
*C1=CCC(*)=[NH+]1.O=[N+]([O-])[O-],17.625
*OC(=O)c1ccc(C(=O)Oc2ccc(C3(c4ccc(O*)c(C)c4)OC(=O)c4ccccc43)cc2C)cc1,33.3333333333333
*C(=C(*)c1ccc(O[Si](C)(C)C(C)(C)C)cc1)c1ccc(F)cc1,14.5454545454545
*OC(=O)Oc1c(Cl)cc(C(C)(C)c2cc(Cl)c(*)c(Cl)c2)cc1Cl,18.5555555555556
*Sc1ccc(*)cc1,33.4513274336284
*CCO*,48.0
*CC(*)(C)C(=O)OC(C)(C)C,19.6614583333333
*Oc1ccc(C(=O)c2cccc(-c3cccc(C(=O)c4ccc(Oc5ccc(C(c6ccc(*)cc6)(C(F)(F)F)C(F)(F)F)cc5)cc4)c3)c2)cc1,24.6212121212121
*=CC1CC(C=*)C2C1C([Si](O[Si](C)(C)C)(O[Si](C)(C)C)O[Si](C)(C)C)C2[Si](O[Si](C)(C)C)(O[Si](C)(C)C)O[Si](C)(C)C,11.6
*NC(=O)c1ccc(C(c2ccc(C(=O)O)c(C(=O)Nc3c(C)cc(C)c(*)c3C)c2)(C(F)(F)F)C(F)(F)F)cc1C(=O)O,18.4717607973422
*Nc1ccc(Oc2ccc(Oc3ccc(NC(=O)CN4C(=O)c5ccc(C(*)=O)cc5C4=O)cc3)cc2)cc1,37.45
*c1ccc(Cc2ccc(N3C(=O)c4ccc(C(c5ccc6c(c5)C(=O)N(*)C6=O)(C(F)(F)F)C(F)(F)F)cc4C3=O)c(C)c2)cc1C,21.551724137931
*Oc1c(Br)cc(C(c2cc(Br)c(OC(*)=O)c(Br)c2)(C(F)(F)F)C(F)(F)F)cc1Br,17.7777777777778
*c1cccc(-c2nnc(*)n2-c2ccccc2)c1,30.0
*c1ccc2c(c1)C1(c3ccccc3-2)c2ccccc2-c2ccc(N3C(=O)c4ccc(C(c5ccc6c(c5)C(=O)N(*)C6=O)(C(F)(F)F)C(F)(F)F)cc4C3=O)cc21,23.3333333333333
*c1ccc2cc(-c3nc4cc(C(c5ccc6oc(*)nc6c5)(C(F)(F)F)C(F)(F)F)ccc4o3)ccc2c1,22.3809523809524
*C(C)=C(*)[Si](C)(C)C,5.06188925081433
*c1cccc(Oc2ccc(C(c3ccc(Oc4cccc(-n5c(=O)c6cc7c(=O)n(*)c(=O)c7cc6c5=O)c4)cc3)(C(F)(F)F)C(F)(F)F)cc2)c1,21.0309278350516
*Oc1ccc(C(=O)c2cccc(-c3cccc(C(=O)c4ccc(Oc5ccc(C6(c7ccc(*)cc7)c7ccccc7-c7ccccc76)cc5)cc4)c3)c2)cc1,29.264475743349
*=CC1CC(C=*)C2C1CC2[Si](O[Si](C)(C)C)(O[Si](C)(C)C)O[Si](C)(C)C,15.0909090909091
*C(=C(*)c1ccc2c(c1)C(C)(C)CC2(C)C)c1cc(F)cc(F)c1,2.75572519083969
*Nc1cccc(NC(=O)c2ccc3c(c2)C(C)(C)CC3(C)c2ccc(C(*)=O)cc2)c1,34.6666666666667
*C(C)=C(*)CC(C)C,9.67741935483871
*c1ccc(Oc2ccc(N3C(=O)c4cc5c(cc4C3=O)S(=O)(=O)c3cc4c(cc3S5(=O)=O)C(=O)N(*)C4=O)cc2)cc1,35.5555555555556
*C(C)=C(*)SCCCCCCCC,9.47368421052632
*c1cccc(-c2cc(C)c(-c3cccc(*)c3C)cc2C)c1C,26.027397260274
*c1cc(C)c(Oc2cc(C)c(*)c(C)c2)c(C)c1C(=O)c1ccc(Br)cc1,8.45070422535211
*Nc1cccc(NC(=O)c2ccc(C(c3ccc(C(*)=O)cc3)(C(F)(F)F)C(F)(F)F)cc2)c1,21.0
*C(=C(*)c1ccc2c(c1)C(C)(C)c1ccccc1-2)c1cccc(F)c1,4.28571428571429
*c1ccc(Cc2ccc(N3C(=O)c4ccc(-c5ccc6c(c5)C(=O)N(*)C6=O)cc4C3=O)cc2F)c(F)c1,26.6995073891626
*=CC1OC(C=*)C2C(=O)N(c3c(F)c(F)c(F)c(F)c3F)C(=O)C12,15.0925925925926
*Oc1ccc(C(=O)c2ccc(Oc3ccc(C(=O)c4ccc5c(c4)C(C)(C4CCCCC4)CC5(c4ccc(C(=O)c5ccc(*)cc5)cc4)C4CCCCC4)cc3)cc2)cc1,31.25
*c1ccc(Oc2ccc(-n3c(=O)c4cc5c(=O)n(*)c(=O)c5cc4c3=O)cc2)cc1,28.0672481355075
*c1c(C)cc2c(c1C)CN1CN2Cc2c1cc(C)c(N1C(=O)c3ccc(C(c4ccc5c(c4)C(=O)N(*)C5=O)(C(F)(F)F)C(F)(F)F)cc3C1=O)c2C,13.7435897435897
*c1cc(C)c(N2C(=O)c3ccc(C(c4ccc5c(c4)C(=O)N(*)C5=O)(C(F)(F)F)C(F)(F)F)cc3C2=O)cc1C,15.9925093632959
*CC(*)c1ccccc1,25.0967741935484
*Oc1ccc(C(c2ccc(OC(=O)c3cccc(C(*)=O)c3)cc2)(C(F)(F)F)C(F)(F)F)cc1,17.7272727272727
*c1ccc(N(c2ccc(OC)cc2)c2ccc(N3C(=O)c4ccc(C(c5ccc6c(c5)C(=O)N(*)C6=O)(C(F)(F)F)C(F)(F)F)cc4C3=O)cc2)cc1,18.8988764044944
*c1cc2c(cc1Br)-c1ccccc1C21c2ccccc2-c2cc(Br)c(N3C(=O)c4cc5c(cc4C3=O)OC3C=C4C(=CC3O5)C(C)(C)CC43CC(C)(C)c4cc5oc6cc7c(=O)n(*)c(=O)c7cc6oc5cc43)cc21,19.4202898550725
*Oc1ccc(Oc2ccc(C(=O)c3ccc(*)cc3)cc2)c(-c2cccc(C)c2)c1,34.4827586206897
*Oc1ccc(C(C)(C)c2ccc(OC(=O)c3ccc(C(=O)c4ccc5ccccc5c4-c4c(*)ccc5ccccc45)cc3)cc2)cc1,27.1978021978022
*c1ccc(Sc2ccc(Sc3ccc(N4C(=O)c5ccc(C(c6ccc7c(c6)C(=O)N(*)C7=O)(C(F)(F)F)C(F)(F)F)cc5C4=O)cc3)cc2)cc1,26.2352941176471
*Oc1ccc(C2(c3ccc(OC(=O)c4cccc(C(*)=O)c4)cc3)OC(=O)c3ccccc32)cc1C(C)(C)C,21.8348623853211
*Nc1ccc(-c2ccc(NC(=O)c3ccc4c(c3)C(C)(C)CC4(C)c3ccc(C(*)=O)cc3)cc2C(F)(F)F)c(C(F)(F)F)c1,24.0
*O[Si](C)(C)c1ccc([Si](*)(C)C)cc1,15.8445440956652
*c1cc(C)c2c(c1)CN1CN2Cc2c1ccc(-n1c(=O)c3cc4oc5cc6c(cc5oc4cc3c1=O)C1(CC(C)(C)c3cc4oc5cc7c(=O)n(*)c(=O)c7cc5oc4cc31)CC6(C)C)c2C,25.5714285714286
*Oc1ccc(Oc2cccc(*)c2C#N)c(-c2cc(C(F)(F)F)cc(C(F)(F)F)c2)c1,16.9642857142857
*Oc1ccc(C(=O)c2ccccc2-c2ccccc2C(=O)c2ccc(Oc3ccc(C(c4ccc(*)cc4)(C(F)(F)F)C(F)(F)F)cc3)cc2)cc1,21.3698630136986
*N=P(*)(OCC(C)C)OCC(C)C,12.4605678233439
*CC(*)OC1C2CC3CC(C2)CC1C3,14.9112426035503
*c1cc(C(c2ccc(O)c(-n3c(=O)c4cc5c(=O)n(*)c(=O)c5cc4c3=O)c2)(C(F)(F)F)C(F)(F)F)ccc1O,27.5
*/C=C/C1CC(*)CC1[Si](C)(C)C[Si](C)(C)C,18.1081081081081
*c1cc(C(c2ccc(O)c(N3C(=O)c4cc5c(cc4C3=O)C3(C)c4ccccc4C5(C)c4cc5c(cc43)C(=O)N(*)C5=O)c2)(C(F)(F)F)C(F)(F)F)ccc1O,29.1666666666667
*Oc1cc(C)c(C2(c3cc(C(C)C)c(Oc4ccc(S(=O)(=O)c5ccc(*)cc5)cc4)cc3C)OC(=O)c3ccccc32)cc1C(C)C,27.7539341917024
*c1ccc(Oc2ccc(N3C(=O)c4ccc([Si](C)(C)c5ccc6c(c5)C(=O)N(*)C6=O)cc4C3=O)cc2)cc1,35.7837837837838
*Oc1ccc(C(C)(C)c2ccc(OC(=O)c3cccc(C(*)=O)c3)c(C(C)C)c2)cc1C(C)C,18.9010989010989
*c1c(C)cc(-c2cc(C)c(-n3c(=O)c4cc5oc6cc7c(cc6oc5cc4c3=O)C3(C)CCC7(C)c4cc5oc6cc7c(=O)n(*)c(=O)c7cc6oc5cc43)c3ccccc23)c2ccccc12,19.9467936152338
*OCCOC(=O)c1ccc(C(*)=O)cc1,23.6666666666667
*c1ccc2c(c1)C(=O)N(c1cccc(N3C(=O)c4ccc(*)cc4C3=O)c1)C2=O,24.7148288973384
*Oc1ccc(Sc2ccc(Oc3ccc(C(=O)c4ccc5c(c4)C(C)(C4CCCCC4)CC5(c4ccc(C(=O)c5ccc(*)cc5)cc4)C4CCCCC4)cc3)cc2)cc1,28.5
*/C=C(/C*)C(=O)OCCOCCOCCOCC,37.2
*C=C(C*)C(=O)OCCOCCOCC,36.9444444444444
*Oc1ccc(Oc2cccc(*)c2C#N)c(-c2cccc(C)c2)c1,27.1428571428571
*C(=C(*)c1ccc2c(c1)C(C)(C)C(C)(C)C2(C)C)c1ccccc1,3.50490196078431
*Oc1ccc(C(=O)c2ccccc2-c2ccccc2C(=O)c2ccc(Oc3c(C)cc(-c4cc(C)c(*)c(C)c4)cc3C)cc2)cc1,23.9175257731959
*CC(*)OC1CC2CCC1C2,26.0416666666667
*C(C)=C(*)SCCCC,8.88888888888889
*C(=C(*)c1ccc(C[Si](C)(C)C)cc1)c1ccccc1,14.5454545454545
*Oc1ccc(-c2cncc(-c3ccc(Oc4ccc(C5(c6ccc(*)cc6)c6ccccc6-c6ccccc65)cc4)c(C(F)(F)F)c3)c2)cc1C(F)(F)F,17.9396984924623
*O[Si](C)(C)CCCCCCCC[Si](*)(C)C,13.6095346197503
*OC(=O)Oc1c(C)cc(C(C)(C)c2cc(C)c(*)c(C)c2)cc1C,18.3644859813084
*=CC1CC[C@@H](/C=C/C2CCC(/C=C/[C@H]3CCC(C=*)C3)C2)C1,10.7272727272727
*Oc1ccc(C2(c3ccc(OC(*)=O)cc3)c3ccccc3-c3ccccc32)cc1,25.5067567567568
*c1ccc(Oc2ccc(C(c3ccc(Oc4ccc(N5C(=O)c6ccc(-c7ccc8c(c7)C(=O)N(*)C8=O)cc6C5=O)cc4C(F)(F)F)cc3)(C(F)(F)F)C(F)(F)F)cc2)c(C(F)(F)F)c1,16.2522202486679
*C(F)(F)C(F)(F)C(F)(OC(F)(F)C(F)(OC(F)(F)C(F)(F)S(=O)(=O)O)C(*)(F)F)C(F)(F)C(F)(F)C(F)(F)F,6.075
*c1c(C)c2c(c(C)c1Br)N1Cc3c(C)c(N4C(=O)c5ccc(C(c6ccc7c(c6)C(=O)N(*)C7=O)(C(F)(F)F)C(F)(F)F)cc5C4=O)c(Br)c(C)c3N(C2)C1,16.7704918032787
*CC(C)=C(C)C*,15.8262711864407
*C(C)=C(*)[Si](C)(C)CC,9.38775510204082
*c1ccc(-c2ccc(Oc3ccc4c(c3)C(C)(c3ccc(Oc5ccc(-c6ccc(N7C(=O)c8ccc(Oc9ccc(C(C)(C)c%10ccc(Oc%11ccc%12c(c%11)C(=O)N(*)C%12=O)cc%10)cc9)cc8C7=O)cc6)cc5C(F)(F)F)cc3)CC4(C)C)c(C(F)(F)F)c2)cc1,18.9663461538462
*c1ccc(N(c2ccccc2)c2ccc(N3C(=O)c4ccc(Oc5ccc6c(c5)C(=O)N(*)C6=O)cc4C3=O)cc2)cc1,24.6153846153846
*/C(C)=C(/*)c1ccccc1,12.3809523809524
*Oc1ccc(Oc2ccc(C(=O)c3ccc(*)cc3)cc2)c(-c2cc(C)cc(C)c2)c1,30.188679245283
*Oc1ccc(C2(c3ccc(Oc4ccc(C(=O)c5ccc(*)cc5)cc4)cc3)OC(=O)c3ccccc32)cc1,16.9327731092437
*Oc1ccc(C(C)(c2ccccc2)c2ccc(Oc3ccc(S(=O)(=O)c4ccc(*)cc4)cc3)cc2)cc1,29.2086330935252
*Oc1ccc(C(C)(C)c2ccc(OC(=O)c3ccc(C(*)=O)cc3)cc2)cc1,19.7683397683398
*CC(*)Cl,20.9368635437882
*c1cc2c(cc1C)-c1cc(C)c(N3C(=O)c4ccc(C(c5ccc6c(c5)C(=O)N(*)C6=O)(C(F)(F)F)C(F)(F)F)cc4C3=O)cc1S2(=O)=O,18.1603053435115
*Oc1cc(C)c(C2(c3cc(C)c(Oc4ccc(S(=O)(=O)c5ccc(*)cc5)cc4)cc3C)OC(=O)c3ccccc32)cc1C,38.2587064676617
*Oc1c(C)cc(C(C)(C)c2ccc(C(C)(C)c3cc(C)c(Oc4ccc(S(=O)(=O)c5ccc(*)cc5)cc4)c(C)c3)cc2)cc1C,23.1578947368421
*Oc1ccc(-c2ccc(Oc3ccc(C(=O)c4ccc5c(c4)C(C)(C4CCCCC4)CC5(c4ccc(C(=O)c5ccc(*)cc5)cc4)C4CCCCC4)cc3)cc2)cc1,15.3571428571429
*Oc1ccc(C(c2ccc(Oc3c(F)c(F)c(COC(c4cccc(C(OCc5c(F)c(F)c(*)c(F)c5F)(C(F)(F)F)C(F)(F)F)c4)(C(F)(F)F)C(F)(F)F)c(F)c3F)cc2)(C(F)(F)F)C(F)(F)F)cc1,13.3333333333333
*c1ccc(Oc2ccc(Oc3ccc(Oc4ccc(N5C(=O)c6ccc(C(c7ccc8c(c7)C(=O)N(*)C8=O)(C(F)(F)F)C(F)(F)F)cc6C5=O)cc4)cc3)cc2)cc1,25.0798722044728
*c1ccc(Oc2ccc(N3C(=O)c4cc(Oc5ccc(C)cc5)c(-c5cc6c(cc5Oc5ccc(C)cc5)C(=O)N(*)C6=O)cc4C3=O)cc2)cc1,35.2
*c1ccc(Oc2cccc(N3C(=O)c4ccc(C(c5ccc6c(c5)C(=O)N(*)C6=O)(C(F)(F)F)C(F)(F)F)cc4C3=O)c2)cc1,23.5907335907336
*C(=C(*)c1cccc(O)c1)c1ccc(C(C)(C)C)cc1,14.2857142857143
*c1ccc(C(=C(Cl)Cl)c2ccc(*)cc2)cc1,20.7407407407407
*c1c(C)cc(-c2cc(C)c(N3C(=O)c4cc5c(cc4C3=O)C3(c4ccccc4-c4cc6c(cc43)C(=O)N(*)C6=O)c3ccccc3-5)c3ccccc23)c2ccccc12,19.6186770428016
*c1cc2c(cc1C)S(=O)(=O)c1cc(C)c(N3C(=O)c4cc5c(cc4C3=O)S(=O)(=O)c3cc4c(cc3S5(=O)=O)C(=O)N(*)C4=O)cc1-2,34.2857142857143
*Oc1ccc2ccc(Oc3ccc(S(=O)(=O)c4ccc(*)cc4)cc3)cc2c1,24.4897959183674
*Cc1cc(Cl)c(C*)cc1Cl,28.8929889298893
*C1C2CC(CCCC)C(C2)C1*,12.6696428571429
*c1ccc(-c2ccc(C(*)(C(F)(F)F)C(F)(F)F)cc2)cc1,11.4634146341463
*C(=C(*)c1ccc2c(c1)C(C)(C)CC2(C)C)c1ccc(F)c(F)c1,2.66265060240964
*c1ccc(Oc2ccc(ON3C(=O)c4ccc(C(c5ccc6c(c5)C(=O)N(*)C6=O)(C(F)(F)F)C(F)(F)F)cc4C3=O)c3c2C2c4ccccc4C3c3ccccc32)cc1C(F)(F)F,19.8989898989899
*c1ccc(Oc2ccc(C(c3ccc(Oc4ccc(N5C(=O)c6ccc(-c7ccc8c(c7)C(=O)N(*)C8=O)cc6C5=O)cc4)cc3)(C(F)(F)F)C(F)(F)F)cc2)cc1,21.6981132075472
*C(=C(*)c1ccc2c(c1)C(C)(C)c1ccccc1-2)c1ccccc1,4.06084656084656
*Oc1ccc(-c2ccc(-c3ccc(OC(=O)c4cc(C(*)=O)cc(C(C)(C)C)c4)cc3)c3c2C(=O)OC3(C)C)cc1,22.4528301886792
*c1ccc(Oc2ccc(-c3ccc(-c4ccc(-c5ccc(Oc6ccc(N7C(=O)c8ccc(C(c9ccc%10c(c9)C(=O)N(*)C%10=O)(C(F)(F)F)C(F)(F)F)cc8C7=O)cc6)c(C(F)(F)F)c5)cc4)cc3)cc2C(F)(F)F)cc1,11.7717041800643
*c1ccc(C(c2ccc(-c3nnc(*)o3)cc2)(C(F)(F)F)C(F)(F)F)cc1,19.5
*c1c(C)cc(-c2cc(C)c(N3C(=O)c4ccc(C(c5ccc6c(c5)C(=O)N(*)C6=O)(C(F)(F)F)C(F)(F)F)cc4C3=O)c3ccccc23)c2ccccc12,25.822102425876
*O[Si](*)(C)C,10.3760339816678
*Oc1ccc(C2(c3ccc(Oc4ccc(S(=O)(=O)c5ccc(*)cc5)cc4)cc3)NC(=O)c3ccccc32)cc1,45.2439024390244
*c1cc2c(c(N3C(=O)c4ccc(C(c5ccc6c(c5)C(=O)N(*)C6=O)(C(F)(F)F)C(F)(F)F)cc4C3=O)c1C)C(C)(C)CC2,11.8088737201365
*Oc1c(Br)cc(C2(c3cc(Br)c(OC(=O)c4cccc(C(*)=O)c4)c(Br)c3)OC(=O)c3ccccc32)cc1Br,29.5744680851064
*C(=C(*)c1ccc2c(ccc3ccccc32)c1)c1ccccc1,8.15384615384615
*c1c(C)c(C)c(N2C(=O)c3ccc(Oc4c(C)ccc(C)c4Oc4ccc5c(c4)C(=O)N(*)C5=O)cc3C2=O)c(C)c1C,30.7317073170732
*C=C(*)c1ccccc1[Ge](C)(C)C,4.90909090909091
*Nc1cccc(S(=O)(=O)c2cccc(NC(=O)c3ccc4c(c3)C(C)(C)CC4(C)c3ccc(C(*)=O)cc3)c2)c1,36.6666666666667
*c1c(C)c(C)c(-n2c(=O)c3cc4oc5cc6c(cc5oc4cc3c2=O)C2(CC(C)(C)c3cc4oc5cc7c(=O)n(*)c(=O)c7cc5oc4cc32)CC6(C)C)c(C)c1C,23.4042553191489
*Oc1ccc(C(C)(CC)c2ccc(OC(=O)c3cccc(C(*)=O)c3)cc2)cc1,19.1666666666667
*C(=C(*)c1ccc2c(c1)CCC2)c1ccccc1,13.0
*c1ccc(Oc2ccc(C(C)(C)c3ccc(Oc4ccc(N5C(=O)c6ccc(Oc7ccc8c(c7)C(=O)N(*)C8=O)cc6C5=O)cc4)cc3)cc2)cc1,38.5714285714286
*C(F)(F)C1(F)OC(F)(F)C(F)(F)C1(F)C(*)(F)F,7.0
*c1cc(C(=O)OC)cc(N2C(=O)c3ccc(Oc4ccc(Oc5ccc6c(c5)C(=O)N(*)C6=O)cc4)cc3C2=O)c1,34.7058823529412
*Nc1ccc(S(=O)(=O)c2ccc(NC(=O)c3cccc(C(*)=O)c3)cc2)cc1,25.1612903225806
*CC(O)COc1ccc(C(C)(C)c2ccc(O*)cc2)cc1,26.6666666666667
*c1ccc2c(c1)C1c3cc(N4C(=O)c5ccc(C(c6ccc7c(c6)C(=O)N(*)C7=O)(C(F)(F)F)C(F)(F)F)cc5C4=O)ccc3C2c2cc3ccccc3cc21,22.1556886227545
*N=P(*)(OCCCC)OCCCC,11.5742397137746
*C=C(*)c1cccc(O[Si](C)(C)C(C)(C)C)c1,7.63157894736842
*c1c(C)c(C)c(N2C(=O)c3ccc(Oc4cc(C)c(Oc5ccc6c(c5)C(=O)N(*)C6=O)c(C)c4C)cc3C2=O)c(C)c1C,24.6913580246914
*Nc1ccc(Oc2ccc(NC(=O)c3ccc4c(c3)C(C)(C)CC4(C)c3ccc(C(*)=O)cc3)cc2)cc1,35.0
*C1C2CC(CCCCCCCCCC)C(C2)C1*,12.7701149425287
*c1c(C)cc(-c2cc(C)c(-c3cc(C)c(*)c(C)c3)cc2C)cc1C,21.8181818181818
*Oc1ccc(C2(c3ccc(OC(=O)c4ccc(C(*)=O)cc4)cc3)OC(=O)c3ccccc32)cc1,28.5365853658537
*Oc1ccc(C(=O)c2ccc(Oc3c(C)cc(-c4cc(C)c(*)c(C)c4)cc3C)cc2)cc1,19.9794026776519
*CC(*)C(=O)OCCCCCCCCCC,13.7368421052632
*OC(=O)Oc1c(Br)cc(C(C)(C)c2cc(Br)c(*)c(Br)c2)cc1Br,23.2417582417582
*Oc1c(Br)cc(C(c2cc(Br)c(OC(=O)c3cccc(C(*)=O)c3)c(Br)c2)(C(F)(F)F)C(F)(F)F)cc1Br,33.2710280373832
*Oc1c(C)cc(C(C)(C)c2cc(C)c(OC(=O)c3ccc(C(*)=O)cc3)c(C)c2)cc1C,3.28671328671329
*c1cccc(-c2nc3cc(-c4ccc5[nH]c(*)nc5c4)ccc3[nH]2)c1,33.3333333333333
*C1C2CCC(C2)C1*,22.4
*NC(=O)c1ccc2c(c1)C(=O)N(c1c(C)cc(C)c(*)c1C)C2=O,35.871743486974
*c1c(C)cc(-c2cc(C)c(-n3c(=O)c4cc5oc6cc7c(cc6oc5cc4c3=O)C3(CC(C)(C)c4cc5oc6cc8c(=O)n(*)c(=O)c8cc6oc5cc43)CC7(C)C)c3ccccc23)c2ccccc12,22.9615384615385
*c1cc(C(=O)OCC)cc(N2C(=O)c3ccc(Oc4ccc(Oc5ccc6c(c5)C(=O)N(*)C6=O)cc4)cc3C2=O)c1,29.3506493506494
*C(=C(*)c1ccc([Si](C(C)C)(C(C)C)C(C)C)cc1)c1ccccc1,9.96168582375479
*c1cc2c(cc1Br)-c1ccccc1C21c2ccccc2-c2cc(Br)c(-n3c(=O)c4cc5c(=O)n(*)c(=O)c5cc4c3=O)cc21,24.0625
*c1ccc(Oc2ccc(N3C(=O)c4cc(Oc5ccc(C(C)(C)C)cc5)c(-c5cc6c(cc5Oc5ccc(C(C)(C)C)cc5)C(=O)N(*)C6=O)cc4C3=O)cc2)cc1,29.0169491525424
*OCC(*)CCl,33.3333333333333
*c1ccc2c(c1)C(=O)N(c1ccc(Oc3ccc(N4C(=O)c5ccc(-c6nc7cc(Cc8ccc9nc(*)oc(=O)c9c8)ccc7c(=O)o6)cc5C4=O)cc3)cc1)C2=O,49.0566037735849
*=CC1CC(C=*)C2C(=O)N(c3ccccc3)C(=O)C12,36.9032258064516
*O[Si](*)(C)CC,9.4125
*CC[Si](C)(C)CC[Si](C)(C)c1ccc([Si](*)(C)C)cc1,15.6031128404669
*c1c(C)c(C)c(N2C(=O)c3ccc(Oc4ccc(C)cc4Oc4ccc5c(c4)C(=O)N(*)C5=O)cc3C2=O)c(C)c1C,33.8983050847458
*Oc1c(Br)cc(C(C)(C)c2cc(Br)c(OC(*)=O)c(Br)c2)cc1Br,21.0
*Oc1ccc(-c2nn(-c3ccc(S(=O)(=O)c4ccc(*)cc4)cc3)c(=O)c3ccccc23)cc1,34.0740740740741
*C(=C(*)c1ccc2c(c1)C(C)(C)CC2(C)C)c1ccc(F)cc1,3.01282051282051
*CC(*)c1ccc(OC)cc1,30.983606557377
*Cc1ccc(C*)c(CC)c1,20.9070796460177
*CC=CC*,8.75634517766497
*c1ccc(-c2ccc(Oc3ccc(C4(c5ccc(Oc6ccc(-c7ccc(N8C(=O)c9ccc(C(=O)c%10ccc%11c(c%10)C(=O)N(*)C%11=O)cc9C8=O)cc7)cc6C(F)(F)F)cc5)c5ccccc5-c5ccccc54)cc3)c(C(F)(F)F)c2)cc1,37.9684210526316
*c1ccc(Cc2ccc(N3C(=O)c4ccc(Oc5ccc(Oc6ccc7c(c6)C(=O)N(*)C7=O)cc5)cc4C3=O)c(C)c2)cc1C,46.4985994397759
*Oc1c(C)cc(*)cc1C,16.5607365607366
*Oc1c(C)cc(C(C)(C)c2cc(C)c(Oc3ccc(S(=O)(=O)c4ccc(*)cc4C(O)(C(F)(F)F)C(F)(F)F)c(C(O)(C(F)(F)F)C(F)(F)F)c3)c(C)c2)cc1C,20.0
*C/C=C(/C*)[Si](C)(OC(C)C)OC(C)C,13.5826771653543
*OC1OC(COC(C)=O)C(*)C(O)C1OC(C)=O,25.8008658008658
*c1cc(C(=O)OCCC(F)(F)C(F)(F)C(F)(F)C(F)(F)C(F)(F)C(F)(F)F)cc(N2C(=O)c3ccc(C(=O)c4ccc5c(c4)C(=O)N(*)C5=O)cc3C2=O)c1,21.0416666666667
*Oc1ccc(-c2ccc(Oc3ccc(S(=O)(=O)c4ccc(*)cc4)cc3)cc2)cc1,23.728813559322
*c1cccc(N2C(=O)c3ccc(C(c4ccc5c(c4)C(=O)N(*)C5=O)(C(F)(F)F)C(F)(F)F)cc3C2=O)c1,22.0390344119158
*Nc1ccc(C(c2ccc(NC(=O)c3cc(C(*)=O)cc(-c4ccccc4)c3)cc2)(C(F)(F)F)C(F)(F)F)cc1,17.5
*Oc1c(C)cc(C(C)(C)c2cccc(C(C)(C)c3cc(C)c(Oc4ccc(S(=O)(=O)c5ccc(*)cc5)cc4)c(C)c3)c2)cc1C,25.0
*c1ccc(-c2ccc(Oc3ccc(C4(c5ccc(Oc6ccc(-c7ccc(N8C(=O)c9ccc(Oc%10ccc(C(C)(C)c%11ccc(Oc%12ccc%13c(c%12)C(=O)N(*)C%13=O)cc%11)cc%10)cc9C8=O)cc7)cc6C(F)(F)F)cc5)c5ccccc5-c5ccccc54)cc3)c(C(F)(F)F)c2)cc1,18.9243697478992
*OC1OC(COCC)C(*)C(O)C1OCC,21.7237163814181
*C(=C(*)c1ccc2c(c1)C(C)(C)c1ccccc1-2)c1ccc([Si](C)(C)C)cc1,9.5
*c1c(C)c(C)c(N2C(=O)c3ccc(Oc4cc(C(C)(C)C)ccc4Oc4ccc5c(c4)C(=O)N(*)C5=O)cc3C2=O)c(C)c1C,27.843137254902
*Oc1ccc(C(C)(C)c2ccc(Oc3c(F)c(F)c(COC(c4cccc(C(OCc5c(F)c(F)c(*)c(F)c5F)(C(F)(F)F)C(F)(F)F)c4)(C(F)(F)F)C(F)(F)F)c(F)c3F)cc2)cc1,13.3333333333333
*NC(=O)c1ccc(C(c2ccc(C(=O)O)c(C(=O)Nc3cc(Oc4ccc(*)c(N)c4)ccc3N)c2)(C(F)(F)F)C(F)(F)F)cc1C(=O)O,21.7058823529412
*Nc1ccc(C(c2ccc(NC(=O)c3ccc(Oc4cc(C(C)(C)C)c(Oc5ccc(C(*)=O)cc5)cc4C(C)(C)C)cc3)cc2)(C(F)(F)F)C(F)(F)F)cc1,23.841059602649
*c1ccc(C2(c3ccc(*)cc3)CC3CCC2C3)cc1,19.3617021276596
*Nc1c(C)cc(Cc2cc(C)c(NC(=O)c3ccc(Oc4cc(C(C)(C)C)c(Oc5ccc(C(*)=O)cc5)cc4C(C)(C)C)cc3)c(C(C)C)c2)cc1C(C)C,22.8813559322034
*C(C)=C(*)[Si](C)(C)CCC,10.952380952381
*Oc1ccc(C(C)(C)c2ccc(C(C)(C)c3ccc(Oc4ccc(S(=O)(=O)c5ccc(*)cc5)cc4)cc3)cc2)cc1,21.25
*c1ccc(Oc2ccc(ON3C(=O)c4ccc(C(c5ccc6c(c5)C(=O)N(*)C6=O)(C(F)(F)F)C(F)(F)F)cc4C3=O)c3c2C2c4ccccc4C3c3ccccc32)cc1,21.8181818181818
*c1ccc(-c2ccc(Oc3ccc(C4(c5cccc(Oc6ccc(-c7ccc(-n8c(=O)c9cc%10c(=O)n(*)c(=O)c%10cc9c8=O)cc7)cc6C(F)(F)F)c5)c5ccccc5C(=O)N4c4ccccc4)cc3)c(C(F)(F)F)c2)cc1,32.975
*C(Cl)=C(*)c1ccccc1,35.8823529411765
*Oc1ccc(C(C)(C)c2ccc(OC(=O)c3cccc(C(*)=O)c3)c(C)c2)cc1C,26.9452449567724
*C1C(*)C2CC1C1CC([Ge](C)(C)C)C21,16.0416666666667
*Nc1ccc(C2(c3ccc(NC(=O)CN4C(=O)c5ccc(C(*)=O)cc5C4=O)cc3)c3ccccc3-c3ccccc32)cc1,24.046875
*c1ccc(Oc2ccc(C(c3ccc(Oc4ccc(N5C(=O)c6ccc(C(=O)c7ccc8c(c7)C(=O)N(*)C8=O)cc6C5=O)cc4)cc3)(C(F)(F)F)C(F)(F)F)cc2)cc1,23.9230769230769
*c1ccc(C(c2ccc(N3C(=O)c4ccc(Oc5cc(C)c(Oc6ccc7c(c6)C(=O)N(*)C7=O)c(C)c5C)cc4C3=O)cc2)(C(F)(F)F)C(F)(F)F)cc1,28.421052631579
*c1c(C)c(C)c(N2C(=O)c3ccc(Oc4cc(C(C)(C)C)cc(C)c4Oc4ccc5c(c4)C(=O)N(*)C5=O)cc3C2=O)c(C)c1C,26.8
*C(=C(*)c1ccc2c(c1)C(C)(C)CC2(C)C)c1cccc(F)c1,2.93333333333333
*C(=C(*)c1ccccc1)c1ccccc1,2.42647058823529
*C(=C(*)c1ccc2c(c1)C(C)(C)c1ccccc1-2)c1cc(F)cc(F)c1,5.41176470588235
*Nc1ccc(C2(c3ccc(NC(=O)Cn4c(=O)c5cc6c(=O)n(CC(*)=O)c(=O)c6cc5c4=O)cc3)c3ccccc3-c3ccccc32)cc1,26.1230769230769
*c1c(C)cc(C)c(N2C(=O)c3ccc(C(=O)c4ccc5c(c4)C(=O)N(*)C5=O)cc3C2=O)c1C,24.2352941176471
*c1ccc(Sc2ccc(Sc3ccc(Sc4ccc(N5C(=O)c6ccc(C(c7ccc8c(c7)C(=O)N(*)C8=O)(C(F)(F)F)C(F)(F)F)cc6C5=O)cc4)cc3)cc2)cc1,22.6216216216216
*CC(*)C(=O)OC,38.056206088993
*Oc1ccc(C(C)(C)c2ccc(OC(=O)c3cccc(C(=O)c4ccc5ccccc5c4-c4c(*)ccc5ccccc45)c3)cc2)cc1,28.7769784172662
*Oc1ccc(S(=O)(=O)c2ccc(Oc3ccc(C(C)(c4ccccc4)c4ccc(*)cc4)cc3)cc2)cc1,29.2086330935252
*c1ccc(-c2ccc(Oc3ccc(C4(c5ccc(Oc6ccc(-c7ccc(N8C(=O)c9ccc(Oc%10ccc%11c(c%10)C(=O)N(*)C%11=O)cc9C8=O)cc7)cc6C(F)(F)F)cc5)c5ccccc5-c5ccccc54)cc3)c(C(F)(F)F)c2)cc1,21.2377049180328
*c1ccc(-c2ccc(N3C(=O)c4ccc(C(c5ccc6c(c5)C(=O)N(*)C6=O)(C(F)(F)F)C(F)(F)F)cc4C3=O)c(O)c2)cc1O,28.8690476190476
*c1ccc(C(C)(C)c2ccc(N3C(=O)c4ccc(C(c5ccc6c(c5)C(=O)N(*)C6=O)(C(F)(F)F)C(F)(F)F)cc4C3=O)cc2)cc1,22.3880597014925
*Oc1c(-c2ccccc2)cc(*)cc1-c1ccccc1,28.8144329896907
*c1ccc(-c2ccc(Oc3ccc(C4(c5cccc(Oc6ccc(-c7ccc(N8C(=O)c9ccc(Oc%10ccc%11c(c%10)C(=O)N(*)C%11=O)cc9C8=O)cc7)cc6C(F)(F)F)c5)c5ccccc5C(=O)N4c4ccccc4)cc3)c(C(F)(F)F)c2)cc1,15.1979166666667
*c1ccc(-c2ccc(Oc3ccc(C4(c5cccc(Oc6ccc(-c7ccc(N8C(=O)c9ccc(C(=O)c%10ccc%11c(c%10)C(=O)N(*)C%11=O)cc9C8=O)cc7)cc6C(F)(F)F)c5)c5ccccc5C(=O)N4c4ccccc4)cc3)c(C(F)(F)F)c2)cc1,20.5903614457831
*Oc1ccc(Oc2cccc(*)c2C#N)c(-c2cc(C)cc(C)c2)c1,20.5882352941176
*CC(*)OC1CCCCC1,13.7373737373737
*C(=C(*)c1ccc2c(c1)C(C)(C)CCC2(C)C)c1ccccc1,4.22222222222222
*Nc1c(C)cc(C(C)(C)c2cc(C)c(NC(=O)c3ccc(Oc4cc(C(C)(C)C)c(Oc5ccc(C(*)=O)cc5)cc4C(C)(C)C)cc3)c(C)c2)cc1C,24.8554913294798
*C(C)=C(*)C(C)C,10.5546666666667
*/C(C)=C(/*)[Si](C)(C)C,5.3968253968254
*c1c(C)c(C)c(N2C(=O)c3ccc(C(c4ccc5c(c4)C(=O)N(*)C5=O)(C(F)(F)F)C(F)(F)F)cc3C2=O)c(C)c1C,15.0841750841751
*OC1OC(COCC)C(OC2OC(COCC)C(*)C(OCC)C2OCC)C(OCC)C1O,21.9230769230769
*c1ccc(Oc2ccc(S(=O)c3ccc(Oc4ccc(N5C(=O)c6ccc(-c7ccc8c(c7)C(=O)N(*)C8=O)cc6C5=O)cc4)cc3)cc2)cc1,34.0073529411765
*C(=C(*)c1cccc(O[Si](C)(C)C(C)(C)C)c1)c1ccc(C(C)(C)C)cc1,5.53846153846154
*Oc1c(C)cc(-c2cc(C)c(Oc3ccc(S(=O)(=O)c4ccc(*)cc4)cc3)c(C)c2)cc1C,26.302729528536
*c1ccc(Cc2ccc(-n3c(=O)c4cc5c(=O)n(*)c(=O)c5cc4c3=O)cc2)cc1,24.9585681140206
*O[Si](C)(C)c1cccc([Si](*)(C)C)c1,15.6494522691706
*c1ccc(-c2nc3cc(C(c4ccc5oc(-c6ccc(C(*)(C(F)(F)F)C(F)(F)F)cc6)nc5c4)(C(F)(F)F)C(F)(F)F)ccc3o2)cc1,14.8440899202321
*Oc1c(C)cc(C(C)(C)c2cc(C)c(OC(*)=O)c(C)c2)cc1C,16.9090909090909
*Oc1c(C)cc(C(C)(C)c2cc(C)c(OC(=O)c3cccc(C(*)=O)c3)c(Br)c2)cc1Br,24.8858447488585
*c1cc(C(c2ccc(O)c(N3C(=O)c4ccc(C(=O)c5ccc6c(c5)C(=O)N(*)C6=O)cc4C3=O)c2)(C(F)(F)F)C(F)(F)F)ccc1O,17.5
*Oc1ccc(Oc2cccc(*)c2C#N)c(-c2cccc(C(F)(F)F)c2)c1,24.6666666666667
*Oc1ccc(C(C)(C)c2cccc(Oc3ccc(S(=O)(=O)c4ccc(*)cc4)cc3)c2)cc1,22.7272727272727
*c1ccc(-c2ccc(Oc3ccc4c(c3)C(C)(c3ccc(Oc5ccc(-c6ccc(-n7c(=O)c8cc9c(=O)n(*)c(=O)c9cc8c7=O)cc6)cc5C(F)(F)F)cc3)CC4(C)C)c(C(F)(F)F)c2)cc1,18.9322033898305
*Oc1ccc(Oc2ccc(C(=O)c3ccc(*)cc3)cc2)c(-c2cc(C(F)(F)F)cc(C(F)(F)F)c2)c1,16.1111111111111
*C(C)=C(*)SCCCCCCCCCC,11.875
*C(=C(*)c1ccc([Si](C)(C)C)cc1)c1ccccc1,8.7906976744186
*c1ccc(-c2ccc(Oc3ccc(C4(c5cccc(Oc6ccc(-c7ccc(N8C(=O)c9ccc(C(c%10ccc%11c(c%10)C(=O)N(*)C%11=O)(C(F)(F)F)C(F)(F)F)cc9C8=O)cc7)cc6C(F)(F)F)c5)c5ccccc5C(=O)N4c4ccccc4)cc3)c(C(F)(F)F)c2)cc1,31.4912280701754
*c1ccc(C(c2ccc(-c3nc4ccc(-c5ccc6nc(*)oc6c5)cc4o3)cc2)(C(F)(F)F)C(F)(F)F)cc1,17.0684257602862
*O[Si](*)(C)CCC,8.83977900552486
*c1cc(C)c(Oc2cc(C)c(*)c(C)c2)c(C)c1C(=O)c1ccc(C)cc1,8.84297520661157
*O[Si](*)(C)c1ccccc1,24.4002041858091
*Oc1ccc(C(=C(Cl)Cl)c2ccc(OC(*)=O)cc2)cc1,25.0481695568401
*c1ccc(Oc2ccc(N3C(=O)c4ccc(-c5ccc6c(c5)C(=O)N(*)C6=O)cc4C3=O)cc2)cc1,55.8139534883721
*Oc1c(C)cc(C2(c3cc(C)c(OC(=O)c4cc(C(*)=O)cc(C(C)(C)C)c4)c(C)c3)c3ccccc3-c3ccccc32)cc1C,18.3333333333333
*CC(*)c1ccc([Si](C)(C)CCC(F)(F)F)cc1,24.0677966101695
*Oc1c(C)cc(C(c2cc(C)c(Oc3ccc(S(=O)(=O)c4ccc(*)cc4)cc3)c(C)c2)(C(F)(F)F)C(F)(F)F)cc1C,18.0
*Oc1ccc(C(c2ccc(Oc3ccc(C(=O)c4ccc(*)cc4)cc3)cc2)c2ccccc2C(=O)O)cc1,37.319587628866
*C(C)=C(*)SCCCCCC,10.7142857142857
*C(=C(*)c1ccc2c(c1)C(C)(C)c1ccccc1-2)c1ccc(Br)cc1,4.85714285714286
*Oc1ccc(C(c2ccc(OC(*)=O)cc2)(C(F)(F)F)C(F)(F)F)cc1,14.2011834319527
*c1ccc(C(=O)c2ccc(-c3nc4cc(C(c5ccc6oc(*)nc6c5)(C(F)(F)F)C(F)(F)F)ccc4o3)cc2)cc1,20.7272727272727
*C(=O)c1ccc(C2(c3ccc(C(=O)c4ccc(Oc5ccc(C(=O)c6ccc(Oc7ccc(*)cc7)cc6)cc5)cc4)cc3)OC(=O)c3ccccc32)cc1,31.4401622718053
*C(C)=C(*)[Ge](C)(C)C,14.0
*Oc1ccc(C(C)(C)c2cccc(C(C)(C)c3ccc(Oc4ccc(S(=O)(=O)c5ccc(*)cc5)cc4)cc3)c2)cc1,25.4545454545455
*c1cc(C)c(C)c(N2C(=O)c3ccc(Oc4cc(C(C)(C)C)ccc4Oc4ccc5c(c4)C(=O)N(*)C5=O)cc3C2=O)c1C,28.6363636363636
*Oc1ccc(C2(c3ccc(Oc4ccc(C(=O)c5ccc(*)cc5)cc4)cc3)c3ccccc3C(=O)N2CCC)cc1,19.0598290598291
*c1cccc(N2C(=O)c3ccc(C(=O)c4ccc5c(c4)C(=O)N(*)C5=O)cc3C2=O)c1,26.75
*C=C(*)C(C)(C)C,13.4265734265734
*CC(*)c1ccc(Cl)cc1,18.695652173913
*N=P(*)(Oc1ccccc1)Oc1ccccc1,7.93269230769231
*c1ccc(C(c2ccc(-c3nc4ccc(C(c5ccc6oc(*)nc6c5)(C(F)(F)F)C(F)(F)F)cc4o3)cc2)(C(F)(F)F)C(F)(F)F)cc1,21.5
*c1ccc(Oc2ccc(-c3ccc(-c4ccc(Oc5ccc(N6C(=O)c7ccc(C(c8ccc9c(c8)C(=O)N(*)C9=O)(C(F)(F)F)C(F)(F)F)cc7C6=O)cc5)c(C(F)(F)F)c4)s3)cc2C(F)(F)F)cc1,25.4550561797753
*c1ccc(C(C)(C)c2ccc(-n3c(=O)c4cc5c(=O)n(*)c(=O)c5cc4c3=O)cc2)cc1,17.86
*c1ccc(Oc2ccc(C(c3ccc(Oc4ccc(N5C(=O)c6ccc(C(=O)c7ccc8c(c7)C(=O)N(*)C8=O)cc6C5=O)cc4C(F)(F)F)cc3)(C(F)(F)F)C(F)(F)F)cc2)c(C(F)(F)F)c1,18.7567567567568
*c1ccc2c(c1)C1c3ccccc3C2c2ccc(N3C(=O)c4ccc(C(c5ccc6c(c5)C(=O)N(*)C6=O)(C(F)(F)F)C(F)(F)F)cc4C3=O)cc21,25.5172413793103
*c1c(O)ccc2c1CN1CN2Cc2c1ccc(O)c2N1C(=O)c2ccc(C(c3ccc4c(c3)C(=O)N(*)C4=O)(C(F)(F)F)C(F)(F)F)cc2C1=O,29.646017699115
*C(=C(*)c1ccc2c(ccc3ccccc32)c1)c1ccc([Si](C)(C)C)cc1,11.0526315789474
*Oc1c(C)cc(C(c2cc(C)c(OC(*)=O)c(C)c2)(C(F)(F)F)C(F)(F)F)cc1C,14.4155844155844
*c1cc(C(c2ccc(O)c(N3C(=O)c4ccc(C(c5ccc6c(c5)C(=O)N(*)C6=O)(C(F)(F)F)C(F)(F)F)cc4C3=O)c2)(C(F)(F)F)C(F)(F)F)ccc1O,24.434756097561
*Oc1ccc(C(c2ccc(Oc3ccc(S(=O)(=O)c4ccc(*)cc4)cc3)cc2)(C(F)(F)F)C(F)(F)F)cc1,17.973040439341
*c1cccc(-c2nc3cc(C(c4ccc5oc(-c6cccc(*)c6)nc5c4)(C(F)(F)F)C(F)(F)F)ccc3o2)c1,21.125
*Oc1c(Br)cc(C(C)(C)c2cc(Br)c(OC(=O)c3cccc(C(*)=O)c3)c(Br)c2)cc1Br,27.3888888888889
*c1ccc2c(c1C)N1Cc3cc(C)c(N4C(=O)c5ccc(Oc6ccc7c(c6)C(=O)N(*)C7=O)cc5C4=O)cc3N(C2)C1,27.8947368421053
*CC(*)c1ccc([Si](C)(C)C)cc1,14.1875
*c1ccc(C(c2ccc(-c3nc4cc(-c5ccc6[nH]c(*)nc6c5)ccc4[nH]3)cc2)(C(F)(F)F)C(F)(F)F)cc1,22.3846153846154
*C(=C(*)c1ccc2c(c1)C(C)(C)c1ccccc1-2)c1ccc(F)c(F)c1,5.09803921568627
*C1C2CC(C1*)C([Si](C)(C)C)C2,12.612676056338
*Oc1c(C)cc(-c2cc(C)c(Oc3ccc(S(=O)(=O)c4ccc(*)cc4)cc3)c(C)c2C)c(C)c1C,21.25
*c1ccc2c(c1)C1(c3ccccc3-2)c2ccccc2-c2ccc(N3C(=O)c4cc5c(cc4C3=O)OC3C=C4C(=CC3O5)C(C)(C)CC43CC(C)(C)c4cc5oc6cc7c(=O)n(*)c(=O)c7cc6oc5cc43)cc21,21.4685314685315
*Oc1ccc(C(=O)c2ccc(Oc3ccc(*)c(C(C)(C)C)c3)cc2)cc1,21.4285714285714
*c1ccc(C(c2ccc(N3C(=O)c4ccc(C(=O)c5ccc6c(c5)C(=O)N(*)C6=O)cc4C3=O)cc2)(C(F)(F)F)C(F)(F)F)cc1,23.2
*Nc1ccc(C(c2ccc(NC(=O)c3cc(C(*)=O)cc(C(C)(C)C)c3)cc2)(C(F)(F)F)C(F)(F)F)cc1,20.8018867924528
*Nc1ccc(Oc2c(F)c(F)c(Oc3ccc(NC(=O)CN4C(=O)c5ccc(C(*)=O)cc5C4=O)cc3)c(F)c2F)cc1,17.9295774647887
*c1ccc(Oc2ccc(ON3C(=O)c4ccc(C(c5ccc6c(c5)C(=O)N(*)C6=O)(C(F)(F)F)C(F)(F)F)cc4C3=O)c3c2C2c4ccccc4C3c3ccccc32)cc1C,21.9512195121951
*c1c(C)cc(-c2cc(C)c(-c3cc(C)c(N4C(=O)c5ccc(C(c6ccc7c(c6)C(=O)N(*)C7=O)(C(F)(F)F)C(F)(F)F)cc5C4=O)c(C)c3)cc2C)cc1C,17.4626865671642
*/C=C/c1ccc(*)cc1[Si](C)(C)C(C)(C)C,17.3333333333333
