SMILES,linear_expansion
*CC(*)SC,0.000110466
*C(=O)c1ccc2c(c1)C(=O)N(c1ccc(Oc3ccc(-c4ccc(Oc5ccc(N6C(=O)c7ccc(*)cc7C6=O)cc5)cc4)cc3)cc1)C2=O,3.08e-05
*CC(*)c1ccc(C(C)(C)O)cc1,9.85e-05
*CCCCCCCCCCOC(=O)c1ccc(C(=O)NCCNC(=O)c2ccc(C(=O)O*)cc2)cc1,8.64e-05
*CC(*)c1ccc(C(=O)OC(C)C)cc1,0.000106771
*CC(*)CNc1ccc([N+](=O)[O-])cc1[N+](=O)[O-],0.000111551
*CC(*)C(=O)OCCCCCCCCCCCCCCCC,0.000187338
*CC(*)OC1CCCCC1,8.25e-05
*C(=O)c1ccc2c(c1)C(=O)N(c1ccc(Oc3ccc(C(=O)c4cccc(C(=O)c5ccc(Oc6ccc(N7C(=O)c8ccc(*)cc8C7=O)cc6)cc5)c4)cc3)cc1)C2=O,9.67e-05
*c1ccc(Oc2ccc(C(C)(C)c3ccc(Oc4ccc(N5C(=O)c6ccc(-c7ccc8c(c7)C(=O)N(*)C8=O)cc6C5=O)cc4)cc3)cc2)cc1,6.21e-05
*CCC(*)(C)C,7.86e-05
*c1ccc(Oc2ccc(Oc3ccc(N4C(=O)c5ccc(-c6ccc7c(c6)C(=O)N(*)C7=O)cc5C4=O)cc3)c(-c3ccccc3)c2)cc1,5.98e-05
*CCCCCCNC(=O)CCCCC(=O)N(*)C,0.000141184
*CC(*)OC(=O)c1ccccc1OC(C)=O,0.000125217
*CC(OC)C1C(=O)OC(=O)C1*,5.78e-05
*Oc1ccc2c(c1)C1(CC2(C)C)CC(C)(C)c2ccc(OC(*)=O)cc21,8.77e-05
*CC(*)OC(=O)CCCC(=O)c1ccccc1,0.00014223
*CCOC(=O)c1ccc2ccc(C(=O)O*)cc2c1,9.21e-05
*c1ccc(Oc2c(C)cc(Cc3cc(C)c(Oc4ccc(-n5c(=O)c6cc7c(=O)n(*)c(=O)c7cc6c5=O)cc4)c(C)c3)cc2C)cc1,0.000159892
*CC(*)OC(=O)c1cccnc1,0.000117308
*CC(*)OC(=O)c1cccc(Cl)c1,0.000111546
*c1ccc(Sc2ccc(-n3c(=O)c4cc5c(=O)n(*)c(=O)c5cc4c3=O)cc2)cc1,6.65e-05
*CC(*)C(=O)OCCCCCCCCCCCC,0.000187176
*c1cccc(N2C(=O)c3ccc(-c4ccc5c(c4)C(=O)N(*)C5=O)cc3C2=O)c1C,4.82e-05
*CCCCCC(=O)O*,0.000159583
*C(=O)Nc1cccc(/C=C/C(=O)/C=C/c2cccc(NC(=O)c3ccc(N4C(=O)c5ccc(*)cc5C4=O)cc3)c2)c1,6.67e-05
*CC(*)C(=O)OCc1ccccc1,0.000119785
*CC(*)OCC,0.000168728
*CC(*)c1ccccc1,9.02e-05
*c1ccc(-c2ccc(N3C(=O)c4ccc(-c5cccc6c5C(=O)N(*)C6=O)cc4C3=O)cc2C)c(C)c1,7.32e-05
*c1ccc(Oc2ccc(C(c3ccc(Oc4ccc(N5C(=O)c6ccc(-c7ccc8c(c7)C(=O)N(*)C8=O)cc6C5=O)cc4)cc3)(C(F)(F)F)C(F)(F)F)cc2)cc1,5.45e-05
*CC(*)C=O,8.2e-05
*C(F)(F)C(*)(F)F,9.09e-05
*c1ccc2c(c1)C(=O)N(c1ccc(Sc3ccc(Oc4ccc(Sc5ccc(N6C(=O)c7ccc(C(*)(C(F)(F)F)C(F)(F)F)cc7C6=O)cc5)cc4)cc3)cc1)C2=O,5.02e-05
*c1ccc(Oc2ccc(Oc3ccc(N4C(=O)c5ccc(Oc6ccc7c(c6)C(=O)N(*)C7=O)cc5C4=O)cc3)cc2)cc1,5.98e-05
*c1cccc(N2C(=O)c3ccc(-c4cccc5c4C(=O)N(*)C5=O)cc3C2=O)c1,5.03e-05
*c1ccc(Oc2cc3ccccc3cc2Oc2ccc(N3C(=O)c4ccc(-c5ccc6c(c5)C(=O)N(*)C6=O)cc4C3=O)cc2)cc1,6.85e-05
*CC(*)Cc1ccccc1C,9.91e-05
*c1ccc(Sc2ccc(Sc3ccc(Sc4ccc(-n5c(=O)c6cc7c(=O)n(*)c(=O)c7cc6c5=O)cc4)cc3)cc2)cc1,4.96e-05
*CC(*)c1ccc(C(C)=O)cc1,0.000174325
*Nc1ccc(NC(=O)c2cc(C(*)=O)c(C(=O)OCC)cc2C(=O)OCC)cc1,8.95e-05
*CC(*)C(C)(C)C,7.83e-05
*Oc1ccc(-c2ccc(OC(=O)CCCCCC(*)=O)cc2)cc1,8.45e-05
*Nc1ccc(*)cc1,8.01e-05
*CC(*)(C)C(=O)OC,4.96e-05
*CCCCCCOC(=O)c1ccc(C(=O)O*)cc1,0.000160044
*CCCCCCOC(=O)CCCCCCCC(=O)O*,0.000148824
*C(=O)c1ccc2c(c1)C(=O)N(c1ccc(N3C(=O)c4ccc(*)cc4C3=O)c(C)c1)C2=O,5.01e-05
*CC(*)(C)C(=O)OCc1ccccc1,8.8e-05
*OC(F)(F)C(F)(F)C(*)(F)F,0.000159277
*CC(*)C(=O)OCC(F)(F)C(F)(F)C(F)(F)F,0.000200725
*Oc1ccc(C(C)(C)c2ccc(OC(=O)c3cccc(C(*)=O)c3)cc2)cc1,7.12e-05
*c1cccc(N2C(=O)c3ccc(C(=O)c4ccc5c(c4)C(=O)N(*)C5=O)cc3C2=O)c1,5.45e-05
*C(=O)Oc1ccc(OC(=O)c2ccc3c(c2)C(=O)N(c2ccc(Oc4ccc(N5C(=O)c6ccc(*)cc6C5=O)cc4)cc2)C3=O)cc1,6.67e-05
*CCOC(=O)Nc1ccc(-c2ccc(NC(=O)O*)cc2)cc1,9.27e-05
*CC(*)CCC(C)CC,0.000157343
*C=CCCCCCCCCCC*,0.000194562
*CCCCCCCCCCCC(=O)N*,0.000118889
*CCCCNC(=O)CCCCCCC(=O)N*,9.02e-05
*c1cccc(Oc2ccc(N3C(=O)c4ccc(-c5ccc6c(c5)C(=O)N(*)C6=O)cc4C3=O)cc2)c1,4.99e-05
*CC(*)c1ccc(O)cc1,6.13e-05
*c1ccc(Oc2cccc3c(Oc4ccc(N5C(=O)c6ccc(Oc7ccc8c(c7)C(=O)N(*)C8=O)cc6C5=O)cc4)cccc23)cc1,6.53e-05
*CC(*)C(=O)n1c2ccccc2c2ccccc21,0.000108256
*c1ccc(Oc2ccc(N3C(=O)c4ccc(Oc5ccc(S(=O)(=O)c6ccc(Oc7ccc8c(c7)C(=O)N(*)C8=O)cc6)cc5)cc4C3=O)cc2)cc1,5.88e-05
*CC(*)c1ccc(C(=O)CCCCC)cc1,0.000152965
*CC(*)c1ccc(Cl)c(Cl)c1,0.000199127
*CC(*)C(=O)c1ccc(C(C)(C)C)cc1,0.000111885
*CC(*)OCCCCCCCCCCCC,0.000159406
*C(=O)c1ccc2c(c1)C(=O)N(c1c(C(C)C)cc(Cc3cc(C(C)C)c(N4C(=O)c5ccc(*)cc5C4=O)c(C(C)C)c3)cc1C(C)C)C2=O,8.3e-05
*CC(*)OC(=O)c1ccc(Cl)cc1,9.99e-05
*c1ccc(Oc2ccc(N3C(=O)c4ccc(C(=O)c5ccc6c(c5)C(=O)N(*)C6=O)cc4C3=O)cc2)cc1,5.19e-05
*CC(*)c1ccc(C(C)(O)CC)cc1,0.00016745
*CC(*)SCC,0.00013208
*Oc1ccc(-c2ccc(OC(=O)CCCCCCCC(*)=O)cc2)cc1,9.52e-05
*c1ccc(Oc2cccc(Oc3ccc(N4C(=O)c5ccc(Oc6ccc7c(c6)C(=O)N(*)C7=O)cc5C4=O)cc3)c2)cc1,6.97e-05
*CC(*)OC(=O)c1ccccc1,0.00011879
*C(=O)Nc1ccc(Oc2ccc(N3C(=O)c4ccc(*)cc4C3=O)cc2)cc1,4.59e-05
*Oc1ccc(NC(=O)c2cc(C(c3ccc(C(=O)O)c(C(=O)Nc4ccc(Oc5ccc(C(c6ccc(*)cc6)(C(F)(F)F)C(F)(F)F)cc5)cc4)c3)(C(F)(F)F)C(F)(F)F)ccc2C(=O)O)cc1,0.000105177
*CC(*)OCC(C)(C)CC,0.000141543
*CC(=C)COCC(=C)COC(=O)O*,0.00017594
*CC(*)Cl,7.59e-05
*NC(=O)c1ccc(C(=O)Nc2ccc(-c3ccc(*)cc3)cc2)cc1,2.11e-05
*CC(*)(CC(=O)OCc1ccccc1)C(=O)OCc1ccccc1,0.000128292
*c1cccc(P(=O)(c2ccccc2)c2cccc(-n3c(=O)c4cc5c(=O)n(*)c(=O)c5cc4c3=O)c2)c1,4.84e-05
*Oc1ccc(C2(c3ccc(OC(=O)c4cccc(C(*)=O)c4)cc3)c3ccccc3-c3ccccc32)cc1,7.79e-05
*CC(*)c1ccc(CCCCCCCC)cc1,0.000199046
*CC(*)(CC(=O)OCCCCCCCC)C(=O)OCCCCCCCC,0.00019728
*c1ccc(Oc2ccc(C(c3ccc(Oc4ccc(N5C(=O)c6ccc(Oc7ccc8c(c7)C(=O)N(*)C8=O)cc6C5=O)cc4)cc3)(C(F)(F)F)C(F)(F)F)cc2)cc1,4.38e-05
*CCCCCCOC(=O)Nc1ccc(C)c(NC(=O)OCCCCCCOc2ccc(-c3ccc(O*)cc3)cc2)c1,8.99e-05
*CCCCCCCCCCCCC(=O)N*,0.000115213
*c1ccc(C)c(N2C(=O)c3ccc(-c4ccc5c(c4)C(=O)N(*)C5=O)cc3C2=O)c1,7.53e-05
*CC(*)OC(C)CC,0.000156024
*OC1C(CO)OC(*)C(O)C1O,5.78e-05
*CCCCCCCCCCC(=O)N*,9.69e-05
*Oc1ccc(C2(c3ccc(OC(*)=O)cc3)CCCC2)cc1,9.78e-05
*c1ccc(C(=O)Oc2ccc(N3C(=O)c4ccc(-c5ccc6c(c5)C(=O)N(*)C6=O)cc4C3=O)cc2)cc1,5.38e-05
*CCCCOC(=O)NCC(F)(F)C(F)(F)C(F)(F)C(F)(F)CNC(=O)O*,0.000115409
*CC(*)CCc1ccccc1,0.000118516
*CC(*)(C)C(=O)OCCCC,0.000203454
*Oc1ccc(S(=O)(=O)c2ccc(Oc3ccc(C(=O)c4cc(Br)cc(C(=O)c5ccc(*)cc5)c4)cc3)cc2)cc1,7.53e-05
*Oc1c(OC)cc(*)cc1OC,9.5e-05
*c1ccc(*)s1,7.77e-05
*CC(*)c1ccc(COCCCCCC)cc1,0.000170422
*Oc1ccc(S(=O)(=O)c2ccc(Oc3c(C)cc(C(c4cc(C)c(*)c(C)c4)(C(F)(F)F)C(F)(F)F)cc3C)cc2)cc1,6.97e-05
*CC(*)c1cccc(CC)c1,0.000161514
*CC(*)(C(=O)OC)c1ccccc1,6.52e-05
*CC(*)(C)C(=O)OC(C)C,9.75e-05
*c1ccc2c(c1)-c1nc3cc(-c4ccc5nc6n(c5c4)C(=O)c4cc(C(*)(C(F)(F)F)C(F)(F)F)ccc4-6)ccc3n1C2=O,7.12e-05
*CC(*)C(=O)OCC(F)(F)F,0.000119798
*CC(*)C1CCCCC1,4.34e-05
*CC(*)c1ccc(C(C)(O)CCCCC)cc1,0.000178762
*CC(*)c1ccccc1COCCC,0.000187999
*CC(*)c1ccc(C(F)(F)C(F)(F)C(F)(F)C(F)(F)C(F)(F)C(F)(F)C(F)(F)F)cc1,0.000167825
*c1ccc(Oc2ccc(C(C)(C)c3ccc(Oc4ccc(N5C(=O)C6CCC7C(=O)N(*)C(=O)C7C6C5=O)cc4)cc3)cc2)cc1,5.17e-05
*CCCCCCCC(*)C,0.000223838
*CCCCCCNC(=O)NCc1ccc(CNC(=O)N*)cc1,8.82e-05
*c1ccc(N2C(=O)c3ccc(-c4ccc5c(c4)C(=O)N(*)C5=O)cc3C2=O)cc1,4.32e-05
*CCOC(=O)c1ccc(-c2ccc(C(=O)O*)cc2)cc1,8.58e-05
*CC(*)(CC(=O)OCCCCCCC)C(=O)OCCCCCCC,0.000168726
*CC(*)OC(=O)c1ccc(OCC)cc1,0.000124936
*CC(*)c1cccc2ccccc12,8.77e-05
*CC(*)c1ccc(I)cc1,9.72e-05
*CC(*)(C)C(=O)OCCN(C)C,0.000140017
*Oc1ccc(C(C)(C)c2ccc(OC(=O)c3ccc(C(=O)c4ccc(C(*)=O)cc4)cc3)cc2)cc1,9.35e-05
*CC(*)C(=O)OCC,0.000145872
*CC(*)(C)C(=O)Oc1c(C)cccc1C,9.33e-05
*c1ccc2c(c1)C(=O)N(c1cc(C(c3ccc(O)c(N4C(=O)c5ccc(C(*)(C(F)(F)F)C(F)(F)F)cc5C4=O)c3)(C(F)(F)F)C(F)(F)F)ccc1O)C2=O,3.91e-05
*CC(*)OC(=O)c1cccc(C)c1,9.75e-05
*CCOC(=O)c1ccc2cc(C(=O)O*)ccc2c1,9.51e-05
*CC(*)c1cc(Br)ccc1OCC,0.000116025
*CCOC(=O)Nc1cccc2c(NC(=O)O*)cccc12,9.24e-05
*Oc1ccc(S(=O)(=O)c2ccc(Oc3ccc(C(C)(C)c4ccc(*)cc4)cc3[N+](=O)[O-])cc2)cc1,0.00012417
*c1cccc(Oc2cccc(Oc3cccc(N4C(=O)c5ccc(-c6cccc7c6C(=O)N(*)C7=O)cc5C4=O)c3)c2)c1,0.000149019
*Oc1ccc(S(=O)(=O)c2ccc(Oc3c(C)cc(C(C)(C)c4cc(C)c(*)c(C)c4)cc3C)cc2)cc1,0.000109678
*NC(CCC(=O)OCc1ccccc1)C(*)=O,0.000181726
*Oc1ccc(S(=O)(=O)c2ccc(Oc3ccc(C(=O)c4cc(I)cc(C(=O)c5ccc(*)cc5)c4)cc3)cc2)cc1,8e-05
*c1cccc(Oc2ccc(-n3c(=O)c4cc5c(=O)n(*)c(=O)c5cc4c3=O)cc2)c1,5.26e-05
*CCCCCCCCCCN1C(=O)C2C3C=CC(C4C(=O)N(*)C(=O)C34)C2C1=O,8.84e-05
*CC(*)(C)C(=O)OCCCCCCCCCCCC,0.000199548
*c1cccc(S(=O)(=O)c2cccc(N3C(=O)c4ccc(Oc5ccc(S(=O)(=O)c6ccc(Oc7ccc8c(c7)C(=O)N(*)C8=O)cc6)cc5)cc4C3=O)c2)c1,7.38e-05
*CC(*)C(=O)OCCC,0.00020659
*CC(*)C(=O)c1ccc(C(C)C)cc1,0.000147761
*Oc1cccc2ccc(OC(=O)c3ccccc3/C=C/c3ccc(/C=C/c4ccccc4C(*)=O)cc3)cc12,9.21e-05
*CC(*)Cc1cc(C)ccc1C,0.000128576
*C(=O)c1ccc2c(c1)C(=O)N(c1ccc(N3C(=O)c4ccc(*)cc4C3=O)nc1)C2=O,5.08e-05
*CC(*)OC(=O)CC,0.000175231
*CCCCOC(=O)c1ccc2cc(C(=O)O*)ccc2c1,8.47e-05
*CC(*)c1ccc(C(=O)OC)cc1,0.000120352
*CC(*)OC(=O)c1ccc(C(C)C)cc1,0.000142663
*c1ccc(Oc2ccc(-c3ccc(Oc4ccc(N5C(=O)c6ccc(Oc7cccc(Oc8ccc9c(c8)C(=O)N(*)C9=O)c7)cc6C5=O)cc4)cc3)cc2)cc1,8.15e-05
*c1ccc2c(c1)-c1nc3cc(Oc4ccc5c(c4)nc4n5C(=O)c5cc(C(*)(C(F)(F)F)C(F)(F)F)ccc5-4)ccc3n1C2=O,6.11e-05
*c1ccc(C(c2ccc(-c3nc4cc(-c5ccc6nc(*)[nH]c6c5)ccc4[nH]3)cc2)(C(F)(F)F)C(F)(F)F)cc1,5.09e-05
*c1ccc(Oc2ccc(-c3ccc(Oc4ccc(N5C(=O)c6ccc(Oc7ccc(C8(c9ccc(Oc%10ccc%11c(c%10)C(=O)N(*)C%11=O)cc9)CCCCCCCCCCC8)cc7)cc6C5=O)cc4)cc3C)c(C)c2)cc1,5.97e-05
*CC(*)C(=O)NC(C)C,0.000186622
*CCCCCCNC(=O)c1ccc(C(C)(C)c2ccc(C(=O)N*)cc2)cc1,0.000101857
*CC(*)c1ccccc1COCCCC,0.000130542
*CCc1ccc(*)c(Cl)c1,9.6e-05
*CC(*)CCCCCCCC,0.000173278
*CC(*)(C)C(=O)OCC,0.000107268
*C(C)C(*)OCC,0.000139043
*CCCCCCS(*)(=O)=O,0.000164658
*CCC=C(*)CCCCCCC,0.000180398
*c1ccc(C(c2ccc(-c3nc4ccc(-c5ccc6nc(*)[nH]c6c5)cc4[nH]3)cc2)(C(F)(F)F)C(F)(F)F)cc1,5.99e-05
*CC(*)c1ccc(C(=O)N(CC)CC)cc1,0.000130791
*CC(*)O,-2.6e-05
*c1ccc(Oc2cccc(Oc3ccc(N4C(=O)c5ccc(C(=O)c6ccc7c(c6)C(=O)N(*)C7=O)cc5C4=O)cc3)c2)cc1,6.47e-05
*Oc1ccc(-c2ccc(OC(=O)CCCCCCC(*)=O)cc2)cc1,0.000111518
*c1cc(C(c2ccc(O)c(N3C(=O)c4ccc(-c5ccc6c(c5)C(=O)N(*)C6=O)cc4C3=O)c2)(C(F)(F)F)C(F)(F)F)ccc1O,5.84e-05
*Cc1cccc(COC(=O)Nc2ccc(Cc3ccc(NC(=O)O*)cc3)cc2)c1,9.44e-05
*CC1CCC(COC(=O)CCC(=O)O*)CC1,0.000128992
*c1ccc2c(c1)C(=O)N(c1cccc(Oc3cccc(Oc4cccc(N5C(=O)c6ccc(C(*)(C(F)(F)F)C(F)(F)F)cc6C5=O)c4)c3)c1)C2=O,5.84e-05
*c1ccc2c(c1)C(=O)N(c1c(CC)cc(Cc3cc(CC)c(N4C(=O)c5ccc(C(*)(C(F)(F)F)C(F)(F)F)cc5C4=O)c(CC)c3)cc1CC)C2=O,0.00011286
*c1cccc2c(N3C(=O)c4ccc(-c5ccc6c(c5)C(=O)N(*)C6=O)cc4C3=O)cccc12,0.000131623
*CC(*)OC(=O)CCCCC,0.000221266
*C(=O)Nc1cccc(NC(=O)/C=C/c2cccc(N3C(=O)c4ccc(*)cc4C3=O)c2)c1,0.000115069
*CCCCCCS(=O)(=O)c1ccc(/N=N/c2ccc(N(C)CCCCCC(=O)O*)cc2)cc1,0.000124901
*CCc1cc(C)c(*)cc1C,0.000106304
*CC(*)(C)c1ccc(C)cc1,8.31e-05
*/C=C/C1CC(*)C2C(=O)N(CCCCC)C(=O)C12,0.000156869
*c1ccc(-c2sc(-c3ccc(-n4c(=O)c5cc6c(=O)n(*)c(=O)c6cc5c4=O)cc3)c(-c3ccccc3)c2-c2ccccc2)cc1,7.14e-05
*CCCCOC(=O)CCC(=O)O*,0.00012958
*Oc1ccc(C(=O)Nc2cccc(C(O)Cc3ccc(NC(=O)c4ccc(*)cc4)cc3)c2)cc1,4.62e-05
*Oc1ccc(C(C)(C)c2ccc(C(C)(C)c3ccc(OC(*)=O)c(C)c3)cc2)cc1C,8.34e-05
*c1ccc(Cc2ccc(-n3c(=O)c4cc5c(=O)n(*)c(=O)c5cc4c3=O)c(C)c2)cc1C,5.44e-05
*Oc1c(C)cc(C(C)(C)c2cc(C)c(ON3C(=O)c4ccc(Oc5ccc(C6(c7ccc(Oc8ccc9c(c8)C(=O)N(*)C9=O)cc7)CCC(C(C)(C)C)CC6)cc5)cc4C3=O)c(C)c2)cc1C,0.000113547
*C1CCC1*,6.35e-05
*OS(=O)(=O)c1ccc(*)cc1,7.17e-05
*c1ccc(Oc2ccc(N3C(=O)c4ccc(-c5cccc6c5C(=O)N(*)C6=O)cc4C3=O)cc2)cc1,4.9e-05
*c1ccc2c(c1)C(=O)N(c1ccc(Oc3ccc(N4C(=O)c5ccc(C(C)(C)CCCCCCCCC(*)(C)C)cc5C4=O)cc3)cc1)C2=O,6.79e-05
*c1ccc(Oc2cccc(Oc3ccc(N4C(=O)c5ccc(-c6cccc7c6C(=O)N(*)C7=O)cc5C4=O)cc3)c2)cc1,6.01e-05
*CCOC(=O)C1CCC(C(=O)O*)CC1,9.14e-05
*/C=C/C(C*)OC,0.000198656
*CCCCCCCCNC(=O)CCCCCCCCC(=O)N*,0.000154269
*c1ccc(N2C(=O)c3ccc(C(c4ccc5c(c4)C(=O)N(*)C5=O)(C(F)(F)F)C(F)(F)F)cc3C2=O)cc1,5.56e-05
*CC(*)(C)C(=O)OCCO[N+](=O)[O-],8.19e-05
*Oc1ccc(S(=O)(=O)c2ccc(Oc3c(C)cc(C(C)(C)c4cc(C)c(*)c(C)c4)cc3C)cc2C(O)(C(F)(F)F)C(F)(F)F)c(C(O)(C(F)(F)F)C(F)(F)F)c1,8.38e-05
*CC(CCl)O*,0.000117107
*Nc1cccc(C(O)Cc2ccc(NC(=O)c3ccc(C(*)=O)cc3)cc2)c1,4.9e-05
*c1cccc(P(=O)(c2ccccc2)c2cccc(-n3c(=O)c4c(-c5ccccc5)c5c(=O)n(*)c(=O)c5c(-c5ccccc5)c4c3=O)c2)c1,7.48e-05
*CC(*)(CC(=O)OCC)C(=O)OCC,0.000100831
*CC(*)c1ccc2ccccc2c1,9.49e-05
*Oc1cccc(Oc2cccc(*)c2)c1C#N,0.000105922
*CC(*)OC(=O)C(F)(F)C(F)(F)C(F)(F)F,0.000156713
*c1ccc(-n2c(=O)c3cc4c(=O)n(*)c(=O)c4cc3c2=O)cc1,4.49e-05
*CCCCCCNC(=O)c1cccc(C(=O)N*)c1,6.32e-05
*CC(*)(C)C(=O)OCc1cc(Cl)cc(Cl)c1,0.000114554
*CC(*)C(=O)c1ccc(C)c(C)c1,0.000102732
*CC(*)C(=O)OC,0.000123655
*CC(*)c1ccc(N(C)C)cc1,0.000128314
*CC(*)(CC(=O)OCCC1CCCCC1)C(=O)OCCC1CCCCC1,0.000104073
*/C=C(/*)c1ccc(-c2ccc(C#C)cc2)cc1,8.62e-05
*CC(*)(CC(=O)OCCCc1ccccc1)C(=O)OCCCc1ccccc1,0.000169937
*c1ccc2c(c1)C(=O)N(c1ccc(Oc3cccc(Oc4ccc(N5C(=O)c6ccc(C(*)(C(F)(F)F)C(F)(F)F)cc6C5=O)cc4)c3)cc1)C2=O,6.07e-05
*CC(*)c1ccc(COCCOCCCCCCCC)cc1,0.000257699
*CC(*)C(=O)Oc1ccccc1C(=O)OC,0.000103544
*CC(*)c1ccc(C(=O)c2ccc(C)cc2)cc1,8.15e-05
*CC(*)(C)C(=O)OCc1cccc(Cl)c1,0.000141012
*C(CC)C(*)CC,7.78e-05
*CC(*)(CC(=O)Oc1ccc(OCCCCCCC)cc1)C(=O)Oc1ccc(OCCCCCCC)cc1,0.000253613
*c1cccc(P(=O)(c2cccc(-n3c(=O)c4c(-c5cc(C(F)(F)F)cc(C(F)(F)F)c5)c5c(=O)n(*)c(=O)c5c(-c5cc(C(F)(F)F)cc(C(F)(F)F)c5)c4c3=O)c2)c2cc(C(F)(F)F)cc(C(F)(F)F)c2)c1,0.000115589
*CC(*)(C)C(=O)OCc1c(Cl)cccc1Cl,9.51e-05
*CC(*)c1ccccc1C(=O)NC,9.83e-05
*CC(*)(C)C(=O)OCc1ccccc1Cl,0.000101225
*c1ccc(N2C(=O)c3ccc(Oc4ccc(C(C)(C)c5cccc(Oc6ccc7c(c6)C(=O)N(*)C7=O)c5)cc4)cc3C2=O)cc1,7.08e-05
*CC(*)c1ccc(COCCCCCCOc2ccc(-c3ccc(OC)cc3)cc2)cc1,9.91e-05
*c1ccc(Oc2ccc(NC(=O)CN3C(=O)c4ccc(C(c5ccc6c(c5)C(=O)N(CC(=O)Nc5ccc(Oc7ccc(-c8nnc(*)o8)cc7)cc5)C6=O)(C(F)(F)F)C(F)(F)F)cc4C3=O)cc2)cc1,3.52e-05
*c1cccc(-c2nc3cc(-c4ccc5nc(*)c(-c6ccc7ccccc7c6)nc5c4)ccc3nc2-c2ccc3ccccc3c2)c1,0.000149062
*C(C)C(*)C,9.35e-05
*CC(*)c1cc(Br)ccc1OCCC(C)C,9.68e-05
*CC(*)C(=O)OC1CCCCCCCCCCC1,8.04e-05
*c1ccc2c(c1)C(=O)N(c1ccc(Oc3ccc(-c4ccc(Oc5ccc(N6C(=O)c7ccc(C(*)(C(F)(F)F)C(F)(F)F)cc7C6=O)cc5)cc4)cc3)cc1)C2=O,4.66e-05
*c1cccc(P(=O)(c2ccc(C(F)(F)F)cc2)c2cccc(-n3c(=O)c4c(-c5ccc(C(F)(F)F)cc5)c5c(=O)n(*)c(=O)c5c(-c5ccc(C(F)(F)F)cc5)c4c3=O)c2)c1,9.24e-05
*/C=C/C(C*)C(C)CC,0.000148247
*CC(*)C(=O)C(C)C,0.000136552
*CCCC=C(*)c1ccc(Cl)cc1,0.000123419
*CC(*)(C)C(=O)Oc1ccc(C#N)cc1,8.77e-05
*CC(*)C(=O)OCCCC,0.000223393
*C(=O)Nc1cccc(C#Cc2cccc(N3C(=O)c4ccc(*)cc4C3=O)c2)c1,-8.32e-06
*Oc1ccc(C(CCC)(CCC)c2ccc(OC(*)=O)c(C)c2)cc1C,0.000102371
*c1ccc(Oc2ccc(C3(c4ccc(Oc5ccc(N6C(=O)c7ccc(Oc8ccc(C9(c%10ccc(Oc%11ccc%12c(c%11)C(=O)N(*)C%12=O)cc%10)CCC(c%10ccccc%10)CC9)cc8)cc7C6=O)cc5)cc4)CC4CC3C3CCCC43)cc2)cc1,7.73e-05
*CC(*)c1ccc(C(=O)OCCCC)cc1,0.000159438
*CC(*)CCCCCCC,0.000186476
*CC(*)c1cccc(C)n1,0.000118786
*c1ccc(S(=O)(=O)c2ccc(N3C(=O)c4ccc(Oc5ccc6c(c5)C(=O)N(*)C6=O)cc4C3=O)cc2)cc1,4.5e-05
*c1cccc(P(=O)(c2ccccc2)c2cccc(-n3c(=O)c4c(-c5ccc(C(F)(F)F)cc5)c5c(=O)n(*)c(=O)c5c(-c5ccc(C(F)(F)F)cc5)c4c3=O)c2)c1,0.000110666
*CC(*)CC(C)(C)C,9.57e-05
*CCCCCOC(=O)c1ccc2cc(C(=O)O*)ccc2c1,0.000107852
*C=CC(C)C(*)C(=O)OC,0.000123774
*CCCCCCCCCCCCSC(=O)S*,0.000129535
*CC(*)c1ccccn1,0.000102921
*CC1(*)CCCCC1,2.36e-05
*CC(F)(F)C(F)(F)C(F)(F)C(F)(F)COC(=O)O*,0.000130475
*CC(*)OC(F)(C(F)(F)F)C(F)(F)F,0.00010743
*CCCCOC(=O)CCCCC(=O)O*,0.00013626
*CC(O)COc1ccc(C(C)(C)c2ccc(O*)cc2)cc1,7.27e-05
*Oc1ccc(OC(=O)c2ccccc2/C=C/c2ccc(/C=C/c3ccccc3C(*)=O)cc2)cc1,0.000102528
*CC(*)C1CCCC(C)C1,6.03e-05
*CC(*)(C)OC,9.53e-05
*c1ccc(Oc2ccc(S(=O)(=O)c3ccc(Oc4ccc(-n5c(=O)c6cc7c(=O)n(*)c(=O)c7cc6c5=O)cc4)cc3)cc2)cc1,8.7e-05
*Oc1ccc(C(c2ccccc2)(c2ccccc2)c2ccc(OC(*)=O)cc2)cc1,8.12e-05
*CC(*)C(=O)OCCCCCC,0.000191021
*C(=O)c1ccc2c(c1)C(=O)N(c1ccc(Cc3ccc(N4C(=O)c5ccc(*)cc5C4=O)c(C)c3)cc1C)C2=O,6.44e-05
*CC(*)CCCC,0.00014829
*NC(CCC(=O)OCCCCC)C(*)=O,0.000110242
*CCCCCCCCC(=O)N*,0.000120136
*C1CCC(*)N1,0.000114122
*CC(*)C(=O)OCCO,0.000105918
*CC(*)(C)C(=O)OCc1ccc(Cl)c(Cl)c1,0.00010321
*c1cccc(Oc2ccc(S(=O)(=O)c3ccc(Oc4cccc(N5C(=O)c6ccc(-c7ccc8c(c7)C(=O)N(*)C8=O)cc6C5=O)c4)cc3)cc2)c1,6.37e-05
*C(F)C(*)(F)OC(F)(F)F,9.76e-05
*Oc1ccc(C(C)(C)c2ccc(OC(*)=O)c(C)c2)cc1C,9.05e-05
*C(=O)c1ccc2c(c1)C(=O)N(c1c(C)cc(Cc3cc(C)c(N4C(=O)c5ccc(*)cc5C4=O)c(C)c3)cc1C)C2=O,7.26e-05
*CC(*)c1ccncc1,7.87e-05
*CC(*)(C)C(=O)OC1CCCCC1,6.33e-05
*CCCC(*)(C)C,9.33e-05
*c1ccc2c(c1)C(=O)N(c1ccc(Cc3ccc(N4C(=O)c5ccc(C(*)(C(F)(F)F)C(F)(F)F)cc5C4=O)cc3)cc1)C2=O,8.76e-05
*CC(*)(C)C(=O)OC(C)(C)C,4.09e-05
*CC(*)CCCCCCCCCCCCC,0.000160222
*NC(C)C(*)=O,8.74e-05
*c1ccc(-c2ccc(-c3ccc(-n4c(=O)c5cc6c(=O)n(*)c(=O)c6cc5c4=O)cc3)cc2)cc1,3.56e-05
*Oc1ccc(C(c2ccc(Oc3ccc(C(=O)c4cccc(C(=O)c5ccc(*)cc5)c4)cc3)cc2)(C(F)(F)F)C(F)(F)F)cc1,6.85e-05
*c1ccc(-c2ccc(-n3c(=O)c4cc5c(=O)n(*)c(=O)c5cc4c3=O)cc2OC(F)(F)F)c(OC(F)(F)F)c1,5.64e-05
*c1ccc(-c2ccc(-n3c(=O)c4cc5c(=O)n(*)c(=O)c5cc4c3=O)c(OC)c2)cc1OC,5.88e-05
*CC(*)c1ccc(C)cc1,6.56e-05
*CC(*)n1c2ccccc2c2ccccc21,7.25e-05
*CCCCCCCCCSC(=O)S*,0.000131857
*C(C)C(*)OCCC,0.000190423
*CC(*)C1CCC1,0.00012365
*Oc1ccc2[nH]c(-c3ccc4c(c3)-c3cc(-c5nc6cc(*)ccc6[nH]5)ccc3S4(=O)=O)nc2c1,3.73e-05
*CC(*)c1ccc(C(O)CCN2CCCCC2)cc1,0.000147056
*C1C2CC(C)C(C2)C1*,4.51e-05
*c1ccc(Oc2ccc(N3C(=O)c4ccc(Oc5ccc(C6(c7ccc(Oc8ccc9c(c8)C(=O)N(*)C9=O)cc7)CCC(c7ccccc7)CC6)cc5)cc4C3=O)cc2)cc1,6.97e-05
*c1ccc2c(c1)Cc1cc(N3C(=O)c4ccc(-c5ccc6c(c5)C(=O)N(*)C6=O)cc4C3=O)ccc1-2,4.87e-05
*Oc1c(Cl)cc(C(C)(C)c2cc(Cl)c(OC(*)=O)c(Cl)c2)cc1Cl,0.000109312
*CC(*)C(=O)c1ccc(OC)cc1,7.95e-05
*CC(*)c1cc(Br)ccc1OC,0.000105066
*c1ccc(Oc2ccc(C3(c4ccc(Oc5ccc(N6C(=O)c7ccc(Oc8ccc(C9(c%10ccc(Oc%11ccc%12c(c%11)C(=O)N(*)C%12=O)cc%10)CCCCCCCCCCC9)cc8)cc7C6=O)cc5)cc4)C4CC5CC(C4)CC3C5)cc2)cc1,0.000110569
*CC(*)c1ccccc1C(=O)OCCC,0.000162292
*CC(*)CNc1ccc([N+](=O)[O-])cn1,0.00011205
*CC(*)c1ccc(C(O)CCN(C)C)cc1,0.000137025
*Oc1ccc(OC(=O)c2ccc(-c3ccc(C(*)=O)cc3)cc2)cc1C,6.31e-05
*CC(*)c1ccc(CCCCCCCCCCCCCCCC)cc1,0.000161982
*CC(*)OCC(C)(C)C,0.000144164
*CC(*)c1ccc(C(=O)CC)cc1,0.000175157
*CC(*)C1CC1,0.00012369
*c1ccc2c(c1)-c1cc(-c3nc4cc(-c5ccc6[nH]c(*)nc6c5)ccc4[nH]3)ccc1S2(=O)=O,3.91e-05
*CC(*)(CC(=O)Oc1ccccc1)C(=O)Oc1ccccc1,0.000137627
*CC(*)OC,0.000117983
*CC(*)(C)c1ccccc1,4.68e-05
*C(=O)CCCCCCCCC(=O)N1CCN(*)CC1,0.000127568
*CCOC(=O)c1cccc(C(=O)O*)c1,8.83e-05
*CC(c1ccccn1)C(c1ccccc1)C(*)c1ccccn1,8.84e-05
*CC(*)c1ccc(Oc2ccccc2)cc1,0.000106937
*Oc1ccc(C(C)(C)c2ccc(OC(*)=O)cc2)cc1,9.58e-05
*c1ccc(-n2c(=O)c3cc4c(=O)n(*)c(=O)c4cc3c2=O)c(C)c1,5.27e-05
*C([2H])([2H])C(*)(C(=O)OC([2H])([2H])[2H])C([2H])([2H])[2H],-1.46e-05
*c1ccc(Oc2ccccc2Oc2ccc(-n3c(=O)c4cc5c(=O)n(*)c(=O)c5cc4c3=O)cc2)cc1,5.77e-05
*CC(*)c1ccccc1OC,0.000105328
*c1ccc2c(c1)C(=O)N(c1cccc(S(=O)(=O)c3cccc(N4C(=O)c5ccc(C(*)(C(F)(F)F)C(F)(F)F)cc5C4=O)c3)c1)C2=O,7.39e-05
*Cc1ccc2[nH]c(-c3ccc4c(c3)-c3cc(-c5nc6cc(*)ccc6[nH]5)ccc3S4(=O)=O)nc2c1,5.24e-05
*CC(*)(C)C,8.04e-05
*CC(*)C(=O)OCCC#N,8.03e-05
*C(=O)c1ccc2c(c1)C(=O)N(c1ccc(C3(c4ccc(N5C(=O)c6ccc(*)cc6C5=O)cc4)c4ccccc4-c4ccccc43)cc1)C2=O,4.64e-05
*CC(*)(CC(=O)OC)C(=O)OC,0.000120687
*CC(C)(CCC)C(=O)O*,0.000129958
*c1ccc(Oc2ccc(C3(c4ccc(Oc5ccc(N6C(=O)c7ccc(Oc8ccc(C9(c%10ccc(Oc%11ccc%12c(c%11)C(=O)N(*)C%12=O)cc%10)CCCCCCCCCCC9)cc8)cc7C6=O)cc5)cc4)CCC(C(C)(C)C)CC3)cc2)cc1,8.11e-05
*c1cccc(Oc2ccc(N3C(=O)c4ccc(C(=O)c5ccc6c(c5)C(=O)N(*)C6=O)cc4C3=O)cc2)c1,6e-05
*CC(*)c1ccc(CCCCCCCCC)cc1,0.00017903
*CC(*)c1cc(Br)ccc1OCCC,0.000160634
*c1ccc(NC(=O)CCCCC(=O)Nc2ccc(S(*)(=O)=O)cc2)cc1,0.000104774
*CC(*)OC(=O)CCCCCCCCC,0.00020778
*c1ccc(C(=O)Nc2ccc(-n3c(=O)c4cc5c(=O)n(*)c(=O)c5cc4c3=O)cc2)cc1,4.31e-05
*CCCSS*,0.000188171
*C(=O)c1ccc2c(c1)C(=O)N(c1ccc(Cc3ccc(N4C(=O)c5ccc(*)cc5C4=O)cc3)cc1)C2=O,7.61e-05
*c1ccc(-c2ccc(Oc3ccc(C4(C)CC(C)(C)c5ccc(Oc6ccc(-c7ccc(N8C(=O)c9ccc(Oc%10ccc%11c(c%10)C(=O)N(*)C%11=O)cc9C8=O)cc7)cc6C(F)(F)F)cc54)cc3)c(C(F)(F)F)c2)cc1,7.32e-05
*CC(*)C(=O)OC1CCCCC1,9.54e-05
*CC(*)OC(=O)C1(F)C(F)(F)C(F)(F)C(F)(F)C(F)(F)C1(F)F,9.18e-05
*c1ccc(Oc2ccc(Oc3ccc(-n4c(=O)c5cc6c(=O)n(*)c(=O)c6cc5c4=O)cc3)cc2C(C)(C)C)cc1,5.16e-05
*Oc1ccc(S(=O)(=O)c2ccc(Oc3ccc(C(C)(C)c4ccc(*)cc4)cc3)c([N+](=O)[O-])c2)cc1[N+](=O)[O-],8.07e-05
*CC(*)CCCCCCCCC,0.000182585
*N=P(*)(OCC(F)(F)F)OCC(F)(F)F,0.000215063
*CC/C=C(\*)Cl,0.000111259
*CC(*)c1ccc(COCCCC)cc1,0.000188987
*c1ccc(Oc2ccc(C3(c4ccc(Oc5ccc(N6C(=O)c7ccc(Oc8ccccc8Oc8ccc9c(c8)C(=O)N(*)C9=O)cc7C6=O)cc5C(F)(F)F)cc4)c4ccccc4-c4ccccc43)cc2)c(C(F)(F)F)c1,8.41e-05
*Oc1ccc(S(=O)(=O)c2ccc(Oc3ccc(C(C)(C)c4ccc(*)cc4)cc3)cc2)cc1,7.8e-05
*CC(*)(C)C(=O)OCC(=O)c1ccccc1,7.14e-05
*CC(C)CNC(=O)O*,7.19e-05
*Oc1cc(C(C)(C)C)c(Oc2ccc(C(=O)Nc3c(C)cc(Cc4cc(C)c(NC(=O)c5ccc(*)cc5)c(C(C)C)c4)cc3C(C)C)cc2)cc1C(C)(C)C,8.58e-05
*CC(*)c1ccccc1COCCC(C)C,0.00013018
*CC(*)c1ccc(COCCOCC)cc1,0.000185518
*Oc1ccc(C(c2ccccc2)(c2ccccc2)c2ccc(OC(=O)c3cccc(C(*)=O)c3)cc2)cc1,9.12e-05
*CCCCCCOC(=O)CCCCCCCCC(=O)O*,0.000116831
*CC(*)C(=O)OC(OCC)C(F)(F)F,0.000153808
*CC(*)P(=O)(c1ccccc1)c1ccccc1,0.000112458
*CC(*)C(=O)OCC(C)(C)C,0.000121251
*CC(*)c1ccc(Cl)c(C)c1,0.000145856
*CC(*)C(=O)Oc1ccccc1C(=O)OCC,9.48e-05
*CC(*)(Cl)Cl,6.02e-05
*CC(*)CCc1ccc(C)cc1,0.000116439
*C(=O)c1ccc2c(c1)C(=O)N(c1ccc(Sc3ccc(N4C(=O)c5ccc(*)cc5C4=O)cc3)cc1)C2=O,5.71e-05
*C(*)C(=O)OCC,0.000144705
*CC(*)OC(C)(C)C,0.000107192
*CCCCOC(=O)NCCCCCCNC(=O)O*,8.99e-05
*CC(*)c1ccccc1C(=O)OCC,0.000170374
*CCCCCCNC(=O)CCCCC(=O)N*,5.87e-05
*c1ccc(S(=O)(=O)c2ccc(N3C(=O)c4ccc(C(=O)c5ccc6c(c5)C(=O)N(*)C6=O)cc4C3=O)cc2)cc1,6.64e-05
*CC(*)C(=O)c1ccc(C)cc1,9.26e-05
*c1cccc(N2C(=O)c3ccc(Oc4ccc(S(=O)(=O)c5ccc(Oc6ccc7c(c6)C(=O)N(*)C7=O)cc5)cc4)cc3C2=O)c1,6.63e-05
*CC(*)C(=O)OC(F)(C(F)(F)Cl)C(F)(F)Cl,0.000105589
*CCCCCCOC(=O)Nc1ccc(NC(=O)O*)cc1,0.000104171
*c1ccc(Sc2ccc(N3C(=O)c4ccc(-c5ccc6c(c5)C(=O)N(*)C6=O)cc4C3=O)cc2)cc1,5.87e-05
*CC(*)c1cccc(Cl)c1,0.000127065
*CCCCN(C)C(=O)c1ccc(C(=O)N(*)C)cc1,9.58e-05
*CC(*)(CCC(C)C(=O)OC)C(=O)OC,6.37e-05
*CC(*)CCCCCCCCCO,0.000101352
*C1CCC(*)C1,8.85e-05
*/C(Cl)=C(/*)c1ccccc1,0.000109998
*/C=C/CC*,0.000275188
*CC(*)c1ccc(Cl)c(F)c1,0.000132958
*Oc1ccc(S(=O)(=O)c2ccc(Oc3ccc(C(=O)c4cc(C(=O)c5ccc(*)cc5)cc(C(C)(C)C)c4)cc3)cc2)cc1,9.6e-05
*C(=O)Oc1ccc(C(C)(C)c2ccc(OC(=O)c3ccc4c(c3)C(=O)N(c3ccc(Oc5ccc(N6C(=O)c7ccc(*)cc7C6=O)cc5)cc3)C4=O)cc2)cc1,5.95e-05
*c1ccc(Oc2ccccc2Oc2ccc(N3C(=O)c4ccc(-c5ccc6c(c5)C(=O)N(*)C6=O)cc4C3=O)cc2)cc1,6.1e-05
*c1ccc(-c2nc3cc(-c4ccc5nc(*)c(-c6ccc7ccccc7c6)nc5c4)ccc3nc2-c2ccc3ccccc3c2)cc1,4.98e-05
*CC(*)C(=O)OCCCCCCCC,0.000181337
*c1ccc2c(c1)C(=O)N(c1cccc(Oc3ccc(S(=O)(=O)c4ccc(Oc5cccc(N6C(=O)c7ccc(C(*)(C(F)(F)F)C(F)(F)F)cc7C6=O)c5)cc4)cc3)c1)C2=O,7.72e-05
*Oc1cccc2c(OC(=O)c3ccccc3/C=C/c3ccc(/C=C/c4ccccc4C(*)=O)cc3)cccc12,8.11e-05
*c1ccc(Oc2ccc(Oc3ccc(N4C(=O)c5ccc(Oc6cccc7c6C(=O)N(*)C7=O)cc5C4=O)cc3)cc2)cc1,6.72e-05
*CC(*)C(=O)c1ccc(Br)c(OC)c1,9.6e-05
*CC(*)CCCN(CC(C)C)CC(C)C,0.000149456
*CC(*)c1ccc(C(=O)CCC)cc1,0.000176768
*c1ccc(-c2ccc(-n3c(=O)c4cc5c(=O)n(*)c(=O)c5cc4c3=O)cc2C(F)(F)F)c(C(F)(F)F)c1,4.47e-05
*CCCOC(=O)c1ccc2cc(C(=O)O*)ccc2c1,9.81e-05
*CC(*)(C)C(=O)OC(C)CC,9.01e-05
*CC(*)C(=O)OCC(F)(F)C(F)(F)F,0.000161832
*CC(*)OCCCl,0.000159805
*CC(*)CCCN(C(C)C)C(C)C,0.000191111
*CC(*)(C)C(=O)OCCO,7.04e-05
*CC(*)OC(=O)c1ccc(C)cc1,0.000116116
*c1ccc(Oc2ccc(C(c3ccc(Oc4ccc(N5C(=O)c6ccc(Oc7ccc(C8(c9ccc(Oc%10ccc%11c(c%10)C(=O)N(*)C%11=O)cc9)CCC(C(C)(C)C)CC8)cc7)cc6C5=O)cc4)cc3)(C(F)(F)F)C(F)(F)F)cc2)cc1,7.52e-05
*CC(*)OC(=O)C(C)(C)CC(C)(C)C,0.000101859
*CC(*)Cc1ccccc1,8.9e-05
*C=CCC*,0.000277628
*CC(*)C(=O)OCC=C,0.000181191
*Oc1ccc(C(CCCC)(CCCC)c2ccc(OC(*)=O)cc2)cc1,0.000104684
*CC(*)c1ccc(C(=O)O)c(C(=O)O)c1,3.41e-05
*CC(*)c1ccc(C(C)C)cc1C(C)C,0.000105644
*CC(*)(C)C(=O)OCCCCCC,0.000135947
*CC(*)c1ccc(CCCCCCCCCCCCCC)cc1,0.000160417
*CC(*)c1ccc(OC(C)=O)cc1,0.000120821
*Cc1ccc(-c2ccc(C(=O)O*)cc2)cc1,9.78e-05
*CC(*)C(=O)OCc1ccc(C#N)cc1,0.000105641
*CC/C=C(/*)C,0.000158043
*c1ccc(Oc2ccc(Oc3ccc(N4C(=O)c5ccc(-c6ccc7c(c6)C(=O)N(*)C7=O)cc5C4=O)cc3)c(C(C)(C)C)c2)cc1,7.38e-05
*CCCCOc1ccc(C(=O)OCCOC(=O)c2ccc(O*)cc2)cc1,8.7e-05
*c1ccc(Oc2ccc(N3C(=O)c4ccc(Oc5ccc6c(c5)C(=O)N(*)C6=O)cc4C3=O)cc2)cc1,5.9e-05
*CCOC(=O)c1ccc(C(=O)O*)cc1,9.44e-05
*CC(*)c1ccccc1C(=O)OCCCC,0.000192497
*CC(*)C(=O)OCC(F)(F)C(F)C(F)(F)F,0.000144079
*CC(*)CCCCCC,0.000165651
*CC(*)C(C)CC,0.00011731
*c1cccc(N2C(=O)c3ccc(Oc4ccc5c(c4)C4(CC(C)(C)c6ccc(Oc7ccc8c(c7)C(=O)N(*)C8=O)cc64)CC5(C)C)cc3C2=O)c1,0.000131335
*c1ccc(-c2ccc(N3C(=O)c4ccc(-c5cccc6c5C(=O)N(*)C6=O)cc4C3=O)c(C)c2)cc1C,7.06e-05
*c1ccc(Oc2ccc(Oc3ccc(N4C(=O)c5ccc(Oc6ccccc6Oc6ccc7c(c6)C(=O)N(*)C7=O)cc5C4=O)cc3C(F)(F)F)cc2)c(C(F)(F)F)c1,9.33e-05
*c1ccc(-c2ccc(-c3ccc(N4C(=O)c5ccc(-c6ccc7c(c6)C(=O)N(*)C7=O)cc5C4=O)cc3)cc2)cc1,3.78e-05
*CCOC(=O)c1ccc(C(=O)O*)c2ccccc12,9.91e-05
*CC(*)c1ccc(C(=O)OCCC)cc1,0.0001718
*CCCCNC(=O)CCCCC(=O)N*,7.2e-05
*Oc1ccc(S(=O)(=O)c2ccc(Oc3ccc(C(=O)c4cccc(C(=O)c5ccc(*)cc5)c4)cc3)cc2)cc1,9.25e-05
*CC(*)c1ccc(C)c(C)c1,0.000106758
*c1ccc2c(c1)C(=O)N(c1c(C)cc(C(c3cc(C)c(N4C(=O)c5ccc(C(*)(C(F)(F)F)C(F)(F)F)cc5C4=O)c(C)c3)c3cccc4ccccc34)cc1C)C2=O,7.32e-05
*C(C)C(*)OC,0.000108126
*CC(*)C(=O)c1ccc(CC)cc1,0.000160668
*CC/C=C(\*)C,0.000176551
*CC(OC)C(C(=O)O)C(*)C(=O)O,5.18e-05
*c1ccc2c(c1)C(=O)N(c1ccc(Oc3ccc(N4C(=O)c5ccc(C(F)(F)C(F)(F)C(*)(F)F)cc5C4=O)cc3)cc1)C2=O,9.41e-05
*CC(*)OC(=O)c1cccc([N+](=O)[O-])c1,8.91e-05
*CCOc1ccc(C(=O)OCCOC(=O)c2ccc(O*)cc2)cc1,9.15e-05
*CC(*)c1ccccc1C(=O)OC(C)C,0.000121828
*CC(*)CCCCC,0.000173746
*C(F)(F)C(*)(F)Cl,5.3e-05
*NC(=O)c1ccc(C(=O)Nc2ccc(*)cc2)cc1,6.39e-05
*CC(*)OCC(F)(F)F,0.000163321
*CC1CC(*)OC(CCC)O1,0.000135542
*CC(*)c1c(Cl)cccc1Cl,0.000119565
*c1ccc(S(=O)(=O)c2ccc(N3C(=O)c4ccc(C(c5ccc6c(c5)C(=O)N(*)C6=O)(C(F)(F)F)C(F)(F)F)cc4C3=O)cc2)cc1,5.74e-05
*CC(*)c1ccc(F)cc1C,9.1e-05
*CC(*)c1ccc(COC)cc1,0.000178016
*CC(*)P(=O)(OCC)N(C)C,0.00010791
*CC(*)C(=O)OC(C)C,0.000140581
*CC(*)c1ccc(F)cc1,0.000105008
*CC(*)NC(=O)OC(C)(C)C,0.000107204
*Oc1ccc(C(C)(C)c2ccc(OC(=O)SCCCSC(*)=O)cc2)cc1,0.000127332
*CC(*)CNc1ccc([N+](=O)[O-])c(C(F)(F)F)c1,6.98e-05
*c1ccc(-c2ccc(-n3c(=O)c4cc5c(=O)n(*)c(=O)c5cc4c3=O)cc2)cc1,7.16e-05
*CCCCCCCCCCCNC(=O)CCCCC(=O)N*,0.000114606
*/C=C/*,9.72e-05
*C(=O)Nc1ccc(C2(c3ccc(NC(=O)c4ccc5c(c4)C(=O)N(c4ccc(Sc6ccc(Oc7ccc(Sc8ccc(N9C(=O)c%10ccc(*)cc%10C9=O)cc8)cc7)cc6)cc4)C5=O)cc3)c3ccccc3-c3ccccc32)cc1,5.79e-05
*CCCCO*,0.000293982
*CC(*)c1ccccc1CC,0.000115864
*CC(*)OCCOC,0.000165013
*/C=C/C(C(=O)OCc1ccc(Cl)cc1)C(*)C(=O)OCc1ccc(Cl)cc1,0.000126268
*C1Cc2ccccc2C1*,5.82e-05
*CC(*)OC(=O)C1CCCC1,0.000131595
*CCC1CCCC1*,0.000106997
*CC(*)c1ccc(C(C)(C)C)cc1,0.000117241
*c1ccc(N2C(=O)c3ccc(C(=O)c4ccc5c(c4)C(=O)N(*)C5=O)cc3C2=O)cc1,2.85e-05
*C(=O)c1ccc2c(c1)C(=O)N(c1c(CC)cc(Cc3cc(CC)c(N4C(=O)c5ccc(*)cc5C4=O)c(CC)c3)cc1CC)C2=O,9.98e-05
*Oc1ccc(C(CCC)(CCC)c2ccc(OC(*)=O)cc2)cc1,7.89e-05
*CC(*)c1ccc(CCCC)cc1,0.00018915
*C(=O)OCCOC(=O)c1ccc(*)o1,6.27e-05
*CC(*)OC(=O)C(F)(F)C(F)(F)C(F)(F)C(F)(F)C(F)(F)F,0.000156858
*CC(*)c1cccc(F)c1,0.000137891
*c1ccc(-c2ccc(N3C(=O)c4ccc(-c5ccc6c(c5)C(=O)N(*)C6=O)cc4C3=O)c(OC)c2)cc1OC,6.63e-05
*CC(*)(C)C(=O)OCc1ccc(Cl)cc1Cl,8.95e-05
*c1ccc(N2C(=O)c3ccc(Oc4ccc5c(c4)C(=O)N(*)C5=O)cc3C2=O)cc1,6.12e-05
*CC(*)C(=O)C1CCCCC1,0.000140294
*C(=O)C1CCCN1*,0.000110528
*CS*,0.00012777
*c1cccc(Oc2cccc(Oc3cccc(-n4c(=O)c5cc6c(=O)n(*)c(=O)c6cc5c4=O)c3)c2)c1,6.69e-05
*c1ccc(-c2ccc(N3C(=O)c4ccc(-c5cccc6c5C(=O)N(*)C6=O)cc4C3=O)cc2C(F)(F)F)c(C(F)(F)F)c1,7.07e-05
*CC(*)C(=O)Oc1ccc(-c2ccccc2)cc1,8.19e-05
*CC(=O)N*,5.17e-05
*Cc1ccc(COC(=O)O*)cc1,9.82e-05
*CC(*)C(=O)OCCCCCCCCCCCCCC,0.000185297
*CC(*)C(=O)Oc1ccc(C(=O)OCC)cc1,0.000122005
*C(=O)c1ccc2c(c1)C(=O)N(c1ccc(C(=O)Nc3cccc(N4C(=O)c5ccc(*)cc5C4=O)c3)cc1)C2=O,4.09e-05
*CC(*)(CC(=O)OCCc1ccccc1)C(=O)OCCc1ccccc1,9.9e-05
*CC(*)CC(C)C,0.000129627
*CC(*)c1ccc(C#N)cc1,6.91e-05
*CC(*)c1ccc(OCCC(C)C)cc1,0.000141997
*C1CC2CC1C(*)C2CCCC,0.000114611
*CCCCCCOC(=O)CCCCCNC(=O)CCCCC(=O)NCCCCCC(=O)O*,0.000138762
*c1ccc(Oc2ccc(S(=O)(=O)c3ccc(Oc4ccc(N5C(=O)c6ccc(C(=O)c7ccc8c(c7)C(=O)N(*)C8=O)cc6C5=O)cc4)cc3)cc2)cc1,6.24e-05
*Oc1cc(C(C)(C)C)c(Oc2ccc(C(=O)Nc3ccc(C(c4ccc(NC(=O)c5ccc(*)cc5)cc4)(C(F)(F)F)C(F)(F)F)cc3)cc2)cc1C(C)(C)C,0.000143268
*Oc1cc(C(C)(C)C)c(Oc2ccc(C(=O)Nc3c(C)cc(C(C)(C)c4cc(C)c(NC(=O)c5ccc(*)cc5)c(C)c4)cc3C)cc2)cc1C(C)(C)C,8.7e-05
*CC(*)c1ccc(C(=O)OCCN(C)C)cc1,0.000140989
*CC(*)OC(=O)c1ccc(OC(C)=O)cc1,0.000132118
*CC(*)c1ccc(C(=O)OCC(C)C)cc1,0.000119157
*CC(*)C(=O)OCCCCCCC,0.000180509
*c1ccc(Oc2c(C)cc(C(c3cc(C)c(Oc4ccc(N5C(=O)c6ccc(-c7ccc8c(c7)C(=O)N(*)C8=O)cc6C5=O)cc4)c(C)c3)c3cccc4ccccc34)cc2C)cc1,8.7e-05
*CC(*)(C)CCC,6.94e-05
*C(C)C(*)OC(C)(C)C,8.81e-05
*CC(*)C(=O)Oc1ccc(C(=O)OCCCC)cc1,0.000133852
*C(c1ccccc1)C(*)[N+](=O)[O-],3.66e-05
*CC(*)OC(=O)C1(C)CCCCC1,0.000129058
*CC(*)c1ccc(C(=O)OCCCCCC)cc1,0.000175608
*c1ccc2c(c1)C(=O)N(c1ccc(C(c3ccc(C)c(N4C(=O)c5ccc(C(*)(C(F)(F)F)C(F)(F)F)cc5C4=O)c3)(C(F)(F)F)C(F)(F)F)cc1C)C2=O,0.000133305
*CC(*)c1ccc(COCCCCO)cc1,0.000113308
*CC(*)CCCC(C)(C)C,0.000113896
*CC(*)c1nc(C)nc(C)n1,0.000121639
*C1CCC(CC2CCC(N3C(=O)C4C5C=CC(C6C(=O)N(*)C(=O)C56)C4C3=O)C(C)C2)CC1C,6.55e-05
*CC(*)c1cc(Br)ccc1OCCCC,0.000183425
*CCCCCCN1C(=O)c2ccc(Oc3ccc4c(c3)C(=O)N(*)C4=O)cc2C1=O,5.97e-05
*C(=O)Oc1ccc(C(C)(C)c2ccc(OC(=O)c3ccc4c(c3)C(=O)N(c3ccc(-c5ccc(N6C(=O)c7ccc(*)cc7C6=O)c(C)c5)cc3C)C4=O)cc2)cc1,7.88e-05
*c1ccc(Oc2ccc(N3C(=O)c4ccc(Oc5cccc6c5C(=O)N(*)C6=O)cc4C3=O)cc2)cc1,5.33e-05
*CCC(c1ccccc1)C(*)c1ccccc1,8.58e-05
*Oc1ccc(NC(=O)c2cccc(C(=O)Nc3ccc(*)cc3)c2)cc1,5.66e-05
*CC(*)C1CC=CCC1,5.61e-05
*CCC=C(*)Cl,0.000116493
*CC(*)c1ccccc1F,0.000125084
*CC(*)c1cc(Cl)ccc1Cl,8.81e-05
*CC(*)OC(=O)CCCCCCCCCCC,0.000169233
*c1ccc2c(c1)C(=O)N(c1ccc3c(c1)-c1cc(N4C(=O)c5ccc(C(*)(C(F)(F)F)C(F)(F)F)cc5C4=O)ccc1C3)C2=O,5.9e-05
*CCCCCCOC(=O)O*,0.000162215
*Oc1ccc(-c2ccc(OC(=O)CCCCCCCCCCC(*)=O)cc2)cc1,0.000222197
*Oc1c(-c2ccccc2)cc(*)cc1-c1ccccc1,9.48e-05
*C(=O)Nc1ccc(NC(=O)c2ccc3c(c2)C(=O)N(c2ccc(S(=O)(=O)c4ccc(N5C(=O)c6ccc(*)cc6C5=O)cc4)cc2)C3=O)cc1,5.09e-05
*CC(*)c1cc(Br)ccc1OCCCCC,0.000200439
*Oc1ccc2c(c1)nc1c3cc4c(=O)n5c6cc(*)ccc6nc5c4cc3c(=O)n21,4.7e-05
*CC(*)C(=O)N1CCCCC1,8.48e-05
*Oc1ccc(NC(=O)c2ccc(C(c3ccc(C(=O)O)c(C(=O)Nc4cc(*)ccc4N)c3)(C(F)(F)F)C(F)(F)F)cc2C(=O)O)c(N)c1,5.02e-05
*Cc1ccc2[nH]c(-c3ccc4sc5ccc(-c6nc7cc(*)ccc7[nH]6)cc5c4c3)nc2c1,5.2e-05
*CCC1CC(OC(=O)CCCCCCCCCCOc2ccc(-c3ccc(C#N)cc3)cc2)CC1*,0.000113692
*C(F)C(*)(F)F,8.36e-05
*NC(=O)Nc1ccc(Cc2ccc(*)cc2)cc1,6.57e-05
*CCC=C(*)C,0.000160007
*C(=O)Oc1ccc(C(C)(C)c2ccc(OC(=O)c3ccc4c(c3)C(=O)n3c-4nc4ccc(Oc5ccc6c(c5)nc5n6C(=O)c6ccc(*)cc6-5)cc43)cc2)cc1,5.97e-05
*CC(*)c1ccccc1COC(C)C,0.000126834
*CC(*)c1ccccc1C(=O)Oc1ccccc1,7.49e-05
*Oc1ccc(Sc2ccc(OC(*)=O)cc2)cc1,8.91e-05
*CC(*)(C)C(=O)OCc1ccc(Cl)cc1,8.45e-05
*/C(C)=C(/*)C(C)C,0.000137582
*c1ccc(Oc2ccc(Oc3ccc(N4C(=O)c5ccc(-c6cccc7c6C(=O)N(*)C7=O)cc5C4=O)cc3)cc2)cc1,5.93e-05
*CC(*)C(=O)N1CCOCC1,7.54e-05
*c1ccc(Oc2ccc(Oc3ccc(N4C(=O)C5CCC6C(=O)N(*)C(=O)C6C5C4=O)cc3)cc2)cc1,4.52e-05
*Oc1cccc(CCCCCCCCCCc2cccc(OC(*)=O)c2)c1,0.000152785
*C(=O)Nc1ccc(Oc2ccc(NC(=O)c3ccc4c(c3)C(=O)N(c3ccc(S(=O)(=O)c5ccc(N6C(=O)c7ccc(*)cc7C6=O)cc5)cc3)C4=O)cc2)cc1,5.94e-05
*CC(*)OC(=O)CC(C)(C)c1ccccc1,0.000105801
*CCOC(=O)NCC1(C)CC(NC(=O)O*)CC(C)(C)C1,8.12e-05
*Oc1ccc(C(C)(c2ccccc2)c2ccc(OC(=O)c3cccc(C(*)=O)c3)cc2)cc1,8.48e-05
*CC(*)OCC(C)(C)CC(C)C,0.000156509
*CC(*)(C)C(=O)OCCCCCCCC,0.000139935
*CC(*)c1ccc(CC)cc1,0.00017708
*c1cccc(P(=O)(c2cccc(-n3c(=O)c4c(-c5ccc(C(F)(F)F)cc5)c5c(=O)n(*)c(=O)c5c(-c5ccc(C(F)(F)F)cc5)c4c3=O)c2)c2cc(C(F)(F)F)cc(C(F)(F)F)c2)c1,7.34e-05
*CC(*)c1ccc(OCCC)cc1,0.000175983
*CC(*)c1ccc(CCCCCCCCCC)cc1,0.00016689
*Sc1ccc(Cc2ccc(SC(*)=O)cc2)cc1,8.51e-05
*c1ccc(OC(=O)c2ccccc2/C=C/c2ccc(/C=C/c3ccccc3C(=O)Oc3ccc(C4(*)OC(=O)c5ccccc54)cc3)cc2)cc1,9.6e-05
*c1ccc(C(c2ccc(N3C(=O)c4cc5c(cc4C3=O)C(C(F)(F)F)(C(F)(F)F)c3cc4c(cc3O5)C(=O)N(*)C4=O)cc2)(C(F)(F)F)C(F)(F)F)cc1,6.28e-05
*C(=O)Nc1cccc(NC(=O)c2ccc(N3C(=O)c4ccc(*)cc4C3=O)cc2)c1,-1.1e-05
*CC(*)c1cccs1,0.0001
*c1cccc(-n2c(=O)c3cc4c(=O)n(*)c(=O)c4cc3c2=O)c1,5.33e-05
*C(F)(F)C(*)(OC(F)(F)F)OC(F)(F)F,9.15e-05
*CC(*)OC(=O)C(F)(F)F,0.000130302
*CC(*)OC(C)C,0.000123353
*c1ccc(-c2ccc(-n3c(=O)c4cc5c(=O)n(*)c(=O)c5cc4c3=O)c(C)c2)cc1C,4.52e-05
*C=CCC(C)(CC*)C(=O)OC,0.000140594
*CC(*)c1ccc(CCC)cc1,0.000170018
*C(C)C(*)O,4.83e-05
*CCC=C(*)CCC,0.000217574
*CC(*)c1ccc(C(=O)N2CCOCC2)cc1,7.23e-05
*CC(*)c1cc(C)c(C)cc1C,9.19e-05
*CC(*)OCC(CC)CCCC,0.000168173
*CC(*)(F)F,0.000191392
*CC(*)OC(=O)c1ccccc1Cl,0.000100291
*CC(*)(CC(=O)OCC1CCCCC1)C(=O)OCC1CCCCC1,8.89e-05
*CC(*)CCC(C)(C)C,0.000120641
*Oc1ccc(Oc2ccc(C(=O)c3ccc(C(=O)c4ccc(*)cc4)c4ccccc34)cc2)cc1,0.000115284
*C(*)C(=O)OC(C)C,0.0001406
*CC(*)c1ccc(-c2ccc(-c3ccccc3)cc2)cc1,9.65e-05
*CC(*)C(=O)OC(C(F)(F)F)C(F)(F)F,0.000127428
*CC(*)OC(=O)CCl,0.000173251
*CC(*)C(=O)OCCCCCCCCCCCCCCCCCC,0.000180674
*CC1CCC(*)C1,0.000105058
*Oc1c(Br)cc(C(C)(C)c2cc(Br)c(OC(*)=O)c(Br)c2)cc1Br,5.37e-05
*CC(*)C(=O)OCCCCCCCCCCCCCCCCCCCCCC,0.000174825
*CC(*)OC(=O)C(F)(F)C(F)(F)C(F)(F)C(F)(F)F,0.000210206
*CCC(C)CO*,0.000180544
*CCCC(*)(C)CC,0.000100606
*C(=O)c1ccc2c(c1)C(=O)N(c1ccc(-c3ccc(N4C(=O)c5ccc(*)cc5C4=O)cc3)cc1)C2=O,5.95e-05
*Oc1ccc(C(C)(C)c2ccc(OC(*)=O)c(C(C)C)c2)cc1C(C)C,0.000101624
*CC(*)CCCCCCCCCCCCCCCCCCCC,0.000184474
*Oc1ccc(C2(c3ccc(OC(*)=O)cc3)c3ccccc3-c3ccccc32)cc1,7.83e-05
*c1ccc2c(c1)C(=O)N(c1ccc(Oc3ccc(C(c4ccc(Oc5ccc(N6C(=O)c7ccc(C(*)(C(F)(F)F)C(F)(F)F)cc7C6=O)cc5)cc4)(C(F)(F)F)C(F)(F)F)cc3)cc1)C2=O,7.85e-05
*CC(*)c1ccc(C(=O)N(C)C)cc1,0.000101051
*CC(*)C(=O)Oc1cccc(N(C)C)c1,0.000111824
*c1ccc(Oc2ccc(-c3ccc(Oc4ccc(N5C(=O)c6ccc(Oc7ccc(C8(c9ccc(Oc%10ccc%11c(c%10)C(=O)N(*)C%11=O)cc9)CCC(c9ccccc9)CC8)cc7)cc6C5=O)cc4)cc3C)c(C)c2)cc1,8.18e-05
*CC(*)Cc1cccc(C)c1,0.000125578
*CCOC(=O)CCCCCCCCC(=O)O*,0.000119287
*CCCCCCNC(=O)CCCCCCCCC(=O)N*,9.45e-05
*CC(*)N1CCNC1,7.39e-05
*C(OC(F)(F)F)C(*)(F)F,9.61e-05
*CC(*)c1ccc(C(C)=NO)cc1,9.8e-05
*CC/C=C(\*)C(C)(C)C,0.000113807
*c1cccc(P(=O)(c2cccc(-n3c(=O)c4cc5c(=O)n(*)c(=O)c5cc4c3=O)c2)c2cc(C(F)(F)F)cc(C(F)(F)F)c2)c1,0.000154785
*c1ccc(-c2nc3cc(-c4ccc5nc(-c6ccccc6)c(*)nc5c4)ccc3nc2-c2ccccc2)cc1,6.04e-05
*c1ccc(Oc2c(C)cc(C(c3cc(C)c(Oc4ccc(-n5c(=O)c6cc7c(=O)n(*)c(=O)c7cc6c5=O)cc4)c(C)c3)c3cccc4ccccc34)cc2C)cc1,8.14e-05
*CC(*)c1cc(C)cc(C)c1,0.000112306
*c1ccc(Oc2cc3ccccc3cc2Oc2ccc(N3C(=O)c4ccc(Oc5ccc6c(c5)C(=O)N(*)C6=O)cc4C3=O)cc2)cc1,6.84e-05
*c1cccc(N2C(=O)c3ccc(Oc4ccc5c(c4)C(=O)N(*)C5=O)cc3C2=O)c1,9.61e-05
*Oc1ccc(C(C)(CCC#N)c2ccc(OC(*)=O)cc2)cc1,6.88e-05
*CC(*)(C)C(=O)OCCS(=O)CC,0.000124674
*CC(*)CCCCCCCCCCC,0.000186718
*CC(*)OC(=O)c1ccc(C#N)cc1,9.33e-05
*CC(*)c1ccc(Br)cc1,8.51e-05
*c1ccc(Oc2ccc(Oc3ccc(N4C(=O)c5ccc(C(c6ccc7c(c6)C(=O)N(*)C7=O)(C(F)(F)F)C(F)(F)F)cc5C4=O)cc3)cc2)cc1,6.38e-05
*Oc1ccc2c(c1)nc1n2C(=O)c2ccc(-c3ccc4c(c3)C(=O)n3c-4nc4ccc(*)cc43)cc2-1,6.32e-05
*C(=O)c1ccc2c(c1)C(=O)N(c1ccc(-c3ccc(N4C(=O)c5ccc(*)cc5C4=O)c(C)c3)cc1C)C2=O,5.44e-05
*C1C(*)C2CC1C1C=CCC12,3.9e-05
*C(F)(F)C(*)(F)OC(F)C(F)F,0.000151431
*CC1CC(*)C(OC(=O)CCCCCCCCCCOc2ccc(-c3ccc(C#N)cc3)cc2)C1OC(=O)CCCCCCCCCCOc1ccc(-c2ccc(C#N)cc2)cc1,0.000134175
*Oc1ccc(C(C)(C)c2ccc(OC(=O)CCCCC(*)=O)cc2)cc1,8.79e-05
*C(C)C(*)OCC(C)C,0.000150032
*/C=C\*,0.000110559
*c1ccc2c(c1)C(=O)N(c1c(C)c(C)c(N3C(=O)c4ccc(C(*)(C(F)(F)F)C(F)(F)F)cc4C3=O)c(C)c1C)C2=O,7.94e-05
*CC(*)OC(C)=O,0.000128252
*CCc1ccc(*)c(C)c1,0.000103436
*CC(*)(CC)C(=O)OCC,0.000119128
*Oc1ccc(SC(=O)Oc2ccc(C(C)(C)c3ccc(OC(=O)Sc4ccc(*)cc4)cc3)cc2)cc1,8.37e-05
*NC(=O)c1cccc(C(=O)Nc2ccc(-c3ccc(*)cc3)cc2)c1,6.43e-05
*Oc1ccc2c(c1)C1(CC2(C)C)CC(C)(C)c2ccc(OC(=O)c3cccc(C(*)=O)c3)cc21,8e-05
*CC(*)C(=O)OC(F)(C(F)(F)F)C(F)(F)F,0.000136926
*CC(*)OC(=O)C(C)(C(C)C)C(C)C,0.000105555
*CC(*)c1ccccc1C(=O)OCCN(C)C,0.000137718
*c1ccc(Oc2ccc(-c3ccc(Oc4ccc(-n5c(=O)c6cc7c(=O)n(*)c(=O)c7cc6c5=O)cc4)cc3)cc2)cc1,5.03e-05
*Oc1ccc2c(c1)C1(CC2(C)C)CC(C)(C)c2ccc(OC(=O)c3ccc(C(*)=O)cc3)cc21,7.31e-05
*c1cccc(Oc2ccc(N3C(=O)c4ccc(Oc5ccc6c(c5)C(=O)N(*)C6=O)cc4C3=O)cc2)c1,6.52e-05
*C1CCC(N2C(=O)c3ccc(-c4ccc5c(c4)C(=O)N(*)C5=O)cc3C2=O)CC1,5.62e-05
*Oc1ccc(S(=O)(=O)c2ccc(*)cc2)cc1,8.79e-05
*CC(*)C=C,0.000142777
*CC(*)CCCC1CCCCC1,9.5e-05
*CC(*)c1ccc(C(=O)OCC)cc1,0.000150102
*CCCCCCNC(=O)c1ccc(-c2ccc(C(=O)N*)cc2)cc1,8.69e-05
*c1ccc(-c2nc3cc4nc(*)oc4cc3o2)cc1,4.74e-05
*CC(*)(C)C(=O)OCc1cc(Cl)ccc1Cl,7.08e-05
*c1ccc2c(c1)C(=O)N(c1c(C)cc(Cc3cc(C)c(N4C(=O)c5ccc(C(*)(C(F)(F)F)C(F)(F)F)cc5C4=O)c(C)c3)cc1C)C2=O,6.82e-05
*Oc1ccc(C2(c3ccc(OC(*)=O)c(C)c3)CCCCC2)cc1C,0.000126558
*c1ccc(-c2ccc(N3C(=O)c4ccc(-c5ccc6c(c5)C(=O)N(*)C6=O)cc4C3=O)cc2)cc1,5.06e-05
*c1cccc(P(=O)(c2cccc(-n3c(=O)c4c(-c5ccccc5)c5c(=O)n(*)c(=O)c5c(-c5ccccc5)c4c3=O)c2)c2cc(C(F)(F)F)cc(C(F)(F)F)c2)c1,0.000194446
*CC(*)CNc1ccc([N+](=O)[O-])cc1C,9.54e-05
*CC(*)c1ccc(C(=O)CCN2CCOCC2)cc1,0.000101201
*CC(*)OC(=O)CC1CCCC1,0.000173944
*CC(*)OC(=O)CCCC1CCCCC1,9.5e-05
*CC(*)CNc1ccc([N+](=O)[O-])cc1,7.31e-05
*OC(C)C(*)=O,0.000150544
*CC(*)C(C)c1ccccc1,0.000102831
*CC(*)c1ccccc1COCC,0.000170033
*Oc1ccc(OC(=O)Oc2ccc(-c3ccc(OC(*)=O)cc3)cc2)cc1,7.42e-05
*CC(*)C(=O)c1ccccc1,8.58e-05
*CCCCCCCCCn1c(=O)c2cc3c(=O)n(*)c(=O)c3cc2c1=O,9.15e-05
*C(F)(F)C(*)(F)C(F)(F)F,4.96e-05
*CC(*)c1ccccc1COC,0.000115815
*C(=O)c1ccc2c(c1)C(=O)N(c1cc(C(c3ccc(O)c(N4C(=O)c5ccc(*)cc5C4=O)c3)(C(F)(F)F)C(F)(F)F)ccc1O)C2=O,5.81e-05
*c1ccc(C(C)(C)c2ccc(N3C(=O)c4ccc(Oc5ccc6c(c5)C(=O)N(*)C6=O)cc4C3=O)cc2)cc1,5.7e-05
*Oc1ccc(C(C)(C)c2ccc(OC(=O)c3ccccc3/C=C/c3ccc(/C=C/c4ccccc4C(*)=O)cc3)cc2)cc1,0.000139594
*CC(*)C(=O)OC(C)(C)C,0.000137231
*c1cccc(P(=O)(c2ccccc2)c2cccc(-n3c(=O)c4c(-c5cc(C(F)(F)F)cc(C(F)(F)F)c5)c5c(=O)n(*)c(=O)c5c(-c5cc(C(F)(F)F)cc(C(F)(F)F)c5)c4c3=O)c2)c1,0.000116748
*c1ccc(Oc2ccc(Oc3ccc(N4C(=O)c5ccc(Oc6ccc(C7(c8ccc(Oc9ccc%10c(c9)C(=O)N(*)C%10=O)cc8)CCC(C(C)(C)C)CC7)cc6)cc5C4=O)cc3)c(C(C)(C)C)c2)cc1,6.09e-05
*CC(*)C(C)=O,0.000104088
*c1ccc2c(c1)C(=O)N(c1ccc(C(c3ccc(N4C(=O)c5ccc(C(*)(C(F)(F)F)C(F)(F)F)cc5C4=O)cc3)(C(F)(F)F)C(F)(F)F)cc1)C2=O,6.38e-05
*c1cccc(Oc2ccc(N3C(=O)c4ccc(C(c5ccc6c(c5)C(=O)N(*)C6=O)(C(F)(F)F)C(F)(F)F)cc4C3=O)cc2)c1,5.93e-05
*CCCCCCOC(=O)Nc1ccc(Cc2ccc(NC(=O)O*)cc2)cc1,9.48e-05
*C(=O)c1ccc2c(c1)C(=O)N(c1ccc(-c3ccc(N4C(=O)c5ccc(*)cc5C4=O)c(OC)c3)cc1OC)C2=O,5.97e-05
*CC(*)C(=O)OC(CC)CC,0.000180312
*c1ccc(Oc2ccc(N3C(=O)c4cccc(Oc5cccc6c5C(=O)N(*)C6=O)c4C3=O)cc2)cc1,5.67e-05
*CC(*)(C)C(=O)OCCOC,0.000164881
*CC(*)c1ccccc1C(=O)OCCCCCC,0.000168675
*CC(C)O*,0.000143819
*CC(*)c1ccc(COCC(CC)CCCC)cc1,0.000190865
*CC(*)c1ccc(C)nc1,0.000117686
*CC(*)C(=O)Oc1ccc(C(=O)OC)cc1,9.53e-05
*CC(*)c1ccc(C(=O)N2CCCCC2)cc1,0.000109607
*CC(*)OC(=O)c1ccc(OC(=O)CCC)cc1,0.000206842
*/C=C\CCC*,0.000200481
*CCCCCCCCCCCCNC(=O)CCCCCCCCCCC(=O)N*,0.000118747
*CC(*)c1cc(C(C)C)ccc1C(C)C,9.6e-05
*c1ccc2c(c1)C(=O)N(c1ccc(-c3ccc(Oc4ccc5c(c4)C(C)(c4ccc(Oc6ccc(-c7ccc(N8C(=O)c9ccc(C(*)(C(F)(F)F)C(F)(F)F)cc9C8=O)cc7)cc6C(F)(F)F)cc4)CC5(C)C)c(C(F)(F)F)c3)cc1)C2=O,6.81e-05
*CC(*)c1ccc(OC)cc1,0.000108254
*CCCC=C(*)c1ccc(OC)cc1,0.000136873
*c1ccc(Oc2ccc(N3C(=O)c4ccc(C(c5ccc6c(c5)C(=O)N(*)C6=O)(C(F)(F)F)C(F)(F)F)cc4C3=O)cc2)cc1,6.21e-05
*CC(*)(C)C(=O)OCc1cccc(Cl)c1Cl,0.000108508
*Oc1ccc(C(C)(C)c2ccc(OC(=O)SCCCCCCSC(*)=O)cc2)cc1,0.000114999
*c1ccc(-c2ccc(N3C(=O)c4ccc(-c5ccc6c(c5)C(=O)N(*)C6=O)cc4C3=O)c(C)c2)cc1C,6.73e-05
*CCC1CC2C(CC(*)C2OC(=O)CCCCCCCCCCOc2ccc(-c3ccc(C#N)cc3)cc2)C1OC(=O)CCCCCCCCCCOc1ccc(-c2ccc(C#N)cc2)cc1,0.000100122
*C(=O)c1ccc2c(c1)C(=O)N(c1cccc(C(=O)N(C)c3ccc(N4C(=O)c5ccc(*)cc5C4=O)cc3)c1)C2=O,7.37e-05
*c1ccc(Oc2ccc(-n3c(=O)c4cc5c(=O)n(*)c(=O)c5cc4c3=O)cc2)cc1,4.43e-05
*CC(*)C1CCCC1,9.71e-05
*C=CC(C)CCCCC*,0.000206938
*Oc1ccc(S(=O)(=O)c2ccc(Oc3ccc(-c4ccc(*)cc4)cc3)cc2)cc1,7.88e-05
*CC(*)CC(C)CC,0.000129158
*CCC=C(*)c1ccccc1,0.000151754
*Oc1c(C)cc(*)cc1C,0.000101352
*/C=C(/*)c1ccc(C#C)cc1,0.000129374
*c1ccc2c(c1)C(=O)N(c1c(C)cc(C)c(N3C(=O)c4ccc(C(*)(C(F)(F)F)C(F)(F)F)cc4C3=O)c1C)C2=O,6.77e-05
*Oc1ccc(C(C)(C)c2ccc(OC(=O)Sc3ccc(C(C)(C)c4ccc(SC(*)=O)cc4)cc3)cc2)cc1,5.44e-05
*Oc1ccc(C(C)(C)c2ccc(OC(*)=O)c(CC)c2)cc1CC,0.000104433
*CCCCCCNC(=O)N*,6.29e-05
*CCCCCCOC(=O)c1ccc(-c2ccc(C(=O)O*)cc2)cc1,0.000135019
*Oc1ccc(S(=O)(=O)c2ccc(OC(=O)c3ccccc3/C=C/c3ccc(/C=C/c4ccccc4C(*)=O)cc3)cc2)cc1,8.01e-05
*/C=C\CCCCC*,0.000248543
*OC(C)COC(*)=O,0.000100723
*CC(*)(C)C(=O)Oc1c(C(C)C)cccc1C(C)C,7.66e-05
*Cc1cc(C(C)(C)c2ccc3c(c2)CN(C)CO3)cc(CN(*)C)c1O,9.11e-05
*CC(*)c1ccc(C(C)(O)CCC)cc1,9.56e-05
*CCCCCCOC(=O)c1ccc2cc(C(=O)O*)ccc2c1,7.99e-05
*Oc1ccc(-c2ccc(OC(=O)CCCCCCCCCC(*)=O)cc2)cc1,0.000110325
*CCCCCCCCOC(=O)c1cccc(C(=O)O*)c1,0.000122314
*C(=O)Nc1ccc(NC(=O)c2ccc(N3C(=O)c4ccc(*)cc4C3=O)cc2)cc1,6.84e-05
*Oc1ccc(C2(c3ccc(OC(*)=O)cc3)CCCCC2)cc1,7.53e-05
*c1cc(CCCC)c(*)s1,0.000102077
*c1cccc(N2C(=O)c3ccc(Oc4ccc(C(C)(C)c5ccc(Oc6ccc7c(c6)C(=O)N(*)C7=O)cc5)cc4)cc3C2=O)c1,6.43e-05
*Oc1ccc2ccc(OC(=O)Oc3ccc(OC(*)=O)cc3)cc2c1,0.000133585
*CC(*)OCc1ccccc1,0.000135544
*CC(*)c1ccc(COCCC)cc1,0.000159861
*Oc1cccc(S(=O)(=O)c2ccc(*)cc2)c1,6.63e-05
*CCCCCCCCCCCCNC(=O)CCCCCCCCCCCCCCCCCCC(=O)N*,0.000124636
*C(=O)c1ccc2c(c1)C(=O)N(c1cccc(N3C(=O)c4ccc(*)cc4C3=O)c1C)C2=O,4.98e-05
*CC(*)c1ccccc1C(=O)OCC(C)C,0.000138928
*C(=O)c1ccc2c(c1)C(=O)N(c1ccc(Oc3c(C)cc(Cc4cc(C)c(Oc5ccc(N6C(=O)c7ccc(*)cc7C6=O)cc5)c(C)c4)cc3C)cc1)C2=O,7.57e-05
*Oc1cc(C(C)(C)C)c(Oc2ccc(C(=O)Nc3ccc(C(C)(C)c4ccc(NC(=O)c5ccc(*)cc5)cc4)cc3)cc2)cc1C(C)(C)C,0.000115543
*C(*)C(=O)OCCC,0.000196214
*c1ccc(S(*)(=O)=O)cc1,9.35e-05
*c1ccc(Oc2ccc(Oc3ccc(-n4c(=O)c5cc6c(=O)n(*)c(=O)c6cc5c4=O)cc3)cc2-c2ccccc2)cc1,9.11e-05
*C=CCCCCCCCC*,0.000277142
*CC(*)OC(=O)C(C)(C)C(C)C(C)C,0.000117122
*c1ccc(Oc2cc(C(C)(C)C)ccc2Oc2ccc(N3C(=O)c4ccc(-c5ccc6c(c5)C(=O)N(*)C6=O)cc4C3=O)cc2)cc1,7.77e-05
*C(=O)NC1CCC(CC2CCC(NC(=O)c3ccc(N4C(=O)c5ccc(*)cc5C4=O)cc3)CC2)CC1,6.88e-05
*CC(*)c1ccc(Cl)cc1Cl,0.000119937
*CC(*)(C)c1ccc2ccccc2c1,5.41e-05
*/C=C\CCCC*,0.00021118
*c1ccc2c(c1)C(=O)N(c1ccc(C(C)(C)c3ccc(N4C(=O)c5ccc(C(*)(C(F)(F)F)C(F)(F)F)cc5C4=O)cc3)cc1)C2=O,8.66e-05
*CC(*)OC(=O)c1ccc(CC)cc1,0.000138827
*/C=C(/*)C(C)(C)C,0.000102301
*C1CCC(CC2CCC(N3C(=O)C4C5C=CC(C6C(=O)N(*)C(=O)C56)C4C3=O)CC2)CC1,7.07e-05
*Oc1ccc(Oc2ccc(Oc3ccc(S(=O)(=O)c4ccc(*)cc4)cc3)cc2)cc1,0.000112749
*CC(*)C(N)=O,3.79e-05
*c1ccc(S(=O)(=O)c2ccc(N3C(=O)c4ccc(-c5ccc6c(c5)C(=O)N(*)C6=O)cc4C3=O)cc2)cc1,5.37e-05
*C(=O)NCCCCCCNC(=O)c1ccc(N2C(=O)c3ccc(*)cc3C2=O)cc1,6.65e-05
*C(F)(F)C(*)(F)OC(F)(F)C(F)(F)C(F)(F)C(F)(F)F,0.00017652
*CC(*)P(=O)(Oc1ccccc1)N(C)C,0.000127099
*C1Oc2ccccc2C1*,6.41e-05
*CC1(C)CC(*)(C)C(=O)OC1=O,4.17e-05
*C([2H])([2H])C(*)([2H])c1c([2H])c([2H])c([2H])c([2H])c1[2H],0.000188618
*Oc1ccc(S(=O)(=O)c2ccc(OC(*)=O)cc2)cc1,0.00010615
*Oc1cccc2c(OC(=O)Oc3ccc(OC(*)=O)cc3)cccc12,8.22e-05
*c1ccc(Oc2c(C)cc(Cc3cc(C)c(Oc4ccc(N5C(=O)c6ccc(-c7ccc8c(c7)C(=O)N(*)C8=O)cc6C5=O)cc4)c(C)c3)cc2C)cc1,5.62e-05
*C(=O)Oc1ccc(OC(=O)c2ccc3c(c2)C(=O)N(c2ccc(-c4ccc(N5C(=O)c6ccc(*)cc6C5=O)cc4C(F)(F)F)c(C(F)(F)F)c2)C3=O)cc1,7.09e-05
*Oc1ccc(C(C#N)(c2ccccc2)c2ccc(OC(*)=O)cc2)cc1,7.41e-05
*CC(*)C1CCC(C)CC1,9.17e-05
*CCCCCCNC(=O)Cc1ccc(C(=O)N*)cc1,7.94e-05
*CC1CC(*)C(OC(=O)CCCCCCCCCCOc2ccc(-c3ccc(C#N)cc3)cc2)C1,9.23e-05
*CC(*)SCCCC,0.000217315
*CC(*)c1ccc(Cl)cc1C,0.000106873
*CC(*)N1CCCC1=O,0.000119025
*Oc1ccc(-c2ccc(OC(=O)CCCCCCCCCCCC(*)=O)cc2)cc1,0.000158763
*c1ccc2c(c1)C(=O)N(c1ccc(Oc3c(C)cc(C(c4cc(C)c(Oc5ccc(N6C(=O)c7ccc(C(*)(C(F)(F)F)C(F)(F)F)cc7C6=O)cc5)c(C)c4)c4cccc5ccccc45)cc3C)cc1)C2=O,9.09e-05
*CC(*)c1ccc(C(=O)Cc2ccccc2)cc1,0.000107829
*CC1(*)CCC(C)CC1,6.43e-05
*Oc1ccc(C(C)(CCC#N)c2ccc(OC(*)=O)c(C)c2)cc1C,0.000123007
*CC(*)CC(CC)CC,0.000124738
*c1cc(C(c2ccc(O)c(N3C(=O)c4ccc(Oc5ccc6c(c5)C(=O)N(*)C6=O)cc4C3=O)c2)(C(F)(F)F)C(F)(F)F)ccc1O,5.39e-05
*CCCC(=O)N*,6.87e-05
*C(=O)c1ccc2c(c1)C(=O)N(c1ccc(Oc3cc4ccccc4cc3Oc3ccc(N4C(=O)c5ccc(*)cc5C4=O)cc3)cc1)C2=O,6.09e-05
*CC(*)Cc1cc(C)cc(C)c1,0.000157289
*c1cccc(N2C(=O)c3ccc(C(c4ccc5c(c4)C(=O)N(*)C5=O)(C(F)(F)F)C(F)(F)F)cc3C2=O)c1,6.43e-05
*C(=O)c1ccc2c(c1)C(=O)N(c1cccc(C(=O)c3cccc(N4C(=O)c5ccc(*)cc5C4=O)c3)c1)C2=O,5.56e-05
*c1ccc(N2C(=O)c3ccc(-c4ccc5c(c4)C(=O)N(*)C5=O)cc3C2=O)nc1,5.93e-05
*CC(*)c1ccccc1C,9.55e-05
*c1ccc(Oc2ccc(-c3ccc(Oc4ccc(N5C(=O)c6ccc(-c7ccc8c(c7)C(=O)N(*)C8=O)cc6C5=O)cc4)cc3)cc2)cc1,6.03e-05
*CCOC(=O)c1cccc2c(C(=O)O*)cccc12,8.56e-05
*c1c(C)c(C)c(-n2c(=O)c3cc4c(=O)n(*)c(=O)c4cc3c2=O)c(C)c1C,4.95e-05
*c1cccc(P(=O)(c2ccc(C(F)(F)F)cc2)c2cccc(-n3c(=O)c4cc5c(=O)n(*)c(=O)c5cc4c3=O)c2)c1,5.7e-05
*c1cc(C(c2ccc(O)c(-n3c(=O)c4cc5c(=O)n(*)c(=O)c5cc4c3=O)c2)(C(F)(F)F)C(F)(F)F)ccc1O,5.07e-05
*Sc1ccc(*)cc1,0.000107458
*c1ccc2c(c1)-c1nc3cc(Oc4ccc5nc6n(c5c4)C(=O)c4cc(C(*)(C(F)(F)F)C(F)(F)F)ccc4-6)ccc3n1C2=O,5.2e-05
*Oc1ccc(S(=O)(=O)c2ccc(Oc3ccc(C(C)(C)c4ccc(*)c(C(O)(C(F)(F)F)C(F)(F)F)c4)cc3C(O)(C(F)(F)F)C(F)(F)F)cc2)cc1,7.91e-05
*CCOCCOC(=O)c1ccc(-c2ccc(C(=O)O*)cc2)cc1,9.05e-05
*CC(*)c1ccc(COCCO)cc1,0.00014073
*c1ccc(Oc2ccc3ccc(Oc4ccc(-n5c(=O)c6cc7c(=O)n(*)c(=O)c7cc6c5=O)cc4)cc3c2)cc1,8.34e-05
*CC(*)c1ccc(C(=O)CCCCCCC)cc1,0.000161058
*CC(*)C(CC)CC,0.000133088
*CC(*)OCCC,0.000167561
*C(=O)Oc1ccc(OC(=O)c2ccc3c(c2)C(=O)N(c2ccc(C(=O)Oc4ccc(N5C(=O)c6ccc(*)cc6C5=O)cc4)cc2)C3=O)cc1,4.2e-05
*CC(*)OC=O,0.000109789
*NC(=O)NCCCCCCNC(=O)NCCCCC(*)C(=O)OC,9.72e-05
*CC(*)(C)C(=O)OC(OCC)C(F)(F)F,0.000152416
*CC(*)OC(=O)c1ccccc1C,0.000102216
*CCCCCCNC(=O)c1ccc(C(=O)N*)cc1,0.000112383
*c1ccc2c(c1)C(=O)N(c1cc(N3C(=O)c4ccc(C(*)(C(F)(F)F)C(F)(F)F)cc4C3=O)ccc1C)C2=O,4e-05
*CCCCCCN1C(=O)c2ccc(C(c3ccc4c(c3)C(=O)N(*)C4=O)(C(F)(F)F)C(F)(F)F)cc2C1=O,0.000152986
*NC(=O)NCCCCCCNC(=O)Nc1ccc(Cc2ccc(*)cc2)cc1,6.79e-05
*c1ccc(Oc2ccc(N3C(=O)c4ccc(-c5ccc6c(c5)C(=O)N(*)C6=O)cc4C3=O)cc2)cc1,3.88e-05
*CC(*)C(=O)c1ccc(Br)cc1,8.69e-05
*CC(*)(CC(=O)OCCCC)C(=O)OCCCC,0.000168944
*Oc1ccc(S(=O)(=O)c2ccc(Oc3ccc(C(c4ccc(*)cc4)(C(F)(F)F)C(F)(F)F)cc3)cc2)cc1,7.06e-05
*CC(*)c1ccccc1Cl,0.000144377
*CC(*)OC(=O)C1CCCCC1,0.000118198
*c1ccc(Oc2ccccc2Oc2ccc(N3C(=O)c4ccc(Oc5ccccc5Oc5ccc6c(c5)C(=O)N(*)C6=O)cc4C3=O)cc2C(F)(F)F)c(C(F)(F)F)c1,7.92e-05
*CC(*)C(=O)c1ccc(CCC)cc1,0.000164736
*c1ccc2c(c1)Cc1cc(-n3c(=O)c4cc5c(=O)n(*)c(=O)c5cc4c3=O)ccc1-2,3.51e-05
*c1ccc(Oc2ccc(N3C(=O)c4ccc(Oc5ccc(C(c6ccc(Oc7ccc8c(c7)C(=O)N(*)C8=O)cc6)(C(F)(F)F)C(F)(F)F)cc5)cc4C3=O)cc2)cc1,8.19e-05
*CCO*,0.000292941
*c1ccc(Cc2ccc(N3C(=O)c4ccc(-c5ccc6c(c5)C(=O)N(*)C6=O)cc4C3=O)cc2)cc1,5.27e-05
*CCCCCCCCCNC(=O)c1ccc(C(=O)N*)cc1,9.07e-05
*CC(*)(C)C(=O)OCCBr,0.000173356
*C1CC2CC1C(*)C2CCCCCC,0.000148973
*CC(*)C(=O)Oc1cccc(C(=O)OCC)c1,0.000119447
*CC(*)c1ccc(CCCCCCCCCCCCCCCCCC)cc1,0.000150579
*c1ccc(Oc2cc(C(C)(C)C)ccc2Oc2ccc(-n3c(=O)c4cc5c(=O)n(*)c(=O)c5cc4c3=O)cc2)cc1,6.71e-05
*CCCNC(=O)Cc1ccc(C(=O)N*)cc1,6.84e-05
*c1ccc(Oc2ccc(Oc3ccc(N4C(=O)c5ccc(-c6ccc7c(c6)C(=O)N(*)C7=O)cc5C4=O)cc3)cc2)cc1,4.39e-05
*CC(*)(C)C(=O)Oc1ccccc1,7.84e-05
*CC(*)CCCCCCCCCCCC,0.000175189
*CC(*)OC(=O)c1cccc(Br)c1,8.94e-05
*CCCCCC(=O)N*,7.41e-05
*NC1CC(C)(C)CC(C)(CNC(=O)CCCCC(*)=O)C1,4.04e-05
*CC(*)C(=O)Oc1cccc(C(=O)OC)c1,8.22e-05
*CC(*)c1ccc(C(C)CC)cc1,0.000128158
*C(=O)c1ccc2c(c1)C(=O)N(c1ccc(Oc3cccc4c(Oc5ccc(N6C(=O)c7ccc(*)cc7C6=O)cc5)cccc34)cc1)C2=O,4.71e-05
*Oc1ccc(Oc2ccc(C(=O)c3ccc(*)cc3)cc2)cc1,9.66e-05
*CC(*)c1ccccc1C(=O)N(C)C,0.000132061
*CC(*)CCc1ccccc1C,0.000106592
*CC(*)c1ccc(C(=O)CCN2CCCCC2)cc1,9.32e-05
*Oc1c(C)cc(C(C)(C)c2cc(C)c(OC(*)=O)c(C)c2)cc1C,0.00016203
*CCCC=C(*)c1ccccc1,0.000113886
*CC(*)CC1CCCCC1,5.52e-05
*C(=O)Oc1ccc(OC(=O)c2ccc3c(c2)C(=O)N(c2ccc(C(=O)Nc4ccc(N5C(=O)c6ccc(*)cc6C5=O)cc4)cc2)C3=O)cc1,7.75e-05
*CC(*)OC(=O)c1ccc(Br)cc1,0.000124672
*CC(*)(C)C(=O)OCCCCCCN(C)c1ccc(/N=N/c2ccc(S(C)(=O)=O)cc2)cc1,8.23e-05
*Oc1ccc(C(c2ccc(OC(*)=O)cc2)(C(F)(F)F)C(F)(F)F)cc1,9.94e-05
*c1ccc(Oc2ccc(C(=O)c3ccc(Oc4ccc(C5(*)OC(=O)c6ccccc65)cc4)cc3)cc2)cc1,7.5e-05
*CC(*)C(=O)Oc1ccccc1,9.41e-05
*C(*)C(=O)OC,0.000119762
*c1ccc(-c2ccc(N3C(=O)c4cc5c(cc4C3=O)C(C(F)(F)F)(C(F)(F)F)c3cc4c(cc3O5)C(=O)N(*)C4=O)cc2C(F)(F)F)c(C(F)(F)F)c1,4.9e-05
*CC*,0.00016916
*c1ccc(Oc2ccc(C(C)(C)c3ccc(Oc4ccc(-n5c(=O)c6cc7c(=O)n(*)c(=O)c7cc6c5=O)cc4)cc3)cc2)cc1,6.64e-05
*c1ccc(Oc2c(C)cc(-c3cc(C)c(Oc4ccc(N5C(=O)c6ccc(Oc7ccccc7Oc7ccc8c(c7)C(=O)N(*)C8=O)cc6C5=O)cc4C(F)(F)F)c(C)c3)cc2C)c(C(F)(F)F)c1,7.38e-05
*CC/C=C(/*)Cl,0.000133889
*NC(CCC(=O)OCCCCCC)C(*)=O,0.000200811
*CC(*)c1c(C)cc(C)cc1C,0.000103698
*c1cccc(P(=O)(c2ccc(C(F)(F)F)cc2)c2cccc(-n3c(=O)c4c(-c5cc(C(F)(F)F)cc(C(F)(F)F)c5)c5c(=O)n(*)c(=O)c5c(-c5cc(C(F)(F)F)cc(C(F)(F)F)c5)c4c3=O)c2)c1,0.00023202
*CC(*)(C)C(=O)OCC(C)O,0.000107852
*CCCOC(=O)c1ccc(C(=O)O*)cc1,8.39e-05
*Oc1ccc(OC(=O)c2cc(OCCCCCCCCCCCC)c(C(*)=O)cc2OCCCCCCCCCCCC)cc1,0.000153958
*CC(*)C(=O)Oc1c(Cl)c(Cl)c(Cl)c(Cl)c1Cl,8.96e-05
*CC(*)c1cc(C)ccc1F,0.000102551
*CC(*)OC(=O)C(F)(F)C(F)(F)C(F)(F)C(F)(F)C(F)(F)C(F)(F)C(F)(F)C(F)(F)C(F)(F)F,0.000114352
*CC(*)CCC,0.00013201
*CC(*)c1ccc(C(=O)c2ccccc2)cc1,0.00010239
*CC(*)c1ccc(OCCCC)cc1,0.000206521
*CC(*)C(=O)C(C)(C)C,9.29e-05
*c1ccc(-c2nc3cc(-c4ccc5nc(*)c(-c6ccccc6)nc5c4)ccc3nc2-c2ccccc2)cc1,8.2e-05
*CC(*)C(=O)OCC(C)C,0.00013183
*CC(*)c1ccc(C(=O)C(F)(F)F)cc1,0.000143373
*CCC(C)C(*)C,0.000117641
*c1c(C)cc(C(c2cc(C)c(N3C(=O)c4ccc(-c5ccc6c(c5)C(=O)N(*)C6=O)cc4C3=O)c(C)c2)c2cccc3ccccc23)cc1C,6.92e-05
*c1cc(Br)c(OC(=O)c2ccc(C(=O)Oc3c(Br)cc(C4(*)OC(=O)c5ccccc54)cc3Br)cc2)c(Br)c1,6.74e-05
*CC(*)OC(=O)c1ccc(C(C)(C)C)cc1,0.000141995
*NC(CCC(=O)OCCC)C(*)=O,0.000124634
*C=CC(C*)OC,0.000191843
*c1ccc(Cc2ccc(N3C(=O)c4ccc(Oc5ccc6c(c5)C(=O)N(*)C6=O)cc4C3=O)cc2)cc1,5.45e-05
*c1ccc(Cc2ccc(N3C(=O)C4CCC5C(=O)N(*)C(=O)C5C4C3=O)c(C)c2)cc1C,6.66e-05
*CCCCCCCCCC(=O)N*,9.43e-05
*c1ccc(Cc2ccc(N(*)Cc3ccccc3)cc2)cc1,9.37e-05
*NC(CCC(=O)OCC)C(*)=O,0.000106429
*Oc1ccc(C(C)(CCC)c2ccc(OC(*)=O)cc2)cc1,8.01e-05
*c1ccc(Oc2ccc(Oc3ccc(-n4c(=O)c5cc6c(=O)n(*)c(=O)c6cc5c4=O)cc3)cc2)cc1,6.24e-05
*CC(*)(C)C(=O)Oc1ccc(C(=O)OC)cc1,9.05e-05
*C=CC1CCC(*)C1,0.000230569
*CC(*)c1ccc(C(F)(F)C(F)(F)C(F)(F)C(F)(F)C(F)(F)C(F)F)cc1,0.00020211
*CC(*)CCCCCCCCCCCCCCCC,0.000180547
*CC(*)C(=O)Oc1ccc(Cl)cc1Cl,9.49e-05
*Oc1ccc(S(=O)(=O)c2ccc(Oc3ccc(Cc4ccc(*)cc4)cc3)cc2)cc1,7.51e-05
*Oc1ccccc1OC(=O)c1ccccc1/C=C/c1ccc(/C=C/c2ccccc2C(*)=O)cc1,9.67e-05
*CCCCCCN(C)C(=O)CCCCC(=O)N(*)C,0.00014399
*CCCS(=O)(=O)c1ccc(/N=N/c2ccc(N(CCCC)CC(=O)O*)cc2)cc1,0.000101838
*CC(*)c1ccc(CCCCCCCCCCCC)cc1,0.00021111
*C(F)(F)C(*)(F)c1ccccc1,0.000106531
*CC(*)c1ccc(S(=O)(=O)OCCC)cc1,0.00013013
*CC(*)c1ccc(C(C)(O)CCCC)cc1,0.000140711
*Oc1ccc(C(C)(c2ccccc2)c2ccc(OC(*)=O)cc2)cc1,7.14e-05
*CCCCCNC(=O)O*,9.07e-05
*CC(*)CC(C)(C)CC,0.000105371
*c1ccc(-c2ccc(N3C(=O)c4ccc(-c5ccc6c(c5)C(=O)N(*)C6=O)cc4C3=O)cc2C(F)(F)F)c(C(F)(F)F)c1,5.92e-05
*CC(*)C(=O)O,4.48e-05
*Oc1cc(C)c(*)c(C)c1Br,9.61e-05
*c1ccc(Oc2ccc(C3(c4ccc(Oc5ccc(N6C(=O)c7ccc(Oc8ccc(C9(c%10ccc(Oc%11ccc%12c(c%11)C(=O)N(*)C%12=O)cc%10)CCC(C(C)(C)C)CC9)cc8)cc7C6=O)cc5)cc4)CC4CC3C3CCCC43)cc2)cc1,6.25e-05
*CC(*)C(=O)OC1CC2CCC1(C)C2(C)C,8.35e-05
*C(C)C(*)OC(C)C,0.000111544
*C=CCCCCCC*,0.000219925
*NC(CCC(=O)OC)C(*)=O,8.44e-05
*CC(*)c1ccccc1C(=O)OC,0.00012149
*CC(*)(CC(=O)OCCCC1CCCCC1)C(=O)OCCCC1CCCCC1,0.000140216
*Oc1ccc(C(=O)c2ccc(*)cc2)cc1,6.61e-05
*CC(*)(C)C(=O)OCCC,0.000145264
*CC(C)C(*)(C)C,9.01e-05
*Oc1ccc(S(=O)(=O)c2ccc(OC(=O)c3ccc(C(*)=O)cc3)cc2)cc1,7.93e-05
*CC(*)(F)C(C)=O,7.79e-05
*CC(*)c1ccc(C(C)C)cc1,0.000168025
*CC(*)C,0.000129248
*CC(*)c1cc(C(C)(C)C)ccc1C,0.000101341
*CC1CCC(COC(=O)CCCCCCCCC(=O)O*)CC1,0.000120185
*C(=O)c1ccc2c(c1)C(=O)N(c1c(C)c(C)c(N3C(=O)c4ccc(*)cc4C3=O)c(C)c1C)C2=O,6.41e-05
*CC(*)N1Cc2ccccc2N1,4.96e-05
*Oc1cc(C(C)(C)C)c(Oc2ccc(C(=O)Nc3ccc(C(C)(C)c4ccc(NC(=O)c5ccc(*)cc5)c(C)c4)cc3C)cc2)cc1C(C)(C)C,8.7e-05
*CC(*)(C)C(=O)Oc1ccc(CC#N)cc1,7.51e-05
*CC(*)C(=O)OCCc1ccccc1,0.000142214
*CCCCOC(=O)c1ccc(C(=O)O*)cc1,0.000111629
*c1ccc(C(=O)Oc2ccc(-n3c(=O)c4cc5c(=O)n(*)c(=O)c5cc4c3=O)cc2)cc1,5.26e-05
*CC(*)OC(=O)CCCCCCC,0.0001902
*CC(C)(C)COC(=O)CCC(=O)O*,0.00011477
*CC(*)OCCCCCCCCCCCCCCCCCC,0.000179449
*CC(*)(C)C(=O)OCCC#N,8.4e-05
*c1ccc(Oc2ccc(S(=O)(=O)c3ccc(Oc4ccc(N5C(=O)c6ccc(C(c7ccc8c(c7)C(=O)N(*)C8=O)(C(F)(F)F)C(F)(F)F)cc6C5=O)cc4)cc3)cc2)cc1,5.6e-05
*c1ccc(Cc2ccc(N3C(=O)c4ccc(Oc5ccc(C6(c7ccc(Oc8ccc9c(c8)C(=O)N(*)C9=O)cc7)CCCCCCCCCCC6)cc5)cc4C3=O)cc2)cc1,6.44e-05
*CC(*)(CC(=O)OC1CCCCC1)C(=O)OC1CCCCC1,2.41e-05
*c1ccc(Sc2ccc3c(c2)Sc2ccc(Sc4ccc(-n5c(=O)c6cc7c(=O)n(*)c(=O)c7cc6c5=O)cc4)cc2S3)cc1,4.82e-05
*Oc1ccc(C(=O)CCCCCCCCC(=O)c2ccc(OC(*)=O)cc2)cc1,9.93e-05
*CC(*)c1ccccc1COCc1ccccc1,0.000149257
*CC(*)OC(=O)C(F)(F)C(F)(F)C(F)(F)C(F)(F)C(F)(F)C(F)(F)C(F)(F)F,0.000128438
*CC(*)c1cccc(-c2ccc(-c3ccccc3)cc2)c1,8.14e-05
*C(F)(F)C(*)(F)c1c(F)c(F)c(F)c(F)c1F,0.000109486
*CC(*)OC(=O)C(F)(F)C(F)(F)F,0.000146316
*/C=C/C1CC(*)C2C(=O)N(CCCCCC)C(=O)C12,0.000163999
*CC(*)Cc1ccc(C)cc1,0.000104832
*CC(*)C(=O)N(C)C,0.000140724
*Oc1ccc(-c2ccc(OC(=O)CCCCCCCCCCCCC(*)=O)cc2)cc1,0.000162212
*CC(*)(C)CC,5.73e-05
*C(=O)c1ccc2c(c1)C(=O)N(c1ccc(C(=O)Nc3ccc(N4C(=O)c5ccc(*)cc5C4=O)cc3)cc1)C2=O,5.62e-05
*CC(*)(C)C#N,4.31e-05
*Oc1ccc(C(C)(C)c2ccc(OC(=O)c3ccccc3/C=C/c3ccc(/C=C/c4ccccc4C(*)=O)cc3)c(C)c2)cc1C,8.91e-05
*CC(*)c1ccc(COCCOCCCC)cc1,0.000174246
*CCOC(=O)CCC(=O)O*,0.000106403
*C(=O)Nc1ccc(Cc2ccc(NC(=O)c3ccc(N4C(=O)c5ccc(*)cc5C4=O)cc3)cc2)cc1,8.38e-05
*c1ccc2c(c1)C(=O)N(c1ccc(Oc3ccc(N4C(=O)c5ccc(C(C)(C)CCCCC(*)(C)C)cc5C4=O)cc3)cc1)C2=O,5.81e-05
*CC(CC(*)(C#N)C(=O)OC)c1ccccc1,0.000109239
*CCS*,0.000190464
*Cc1cccc(CNC(=O)CCCCC(=O)N*)c1,8.52e-05
*C(F)(F)C(*)(F)OC(F)(F)C(F)(F)F,8.23e-05
*CC(*)C(C)C,8.32e-05
*CC(*)c1cc(Br)ccc1OC(C)C,0.000107541
*c1ccc(Oc2cccc(N3C(=O)c4ccc(-c5cccc6c5C(=O)N(*)C6=O)cc4C3=O)c2)cc1,6.97e-05
*c1ccc(Oc2cccc(Oc3ccc(N4C(=O)c5ccc(-c6ccc7c(c6)C(=O)N(*)C7=O)cc5C4=O)cc3)c2)cc1,4.67e-05
*c1ccc2c(c1)C(=O)N(c1ccc(Oc3ccc4ccc(Oc5ccc(N6C(=O)c7ccc(C(*)(C(F)(F)F)C(F)(F)F)cc7C6=O)cc5)cc4c3)cc1)C2=O,6.16e-05
*OC1C(CO)OC(*)C(N)C1O,4.51e-05
*CC(*)C(=O)Oc1ccc(C#N)cc1,7.12e-05
*C(=O)c1ccc2c(c1)C(=O)N(c1cccc(C(=O)Nc3cccc(N4C(=O)c5ccc(*)cc5C4=O)c3)c1)C2=O,4.28e-05
*CC(*)OC(=O)c1cccc(OC)c1,0.000103861
*CC(*)c1ccc(C(=O)CCCC)cc1,0.000151138
*c1ccc(Oc2ccc(N3C(=O)C4CCC5C(=O)N(*)C(=O)C5C4C3=O)cc2)cc1,5.11e-05
*CC(*)C(=O)OCC(C)O,9.76e-05
*c1ccc2sc3ccc(-c4nc5cc(-c6ccc7[nH]c(*)nc7c6)ccc5[nH]4)cc3c2c1,5.08e-05
*c1cccc(Oc2ccc(S(=O)(=O)c3ccc(Oc4cccc(-n5c(=O)c6cc7c(=O)n(*)c(=O)c7cc6c5=O)c4)cc3)cc2)c1,9.1e-05
*OC(C)CC(*)=O,0.00019564
*CC(*)c1ccc(COC(C)CC)cc1,0.000210833
*CCCCNC(=O)CCCCCCCCC(=O)N*,0.00011558
*CC(*)CC1CCCC1,9.18e-05
*CC(*)OC(=O)c1ccncc1,9.1e-05
*c1cccc(-c2nc3cc(-c4ccc5nc(*)c(-c6ccccc6)nc5c4)ccc3nc2-c2ccccc2)c1,6.56e-05
*c1ccc(Oc2ccc(C(c3ccc(Oc4ccc(-n5c(=O)c6cc7c(=O)n(*)c(=O)c7cc6c5=O)cc4)cc3)(C(F)(F)F)C(F)(F)F)cc2)cc1,5.68e-05
*Oc1ccc(SC(=O)Sc2ccc(*)cc2)cc1,8.9e-05
*CC(*)c1ccc(Cl)cc1,9.81e-05
*c1ccc(-c2ccc(N3C(=O)c4cc5c(cc4C3=O)C(C(F)(F)F)(C(F)(F)F)c3cc4c(cc3O5)C(=O)N(*)C4=O)cc2OC(F)(F)F)c(OC(F)(F)F)c1,4.74e-05
*CC(*)Cc1ccc(C)c(C)c1,0.000107986
*c1ccc(Oc2cccc3c(Oc4ccc(-n5c(=O)c6cc7c(=O)n(*)c(=O)c7cc6c5=O)cc4)cccc23)cc1,5.97e-05
*c1ccc(Cc2ccc(N3C(=O)c4ccc(-c5ccc6c(c5)C(=O)N(*)C6=O)cc4C3=O)c(C)c2)cc1C,6.49e-05
*CC(*)c1ccccc1C(=O)OCCC(C)C,0.000131698
*CC(*)OC(=O)CC1CCCCC1,0.000131636
*c1ccc(N2C(=O)c3ccc(-c4cccc5c4C(=O)N(*)C5=O)cc3C2=O)cc1,5.85e-05
*CC(*)C(=O)OC(F)(C(F)(F)F)C(F)(F)Cl,0.00020299
*CC(*)C(=O)c1ccc(Cl)cc1,0.000116691
*C(=O)Nc1ccccc1NC(=O)c1ccc(N2C(=O)c3ccc(*)cc3C2=O)cc1,3.23e-05
*Oc1ccc2ccc(OC(=O)c3ccccc3/C=C/c3ccc(/C=C/c4ccccc4C(*)=O)cc3)cc2c1,0.000101299
*C(=O)c1ccc2c(c1)C(=O)N(c1c(C)cc(C(c3cc(C)c(N4C(=O)c5ccc(*)cc5C4=O)c(C)c3)c3cccc4ccccc34)cc1C)C2=O,7.25e-05
*C(C)C(*)OCCCC,0.000173603
*c1ccc(Oc2ccc(Oc3ccc(N4C(=O)c5cccc(Oc6cccc7c6C(=O)N(*)C7=O)c5C4=O)cc3)cc2)cc1,5.94e-05
*NC1CCC(CC2CCC(NC(=O)CCCCCCCCCCCCC(*)=O)CC2)CC1,9.64e-05
*CC(*)c1ccc(C(=O)c2ccc(OC)cc2)cc1,9.74e-05
*CC(*)c1ccc(OCC)cc1,0.0001374
*/C=C\CC*,0.000205154
*CC(*)CCN(C(C)C)C(C)C,0.000152741
*c1ccc(Oc2ccc(Oc3ccc(N4C(=O)c5ccc(Oc6ccc(C7(c8ccc(Oc9ccc%10c(c9)C(=O)N(*)C%10=O)cc8)CCC(c8ccccc8)CC7)cc6)cc5C4=O)cc3)c(C(C)(C)C)c2)cc1,6.17e-05
*CC(*)CCCCCCCCCC,0.000166447
*CC(*)CC,0.000141024
*C(=O)Oc1ccc(C(C)(C)c2ccc(OC(=O)c3ccc4c(c3)C(=O)N(c3ccc(-c5ccc(N6C(=O)c7ccc(*)cc7C6=O)cc5)cc3)C4=O)cc2)cc1,6.15e-05
*c1ccc(Oc2ccc(C(C)(C)c3ccc(Oc4ccc(N5C(=O)c6ccc(C(=O)c7ccc8c(c7)C(=O)N(*)C8=O)cc6C5=O)cc4)cc3)cc2)cc1,7.91e-05
*c1ccc(Oc2ccc(S(=O)(=O)c3ccc(Oc4ccc(N5C(=O)c6ccc(Oc7ccc8c(c7)C(=O)N(*)C8=O)cc6C5=O)cc4)cc3)cc2)cc1,6.77e-05
*Cc1cc(*)c(O)cc1C,8.11e-05
*Oc1ccc(C(C)(C)c2ccc(OC(=O)c3ccc(C(*)=O)cc3)cc2)cc1,8.1e-05
*CC(*)OC(=O)c1ccccc1OC,0.000142557
*c1ccc(S(=O)(=O)c2ccc(-n3c(=O)c4cc5c(=O)n(*)c(=O)c5cc4c3=O)cc2)cc1,4.92e-05
*CCOC(=O)Nc1cccc(NC(=O)O*)c1,9.63e-05
*Oc1ccc2[nH]c(-c3ccc4sc5ccc(-c6nc7cc(*)ccc7[nH]6)cc5c4c3)nc2c1,3.94e-05
*CC(*)C(=O)Oc1ccc(OC)cc1,0.000163855
*CCOC(=O)Nc1ccc(NC(=O)O*)cc1,6.82e-05
*c1ccc(*)cc1,1.35e-05
*c1cccc(P(=O)(c2ccc(C(F)(F)F)cc2)c2cccc(-n3c(=O)c4c(-c5ccccc5)c5c(=O)n(*)c(=O)c5c(-c5ccccc5)c4c3=O)c2)c1,7.45e-05
*CC(*)(C)C(=O)OCC(C)C,0.000125372
*CC(*)c1ccccc1C(=O)O,5.19e-05
*CC(*)c1ccc(CCCCCC)cc1,0.000174567
*CC(*)OC(=O)C(C)(C)C(C)(C)CC,0.000104901
*C(=O)c1ccc2c(c1)C(=O)N(c1cccc(C(=O)Nc3ccc(N4C(=O)c5ccc(*)cc5C4=O)cc3)c1)C2=O,4.87e-05
*CCCCCCCCCCC(=O)N(*)C,0.000139082
*CC(*)(CC(=O)OCCCCCCCCC)C(=O)OCCCCCCCCC,0.000179263
*CC(*)C(=O)c1ccccc1O,0.000131533
*C(=O)c1ccc2c(c1)C(=O)N(c1ccc(C)c(N3C(=O)c4ccc(*)cc4C3=O)c1)C2=O,5.65e-05
*/C=C/CCC*,0.000311508
*CC(*)(C)c1ccc(C(C)C)cc1,0.000128405
*CC(*)CCC1CCCCC1,0.000103035
*OC1C(COC(C)=O)OC(*)C(OC(C)=O)C1OC(C)=O,9.52e-05
*CC(*)c1ccc(-c2ccccc2)cc1,0.000106077
*C(O)C(*)O,3.83e-05
*CCC=C(*)C(C)C,0.00012617
*CC(*)(C)C(C)=O,3.5e-05
*c1ccc(Oc2ccc(Oc3ccc(N4C(=O)c5ccc(Oc6ccc(C7(c8ccc(Oc9ccc%10c(c9)C(=O)N(*)C%10=O)cc8)CCCCCCCCCCC7)cc6)cc5C4=O)cc3)c(C(C)(C)C)c2)cc1,8.07e-05
*CC(*)c1ccccc1COCCCCC,0.000211296
*CCCCCCNC(=O)c1ccc(C2(C)CC(C)(C)c3ccc(C(=O)N*)cc32)cc1,8.64e-05
*CC(*)(CC(=O)OCCC)C(=O)OCCC,0.000133831
*c1cccc(N2C(=O)c3ccc(-c4ccc5c(c4)C(=O)N(*)C5=O)cc3C2=O)c1,6.38e-05
*CC(*)c1ccccc1C(=O)OCCCCC,0.000168237
*c1ccc(Oc2cc3ccccc3cc2Oc2ccc(N3C(=O)c4ccc(S(=O)(=O)c5ccc6c(c5)C(=O)N(*)C6=O)cc4C3=O)cc2)cc1,7.29e-05
*CCCCCCC(=O)N*,7.39e-05
*CC(*)c1ccc(C)cc1C,0.00011601
*c1ccc2c(c1)C(=O)N(c1ccc(Cc3ccc(N4C(=O)c5ccc(C(F)(F)C(F)(F)C(*)(F)F)cc5C4=O)cc3)cc1)C2=O,6.2e-05
*c1cccc(S(=O)(=O)NCCCCCCNS(*)(=O)=O)c1,8e-05
*C(=O)c1ccc2c(c1)C(=O)N(c1ccc(-c3ccc(-c4ccc(N5C(=O)c6ccc(*)cc6C5=O)cc4)cc3)cc1)C2=O,5.58e-05
*c1ccc(C(Cl)(Cl)C(*)Cl)cc1,0.000101735
*c1ccc(C(c2ccccc2)(c2ccc(-n3c(=O)c4cc5c(=O)n(*)c(=O)c5cc4c3=O)cc2)C(F)(F)F)cc1,3.46e-05
*CC(*)c1ccc(C(O)CCN2CCOCC2)cc1,8.45e-05
*CC(*)c1cc(C)ccc1C,0.000129169
*Oc1cccc(OC(=O)c2ccccc2/C=C/c2ccc(/C=C/c3ccccc3C(*)=O)cc2)c1,5.38e-05
*/C=C/CCCCCCCCCC*,0.000210622
*Oc1ccc(-c2ccc(OC(=O)CCCCCCCCC(*)=O)cc2)cc1,0.00012194
*CCOCC(=O)O*,0.000104304
*c1cccc(-n2c(=O)c3cc4c(=O)n(*)c(=O)c4cc3c2=O)c1C,5.95e-05
*C#C/C(COS(=O)(=O)c1ccc(C)cc1)=C(/*)COS(=O)(=O)c1ccc(C)cc1,9.11e-05
*CC(*)c1cccc(C)c1,0.00011695
*c1ccc(Sc2ccc(Oc3ccc(Sc4ccc(N5C(=O)c6ccc(Oc7ccc(C(C)(C)c8ccc(Oc9ccc%10c(c9)C(=O)N(*)C%10=O)cc8)cc7)cc6C5=O)cc4)cc3)cc2)cc1,7.04e-05
*CCCCCCCC(=O)N*,7.14e-05
*Oc1ccc(C(=C(Cl)Cl)c2ccc(OC(*)=O)cc2)cc1,9.55e-05
*CC(*)C#N,4.55e-05
*C(F)(F)C(F)(F)C1(F)C(*)(F)OC(F)(F)C1(F)F,4.96e-05
*C(F)(F)C(*)(F)OC(F)(F)F,0.000102021
*c1ccc(-c2ccc(N3C(=O)c4ccc(Oc5ccc6c(c5)C(=O)N(*)C6=O)cc4C3=O)cc2)cc1,5.14e-05
*C(=O)c1ccc2c(c1)C(=O)N(c1cccc(OCCOCCOc3cccc(N4C(=O)c5ccc(*)cc5C4=O)c3)c1)C2=O,6.47e-05
*CC(*)O[N+](=O)[O-],0.000121858
*CC(*)c1c(F)c(F)c(F)c(F)c1F,9.08e-05
*CC(*)OC(=O)C(C)(C)CCC,0.000159883
*c1ccc(Oc2ccc(C(c3ccc(Oc4ccc(N5C(=O)c6ccc(Oc7ccccc7Oc7ccc8c(c7)C(=O)N(*)C8=O)cc6C5=O)cc4C(F)(F)F)cc3)(C(F)(F)F)C(F)(F)F)cc2)c(C(F)(F)F)c1,7.43e-05
*CC(*)OC(=O)c1ccc(OC)cc1,0.000128357
*CC(*)c1ccccc1COCCc1ccccc1,0.000162287
*C(=O)Oc1ccc(OC(=O)c2ccc3c(c2)C(=O)N(C2CCC(N4C(=O)c5ccc(*)cc5C4=O)CC2)C3=O)cc1,7.32e-05
*/C=C(/*)c1cccc(C#C)c1,8.71e-05
*c1ccc(Oc2c(C)cc(C(C)(C)c3cc(C)c(Oc4ccc(N5C(=O)c6ccc(Oc7ccc(C8(c9ccc(Oc%10ccc%11c(c%10)C(=O)N(*)C%11=O)cc9)CCC(c9ccccc9)CC8)cc7)cc6C5=O)cc4)c(C)c3)cc2C)cc1,8.18e-05
*c1ccc2c(c1)C(=O)N(c1c(C(C)C)cc(Cc3cc(C(C)C)c(N4C(=O)c5ccc(C(*)(C(F)(F)F)C(F)(F)F)cc5C4=O)c(C(C)C)c3)cc1C(C)C)C2=O,8.23e-05
*CC(*)CCCCCCCCCCCCCC,0.000141508
*CC(*)c1cc(F)ccc1F,0.000130634
*c1ccc(C(C)(C)c2ccc(C(C)(C)c3ccc(N4C(=O)c5ccc(Oc6ccc7c(c6)C(=O)N(*)C7=O)cc5C4=O)cc3)cc2)cc1,6.32e-05
*CCOCCOC(=O)c1cccc(C(=O)O*)c1,0.000110829
*c1ccc(Oc2cccc(Oc3ccc(-n4c(=O)c5cc6c(=O)n(*)c(=O)c6cc5c4=O)cc3)c2)cc1,8.84e-05
*c1ccc(N2C(=O)c3ccc(-c4ccc5c(c4)C(=O)N(*)C5=O)cc3C2=O)c(C)c1,5.96e-05
*C(=O)c1ccc2c(c1)C(=O)N(c1ccc3c(c1)Cc1cc(N4C(=O)c5ccc(*)cc5C4=O)ccc1-3)C2=O,5.23e-05
*CC(*)c1ccccc1C(=O)Nc1ccccc1,0.000114271
*Oc1ccc(S(=O)(=O)c2ccc(Oc3ccc(C(C)(C)c4ccc(*)c(C(OC)(C(F)(F)F)C(F)(F)F)c4)cc3C(OC)(C(F)(F)F)C(F)(F)F)cc2)cc1,8.94e-05
*C(=O)NCCNC(=O)c1ccc(N2C(=O)c3ccc(*)cc3C2=O)cc1,5.44e-05
*c1ccc2c(c1)C(=O)N(c1ccc(Oc3c(C)cc(Cc4cc(C)c(Oc5ccc(N6C(=O)c7ccc(C(*)(C(F)(F)F)C(F)(F)F)cc7C6=O)cc5)c(C)c4)cc3C)cc1)C2=O,5.95e-05
