SMILES,Slope,ROP
*OCCCC(*)=O,-0.039,1.9
*CCC*,0.72,-100.1
*CC(C)C*,0.815,-90.7
*NCCCCCCC(*)=O,0.559,-20.8
*CCC(C)C*,0.589,-85.7
*CCNC(=O)O*,0.261,-23.8
*NCCCCCC(*)=O,0.254,-22.8
*OC(CC)CCCC(*)=O,0.233,-9.3
*OCCCCC(*)=O,-0.676,-3.5
*OC(CCC)CCCC(*)=O,0.856,-20.0
*CCCCCCCC*,0.183,-24.0
*OC(C)CCCC(*)=O,0.081,-16.3
*CCCC*,0.673,-97.2
*CCCCNC(=O)O*,0.283,-34.6
*CCO*,0.649,-100.2
*OC(CCCCCC)CCCC(*)=O,0.095,-7.3
*OCCC(*)=O,0.61,-81.4
*CCCS(=O)(=O)O*,0.104,-17.5
*OC(CCCCCCCCC)CCCC(*)=O,0.193,-20.6
*OC(CCCC)CCCC(*)=O,-0.225,-5.4
*SCCSCC(*)=O,0.383,-6.3
*CCSC(C)(C)C(=O)S*,0.09,-18.3
*OC(CCC(C)CC(*)=O)C(C)C,0.583,-5.3
*NCCCCCCCCCCCC(*)=O,0.056,-10.4
*CCCCCC*,0.151,7.3
*CCCC(C)C(=O)S*,0.221,-1.9
*CCCCC*,0.49,-17.7
*OCCC(=C)C(*)=O,0.184,-10.4
*CCSC(C)C(=O)S*,0.004,-5.4
*OCCCC(C)C(*)=O,-0.138,-17.0
*NCCCCCCCC(*)=O,0.384,-33.1
*OCCOC(C)C(*)=O,0.054,-14.5
*CCCCC=*,0.284,-13.7
*CCCCC(=O)S*,0.094,-0.3
*CCCCC(C)C*,0.071,16.4
*OCCC(C)CC(*)=O,1.138,-21.8
*CCCCCCC*,0.539,-22.9
*CC(C)(C)CNC(=O)O*,-0.129,-8.8
*CCCC(C)C*,0.283,-4.5
*OCCOCC(*)=O,0.849,-16.2
*OC(CCCCC)CCCC(*)=O,0.286,-13.9
*OC(CCCCC)CCCC(*)=O,0.312,-12.1
