SMILES,Tg (K) exp
*CC(*)OCC,254
*Oc1cccc(Oc2cccc(-n3c(=O)c4cc5c(=O)n(-c6cccc(*)c6)c(=O)c5cc4c3=O)c2)c1,494
*CC(*)c1ccccc1F,378
*CC(*)c1ccc(C(C)CC)cc1,359
*CC(*)c1cc(C)cc(C)c1,377
*CC(*)(Cl)C(=O)OC(C)C,363
*Oc1ccc(C(C)c2ccc(OC(*)=O)cc2)cc1,403
*CC(*)(C)C(=O)OCCCCCCCC,253
*CC(*)(C)c1ccccc1,409
*NCCCCCCCCCCNC(=O)CCCCCCCCC(*)=O,319
*CC(*)(F)F,233
*CC(*)c1cc(C(C)(C)C)ccc1C,360
*Oc1c(C)cc(*)cc1C,482
*CC(*)OCCCCCCCCCC,197
*CC(*)CCCC,223
*CC(*)OCCCCC,207
*c1ccc(-c2ccc(-c3nc4ccc(Oc5ccc6nc(*)c(-c7ccccc7)c(-c7ccccc7)c6c5)cc4c(-c4ccccc4)c3-c3ccccc3)cc2)cc1,624
*OCCOC(=O)c1cccc(C(*)=O)c1,324
*OCCOC(=O)c1ccc2cc(C(*)=O)ccc2c1,397
*Oc1ccc(C2(c3ccc(OC(*)=O)cc3)CCCC2)cc1,440
*Oc1ccc(C(c2ccc(OC(*)=O)cc2)(C(F)(F)Cl)C(F)(F)Cl)cc1,457
*CC(*)OC(=O)CCl,304
*CC(*)(Cl)Cl,256
*CC=C(C*)CCCC,192
*CCC[Si](*)(C)C,203
*CC(*)(C)C(=O)OC(C)CC,330
*Cc1ccc(C*)c(C#N)c1,363
*Oc1ccc(C2(c3ccc(OC(*)=O)cc3)CC3CCC2C3)cc1,505
*CC(*)OC(C)C,270
*Sc1ccc(*)cc1,360
*CC(*)c1ccc(Cl)cc1,389
*Oc1ccc(-c2ccc(OC(=O)c3ccc(C4(c5ccc(C(*)=O)cc5)OC(=O)c5ccccc54)cc3)cc2)cc1,580
*CC(*)(C)C(=O)OCCO,359
*c1cccc(C(=O)c2cccc(N3C(=O)c4ccc(C(c5ccc6c(c5)C(=O)N(*)C6=O)(C(F)(F)F)C(F)(F)F)cc4C3=O)c2)c1,533
*CC(*)OC(=O)C(F)(F)F,319
*CC(*)C(=O)OCC,251
*CO*,218
*CC(*)(Cl)C(=O)OCCCC,330
*CC(*)c1ccccc1CO,433
*CC(*)c1ccc2ccccc2c1,424
*CC(*)n1c2ccccc2c2ccccc21,423
*OCCCCOC(=O)CCCCC(*)=O,205
*CC(*)C(=O)OC(C)CCCCC,235
*CC(*)c1ccc(OCC)cc1,359
*CC(*)(C)C(=O)OC(C)(C)C,380
*Cc1ccc(C*)cc1,333
*O[Si](O[Si](C)(C)c1ccc([Si](*)(C)C)cc1)(c1ccccc1)c1ccccc1,273
*CC(*)(C)C(=O)OC(C)C,327
*Oc1ccc(C(CCC)c2ccc(OC(*)=O)cc2)cc1,396
*OCCC(C)CCC(*)=O,220
*CC(*)c1ccc(C(C)(C)C)cc1,402
*C(F)(F)C(*)(F)c1c(F)c(F)c(F)c(F)c1F,467
*c1ccc(Oc2ccc(-c3nc4ccccc4c(-c4ccc(Oc5ccc(-c6c(-c7ccccc7)c(*)nc7ccccc67)cc5)cc4)c3-c3ccccc3)cc2)cc1,618
*CC(*)OCC(CC)CCCC,207
*CC(*)(C)C(=O)OCC(C)(C)C,306
*CC(*)CC1CCCCC1,348
*CC(COc1ccccc1)O*,315
*CC(*)c1ccc(C)cc1C,406
*CCC[Si](*)(c1ccccc1)c1ccc(N(C)C)cc1,325
*Oc1ccc(C(C)(C)c2ccc(OC(*)=O)cc2)cc1,423
*C(=O)Nc1ccc(C2(c3ccc(NC(=O)c4ccc(C5(c6ccc(*)cc6)OC(=O)c6ccccc65)cc4)cc3)NC(=O)c3ccccc32)cc1,673
*CC=C(Br)C*,241
*CC(*)(Cl)C(=O)OCCC,344
*CCC(C)CCC(=O)O*,459
*Oc1ccc(S(=O)(=O)c2ccc(Oc3ccc(S(=O)(=O)c4ccc(*)cc4)cc3)cc2)cc1,493
*NCc1cccc(CNC(=O)CCCCC(*)=O)c1,363
*C(F)(F)C1(F)C(F)(F)C(*)(F)C(F)(F)C1(F)F,390
*Oc1c(Cl)cc(C(C)(C)c2ccc(OC(*)=O)cc2)cc1Cl,419
*C(=O)c1ccc(-n2c(=O)c3cc4c(=O)n(-c5ccc(*)cc5)c(=O)c4cc3c2=O)cc1,685
*CC(COCCCCCC)O*,188
*c1cccc(N2C(=O)c3ccc(Oc4ccc(C(C)(C)c5ccc(Oc6ccc7c(c6)C(=O)N(*)C7=O)cc5)cc4)cc3C2=O)c1,493
*CC(*)(C)C(=O)OCCCC,293
*O[Si](*)(CC)CC,130
*c1ccc(Oc2ccc(-c3cc(-c4ccc(Oc5ccc(-c6cc(*)nc7ccccc67)cc5)cc4)c4ccccc4n3)cc2)cc1,599
*Oc1ccc(C(c2ccc(OC(*)=O)cc2)C(C)C)cc1,422
*NCCCCCCCCCCC(*)=O,315
*CC(*)c1ccccc1CC,376
*CC(*)C(=O)NCCCC,319
*Oc1ccc(C(C)(C)c2ccc(OC(*)=O)cc2)cc1Cl,411
*CC(*)(C)C(=O)OCCCCCC,268
*CC(*)c1ccc(Cl)c(Cl)c1,401
*Nc1ccc(C2(c3ccc(NC(=O)c4ccc(C5(c6ccc(C(*)=O)cc6)OC(=O)c6ccccc65)cc4)cc3)OC(=O)c3ccccc32)cc1,658
*CC(*)(C)C#N,393
*O[Si](*)(C)C,152
*NCCCCCCNC(=O)CCCCC(*)=O,330
*Oc1ccc(C2(c3ccc(OC(=O)c4ccc(C5(c6ccc(C(*)=O)cc6)OC(=O)c6ccccc65)cc4)cc3)OC(=O)c3ccccc32)cc1,583
*Nc1ccc(NC(=O)c2ccc(C(*)=O)cc2)cc1,600
*OC(=O)Oc1ccc(C(=C(Cl)Cl)c2ccc(*)cc2)cc1,430
*Oc1c(Cl)cc(C(C)(C)c2cc(Cl)c(OC(*)=O)c(Cl)c2)cc1Cl,503
*Oc1ccc(Oc2ccc(Oc3ccc4c(c3)C(=O)N(CCCCCCN3C(=O)c5ccc(*)cc5C3=O)C4=O)cc2)cc1,410
*Oc1cc(C)c(C(C)(C)c2c(C)cc(OC(*)=O)cc2C)c(C)c1,473
*c1ccc(N2C(=O)c3ccc(C(=O)c4ccc5c(c4)C(=O)N(*)C5=O)cc3C2=O)cc1,606
*c1ccc(-c2cnc3ccc(-c4ccc5ncc(*)nc5c4)cc3n2)cc1,645
*CC(*)c1ccc(Cl)cc1Cl,385
*CC(*)C(=O)O,379
*CC(*)SC,272
*CC=C(Cl)C*,225
*Oc1ccc(C(c2ccc(OC(*)=O)cc2)(C(F)(F)F)C(F)(F)F)cc1,449
*CC*,195
*Oc1ccc(Cc2ccc(OC(*)=O)cc2)cc1,420
*CC(*)OC=O,304
*Oc1ccc(*)cc1,358
*CC(*)c1cc(F)ccc1F,374
*OCC1CCC(COC(=O)c2ccc(C(*)=O)cc2)CC1,368
*CC(*)c1cc(Cl)ccc1Cl,393
*CC=C(C*)C(C)(C)C,293
*CC(*)C(=O)OCCCCCCCCC,215
*Oc1ccc(C(C)(C)c2ccc(Oc3ccc(S(=O)(=O)c4ccc(*)cc4)cc3)cc2)cc1,458
*N[Si](*)(C)C,191
*CC(*)(C)C(=O)OCCC(C)(C)C,318
*CCCO*,195
*c1ccc(C(=O)c2cccc(N3C(=O)c4ccc(C(c5ccc6c(c5)C(=O)N(*)C6=O)(C(F)(F)F)C(F)(F)F)cc4C3=O)c2)cc1,561
*Oc1ccc(-n2c(=O)c3cc4c(=O)n(-c5ccc(*)cc5)c(=O)c4cc3c2=O)cc1,672
*c1cccc(N2C(=O)c3ccc(Oc4ccc(Sc5ccc(Oc6ccc7c(c6)C(=O)N(*)C7=O)cc5)cc4)cc3C2=O)c1,482
*Oc1ccc(C(C)(CC)c2ccc(OC(*)=O)cc2C)c(C)c1,392
*CCO*,206
*Nc1ccc(Oc2ccc(NC(=O)c3ccc(C4(c5ccc(C(*)=O)cc5)OC(=O)c5ccccc54)cc3)cc2)cc1,593
*c1ccc(-c2ccc(-c3cc(-c4ccccc4)c4cc(Oc5ccc6nc(*)cc(-c7ccccc7)c6c5)ccc4n3)cc2)cc1,581
*c1ccc(-c2cnc3ccc(Oc4ccc5ncc(*)nc5c4)cc3n2)cc1,615
*c1cccc(-c2nc3ccccc3c(-c3ccc(Oc4ccc(-c5c(-c6ccccc6)c(*)nc6ccccc56)cc4)cc3)c2-c2ccccc2)c1,546
*CC(*)CCC(C)C,259
*Cc1ccc(C*)c(C)c1,328
*OCCOC(=O)CCCCCCCCC(*)=O,243
*CCC[Si](*)(C)c1ccccc1,243
*CC(*)(C)C(=O)OC,378
*CC(*)CCC1CCCCC1,313
*c1cccc(C(=O)c2cccc(N3C(=O)c4ccc(C(=O)c5ccc6c(c5)C(=O)N(*)C6=O)cc4C3=O)c2)c1,513
*Oc1ccc(-c2ccc(Oc3ccc(S(=O)(=O)c4ccc(*)cc4)cc3)cc2)cc1,493
*Oc1cccc(OC(=O)c2cccc(C(*)=O)c2)c1,411
*CC(*)c1ccc(C)c(C)c1,384
*NCCCCCCCCCC(*)=O,316
*CC(*)c1ccccc1C,409
*CC(*)c1ccc(OCCC(C)C)cc1,330
*Oc1c(C)cc(C(C)(C)c2cc(C)c(OC(=O)c3ccc(C(*)=O)cc3)c(C)c2)cc1C,498
*CC(COCCCC)O*,194
*Oc1c(-c2ccccc2)cc(*)cc1-c1ccccc1,493
*c1ccc(C(=O)c2ccc(N3C(=O)c4ccc(Oc5ccc(Sc6ccc(Oc7ccc8c(c7)C(=O)N(*)C8=O)cc6)cc5)cc4C3=O)cc2)cc1,494
*CC(*)c1ccc(Br)cc1,417
*CC(*)(Cl)C(=O)OCC,366
*c1ccc(-c2nc3ccc(Oc4ccc5nc(*)c(-c6ccccc6)c(-c6ccccc6)c5c4)cc3c(-c3ccccc3)c2-c2ccccc2)cc1,618
*NCCCCCCC(*)=O,330
*CC(*)CCC,223
*CC(*)c1cccc(CO)c1,398
*c1nc(C(F)(F)C(F)(F)OC(F)(F)F)nc(C(F)(F)C(F)(F)C(F)(F)C(*)(F)F)n1,260
*CC(*)C#N,378
*[Si](*)(C)C1CCCCC1,366
*NCCCCCC(*)=O,335
*Oc1ccc(-c2ccccc2Cc2ccccc2-c2ccc(OC(*)=O)cc2)cc1,548
*CC(*)C(=O)OC,281
*CC(*)OCCCCCCCC,194
*CC(*)C,233
*C(F)(F)C(*)(F)C(F)(F)F,425
*Oc1ccc(C(C)(CC)c2ccc(OC(*)=O)cc2)cc1,407
*CC(*)C(F)(F)F,300
*CC(*)C(=O)OC(C)CC,253
*CC(*)C1CCCCC1,363
*CC(*)OC(C)=O,301
*c1cccc(N2C(=O)c3ccc(Oc4ccc(Oc5ccc(Oc6ccc7c(c6)C(=O)N(*)C7=O)cc5)cc4)cc3C2=O)c1,500
*CCC[Si](*)(c1ccc(C)cc1)c1ccc(C)cc1,311
*c1ccc(C(F)(F)C(*)(F)F)cc1,363
*Cc1ccc(C*)c(Cl)c1,353
*CC(*)c1ccc(-c2ccccc2)cc1,411
*CC(*)c1ccc(C(=O)OC)cc1,386
*OCCOC(=O)c1ccc(C(*)=O)cc1,345
*CC(*)C(F)(F)C(F)(F)C(F)(F)F,331
*Oc1ccc(C(C)(CCC)c2ccc(OC(*)=O)cc2)cc1,410
*CC(*)c1ccc(OCCCC)cc1,320
*Oc1c(Br)cc(C(C)(C)c2cc(Br)c(OC(*)=O)c(Br)c2)cc1Br,523
*O[Si](*)(C)c1ccccc1,187
*CC(*)c1ccccc1Cl,392
*Oc1ccc(C(C)(C)c2ccc(OC(=O)c3ccc(C(*)=O)cc3)c(C)c2)cc1C,444
*C/C=C\C*,171
*CC(*)c1ccc(F)cc1,379
*CC(*)(F)C(F)(F)F,315
*c1ccc(C(=O)c2ccccc2N2C(=O)c3ccc(Oc4ccc(Sc5ccc(Oc6ccc7c(c6)C(=O)N(*)C7=O)cc5)cc4)cc3C2=O)cc1,485
*CC(C)S*,226
*CC(*)OC(C)CC,253
*CC(*)C(=O)OCCC,229
*Oc1ccc(C(=O)c2ccc(Oc3ccc4c(c3)C(=O)N(c3cccc(N5C(=O)c6ccc(*)cc6C5=O)c3)C4=O)cc2)cc1,512
*c1ccc(-c2cnc3ccc(C(=O)c4ccc5ncc(*)nc5c4)cc3n2)cc1,591
*CC(*)CCCC(C)C,239
*CC=C(C*)C(C)C,221
*NCCCCCCCCCCCC(*)=O,310
*Oc1ccc(C(C)(C)c2ccc(OC(=O)c3ccc(C(*)=O)cc3)cc2)cc1,478
*CC(*)C(=O)OC(CC)CC,257
*CCCCO*,190
*Oc1ccc(Oc2ccc(C(=O)c3ccc(*)cc3)cc2)cc1,419
*CC(*)C=C,269
*CC(*)c1ccc(COCCCCCC)cc1,278
*CC(*)C(=O)OCC(C)C,249
*c1ccc(-c2cnc3ccc(-c4ccc5ncc(*)nc5c4)cc3n2)cc1,578
*CC(*)c1ccc(C(C)C)cc1,360
*CC(*)c1cc(C)ccc1C,416
*OCCOC(=O)CCC(*)=O,272
*c1ccc(C(=O)c2ccc(N3C(=O)c4ccc(C(c5ccc6c(c5)C(=O)N(*)C6=O)(C(F)(F)F)C(F)(F)F)cc4C3=O)cc2)cc1,584
*CC(*)OCCCC,221
*OCCOC(=O)c1ccc(C(*)=O)c2ccccc12,337
*Cc1cc(C)c(C*)cc1C,373
*CC(*)C(=O)OCCCCCCC,213
*OCCOC(=O)CCCCCCCC(*)=O,228
*c1ccc(N2C(=O)c3ccc(Oc4ccc5c(c4)C(=O)N(*)C5=O)cc3C2=O)cc1,615
*CC(*)c1cccc(C)c1,370
*CC(*)c1ccc(C)cc1,374
*c1cccc(N2C(=O)c3ccc(Oc4ccc(-c5ccc(Oc6ccc7c(c6)C(=O)N(*)C7=O)cc5)cc4)cc3C2=O)c1,520
*Oc1ccc(C(C)(c2ccccc2)c2ccc(OC(*)=O)cc2)cc1,449
*O[Si](c1ccccc1)(c1ccccc1)c1cccc(*)c1,331
*CC(*)OC(=O)CCC,278
*OCCCCCCCCCCOC(=O)CCCCC(*)=O,217
*CC(*)c1ccc(Cl)c(C)c1,387
*CC(*)c1ccc(COC)cc1,350
*CC(*)(C)C(=O)Oc1ccccc1,393
*CC(*)(C)C(=O)OCCC,308
*[Si](*)(C)c1ccccc1,390
*C(F)(F)C(*)(F)c1ccccc1,475
*NCCCCCCCC(*)=O,324
*c1ccc(-c2ccc(-c3ccc(-c4cnc5ccc(-c6ccc7ncc(*)nc7c6)cc5n4)cc3)cc2)cc1,578
*NCCCCCCNC(=O)CCCCCCCCC(*)=O,313
*CC(*)c1ccccc1,373
*CCCCCCCCO*,203
*Oc1ccc(C(*)=O)cc1,420
*CC(*)(C)C(=O)OCC(CC)CC,284
*CC(*)(C)C(=O)OCCCCCCCCCCCC,218
*CC(*)c1ccncc1,415
*OC(=O)Oc1ccc(C(C)(C)c2ccc(*)cc2Cl)c(Cl)c1,419
*c1ccc(C(=O)c2cccc(N3C(=O)c4ccc(Oc5ccc(Sc6ccc(Oc7ccc8c(c7)C(=O)N(*)C8=O)cc6)cc5)cc4C3=O)c2)cc1,486
*CC(*)(C)C(=O)OCC(C)C,321
*CC(*)(C)c1ccc(C)cc1,394
*c1ccc(C(=O)c2ccccc2N2C(=O)c3ccc(C(c4ccc5c(c4)C(=O)N(*)C5=O)(C(F)(F)F)C(F)(F)F)cc3C2=O)cc1,562
*c1nc(C(F)(F)F)nc(C(F)(OC(F)(F)C(F)(F)C(F)(F)C(F)(F)C(F)(F)C(F)(F)OC(*)(F)C(F)(F)F)C(F)(F)F)n1,255
*CC(*)c1cc(C)ccc1F,384
*CC1CC(*)OCO1,378
*CC(*)OC(=O)CC,283
*Oc1cccc(*)c1,318
*OCCCCCC(*)=O,213
*c1cccc(C(=O)c2cccc(N3C(=O)c4ccc(Oc5ccc(Sc6ccc(Oc7ccc8c(c7)C(=O)N(*)C8=O)cc6)cc5)cc4C3=O)c2)c1,473
*CC(*)C(C)C,323
*CC(*)C(=O)OCCCCCC,216
*OC(C)CCCC(C)C(*)=O,240
*CC(*)c1ccc(OCCC)cc1,343
*Oc1ccc(C(CCC)(CCC)c2ccc(OC(*)=O)cc2)cc1,421
*CC(*)c1ccccn1,377
*C[Si](*)(C)C,173
*CC(*)CC1CCCC1,333
*Oc1ccc(C2(c3ccc(OC(*)=O)cc3)CCCCC2)cc1,444
*CC(*)(C)C(=O)OCCOC,293
*CC(*)c1ccc(OC)cc1,362
*CC(*)c1ccc(COCCC)cc1,295
*CCC[Si](*)(C)c1ccc(N(C)C)cc1,267
*Cc1ccc(C*)c(CC)c1,298
*CC(*)C(F)(F)C(F)(F)F,314
*CC(*)c1ccc(CO)cc1,413
*CC(CCl)(CCl)CO*,265
*CC(*)c1ccc(OC)cc1C,363
*CC(*)CC(C)C,302
*CC(*)(C)C,199
*CC(C)O*,206
*CC(*)(C)C(=O)OCCCl,365
*CC(*)CCCC,220
*CC(*)c1ccc(Cl)c(F)c1,395
*CC(*)c1ccccc1OCCCCCCCC,286
*CC(*)(C)C(=O)OC1CCCCC1,377
*CC(*)Cc1ccccc1,333
*CC(*)c1cccc(Cl)c1,363
*CC(*)Cl,348
*CC(*)(C)C(=O)OCC(C)O,349
*CC(*)c1cccc2ccccc12,432
*CCCCCCO*,204
*NCc1ccc(CNC(=O)CCCCCCCCC(*)=O)cc1,388
*NCCCCCCNC(=O)c1cccc(C(*)=O)c1,403
*CC(*)C(=O)C(C)C,329
*c1ccc(Oc2ccc(-c3cc(-c4ccccc4)c4cc(Oc5ccc6nc(*)cc(-c7ccccc7)c6c5)ccc4n3)cc2)cc1,539
*CC(*)C(=O)OCCCC,219
*CC(*)(C)C(=O)OCC,324
*OCCOC(=O)c1cccc2c(C(*)=O)cccc12,344
*CC(*)C(=O)OC(C)(C)C,315
*c1cccc(-c2cc(-c3ccc(Oc4ccc(-c5cc(*)nc6ccccc56)cc4)cc3)c3ccccc3n2)c1,541
*C(F)(F)C(*)(F)Cl,373
*CCOC(=O)c1ccc(O*)cc1,355
*CC(*)C1CCCC1,348
*CC(*)O,358
*OCCOC(=O)CCCCC(*)=O,233
*Cc1ccc(C*)c(Br)c1,353
*CC(*)OCC(C)C,251
*CC(*)CC,228
*CC(*)OCCCCCC,209
*CC(COC)O*,211
*OC(=O)Oc1ccc(C(C)(CC)c2ccc(*)cc2Cl)c(Cl)c1,415
*NCCCCCCCCC(*)=O,324
*CC(*)N1CCCC1=O,418
*CC=C(C*)CCC,196
*c1ccc(-c2cc(-c3ccccc3)c3cc(Oc4ccc5nc(*)cc(-c6ccccc6)c5c4)ccc3n2)cc1,573
*CC(*)(Cl)C(=O)OC1CCCCC1,387
*CC=C(C*)CC,197
*CC(*)C(=O)OC(C)CCCCCC,228
*CC(*)c1c(F)c(F)c(F)c(F)c1F,378
*O[Si](*)(C)CCC(F)(F)F,199
*CC(*)(C#N)C(=O)OC,433
*Oc1ccc(C2(c3ccc(OC(*)=O)cc3)CC3CC2C2CCCC32)cc1,520
*CC(*)(Cl)C(=O)OC(C)CC,347
*Oc1ccc(Sc2ccc(OC(*)=O)cc2)cc1,388
*CC(*)c1ccc(Cl)cc1C,418
*CC1CC(*)OC(CCC)O1,324
*CC(*)C(=O)OCCCCCCCC,208
*CC(*)c1ccc(CCCC)cc1,279
