SMILES,static_dielectric_const
*Oc1ccc(C(C)(C)c2ccc(OC(=O)SCCCSC(*)=O)cc2)cc1,1.202530595
*CC(*)C(=O)c1ccc(C)cc1,1.32456651
*C(=O)NC1CCC(CC2CCC(NC(=O)c3ccc(N4C(=O)c5ccc(*)cc5C4=O)cc3)CC2)CC1,1.517293409
*c1ccc(Oc2ccc(Oc3ccc(N4C(=O)c5ccc(-c6ccc7c(c6)C(=O)N(*)C7=O)cc5C4=O)cc3)c(-c3ccccc3)c2)cc1,1.184571168
*CC(*)c1ccc(CCCCCCCCCC)cc1,1.025597212
*CCCCOC(=O)CCCCC(=O)O*,2.02999504
*c1ccc(Oc2ccc(S(=O)(=O)c3ccc(Oc4ccc(N5C(=O)c6ccc(C(c7ccc8c(c7)C(=O)N(*)C8=O)(C(F)(F)F)C(F)(F)F)cc6C5=O)cc4)cc3)cc2)cc1,7.104224428
*CC(*)C(=O)OC1CCCCCCCCCCC1,1.099581501
*c1ccc(Oc2ccc(C(c3ccc(Oc4ccc(N5C(=O)c6ccc(Oc7ccc(C8(c9ccc(Oc%10ccc%11c(c%10)C(=O)N(*)C%11=O)cc9)CCC(C(C)(C)C)CC8)cc7)cc6C5=O)cc4)cc3)(C(F)(F)F)C(F)(F)F)cc2)cc1,72.14725113
*c1ccc(Oc2ccc(N3C(=O)c4cccc(Oc5cccc6c5C(=O)N(*)C6=O)c4C3=O)cc2)cc1,1.318487688
*CC(*)c1ccc(CCCCCCCCCCCCCCCC)cc1,2.528907687
*C(C)C(*)OC(C)C,1.117457988
*CC1CC(*)OC(CCC)O1,1.106089457
*CC(*)(CC(=O)Oc1ccccc1)C(=O)Oc1ccccc1,1.275014256
*CC(*)c1ccc(OCC)cc1,1.603952291
*CC(*)C(=O)OCCC,1.368839652
*c1cccc(Oc2cccc(Oc3cccc(-n4c(=O)c5cc6c(=O)n(*)c(=O)c6cc5c4=O)c3)c2)c1,1.25556793
*CC(*)CC(C)(C)C,1.023171969
*CC(*)(C)C(=O)OCCS(=O)CC,2.547472194
*CC(*)C(=O)C(C)C,1.457763408
*CC(*)(C)C(=O)OCC,1.179524305
*Cc1cccc(CNC(=O)CCCCC(=O)N*)c1,1.68940853
*c1cccc(P(=O)(c2ccccc2)c2cccc(-n3c(=O)c4c(-c5cc(C(F)(F)F)cc(C(F)(F)F)c5)c5c(=O)n(*)c(=O)c5c(-c5cc(C(F)(F)F)cc(C(F)(F)F)c5)c4c3=O)c2)c1,1.183433229
*C1CCC(*)N1,1.401348347
*c1ccc(-c2nc3cc(-c4ccc5nc(-c6ccccc6)c(*)nc5c4)ccc3nc2-c2ccccc2)cc1,1.049057958
*CCCC=C(*)c1ccc(Cl)cc1,1.06504056
*CC(*)c1ccc(C(C)CC)cc1,1.021969172
*c1ccc(-c2nc3cc(-c4ccc5nc(*)c(-c6ccc7ccccc7c6)nc5c4)ccc3nc2-c2ccc3ccccc3c2)cc1,1.047600583
*c1cccc(P(=O)(c2ccccc2)c2cccc(-n3c(=O)c4c(-c5ccc(C(F)(F)F)cc5)c5c(=O)n(*)c(=O)c5c(-c5ccc(C(F)(F)F)cc5)c4c3=O)c2)c1,1.210166772
*CC(*)C(=O)N(C)C,1.507936741
*CC(*)(C)C(=O)OCCO,2.33810038
*CC(*)(C)C(=O)OCCO[N+](=O)[O-],2.344323875
*CCCCCCNC(=O)NCc1ccc(CNC(=O)N*)cc1,1.470796335
*c1ccc(N2C(=O)c3ccc(-c4ccc5c(c4)C(=O)N(*)C5=O)cc3C2=O)nc1,1.351043115
*Oc1ccc(C(C)(C)c2ccc(OC(=O)Sc3ccc(C(C)(C)c4ccc(SC(*)=O)cc4)cc3)cc2)cc1,1.159167482
*c1ccc(Oc2ccc(Oc3ccc(N4C(=O)c5cccc(Oc6cccc7c6C(=O)N(*)C7=O)c5C4=O)cc3)cc2)cc1,1.245470486
*c1ccc2c(c1)C(=O)N(c1ccc(Oc3ccc(N4C(=O)c5ccc(C(C)(C)CCCCC(*)(C)C)cc5C4=O)cc3)cc1)C2=O,5.117854055
*CC(*)OC1CCCCC1,1.047438422
*C(C)C(*)OCCCC,1.143595928
*CC(*)c1ccccc1C(=O)OCCC(C)C,1.178905095
*CC(*)OC(=O)CC1CCCC1,1.262210335
*CC(*)O[N+](=O)[O-],2.430446783
*OC1C(CO)OC(*)C(N)C1O,3.05682318
*CCOC(=O)CCC(=O)O*,1.913155639
*CCCCCCCCCCC(=O)N*,1.207492689
*CC(*)CC(C)C,1.020942443
*C(*)C(=O)OCCC,1.348809379
*CC(*)CCN(C(C)C)C(C)C,1.09401634
*CC(*)OCCOC,2.587433997
*c1ccc2c(c1)C(=O)N(c1ccc(Oc3c(C)cc(Cc4cc(C)c(Oc5ccc(N6C(=O)c7ccc(C(*)(C(F)(F)F)C(F)(F)F)cc7C6=O)cc5)c(C)c4)cc3C)cc1)C2=O,34.37260119
*CC(*)c1ccccc1C(=O)OCCC,1.242062484
*CC(*)OC(=O)C(F)(F)C(F)(F)C(F)(F)F,1.244919621
*CCCCCCS(=O)(=O)c1ccc(/N=N/c2ccc(N(C)CCCCCC(=O)O*)cc2)cc1,8.953343394
*CC(*)C1CC=CCC1,1.013794266
*C1CCC(N2C(=O)c3ccc(-c4ccc5c(c4)C(=O)N(*)C5=O)cc3C2=O)CC1,1.298644653
*Oc1ccc(S(=O)(=O)c2ccc(Oc3ccc(C(C)(C)c4ccc(*)cc4)cc3)c([N+](=O)[O-])c2)cc1[N+](=O)[O-],1.466446413
*CC(*)(CCC(C)C(=O)OC)C(=O)OC,1.535387417
*Sc1ccc(*)cc1,1.024678352
*Oc1ccc(C(C#N)(c2ccccc2)c2ccc(OC(*)=O)cc2)cc1,1.282832455
*C([2H])([2H])C(*)(C(=O)OC([2H])([2H])[2H])C([2H])([2H])[2H],1.227691771
*c1ccc(Oc2ccc(N3C(=O)c4ccc(Oc5cccc6c5C(=O)N(*)C6=O)cc4C3=O)cc2)cc1,1.305810543
*c1cccc(S(=O)(=O)c2cccc(N3C(=O)c4ccc(Oc5ccc(S(=O)(=O)c6ccc(Oc7ccc8c(c7)C(=O)N(*)C8=O)cc6)cc5)cc4C3=O)c2)c1,3.296818814
*c1ccc(Oc2ccc(Oc3ccc(N4C(=O)c5ccc(Oc6ccc(C7(c8ccc(Oc9ccc%10c(c9)C(=O)N(*)C%10=O)cc8)CCC(C(C)(C)C)CC7)cc6)cc5C4=O)cc3)c(C(C)(C)C)c2)cc1,70.60641703
*CC(*)c1ccc(CCCC)cc1,1.040356885
*CC(*)OC(=O)c1ccc(OC)cc1,1.531644075
*c1ccc(Oc2cccc(Oc3ccc(-n4c(=O)c5cc6c(=O)n(*)c(=O)c6cc5c4=O)cc3)c2)cc1,1.251373348
*CC(*)c1nc(C)nc(C)n1,1.115918437
*C=CCCCCCCCC*,1.113397856
*CC(*)(C)C(C)=O,1.342866076
*Oc1cccc2c(OC(=O)c3ccccc3/C=C/c3ccc(/C=C/c4ccccc4C(*)=O)cc3)cccc12,1.281306188
*c1ccc(-c2ccc(N3C(=O)c4ccc(-c5cccc6c5C(=O)N(*)C6=O)cc4C3=O)cc2C(F)(F)F)c(C(F)(F)F)c1,1.28435134
*CC(*)c1ccc(Cl)cc1,1.12019933
*Cc1ccc(COC(=O)O*)cc1,1.276064822
*NC(=O)c1cccc(C(=O)Nc2ccc(-c3ccc(*)cc3)cc2)c1,1.625114633
*C(=O)NCCNC(=O)c1ccc(N2C(=O)c3ccc(*)cc3C2=O)cc1,1.696400199
*C(=O)c1ccc2c(c1)C(=O)N(c1c(C)cc(C(c3cc(C)c(N4C(=O)c5ccc(*)cc5C4=O)c(C)c3)c3cccc4ccccc34)cc1C)C2=O,1.190076106
*CC(*)c1ccc(C(=O)N(C)C)cc1,1.625446853
*CC(*)(CC(=O)OCc1ccccc1)C(=O)OCc1ccccc1,1.249693252
*Oc1ccc(C(C)(C)c2ccc(OC(=O)c3ccccc3/C=C/c3ccc(/C=C/c4ccccc4C(*)=O)cc3)c(C)c2)cc1C,1.471822594
*CC(*)C(=O)Oc1cccc(N(C)C)c1,1.337893866
*CC(*)CCCC1CCCCC1,1.008554856
*CCOC(=O)NCC1(C)CC(NC(=O)O*)CC(C)(C)C1,1.493504876
*c1ccc(Oc2cc3ccccc3cc2Oc2ccc(N3C(=O)c4ccc(Oc5ccc6c(c5)C(=O)N(*)C6=O)cc4C3=O)cc2)cc1,1.226741585
*c1ccc(Oc2ccc(-c3ccc(Oc4ccc(N5C(=O)c6ccc(Oc7ccc(C8(c9ccc(Oc%10ccc%11c(c%10)C(=O)N(*)C%11=O)cc9)CCC(c9ccccc9)CC8)cc7)cc6C5=O)cc4)cc3C)c(C)c2)cc1,106.2209996
*c1ccc2c(c1)C(=O)N(c1ccc(Oc3ccc(C(c4ccc(Oc5ccc(N6C(=O)c7ccc(C(*)(C(F)(F)F)C(F)(F)F)cc7C6=O)cc5)cc4)(C(F)(F)F)C(F)(F)F)cc3)cc1)C2=O,26.60835579
*c1ccc(-c2ccc(N3C(=O)c4ccc(-c5ccc6c(c5)C(=O)N(*)C6=O)cc4C3=O)cc2C(F)(F)F)c(C(F)(F)F)c1,1.249262999
*C(*)C(=O)OCC,1.351359985
*CC(*)c1ccc(Oc2ccccc2)cc1,1.167571215
*CCOc1ccc(C(=O)OCCOC(=O)c2ccc(O*)cc2)cc1,1.345387448
*CCOC(=O)c1ccc2ccc(C(=O)O*)cc2c1,1.340184415
*Oc1ccc2c(c1)C1(CC2(C)C)CC(C)(C)c2ccc(OC(*)=O)cc21,1.279358578
*CC(C)(CCC)C(=O)O*,1.320815848
*CCOCC(=O)O*,2.558088271
*Oc1cc(C(C)(C)C)c(Oc2ccc(C(=O)Nc3ccc(C(C)(C)c4ccc(NC(=O)c5ccc(*)cc5)c(C)c4)cc3C)cc2)cc1C(C)(C)C,1.537873615
*C(F)(F)C(*)(F)F,1.075853668
*CC(*)c1ccc(Cl)c(Cl)c1,1.185705943
*c1ccc(C(c2ccc(N3C(=O)c4cc5c(cc4C3=O)C(C(F)(F)F)(C(F)(F)F)c3cc4c(cc3O5)C(=O)N(*)C4=O)cc2)(C(F)(F)F)C(F)(F)F)cc1,1.172220603
*C(=O)c1ccc2c(c1)C(=O)N(c1ccc(-c3ccc(-c4ccc(N5C(=O)c6ccc(*)cc6C5=O)cc4)cc3)cc1)C2=O,2.68057167
*CC(*)Cc1ccccc1C,1.032529569
*Oc1ccc(C(c2ccccc2)(c2ccccc2)c2ccc(OC(=O)c3cccc(C(*)=O)c3)cc2)cc1,1.268434525
*C=CC(C*)OC,1.600272527
*Oc1cc(C)c(*)c(C)c1Br,1.113557542
*CC(*)C(=O)OCCCCCCCCCCCCCCCC,1.15057352
*Oc1ccc(S(=O)(=O)c2ccc(OC(*)=O)cc2)cc1,1.553897848
*CC(*)(C)C(=O)OCCN(C)C,1.356676257
*c1ccc(C(C)(C)c2ccc(N3C(=O)c4ccc(Oc5ccc6c(c5)C(=O)N(*)C6=O)cc4C3=O)cc2)cc1,1.214826662
*CC(*)C(=O)Oc1c(Cl)c(Cl)c(Cl)c(Cl)c1Cl,1.134506749
*Oc1ccc(C(CCC)(CCC)c2ccc(OC(*)=O)c(C)c2)cc1C,1.18208089
*CCCC=C(*)c1ccccc1,1.039479433
*CC(*)c1cc(C(C)C)ccc1C(C)C,1.030420213
*c1ccc(Oc2ccc(N3C(=O)c4ccc(-c5cccc6c5C(=O)N(*)C6=O)cc4C3=O)cc2)cc1,1.266985963
*Oc1ccc(S(=O)(=O)c2ccc(OC(=O)c3ccccc3/C=C/c3ccc(/C=C/c4ccccc4C(*)=O)cc3)cc2)cc1,1.430549141
*CC(*)c1ccccc1C(=O)OCC,1.26263298
*CC(*)C(=O)Oc1ccc(C(=O)OC)cc1,1.629920119
*CC(*)c1ccc(OC(C)=O)cc1,2.178249722
*CC(*)(CC(=O)OC)C(=O)OC,1.627587504
*CC(*)C(=O)OCc1ccc(C#N)cc1,1.501134251
*CC(*)SCCCC,1.257408738
*c1ccc(Oc2ccc(Oc3ccc(-n4c(=O)c5cc6c(=O)n(*)c(=O)c6cc5c4=O)cc3)cc2C(C)(C)C)cc1,1.183247739
*C1CC2CC1C(*)C2CCCCCC,1.011489847
*C=CC1CCC(*)C1,1.146161825
*CC(*)OCC(C)(C)CC(C)C,1.077940692
*CC(*)O,2.730848388
*CC(*)(CC(=O)OCCCC)C(=O)OCCCC,1.304653213
*CCCCOC(=O)NCC(F)(F)C(F)(F)C(F)(F)C(F)(F)CNC(=O)O*,1.598279865
*c1cccc(Oc2ccc(-n3c(=O)c4cc5c(=O)n(*)c(=O)c5cc4c3=O)cc2)c1,1.26414844
*C(=O)c1ccc2c(c1)C(=O)N(c1ccc(C3(c4ccc(N5C(=O)c6ccc(*)cc6C5=O)cc4)c4ccccc4-c4ccccc43)cc1)C2=O,1.212137821
*C(=O)c1ccc2c(c1)C(=O)N(c1ccc(-c3ccc(N4C(=O)c5ccc(*)cc5C4=O)c(OC)c3)cc1OC)C2=O,1.325072692
*CC(*)C(=O)OCC(C)O,2.150402159
*CC(*)C(CC)CC,1.011963587
*NC(CCC(=O)OCCCCCC)C(*)=O,1.496298144
*CC(*)C(=O)OCCCCCCCCCCCCCCCCCC,2.995547846
*c1cccc(N2C(=O)c3ccc(Oc4ccc5c(c4)C(=O)N(*)C5=O)cc3C2=O)c1,1.308493979
*NC(C)C(*)=O,1.946126938
*Oc1ccc(S(=O)(=O)c2ccc(Oc3ccc(C(=O)c4cc(Br)cc(C(=O)c5ccc(*)cc5)c4)cc3)cc2)cc1,1.288565395
*C(=O)c1ccc2c(c1)C(=O)N(c1c(CC)cc(Cc3cc(CC)c(N4C(=O)c5ccc(*)cc5C4=O)c(CC)c3)cc1CC)C2=O,1.198507387
*C(=O)c1ccc2c(c1)C(=O)N(c1cccc(C(=O)N(C)c3ccc(N4C(=O)c5ccc(*)cc5C4=O)cc3)c1)C2=O,1.353501492
*CC(c1ccccn1)C(c1ccccc1)C(*)c1ccccn1,1.16343221
*CC(*)OC(C)=O,1.594787998
*C(C)C(*)OCCC,1.157110834
*C(*)C(=O)OC,1.604609038
*CCOC(=O)Nc1ccc(NC(=O)O*)cc1,1.707388462
*C(F)(F)C(F)(F)C1(F)C(*)(F)OC(F)(F)C1(F)F,1.05186051
*c1cccc(-n2c(=O)c3cc4c(=O)n(*)c(=O)c4cc3c2=O)c1,1.329094612
*NC(=O)Nc1ccc(Cc2ccc(*)cc2)cc1,1.374732452
*c1ccc2c(c1)C(=O)N(c1ccc(C(c3ccc(C)c(N4C(=O)c5ccc(C(*)(C(F)(F)F)C(F)(F)F)cc5C4=O)c3)(C(F)(F)F)C(F)(F)F)cc1C)C2=O,1.147513477
*CCCCCCCCCCOC(=O)c1ccc(C(=O)NCCNC(=O)c2ccc(C(=O)O*)cc2)cc1,2.37573468
*CC(*)c1ccccc1C(=O)Nc1ccccc1,1.308114555
*CC(*)(C)c1ccc2ccccc2c1,1.03909905
*c1cccc(Oc2ccc(N3C(=O)c4ccc(-c5ccc6c(c5)C(=O)N(*)C6=O)cc4C3=O)cc2)c1,1.250510346
*CCC=C(*)CCC,1.022561414
*CC(*)(C)C(=O)OCc1cccc(Cl)c1,1.27501825
*Sc1ccc(Cc2ccc(SC(*)=O)cc2)cc1,1.14934086
*CC(*)(C)C(=O)OCCCCCCCC,1.093994721
*Oc1ccc(OC(=O)Oc2ccc(-c3ccc(OC(*)=O)cc3)cc2)cc1,1.446074502
*CC(*)C(=O)OC(F)(C(F)(F)F)C(F)(F)Cl,1.209705876
*CCCCO*,1.839880996
*CC(*)c1ccc(C(C)(O)CCCC)cc1,1.644170726
*CC(*)CC1CCCCC1,1.007604845
*Oc1c(OC)cc(*)cc1OC,1.501106394
*CC(*)c1cc(C)ccc1C,1.032133518
*Oc1ccc2c(c1)C1(CC2(C)C)CC(C)(C)c2ccc(OC(=O)c3ccc(C(*)=O)cc3)cc21,1.250442739
*CC(*)c1ccc(OC)cc1,1.532745262
*CCCC(*)(C)C,1.03050149
*c1cccc(N2C(=O)c3ccc(Oc4ccc(S(=O)(=O)c5ccc(Oc6ccc7c(c6)C(=O)N(*)C7=O)cc5)cc4)cc3C2=O)c1,1.341602545
*Oc1ccc(C(C)(C)c2ccc(OC(=O)c3ccc(C(*)=O)cc3)cc2)cc1,1.335910742
*Oc1ccc(C(C)(C)c2ccc(OC(*)=O)cc2)cc1,1.304040873
*CC(*)(CC(=O)OCCC1CCCCC1)C(=O)OCCC1CCCCC1,1.173750198
*/C=C(/*)c1ccc(-c2ccc(C#C)cc2)cc1,1.047842175
*c1ccc(Oc2ccc(C3(c4ccc(Oc5ccc(N6C(=O)c7ccc(Oc8ccc(C9(c%10ccc(Oc%11ccc%12c(c%11)C(=O)N(*)C%12=O)cc%10)CCC(c%10ccccc%10)CC9)cc8)cc7C6=O)cc5)cc4)CC4CC3C3CCCC43)cc2)cc1,70.67580857
*Oc1ccc(-c2ccc(OC(=O)CCCCCCCCCCCC(*)=O)cc2)cc1,8.63548979
*c1cccc(P(=O)(c2cccc(-n3c(=O)c4cc5c(=O)n(*)c(=O)c5cc4c3=O)c2)c2cc(C(F)(F)F)cc(C(F)(F)F)c2)c1,1.228000592
*CC(*)c1ccc(C(O)CCN(C)C)cc1,1.68950428
*CC1CCC(COC(=O)CCC(=O)O*)CC1,1.845112457
*Oc1ccc(NC(=O)c2cc(C(c3ccc(C(=O)O)c(C(=O)Nc4ccc(Oc5ccc(C(c6ccc(*)cc6)(C(F)(F)F)C(F)(F)F)cc5)cc4)c3)(C(F)(F)F)C(F)(F)F)ccc2C(=O)O)cc1,6.605708377
*c1ccc(-c2ccc(-c3ccc(N4C(=O)c5ccc(-c6ccc7c(c6)C(=O)N(*)C7=O)cc5C4=O)cc3)cc2)cc1,1.194200151
*CC(OC)C(C(=O)O)C(*)C(=O)O,1.53371141
*CC(*)C=C,1.058583312
*Oc1ccc(C(C)(C)c2ccc(OC(=O)SCCCCCCSC(*)=O)cc2)cc1,1.222978125
*CCCCCCCC(*)C,1.02774009
*/C=C(/*)C(C)(C)C,1.043317115
*CC(*)c1c(F)c(F)c(F)c(F)c1F,1.156353567
*CC(*)c1cc(Br)ccc1OCCC,1.110133274
*Oc1cc(C(C)(C)C)c(Oc2ccc(C(=O)Nc3c(C)cc(Cc4cc(C)c(NC(=O)c5ccc(*)cc5)c(C(C)C)c4)cc3C(C)C)cc2)cc1C(C)(C)C,1.907016108
*CC(*)OC(=O)C(F)(F)F,1.388207051
*CC(*)C(=O)OCCCC,1.292333178
*Oc1ccc2[nH]c(-c3ccc4c(c3)-c3cc(-c5nc6cc(*)ccc6[nH]5)ccc3S4(=O)=O)nc2c1,1.303258795
*CC(*)c1cc(Br)ccc1OC,1.180999381
*CC(*)CC(CC)CC,1.012770332
*CC(*)c1cc(Br)ccc1OCCCC,1.130733691
*C(=O)Nc1ccc(C2(c3ccc(NC(=O)c4ccc5c(c4)C(=O)N(c4ccc(Sc6ccc(Oc7ccc(Sc8ccc(N9C(=O)c%10ccc(*)cc%10C9=O)cc8)cc7)cc6)cc4)C5=O)cc3)c3ccccc3-c3ccccc32)cc1,48.06831737
*CCC=C(*)c1ccccc1,1.039312605
*CC(*)c1ccc(CCCCCCCCCCCCCCCCCC)cc1,1.950057865
*c1ccc(Oc2c(C)cc(Cc3cc(C)c(Oc4ccc(-n5c(=O)c6cc7c(=O)n(*)c(=O)c7cc6c5=O)cc4)c(C)c3)cc2C)cc1,3.200204344
*Oc1ccc2c(c1)C1(CC2(C)C)CC(C)(C)c2ccc(OC(=O)c3cccc(C(*)=O)c3)cc21,1.269272474
*C(C)C(*)OC(C)(C)C,1.056644315
*CS*,3.050754441
*c1ccc(Oc2ccc(Oc3ccc(N4C(=O)c5ccc(-c6cccc7c6C(=O)N(*)C7=O)cc5C4=O)cc3)cc2)cc1,1.223177028
*Oc1ccc(-c2ccc(OC(=O)CCCCCCCCCCC(*)=O)cc2)cc1,3.319271977
*C(F)C(*)(F)F,1.489633529
*CC(*)OC(=O)CC(C)(C)c1ccccc1,1.178736826
*CC(*)CCCC(C)(C)C,1.020083848
*CC(*)c1ccccc1C(=O)OCCN(C)C,1.267499427
*c1ccc(Oc2ccc(Oc3ccc(N4C(=O)c5ccc(Oc6ccc(C7(c8ccc(Oc9ccc%10c(c9)C(=O)N(*)C%10=O)cc8)CCCCCCCCCCC7)cc6)cc5C4=O)cc3)c(C(C)(C)C)c2)cc1,44.89653225
*c1ccc(C(c2ccccc2)(c2ccc(-n3c(=O)c4cc5c(=O)n(*)c(=O)c5cc4c3=O)cc2)C(F)(F)F)cc1,1.214118163
*Oc1ccc(S(=O)(=O)c2ccc(Oc3c(C)cc(C(c4cc(C)c(*)c(C)c4)(C(F)(F)F)C(F)(F)F)cc3C)cc2)cc1,1.153217093
*CC(*)C,1.030295646
*CC/C=C(\*)C(C)(C)C,1.034410832
*Nc1cccc(C(O)Cc2ccc(NC(=O)c3ccc(C(*)=O)cc3)cc2)c1,1.721264782
*C(C)C(*)C,1.006362033
*CC(*)CCc1ccc(C)cc1,1.028798794
*CC(*)c1ccc(C(=O)c2ccc(C)cc2)cc1,1.413961732
*CC(*)c1cc(C(C)(C)C)ccc1C,1.031343203
*c1cc(C(c2ccc(O)c(N3C(=O)c4ccc(-c5ccc6c(c5)C(=O)N(*)C6=O)cc4C3=O)c2)(C(F)(F)F)C(F)(F)F)ccc1O,1.39353206
*c1ccc2c(c1)C(=O)N(c1ccc3c(c1)-c1cc(N4C(=O)c5ccc(C(*)(C(F)(F)F)C(F)(F)F)cc5C4=O)ccc1C3)C2=O,1.17732955
*CC(*)c1ccc(F)cc1,1.112920481
*CC(*)c1cc(Br)ccc1OC(C)C,1.125888154
*CC(*)C(C)c1ccccc1,1.033312833
*c1ccc(-c2sc(-c3ccc(-n4c(=O)c5cc6c(=O)n(*)c(=O)c6cc5c4=O)cc3)c(-c3ccccc3)c2-c2ccccc2)cc1,1.15726798
*c1ccc(-c2ccc(-n3c(=O)c4cc5c(=O)n(*)c(=O)c5cc4c3=O)cc2)cc1,1.242592976
*C(=O)c1ccc2c(c1)C(=O)N(c1ccc(Oc3cc4ccccc4cc3Oc3ccc(N4C(=O)c5ccc(*)cc5C4=O)cc3)cc1)C2=O,1.290476245
*CC(*)c1ccc(F)cc1C,1.100096411
*CC(*)c1cc(Br)ccc1OCCCCC,1.115138377
*c1ccc(Oc2ccc(Oc3ccc(N4C(=O)C5CCC6C(=O)N(*)C(=O)C6C5C4=O)cc3)cc2)cc1,1.24643777
*CC(*)CNc1ccc([N+](=O)[O-])cc1C,1.786328715
*c1ccc2c(c1)C(=O)N(c1ccc(Oc3ccc(N4C(=O)c5ccc(C(F)(F)C(F)(F)C(*)(F)F)cc5C4=O)cc3)cc1)C2=O,1.214359241
*CC(*)C(=O)OCCCCCCCCCCCCCC,1.13414656
*c1cccc(P(=O)(c2cccc(-n3c(=O)c4c(-c5ccccc5)c5c(=O)n(*)c(=O)c5c(-c5ccccc5)c4c3=O)c2)c2cc(C(F)(F)F)cc(C(F)(F)F)c2)c1,1.184212618
*C(=O)c1ccc2c(c1)C(=O)N(c1cccc(C(=O)c3cccc(N4C(=O)c5ccc(*)cc5C4=O)c3)c1)C2=O,1.372872847
*CC(*)(C)C(=O)OCCCCCCN(C)c1ccc(/N=N/c2ccc(S(C)(=O)=O)cc2)cc1,3.743977058
*Oc1ccc(C(C)(CCC)c2ccc(OC(*)=O)cc2)cc1,1.269065044
*CC(*)CNc1ccc([N+](=O)[O-])cc1[N+](=O)[O-],1.844952037
*CC(*)NC(=O)OC(C)(C)C,1.507463457
*C(C)C(*)O,2.350798867
*CC(*)OC(=O)C(C)(C)C(C)(C)CC,1.147926803
*c1ccc(Cc2ccc(-n3c(=O)c4cc5c(=O)n(*)c(=O)c5cc4c3=O)c(C)c2)cc1C,1.195267938
*NC1CC(C)(C)CC(C)(CNC(=O)CCCCC(*)=O)C1,1.526963632
*C(F)(F)C(*)(F)OC(F)(F)C(F)(F)F,1.053338612
*CC(*)c1ccc(O)cc1,2.021510002
*CC(*)CCCN(CC(C)C)CC(C)C,1.029423248
*CC(*)c1ccc(-c2ccc(-c3ccccc3)cc2)cc1,1.032759424
*CC(*)C(N)=O,2.2792933
*CC(*)c1ccc(C(=O)CCC)cc1,1.883885078
*NC(CCC(=O)OCC)C(*)=O,1.68302685
*Oc1ccc(S(=O)(=O)c2ccc(Oc3ccc(C(=O)c4cccc(C(=O)c5ccc(*)cc5)c4)cc3)cc2)cc1,1.322303133
*Oc1ccc2c(c1)nc1n2C(=O)c2ccc(-c3ccc4c(c3)C(=O)n3c-4nc4ccc(*)cc43)cc2-1,1.211421273
*CC(*)OC(=O)C(F)(F)C(F)(F)C(F)(F)C(F)(F)C(F)(F)F,1.187050258
*CC/C=C(/*)Cl,1.578726034
*CC(*)OC(C)CC,1.114861252
*CCCCCCN1C(=O)c2ccc(Oc3ccc4c(c3)C(=O)N(*)C4=O)cc2C1=O,1.296362901
*c1ccc2sc3ccc(-c4nc5cc(-c6ccc7[nH]c(*)nc7c6)ccc5[nH]4)cc3c2c1,1.255094422
*CCCCCCOC(=O)c1ccc2cc(C(=O)O*)ccc2c1,1.215432301
*CC(*)c1cc(Br)ccc1OCCC(C)C,1.124027306
*CC(*)C(=O)c1ccc(Br)c(OC)c1,1.364924285
*CC(*)C(C)(C)C,1.024637819
*c1ccc(Sc2ccc(N3C(=O)c4ccc(-c5ccc6c(c5)C(=O)N(*)C6=O)cc4C3=O)cc2)cc1,1.233539731
*Oc1ccc(S(=O)(=O)c2ccc(Oc3ccc(-c4ccc(*)cc4)cc3)cc2)cc1,1.220150493
*CCC1CC2C(CC(*)C2OC(=O)CCCCCCCCCCOc2ccc(-c3ccc(C#N)cc3)cc2)C1OC(=O)CCCCCCCCCCOc1ccc(-c2ccc(C#N)cc2)cc1,16.56781165
*Oc1ccc(-c2ccc(OC(=O)CCCCCC(*)=O)cc2)cc1,1.875207684
*CCCCCCCCC(=O)N*,1.286539882
*CC1(*)CCC(C)CC1,1.008558735
*CC1CCC(COC(=O)CCCCCCCCC(=O)O*)CC1,1.543111946
*CC(*)c1ccccc1C(=O)OCC(C)C,1.228924972
*CC(*)c1ccc(COCCCCO)cc1,2.019732095
*CC(C)C(*)(C)C,1.022248824
*CC(*)OCC(F)(F)F,2.046047859
*CC(*)OC=O,1.675776267
*CC(*)C(C)C,1.019560704
*c1cccc(P(=O)(c2ccccc2)c2cccc(-n3c(=O)c4cc5c(=O)n(*)c(=O)c5cc4c3=O)c2)c1,1.299267622
*CC(*)c1ccc2ccccc2c1,1.038362227
*CC(*)N1CCCC1=O,1.544516514
*CC(*)C(=O)c1ccc(Cl)cc1,1.217162143
*CC(*)c1ccc(COCC(CC)CCCC)cc1,1.224233931
*/C=C(/*)c1ccc(C#C)cc1,1.059684965
*CC(*)c1ccc(C)nc1,1.167972529
*C(=O)c1ccc2c(c1)C(=O)N(c1ccc(N3C(=O)c4ccc(*)cc4C3=O)nc1)C2=O,1.391120942
*CCCCCCNC(=O)c1ccc(C2(C)CC(C)(C)c3ccc(C(=O)N*)cc32)cc1,1.384308745
*Oc1ccc(Sc2ccc(OC(*)=O)cc2)cc1,1.394223661
*Oc1ccc(Oc2ccc(C(=O)c3ccc(C(=O)c4ccc(*)cc4)c4ccccc34)cc2)cc1,1.217464866
*c1cc(Br)c(OC(=O)c2ccc(C(=O)Oc3c(Br)cc(C4(*)OC(=O)c5ccccc54)cc3Br)cc2)c(Br)c1,1.308448049
*CC(*)c1ccc(C(=O)CCN2CCCCC2)cc1,1.335843907
*CC(*)C(=O)OC(OCC)C(F)(F)F,1.70511589
*CCCCCOC(=O)c1ccc2cc(C(=O)O*)ccc2c1,1.234521245
*Oc1ccc(-c2ccc(OC(=O)CCCCCCC(*)=O)cc2)cc1,1.739752963
*CC(*)c1cc(Cl)ccc1Cl,1.026402838
*c1ccc(Oc2ccc(Oc3ccc(-n4c(=O)c5cc6c(=O)n(*)c(=O)c6cc5c4=O)cc3)cc2-c2ccccc2)cc1,1.187507736
*CC(*)(C)C(=O)OCCCCCC,1.10686041
*CC(*)c1ccc(C(=O)CCCCCCC)cc1,1.485586861
*Oc1ccc(C(=O)CCCCCCCCC(=O)c2ccc(OC(*)=O)cc2)cc1,1.628776241
*CC(*)OC(=O)C(F)(F)C(F)(F)F,1.314786014
*CC(*)(C)C(=O)OCc1cccc(Cl)c1Cl,1.351552259
*CC(*)C(=O)Oc1ccc(-c2ccccc2)cc1,1.233532101
*CC(*)OC(=O)C(C)(C)CC(C)(C)C,1.127175323
*CC(*)C(=O)OCC(C)C,1.310936364
*CC(*)c1cccc(CC)c1,1.023342799
*CC(*)OCc1ccccc1,1.155562907
*CC(*)CC,1.007810074
*CCCCCCCCNC(=O)CCCCCCCCC(=O)N*,1.347691169
*CC(*)OC(=O)c1ccc(Cl)cc1,1.182072601
*C(F)(F)C(*)(F)c1ccccc1,1.157378644
*CC(*)CCCCCCCCCCCCCCCC,1.012611227
*CC(*)c1ccccc1Cl,1.100135592
*c1ccc2c(c1)C(=O)N(c1ccc(Oc3ccc(N4C(=O)c5ccc(C(C)(C)CCCCCCCCC(*)(C)C)cc5C4=O)cc3)cc1)C2=O,15.32380214
*Oc1cccc(CCCCCCCCCCc2cccc(OC(*)=O)c2)c1,1.231483236
*CC(*)C(=O)OCCCCCCCCCCCC,1.153527221
*CCOC(=O)c1cccc(C(=O)O*)c1,1.438127699
*c1ccc(Cc2ccc(N3C(=O)c4ccc(Oc5ccc(C6(c7ccc(Oc8ccc9c(c8)C(=O)N(*)C9=O)cc7)CCCCCCCCCCC6)cc5)cc4C3=O)cc2)cc1,24.23399688
*CC(*)c1ccccc1CC,1.041346882
*CC(*)OC(C)C,1.196968851
*CC(*)c1ccc(C(=O)OCCCC)cc1,1.217431581
*c1ccc2c(c1)C(=O)N(c1cc(N3C(=O)c4ccc(C(*)(C(F)(F)F)C(F)(F)F)cc4C3=O)ccc1C)C2=O,1.184458259
*C(=O)c1ccc2c(c1)C(=O)N(c1ccc(Oc3c(C)cc(Cc4cc(C)c(Oc5ccc(N6C(=O)c7ccc(*)cc7C6=O)cc5)c(C)c4)cc3C)cc1)C2=O,12.93156273
*CC(*)SC,1.544330815
*/C=C/CCC*,1.12075582
*CC(*)c1ccc(COCCOCCCC)cc1,1.891870229
*CCCS(=O)(=O)c1ccc(/N=N/c2ccc(N(CCCC)CC(=O)O*)cc2)cc1,1.403821363
*Oc1ccc(S(=O)(=O)c2ccc(Oc3ccc(C(=O)c4cc(C(=O)c5ccc(*)cc5)cc(C(C)(C)C)c4)cc3)cc2)cc1,1.324748687
*Oc1ccc(C(C)(C)c2ccc(OC(*)=O)c(C)c2)cc1C,1.239191723
*CC(*)c1cc(F)ccc1F,1.045138952
*CCC(C)CO*,1.515525302
*Oc1ccc(C(C)(c2ccccc2)c2ccc(OC(*)=O)cc2)cc1,1.268521985
*CC(*)c1ccc(COCCCCCC)cc1,1.543395096
*CC(*)c1ccccc1COC,1.734474547
*Oc1ccc(C(c2ccc(Oc3ccc(C(=O)c4cccc(C(=O)c5ccc(*)cc5)c4)cc3)cc2)(C(F)(F)F)C(F)(F)F)cc1,1.204995181
*C1CCC(CC2CCC(N3C(=O)C4C5C=CC(C6C(=O)N(*)C(=O)C56)C4C3=O)C(C)C2)CC1C,1.228125678
*CC(*)c1ccc(C(=O)OCCC)cc1,1.269113612
*c1ccc2c(c1)C(=O)N(c1ccc(Sc3ccc(Oc4ccc(Sc5ccc(N6C(=O)c7ccc(C(*)(C(F)(F)F)C(F)(F)F)cc7C6=O)cc5)cc4)cc3)cc1)C2=O,22.86129893
*/C=C/CCCCCCCCCC*,1.063687943
*CC(*)(C)c1ccc(C(C)C)cc1,1.040112437
*Oc1ccc(-c2ccc(OC(=O)CCCCCCCCCCCCC(*)=O)cc2)cc1,18.57649096
*C(=O)Oc1ccc(OC(=O)c2ccc3c(c2)C(=O)N(c2ccc(-c4ccc(N5C(=O)c6ccc(*)cc6C5=O)cc4C(F)(F)F)c(C(F)(F)F)c2)C3=O)cc1,4.505287382
*C(F)(F)C(*)(F)c1c(F)c(F)c(F)c(F)c1F,1.050721388
*Oc1ccc(S(=O)(=O)c2ccc(Oc3c(C)cc(C(C)(C)c4cc(C)c(*)c(C)c4)cc3C)cc2)cc1,1.144867146
*CC1(C)CC(*)(C)C(=O)OC1=O,1.41223193
*c1cccc(Oc2ccc(S(=O)(=O)c3ccc(Oc4cccc(N5C(=O)c6ccc(-c7ccc8c(c7)C(=O)N(*)C8=O)cc6C5=O)c4)cc3)cc2)c1,9.07978246
*CC(*)OC(=O)CCCCCCCCCCC,1.12159538
*CC(*)C(=O)OCCO,2.731720622
*CC(O)COc1ccc(C(C)(C)c2ccc(O*)cc2)cc1,1.307741075
*CC(*)c1ccccc1COCC,1.611111244
*CC(*)(C)C(=O)OC(OCC)C(F)(F)F,1.477418409
*CC(*)(CC(=O)OCCCc1ccccc1)C(=O)OCCCc1ccccc1,1.145517534
*Cc1ccc2[nH]c(-c3ccc4sc5ccc(-c6nc7cc(*)ccc7[nH]6)cc5c4c3)nc2c1,1.306274731
*CC(*)c1ccc(C(=O)N2CCCCC2)cc1,1.377900637
*CC(*)(C)C(=O)OCc1cc(Cl)ccc1Cl,1.098743495
*CC(*)c1cccc2ccccc12,1.03742571
*CC(*)CCC,1.010688966
*CC(*)c1ccccc1OC,1.138497822
*CCCCCCCCCn1c(=O)c2cc3c(=O)n(*)c(=O)c3cc2c1=O,1.259501552
*CC(*)OC(=O)c1cccc(Br)c1,1.234303786
*CC(*)(CC(=O)OCC1CCCCC1)C(=O)OCC1CCCCC1,1.160478337
*Oc1cccc(Oc2cccc(*)c2)c1C#N,1.541296484
*c1ccc(Oc2ccccc2Oc2ccc(N3C(=O)c4ccc(-c5ccc6c(c5)C(=O)N(*)C6=O)cc4C3=O)cc2)cc1,1.248908629
*c1ccc(C(=O)Oc2ccc(N3C(=O)c4ccc(-c5ccc6c(c5)C(=O)N(*)C6=O)cc4C3=O)cc2)cc1,1.347557896
*CC(*)OC(=O)C1CCCCC1,1.169318989
*Oc1ccc(S(=O)(=O)c2ccc(Oc3ccc(C(c4ccc(*)cc4)(C(F)(F)F)C(F)(F)F)cc3)cc2)cc1,1.183553658
*CCS*,2.558738449
*NC(=O)c1ccc(C(=O)Nc2ccc(*)cc2)cc1,1.655714293
*Nc1ccc(NC(=O)c2cc(C(*)=O)c(C(=O)OCC)cc2C(=O)OCC)cc1,1.732551826
*c1ccc(*)cc1,1.022655793
*c1ccc(-c2nc3cc4nc(*)oc4cc3o2)cc1,1.110843432
*c1ccc2c(c1)C(=O)N(c1ccc(Oc3ccc4ccc(Oc5ccc(N6C(=O)c7ccc(C(*)(C(F)(F)F)C(F)(F)F)cc7C6=O)cc5)cc4c3)cc1)C2=O,24.12900535
*Oc1c(Br)cc(C(C)(C)c2cc(Br)c(OC(*)=O)c(Br)c2)cc1Br,1.193166469
*CCCOC(=O)c1ccc(C(=O)O*)cc1,1.379879655
*c1ccc2c(c1)C(=O)N(c1ccc(Oc3ccc(-c4ccc(Oc5ccc(N6C(=O)c7ccc(C(*)(C(F)(F)F)C(F)(F)F)cc7C6=O)cc5)cc4)cc3)cc1)C2=O,44.30360124
*CC(*)c1ccc(C(=O)OCCN(C)C)cc1,1.378549645
*C([2H])([2H])C(*)([2H])c1c([2H])c([2H])c([2H])c([2H])c1[2H],1.031741492
*CC(*)CCCCCCCC,1.013276198
*CC(*)(C)C(=O)Oc1ccc(C#N)cc1,1.313602842
*C(F)(F)C(*)(F)Cl,1.050412642
*C(F)(F)C(*)(F)OC(F)(F)C(F)(F)C(F)(F)C(F)(F)F,1.05389338
*CC(*)CCCCCCCCCO,1.70986981
*CC(*)CCc1ccccc1,1.035046789
*CC(*)(C)C(=O)OC(C)(C)C,1.167502065
*c1cccc2c(N3C(=O)c4ccc(-c5ccc6c(c5)C(=O)N(*)C6=O)cc4C3=O)cccc12,1.209188862
*CC(*)(C)C(=O)OCc1ccccc1,1.131547023
*Oc1cccc2ccc(OC(=O)c3ccccc3/C=C/c3ccc(/C=C/c4ccccc4C(*)=O)cc3)cc12,1.343029025
*c1c(C)c(C)c(-n2c(=O)c3cc4c(=O)n(*)c(=O)c4cc3c2=O)c(C)c1C,1.181224651
*CC(*)c1cccs1,1.116778708
*c1ccc(Oc2c(C)cc(C(c3cc(C)c(Oc4ccc(N5C(=O)c6ccc(-c7ccc8c(c7)C(=O)N(*)C8=O)cc6C5=O)cc4)c(C)c3)c3cccc4ccccc34)cc2C)cc1,28.30439315
*C(=O)Oc1ccc(C(C)(C)c2ccc(OC(=O)c3ccc4c(c3)C(=O)n3c-4nc4ccc(Oc5ccc6c(c5)nc5n6C(=O)c6ccc(*)cc6-5)cc43)cc2)cc1,15.69584726
*c1ccc(Oc2c(C)cc(C(c3cc(C)c(Oc4ccc(-n5c(=O)c6cc7c(=O)n(*)c(=O)c7cc6c5=O)cc4)c(C)c3)c3cccc4ccccc34)cc2C)cc1,1.135705567
*CC(*)C(=O)N1CCOCC1,1.304874403
*CC(*)CC1CCCC1,1.010399961
*CC(*)c1ccc(Cl)c(C)c1,1.099691969
*CCCCCCNC(=O)CCCCC(=O)N*,1.480140763
*Oc1ccc(C(C)(C)c2ccc(C(C)(C)c3ccc(OC(*)=O)c(C)c3)cc2)cc1C,1.212721099
*CC(*)OC(=O)c1ccc(C(C)(C)C)cc1,1.196332018
*Oc1ccc(C(C)(C)c2ccc(OC(*)=O)c(C(C)C)c2)cc1C(C)C,1.195013132
*CC(*)Cc1cccc(C)c1,1.034320495
*c1ccc(Sc2ccc(-n3c(=O)c4cc5c(=O)n(*)c(=O)c5cc4c3=O)cc2)cc1,1.250909008
*Oc1ccc(NC(=O)c2ccc(C(c3ccc(C(=O)O)c(C(=O)Nc4cc(*)ccc4N)c3)(C(F)(F)F)C(F)(F)F)cc2C(=O)O)c(N)c1,1.653532508
*CC(*)(F)F,1.470738041
*CC(*)C(=O)OCC(C)(C)C,1.262755833
*CC(*)c1ccc(OCCC(C)C)cc1,1.287998411
*CC(*)C#N,1.714172895
*c1ccc(-c2ccc(-n3c(=O)c4cc5c(=O)n(*)c(=O)c5cc4c3=O)cc2C(F)(F)F)c(C(F)(F)F)c1,1.266104418
*c1ccc(*)s1,1.049037604
*c1cccc(N2C(=O)c3ccc(-c4ccc5c(c4)C(=O)N(*)C5=O)cc3C2=O)c1C,1.241515245
*Oc1ccc(C(C)(C)c2ccc(OC(=O)CCCCC(*)=O)cc2)cc1,1.616799811
*C(=O)Nc1ccccc1NC(=O)c1ccc(N2C(=O)c3ccc(*)cc3C2=O)cc1,1.65977583
*CC(*)c1ccc(CCCCCCCCC)cc1,1.030689926
*CC(=C)COCC(=C)COC(=O)O*,2.041112597
*c1ccc2c(c1)C(=O)N(c1cc(C(c3ccc(O)c(N4C(=O)c5ccc(C(*)(C(F)(F)F)C(F)(F)F)cc5C4=O)c3)(C(F)(F)F)C(F)(F)F)ccc1O)C2=O,1.306509495
*CCCCCCNC(=O)CCCCC(=O)N(*)C,1.390519563
*CC(*)c1ccc(Cl)cc1Cl,1.084127877
*Oc1ccc(OC(=O)c2cc(OCCCCCCCCCCCC)c(C(*)=O)cc2OCCCCCCCCCCCC)cc1,1.584027925
*c1ccc2c(c1)C(=O)N(c1c(C(C)C)cc(Cc3cc(C(C)C)c(N4C(=O)c5ccc(C(*)(C(F)(F)F)C(F)(F)F)cc5C4=O)c(C(C)C)c3)cc1C(C)C)C2=O,1.116638167
*CC(*)OC(C)(C)C,1.100260875
*c1ccc(Oc2ccc(Oc3ccc(N4C(=O)c5ccc(Oc6ccc7c(c6)C(=O)N(*)C7=O)cc5C4=O)cc3)cc2)cc1,1.221134458
*CC(*)OC(=O)CCCCC,1.247603126
*CC(*)Cc1cc(C)ccc1C,1.029260939
*CC(*)(C)C(=O)OCc1ccccc1Cl,1.237393827
*OC1C(COC(C)=O)OC(*)C(OC(C)=O)C1OC(C)=O,1.614377925
*Oc1ccc2c(c1)nc1c3cc4c(=O)n5c6cc(*)ccc6nc5c4cc3c(=O)n21,1.234653256
*c1cc(CCCC)c(*)s1,1.025915666
*CC(*)c1ccc(COCCCC)cc1,1.626902026
*CC(*)c1ccc(C(=O)OCCCCCC)cc1,1.186740094
*CCC1CCCC1*,1.005431399
*CC1CC(*)C(OC(=O)CCCCCCCCCCOc2ccc(-c3ccc(C#N)cc3)cc2)C1OC(=O)CCCCCCCCCCOc1ccc(-c2ccc(C#N)cc2)cc1,12.80517388
*CC(*)c1ccc(C(C)(C)C)cc1,1.029967854
*c1ccc(Oc2cccc(Oc3ccc(N4C(=O)c5ccc(Oc6ccc7c(c6)C(=O)N(*)C7=O)cc5C4=O)cc3)c2)cc1,2.09339846
*CC(*)OC(=O)c1ccc(C#N)cc1,1.327421652
*C(C)C(*)OC,1.222851444
*CC(*)(CC(=O)OCCCCCCCCC)C(=O)OCCCCCCCCC,1.138405519
*CC(*)C(=O)Oc1ccc(C#N)cc1,1.489782905
*CC(*)C(=O)c1ccc(CCC)cc1,1.225575097
*CC(*)C(=O)Oc1ccc(Cl)cc1Cl,1.291783711
*C(=O)c1ccc2c(c1)C(=O)N(c1ccc(Cc3ccc(N4C(=O)c5ccc(*)cc5C4=O)c(C)c3)cc1C)C2=O,1.231429273
*CC(*)OC(=O)C(F)(F)C(F)(F)C(F)(F)C(F)(F)C(F)(F)C(F)(F)C(F)(F)C(F)(F)C(F)(F)F,1.11991308
*C(=O)c1ccc2c(c1)C(=O)N(c1ccc3c(c1)Cc1cc(N4C(=O)c5ccc(*)cc5C4=O)ccc1-3)C2=O,1.262252094
*NC(=O)NCCCCCCNC(=O)NCCCCC(*)C(=O)OC,1.503421006
*CC(*)C(=O)c1ccc(OC)cc1,1.727421854
*Oc1ccc(S(=O)(=O)c2ccc(Oc3ccc(C(C)(C)c4ccc(*)c(C(O)(C(F)(F)F)C(F)(F)F)c4)cc3C(O)(C(F)(F)F)C(F)(F)F)cc2)cc1,1.444845863
*CC(*)c1ccc(CCCCCCCCCCCC)cc1,1.019976191
*CC(*)c1ccc(I)cc1,1.084027448
*CC(*)(C)C(=O)Oc1ccc(C(=O)OC)cc1,1.415113395
*c1ccc(C(c2ccc(-c3nc4ccc(-c5ccc6nc(*)[nH]c6c5)cc4[nH]3)cc2)(C(F)(F)F)C(F)(F)F)cc1,1.168068908
*CC(*)CCCCC,1.020745746
*c1cccc(-c2nc3cc(-c4ccc5nc(*)c(-c6ccccc6)nc5c4)ccc3nc2-c2ccccc2)c1,1.054321394
*c1ccc(Oc2ccc(C(c3ccc(Oc4ccc(N5C(=O)c6ccc(-c7ccc8c(c7)C(=O)N(*)C8=O)cc6C5=O)cc4)cc3)(C(F)(F)F)C(F)(F)F)cc2)cc1,9.432581855
*C(=O)c1ccc2c(c1)C(=O)N(c1ccc(C(=O)Nc3ccc(N4C(=O)c5ccc(*)cc5C4=O)cc3)cc1)C2=O,1.47264534
*CC(*)(C)C(=O)OCc1c(Cl)cccc1Cl,1.189695241
*C(=O)C1CCCN1*,1.534364965
*c1cccc(Oc2ccc(N3C(=O)c4ccc(Oc5ccc6c(c5)C(=O)N(*)C6=O)cc4C3=O)cc2)c1,1.261984607
*CC(*)C(=O)OC,1.539631076
*CC(*)C(=O)OC(F)(C(F)(F)F)C(F)(F)F,1.243227538
*CC(C)(C)COC(=O)CCC(=O)O*,1.844364676
*CC(*)C1CCCC(C)C1,1.011847652
*CC(*)c1ccccn1,1.196868613
*c1ccc(Oc2ccc(Oc3ccc(N4C(=O)c5ccc(Oc6ccccc6Oc6ccc7c(c6)C(=O)N(*)C7=O)cc5C4=O)cc3C(F)(F)F)cc2)c(C(F)(F)F)c1,3.92913633
*CCOC(=O)C1CCC(C(=O)O*)CC1,1.41932555
*CC(*)OC(=O)CCCC1CCCCC1,1.152108838
*CCCCCCCCCCCNC(=O)CCCCC(=O)N*,1.356462727
*CCCCCCCCCCN1C(=O)C2C3C=CC(C4C(=O)N(*)C(=O)C34)C2C1=O,1.306333066
*CC(*)C(=O)c1ccc(C)c(C)c1,1.337612584
*CCCCCCS(*)(=O)=O,2.111296746
*Oc1c(C)cc(C(C)(C)c2cc(C)c(OC(*)=O)c(C)c2)cc1C,1.1400722
*c1ccc(Oc2c(C)cc(-c3cc(C)c(Oc4ccc(N5C(=O)c6ccc(Oc7ccccc7Oc7ccc8c(c7)C(=O)N(*)C8=O)cc6C5=O)cc4C(F)(F)F)c(C)c3)cc2C)c(C(F)(F)F)c1,26.03840862
*CC(*)c1ccc(Cl)cc1C,1.138775943
*c1ccc2c(c1)C(=O)N(c1ccc(C(C)(C)c3ccc(N4C(=O)c5ccc(C(*)(C(F)(F)F)C(F)(F)F)cc5C4=O)cc3)cc1)C2=O,1.165240681
*c1ccc(-c2nc3cc(-c4ccc5nc(*)c(-c6ccccc6)nc5c4)ccc3nc2-c2ccccc2)cc1,1.048463457
*c1ccc(Oc2ccccc2Oc2ccc(-n3c(=O)c4cc5c(=O)n(*)c(=O)c5cc4c3=O)cc2)cc1,1.25908642
*CC(*)OC(=O)c1ccc(C)cc1,1.240963569
*C1CCC1*,1.00188993
*c1cccc(Oc2ccc(S(=O)(=O)c3ccc(Oc4cccc(-n5c(=O)c6cc7c(=O)n(*)c(=O)c7cc6c5=O)c4)cc3)cc2)c1,1.277300213
*Oc1cc(C(C)(C)C)c(Oc2ccc(C(=O)Nc3ccc(C(c4ccc(NC(=O)c5ccc(*)cc5)cc4)(C(F)(F)F)C(F)(F)F)cc3)cc2)cc1C(C)(C)C,1.484789925
*CC(*)n1c2ccccc2c2ccccc21,1.057575595
*CC(*)(C)C(=O)OCc1cc(Cl)cc(Cl)c1,1.142547086
*CC(*)C(=O)OCC(F)(F)C(F)(F)C(F)(F)F,1.371466869
*c1cccc(P(=O)(c2cccc(-n3c(=O)c4c(-c5ccc(C(F)(F)F)cc5)c5c(=O)n(*)c(=O)c5c(-c5ccc(C(F)(F)F)cc5)c4c3=O)c2)c2cc(C(F)(F)F)cc(C(F)(F)F)c2)c1,1.193614318
*CC(*)c1ccc(S(=O)(=O)OCCC)cc1,1.584506228
*Oc1ccc(Oc2ccc(Oc3ccc(S(=O)(=O)c4ccc(*)cc4)cc3)cc2)cc1,1.234499329
*c1ccc(OC(=O)c2ccccc2/C=C/c2ccc(/C=C/c3ccccc3C(=O)Oc3ccc(C4(*)OC(=O)c5ccccc54)cc3)cc2)cc1,1.445049532
*CC(*)c1ccncc1,1.18838477
*c1ccc(C(=O)Oc2ccc(-n3c(=O)c4cc5c(=O)n(*)c(=O)c5cc4c3=O)cc2)cc1,1.411677959
*c1ccc2c(c1)C(=O)N(c1ccc(Cc3ccc(N4C(=O)c5ccc(C(*)(C(F)(F)F)C(F)(F)F)cc5C4=O)cc3)cc1)C2=O,1.178801312
*/C=C/C(C*)C(C)CC,1.043947811
*c1ccc(C(c2ccc(-c3nc4cc(-c5ccc6nc(*)[nH]c6c5)ccc4[nH]3)cc2)(C(F)(F)F)C(F)(F)F)cc1,1.189984914
*CC(*)c1ccc(C)cc1C,1.032878567
*c1ccc(-c2ccc(N3C(=O)c4cc5c(cc4C3=O)C(C(F)(F)F)(C(F)(F)F)c3cc4c(cc3O5)C(=O)N(*)C4=O)cc2OC(F)(F)F)c(OC(F)(F)F)c1,1.189759648
*C=CCCCCCC*,1.11096359
*CC(*)c1ccc(COCCO)cc1,2.891849867
*c1ccc(N2C(=O)c3ccc(Oc4ccc(C(C)(C)c5cccc(Oc6ccc7c(c6)C(=O)N(*)C7=O)c5)cc4)cc3C2=O)cc1,2.291257893
*CC(*)C(=O)Oc1ccc(OC)cc1,1.765704327
*CC(*)OC(=O)CCCCCCC,1.202206193
*CC(*)CCCC,1.016840715
*CC(*)N1Cc2ccccc2N1,1.104752638
*CC(*)c1ccccc1COCCCC,1.367787459
*c1cccc(P(=O)(c2ccc(C(F)(F)F)cc2)c2cccc(-n3c(=O)c4cc5c(=O)n(*)c(=O)c5cc4c3=O)c2)c1,1.241557221
*CC(*)c1cc(C)cc(C)c1,1.036754601
*CCCCNC(=O)CCCCC(=O)N*,1.62550198
*c1cccc(Oc2cccc(Oc3cccc(N4C(=O)c5ccc(-c6cccc7c6C(=O)N(*)C7=O)cc5C4=O)c3)c2)c1,1.263086093
*CCCCCCOC(=O)CCCCCNC(=O)CCCCC(=O)NCCCCCC(=O)O*,3.573450771
*C1CCC(*)C1,1.001631689
*CC(*)c1cc(Br)ccc1OCC,1.190727471
*CC(*)c1ccccc1COCc1ccccc1,1.395160201
*/C=C\*,1.068148162
*CC(*)Cc1cc(C)cc(C)c1,1.038234596
*CC(*)(C)C(=O)OCC(C)O,1.763820067
*c1ccc2c(c1)-c1cc(-c3nc4cc(-c5ccc6[nH]c(*)nc6c5)ccc4[nH]3)ccc1S2(=O)=O,1.293273222
*CC(*)c1ccccc1C,1.037851266
*CC(*)(CC(=O)OCC)C(=O)OCC,1.354228718
*CCCC(*)(C)CC,1.021003701
*CC(*)(C)C(=O)OCC(C)C,1.169062498
*C(F)C(*)(F)OC(F)(F)F,1.162419169
*CC(*)c1ccc(C(=O)CCN2CCOCC2)cc1,1.322977272
*c1ccc(Cc2ccc(N3C(=O)C4CCC5C(=O)N(*)C(=O)C5C4C3=O)c(C)c2)cc1C,1.240429789
*C=CC(C)C(*)C(=O)OC,1.4564042
*c1ccc(Oc2ccc(C(c3ccc(Oc4ccc(N5C(=O)c6ccc(Oc7ccc8c(c7)C(=O)N(*)C8=O)cc6C5=O)cc4)cc3)(C(F)(F)F)C(F)(F)F)cc2)cc1,14.33428521
*Oc1ccc(SC(=O)Sc2ccc(*)cc2)cc1,1.108932016
*CCCSS*,2.122762359
*CC(*)C(=O)Oc1cccc(C(=O)OCC)c1,1.452647506
*CCC(C)C(*)C,1.010678018
*CC(*)C(=O)OCC,1.425736122
*c1ccc(Sc2ccc3c(c2)Sc2ccc(Sc4ccc(-n5c(=O)c6cc7c(=O)n(*)c(=O)c7cc6c5=O)cc4)cc2S3)cc1,1.175251452
*CC(*)C=O,4.50747448
*Nc1ccc(*)cc1,1.222240259
*CC(*)C(C)=O,2.064827818
*CC(*)(C)C(=O)OCCC#N,2.381322932
*c1ccc2c(c1)C(=O)N(c1ccc(C(c3ccc(N4C(=O)c5ccc(C(*)(C(F)(F)F)C(F)(F)F)cc5C4=O)cc3)(C(F)(F)F)C(F)(F)F)cc1)C2=O,1.173172082
*CC(*)C(=O)n1c2ccccc2c2ccccc21,1.181713075
*CCCCCCCCCSC(=O)S*,1.156445007
*C(=O)c1ccc2c(c1)C(=O)N(c1cccc(OCCOCCOc3cccc(N4C(=O)c5ccc(*)cc5C4=O)c3)c1)C2=O,2.535552651
*CC(*)(CC(=O)OCCc1ccccc1)C(=O)OCCc1ccccc1,1.172272181
*c1ccc(Oc2ccc(S(=O)(=O)c3ccc(Oc4ccc(-n5c(=O)c6cc7c(=O)n(*)c(=O)c7cc6c5=O)cc4)cc3)cc2)cc1,1.269284091
*C1Oc2ccccc2C1*,1.068558939
*CC(*)C(=O)OC(F)(C(F)(F)Cl)C(F)(F)Cl,1.193414795
*/C=C/*,1.031476031
*c1ccc(Oc2ccc(S(=O)(=O)c3ccc(Oc4ccc(N5C(=O)c6ccc(Oc7ccc8c(c7)C(=O)N(*)C8=O)cc6C5=O)cc4)cc3)cc2)cc1,25.64453513
*CC(*)c1ccc(C(=O)OC)cc1,1.434942779
*CCCNC(=O)Cc1ccc(C(=O)N*)cc1,1.711683793
*CCCCCCOC(=O)c1ccc(-c2ccc(C(=O)O*)cc2)cc1,1.244363164
*C(=O)Nc1ccc(NC(=O)c2ccc(N3C(=O)c4ccc(*)cc4C3=O)cc2)cc1,1.646212047
*c1ccc(Oc2cc(C(C)(C)C)ccc2Oc2ccc(-n3c(=O)c4cc5c(=O)n(*)c(=O)c5cc4c3=O)cc2)cc1,1.212983941
*C(=O)c1ccc2c(c1)C(=O)N(c1ccc(Oc3ccc(C(c4ccc(Oc5ccc(N6C(=O)c7ccc(*)cc7C6=O)cc5)cc4)(C(F)(F)F)C(F)(F)F)cc3)cc1)C2=O,4.565041544
*Cc1cccc(COC(=O)Nc2ccc(Cc3ccc(NC(=O)O*)cc3)cc2)c1,1.462716557
*CC(*)c1ccc(COC)cc1,2.150325762
*Oc1ccc(-c2ccc(OC(=O)CCCCCCCC(*)=O)cc2)cc1,1.930955921
*CC(*)OC(=O)c1ccc(OC(C)=O)cc1,2.051083988
*CC(*)OC(=O)CC,1.467759
*CC1(*)CCCCC1,1.010104203
*c1ccc(-n2c(=O)c3cc4c(=O)n(*)c(=O)c4cc3c2=O)c(C)c1,1.256839985
*Oc1ccc(S(=O)(=O)c2ccc(Oc3ccc(C(C)(C)c4ccc(*)c(C(OC)(C(F)(F)F)C(F)(F)F)c4)cc3C(OC)(C(F)(F)F)C(F)(F)F)cc2)cc1,1.254368188
*C(=O)NCCCCCCNC(=O)c1ccc(N2C(=O)c3ccc(*)cc3C2=O)cc1,1.572864529
*c1ccc(S(*)(=O)=O)cc1,1.21207473
*C(=O)c1ccc2c(c1)C(=O)N(c1ccc(N3C(=O)c4ccc(*)cc4C3=O)c(C)c1)C2=O,1.288195342
*c1ccc(S(=O)(=O)c2ccc(N3C(=O)c4ccc(C(=O)c5ccc6c(c5)C(=O)N(*)C6=O)cc4C3=O)cc2)cc1,1.358031872
*C(=O)c1ccc2c(c1)C(=O)N(c1cc(C(c3ccc(O)c(N4C(=O)c5ccc(*)cc5C4=O)c3)(C(F)(F)F)C(F)(F)F)ccc1O)C2=O,1.496860465
*CC(*)c1ccccc1COCCc1ccccc1,1.197651581
*c1cccc(-n2c(=O)c3cc4c(=O)n(*)c(=O)c4cc3c2=O)c1C,1.255405227
*CC(*)OCCC,1.173213492
*CC(*)c1ccccc1C(=O)OC(C)C,1.211811158
*c1ccc(S(=O)(=O)c2ccc(N3C(=O)c4ccc(Oc5ccc6c(c5)C(=O)N(*)C6=O)cc4C3=O)cc2)cc1,1.333365756
*Cc1ccc(-c2ccc(C(=O)O*)cc2)cc1,1.192947629
*CC(*)OC(=O)c1cccnc1,1.450452647
*CC(*)c1ccc(C(C)(O)CC)cc1,1.772197702
*CCOC(=O)Nc1cccc(NC(=O)O*)c1,1.745379495
*CC(*)C(=O)OCC(F)(F)C(F)C(F)(F)F,1.56829933
*CC(*)OC(=O)c1ccc(CC)cc1,1.209874072
*c1cccc(P(=O)(c2cccc(-n3c(=O)c4c(-c5cc(C(F)(F)F)cc(C(F)(F)F)c5)c5c(=O)n(*)c(=O)c5c(-c5cc(C(F)(F)F)cc(C(F)(F)F)c5)c4c3=O)c2)c2cc(C(F)(F)F)cc(C(F)(F)F)c2)c1,1.169418321
*CC(*)OC(=O)c1cccc(OC)c1,1.657026949
*CC/C=C(\*)C,1.031531853
*CC(*)c1ccc(C(F)(F)C(F)(F)C(F)(F)C(F)(F)C(F)(F)C(F)(F)C(F)(F)F)cc1,1.076839182
*C(F)(F)C(*)(F)C(F)(F)F,1.045278572
*c1ccc(Sc2ccc(Oc3ccc(Sc4ccc(N5C(=O)c6ccc(Oc7ccc(C(C)(C)c8ccc(Oc9ccc%10c(c9)C(=O)N(*)C%10=O)cc8)cc7)cc6C5=O)cc4)cc3)cc2)cc1,76.89904033
*Oc1ccc(S(=O)(=O)c2ccc(Oc3c(C)cc(C(C)(C)c4cc(C)c(*)c(C)c4)cc3C)cc2C(O)(C(F)(F)F)C(F)(F)F)c(C(O)(C(F)(F)F)C(F)(F)F)c1,1.199793125
*CCO*,2.821695666
*CC(*)C(=O)Oc1ccccc1C(=O)OC,1.756180965
*CC(*)c1ccc(C(=O)CC)cc1,2.17936209
*c1ccc(Sc2ccc(Sc3ccc(Sc4ccc(-n5c(=O)c6cc7c(=O)n(*)c(=O)c7cc6c5=O)cc4)cc3)cc2)cc1,1.247353023
*CCCCOC(=O)NCCCCCCNC(=O)O*,1.434171113
*Oc1ccc(-c2ccc(OC(=O)CCCCCCCCCC(*)=O)cc2)cc1,2.287563127
*CCCCCCCCCCC(=O)N(*)C,1.301195695
*c1cccc(N2C(=O)c3ccc(-c4cccc5c4C(=O)N(*)C5=O)cc3C2=O)c1,1.296746495
*CC(*)(C)C(=O)OCCOC,2.223283388
*Oc1ccc(C(C)(C)c2ccc(OC(=O)c3ccc(C(=O)c4ccc(C(*)=O)cc4)cc3)cc2)cc1,1.376279001
*Oc1ccc(C(C)(C)c2ccc(OC(=O)c3ccccc3/C=C/c3ccc(/C=C/c4ccccc4C(*)=O)cc3)cc2)cc1,1.328320841
*Oc1ccc(NC(=O)c2cccc(C(=O)Nc3ccc(*)cc3)c2)cc1,1.664135423
*Oc1ccc(S(=O)(=O)c2ccc(Oc3ccc(C(=O)c4cc(I)cc(C(=O)c5ccc(*)cc5)c4)cc3)cc2)cc1,1.307176303
*c1ccc(Oc2ccc(N3C(=O)c4ccc(C(c5ccc6c(c5)C(=O)N(*)C6=O)(C(F)(F)F)C(F)(F)F)cc4C3=O)cc2)cc1,1.198060348
*Oc1ccc(C(C)(C)c2ccc(OC(*)=O)c(CC)c2)cc1CC,1.191679465
*Cc1ccc2[nH]c(-c3ccc4c(c3)-c3cc(-c5nc6cc(*)ccc6[nH]5)ccc3S4(=O)=O)nc2c1,1.295498089
*CCOCCOC(=O)c1cccc(C(=O)O*)c1,1.516386573
*c1cc(C(c2ccc(O)c(-n3c(=O)c4cc5c(=O)n(*)c(=O)c5cc4c3=O)c2)(C(F)(F)F)C(F)(F)F)ccc1O,1.592436536
*Oc1ccc(C(c2ccccc2)(c2ccccc2)c2ccc(OC(*)=O)cc2)cc1,1.235719857
*C(=O)Nc1cccc(/C=C/C(=O)/C=C/c2cccc(NC(=O)c3ccc(N4C(=O)c5ccc(*)cc5C4=O)cc3)c2)c1,2.279335806
*c1ccc2c(c1)C(=O)N(c1ccc(Cc3ccc(N4C(=O)c5ccc(C(F)(F)C(F)(F)C(*)(F)F)cc5C4=O)cc3)cc1)C2=O,1.191504512
*C=CCCCCCCCCCC*,1.041661564
*CCCCOC(=O)c1ccc2cc(C(=O)O*)ccc2c1,1.251097661
*CC(*)C(=O)OC(C(F)(F)F)C(F)(F)F,1.270113976
*C(=O)Oc1ccc(OC(=O)c2ccc3c(c2)C(=O)N(c2ccc(Oc4ccc(N5C(=O)c6ccc(*)cc6C5=O)cc4)cc2)C3=O)cc1,5.541306843
*c1ccc(Cc2ccc(N3C(=O)c4ccc(-c5ccc6c(c5)C(=O)N(*)C6=O)cc4C3=O)c(C)c2)cc1C,1.190548149
*c1ccc2c(c1)C(=O)N(c1c(C)cc(Cc3cc(C)c(N4C(=O)c5ccc(C(*)(C(F)(F)F)C(F)(F)F)cc5C4=O)c(C)c3)cc1C)C2=O,1.135936786
*c1ccc(Oc2ccc(C3(c4ccc(Oc5ccc(N6C(=O)c7ccc(Oc8ccc(C9(c%10ccc(Oc%11ccc%12c(c%11)C(=O)N(*)C%12=O)cc%10)CCC(C(C)(C)C)CC9)cc8)cc7C6=O)cc5)cc4)CC4CC3C3CCCC43)cc2)cc1,68.51346692
*/C=C\CCCC*,1.192891903
*CCCCCCN(C)C(=O)CCCCC(=O)N(*)C,1.624206295
*CCCCCCOC(=O)Nc1ccc(Cc2ccc(NC(=O)O*)cc2)cc1,1.360474776
*CC(*)C(=O)OCCC#N,2.722244254
*c1ccc(Oc2ccc(S(=O)(=O)c3ccc(Oc4ccc(N5C(=O)c6ccc(C(=O)c7ccc8c(c7)C(=O)N(*)C8=O)cc6C5=O)cc4)cc3)cc2)cc1,20.65309566
*CC(*)OCC(C)(C)CC,1.109480123
*CC(*)C1CCCC1,1.006402354
*CC(*)c1ccc(C(C)=O)cc1,2.64544266
*CC(*)(C)C(=O)OC,1.22540091
*CC(*)C(=O)Oc1ccccc1C(=O)OCC,1.688296176
*c1ccc(-c2ccc(-n3c(=O)c4cc5c(=O)n(*)c(=O)c5cc4c3=O)c(OC)c2)cc1OC,1.293171475
*C1C2CC(C)C(C2)C1*,1.00888856
*CC(*)OC(=O)c1ccccc1Cl,1.398783907
*CCCCCC(=O)N*,1.353032637
*CC(*)c1ccc(C(=O)O)c(C(=O)O)c1,1.727191225
*CCCCCNC(=O)O*,1.347802809
*CC(OC)C1C(=O)OC(=O)C1*,1.763375694
*c1ccc(Cc2ccc(N3C(=O)c4ccc(Oc5ccc6c(c5)C(=O)N(*)C6=O)cc4C3=O)cc2)cc1,1.234502537
*CC(*)CNc1ccc([N+](=O)[O-])c(C(F)(F)F)c1,1.768873587
*c1ccc(Oc2cccc(N3C(=O)c4ccc(-c5cccc6c5C(=O)N(*)C6=O)cc4C3=O)c2)cc1,1.274478388
*NC(CCC(=O)OCc1ccccc1)C(*)=O,1.542141731
*C(=O)c1ccc2c(c1)C(=O)N(c1ccc(Sc3ccc(N4C(=O)c5ccc(*)cc5C4=O)cc3)cc1)C2=O,1.279899353
*Oc1ccc(S(=O)(=O)c2ccc(OC(=O)c3ccc(C(*)=O)cc3)cc2)cc1,1.503444765
*CC(*)CCC(C)(C)C,1.025437166
*CC(*)C(=O)OCC=C,1.440139564
*C(=O)Nc1cccc(C#Cc2cccc(N3C(=O)c4ccc(*)cc4C3=O)c2)c1,1.415141193
*CC(*)c1ccc(C(=O)CCCCC)cc1,1.572357186
*c1ccc(Oc2ccc(C(C)(C)c3ccc(Oc4ccc(-n5c(=O)c6cc7c(=O)n(*)c(=O)c7cc6c5=O)cc4)cc3)cc2)cc1,4.401392695
*CC(*)c1ccc(COC(C)CC)cc1,1.424542255
*/C(C)=C(/*)C(C)C,1.018233251
*c1ccc(Cc2ccc(N(*)Cc3ccccc3)cc2)cc1,1.070181062
*CC(*)c1ccc(C(=O)c2ccc(OC)cc2)cc1,1.499824306
*C(=O)c1ccc2c(c1)C(=O)N(c1ccc(-c3ccc(N4C(=O)c5ccc(*)cc5C4=O)c(C)c3)cc1C)C2=O,1.235684312
*c1ccc(Oc2ccc(N3C(=O)C4CCC5C(=O)N(*)C(=O)C5C4C3=O)cc2)cc1,1.294978746
*CC(*)c1ccc(CC)cc1,1.022468765
*CC(*)c1ccc(CCCCCCCCCCCCCC)cc1,1.016581417
*c1cccc(P(=O)(c2ccc(C(F)(F)F)cc2)c2cccc(-n3c(=O)c4c(-c5ccccc5)c5c(=O)n(*)c(=O)c5c(-c5ccccc5)c4c3=O)c2)c1,1.177815695
*CCC=C(*)C,1.029798571
*CC(*)OCC(CC)CCCC,1.077548326
*C(c1ccccc1)C(*)[N+](=O)[O-],1.468733288
*CC(*)(C)OC,1.109964294
*CC(*)c1ccccc1COC(C)C,1.380149905
*CC/C=C(\*)Cl,1.139878979
*c1ccc2c(c1)C(=O)N(c1ccc(-c3ccc(Oc4ccc5c(c4)C(C)(c4ccc(Oc6ccc(-c7ccc(N8C(=O)c9ccc(C(*)(C(F)(F)F)C(F)(F)F)cc9C8=O)cc7)cc6C(F)(F)F)cc4)CC5(C)C)c(C(F)(F)F)c3)cc1)C2=O,49.1047547
*CC(*)OC(=O)CCCCCCCCC,1.209414726
*C(=O)Oc1ccc(OC(=O)c2ccc3c(c2)C(=O)N(c2ccc(C(=O)Oc4ccc(N5C(=O)c6ccc(*)cc6C5=O)cc4)cc2)C3=O)cc1,9.306702555
*c1ccc(Oc2ccc(N3C(=O)c4ccc(C(=O)c5ccc6c(c5)C(=O)N(*)C6=O)cc4C3=O)cc2)cc1,1.290004509
*CC(*)c1cc(C)c(C)cc1C,1.031375261
*C(=O)Nc1ccc(Oc2ccc(NC(=O)c3ccc4c(c3)C(=O)N(c3ccc(S(=O)(=O)c5ccc(N6C(=O)c7ccc(*)cc7C6=O)cc5)cc3)C4=O)cc2)cc1,54.74856695
*Oc1c(C)cc(*)cc1C,1.033810657
*c1ccc(Oc2ccc(C(c3ccc(Oc4ccc(-n5c(=O)c6cc7c(=O)n(*)c(=O)c7cc6c5=O)cc4)cc3)(C(F)(F)F)C(F)(F)F)cc2)cc1,1.169421618
*CC(*)C(=O)Oc1ccc(C(=O)OCC)cc1,1.465988927
*CC(*)C(=O)OCC(F)(F)C(F)(F)F,1.583437563
*CC(*)C(=O)Oc1ccc(C(=O)OCCCC)cc1,1.378245649
*CC(*)c1ccccc1COCCC(C)C,1.281139457
*c1ccc(S(=O)(=O)c2ccc(-n3c(=O)c4cc5c(=O)n(*)c(=O)c5cc4c3=O)cc2)cc1,1.382407846
*CC(*)OC,1.383889161
*NC1CCC(CC2CCC(NC(=O)CCCCCCCCCCCCC(*)=O)CC2)CC1,11.08992215
*CCCCN(C)C(=O)c1ccc(C(=O)N(*)C)cc1,1.571905613
*CC(*)c1ccccc1COCCCCC,1.362857333
*CC(*)C(=O)OCCCCCCC,1.207477582
*CC(*)C(=O)c1ccc(Br)cc1,1.191365295
*c1ccc2c(c1)-c1nc3cc(Oc4ccc5nc6n(c5c4)C(=O)c4cc(C(*)(C(F)(F)F)C(F)(F)F)ccc4-6)ccc3n1C2=O,1.180564927
*c1ccc(Oc2ccc(Oc3ccc(N4C(=O)c5ccc(-c6ccc7c(c6)C(=O)N(*)C7=O)cc5C4=O)cc3)cc2)cc1,1.226668723
*c1ccc(S(=O)(=O)c2ccc(N3C(=O)c4ccc(C(c5ccc6c(c5)C(=O)N(*)C6=O)(C(F)(F)F)C(F)(F)F)cc4C3=O)cc2)cc1,1.268102013
*CCc1ccc(*)c(Cl)c1,1.143367035
*CCCCNC(=O)CCCCCCCCC(=O)N*,1.470451122
*CC(*)(C)C(=O)OCCCC,1.147279
*CCCCCCC(=O)N*,1.362406888
*CC(*)c1ccccc1C(=O)OCCCCCC,1.182254308
*CC(*)c1ccccc1C(=O)NC,1.537970297
*C(F)(F)C(*)(F)OC(F)C(F)F,2.016902433
*/C=C\CCC*,1.350753659
*CC(*)OC(=O)CC1CCCCC1,1.210057947
*CC(*)(C(=O)OC)c1ccccc1,1.14780433
*CC(*)(C)CC,1.018119756
*c1ccc2c(c1)-c1nc3cc(-c4ccc5nc6n(c5c4)C(=O)c4cc(C(*)(C(F)(F)F)C(F)(F)F)ccc4-6)ccc3n1C2=O,1.169548136
*c1ccc(Oc2ccc(-c3ccc(Oc4ccc(N5C(=O)c6ccc(-c7ccc8c(c7)C(=O)N(*)C8=O)cc6C5=O)cc4)cc3)cc2)cc1,42.10442131
*CC(*)c1ccc(C)cc1,1.032020153
*CC(*)(C)C(=O)OC(C)CC,1.135240401
*c1ccc(-c2ccc(-n3c(=O)c4cc5c(=O)n(*)c(=O)c5cc4c3=O)cc2OC(F)(F)F)c(OC(F)(F)F)c1,1.230231468
*NC(CCC(=O)OCCC)C(*)=O,1.577587982
*C(=O)Nc1ccc(Cc2ccc(NC(=O)c3ccc(N4C(=O)c5ccc(*)cc5C4=O)cc3)cc2)cc1,1.610029419
*NC(CCC(=O)OC)C(*)=O,1.929776285
*c1cccc(P(=O)(c2ccc(C(F)(F)F)cc2)c2cccc(-n3c(=O)c4c(-c5ccc(C(F)(F)F)cc5)c5c(=O)n(*)c(=O)c5c(-c5ccc(C(F)(F)F)cc5)c4c3=O)c2)c1,1.184719034
*CC(*)C(=O)OC1CC2CCC1(C)C2(C)C,1.15064734
*CC(*)CCCCCCCCCCCCCC,1.01755688
*c1cccc(P(=O)(c2ccc(C(F)(F)F)cc2)c2cccc(-n3c(=O)c4c(-c5cc(C(F)(F)F)cc(C(F)(F)F)c5)c5c(=O)n(*)c(=O)c5c(-c5cc(C(F)(F)F)cc(C(F)(F)F)c5)c4c3=O)c2)c1,1.171238271
*CCC(*)(C)C,1.028855979
*CCCCCCCCCC(=O)N*,1.268062131
*CC(*)(CC(=O)OC1CCCCC1)C(=O)OC1CCCCC1,1.122837147
*CC(*)c1ccc(C(=O)c2ccccc2)cc1,1.429764907
*C(=O)c1ccc2c(c1)C(=O)N(c1ccc(Oc3cccc4c(Oc5ccc(N6C(=O)c7ccc(*)cc7C6=O)cc5)cccc34)cc1)C2=O,2.274736845
*CC(*)CCCCCCCCC,1.010767547
*CC(*)c1ccc(C(=O)C(F)(F)F)cc1,1.395057786
*Oc1ccc(C(c2ccc(OC(*)=O)cc2)(C(F)(F)F)C(F)(F)F)cc1,1.343128497
*CC(*)c1ccc(C#N)cc1,1.395272785
*CC(*)c1ccc(CCCCCCCC)cc1,1.023455355
*CC(*)N1CCNC1,1.220278514
*Oc1ccc2ccc(OC(=O)Oc3ccc(OC(*)=O)cc3)cc2c1,1.482401928
*c1ccc(Oc2cccc3c(Oc4ccc(N5C(=O)c6ccc(Oc7ccc8c(c7)C(=O)N(*)C8=O)cc6C5=O)cc4)cccc23)cc1,1.476149228
*CC(*)c1ccccc1C(=O)OCCCC,1.209336675
*C(OC(F)(F)F)C(*)(F)F,1.126706795
*C(=O)Nc1ccc(Oc2ccc(N3C(=O)c4ccc(*)cc4C3=O)cc2)cc1,1.42395354
*CC(*)c1ccc(COCCOCCCCCCCC)cc1,1.590282985
*CC(*)C(=O)OCCCCCC,1.208105233
*C(=O)Oc1ccc(C(C)(C)c2ccc(OC(=O)c3ccc4c(c3)C(=O)N(c3ccc(Oc5ccc(N6C(=O)c7ccc(*)cc7C6=O)cc5)cc3)C4=O)cc2)cc1,27.44349184
*CC(*)c1ccc(COCCCCCCOc2ccc(-c3ccc(OC)cc3)cc2)cc1,2.557379054
*CC(C)O*,1.366860082
*CC(*)C(=O)OCCCCCCCCCCCCCCCCCCCCCC,6.053845411
*c1ccc(Oc2cccc(Oc3ccc(N4C(=O)c5ccc(-c6cccc7c6C(=O)N(*)C7=O)cc5C4=O)cc3)c2)cc1,1.243741384
*Oc1ccc(C2(c3ccc(OC(*)=O)cc3)c3ccccc3-c3ccccc32)cc1,1.224323525
*Oc1ccc(C2(c3ccc(OC(*)=O)cc3)CCCC2)cc1,1.297429766
*CC(*)OC(=O)C(C)(C(C)C)C(C)C,1.142081893
*C(=O)c1ccc2c(c1)C(=O)N(c1c(C)cc(Cc3cc(C)c(N4C(=O)c5ccc(*)cc5C4=O)c(C)c3)cc1C)C2=O,1.222452852
*Oc1cccc(OC(=O)c2ccccc2/C=C/c2ccc(/C=C/c3ccccc3C(*)=O)cc2)c1,1.324509565
*CCCCCCCCOC(=O)c1cccc(C(=O)O*)c1,1.29985694
*C(*)C(=O)OC(C)C,1.319022433
*CCOC(=O)Nc1cccc2c(NC(=O)O*)cccc12,1.632148713
*CC(*)c1ccccc1C(=O)N(C)C,1.252153356
*C(=O)Nc1ccc(NC(=O)c2ccc3c(c2)C(=O)N(c2ccc(S(=O)(=O)c4ccc(N5C(=O)c6ccc(*)cc6C5=O)cc4)cc2)C3=O)cc1,13.39886195
*CC(*)OC(=O)c1cccc([N+](=O)[O-])c1,1.586262676
*c1ccc(-c2ccc(N3C(=O)c4ccc(-c5ccc6c(c5)C(=O)N(*)C6=O)cc4C3=O)c(C)c2)cc1C,1.193234613
*c1c(C)cc(C(c2cc(C)c(N3C(=O)c4ccc(-c5ccc6c(c5)C(=O)N(*)C6=O)cc4C3=O)c(C)c2)c2cccc3ccccc23)cc1C,1.143121633
*CCc1cc(C)c(*)cc1C,1.033254795
*c1ccc(Cc2ccc(N3C(=O)c4ccc(-c5ccc6c(c5)C(=O)N(*)C6=O)cc4C3=O)cc2)cc1,1.221329021
*CC(*)OCC(C)(C)C,1.127873237
*CC(*)C(=O)OC(CC)CC,1.229740994
*CC(*)C(=O)OC1CCCCC1,1.23483078
*c1ccc(Oc2ccc(C(C)(C)c3ccc(Oc4ccc(N5C(=O)C6CCC7C(=O)N(*)C(=O)C7C6C5=O)cc4)cc3)cc2)cc1,1.218375263
*CCCCCCNC(=O)c1cccc(C(=O)N*)c1,1.551489055
*c1ccc(Oc2ccc(C(C)(C)c3ccc(Oc4ccc(N5C(=O)c6ccc(-c7ccc8c(c7)C(=O)N(*)C8=O)cc6C5=O)cc4)cc3)cc2)cc1,23.59529337
*OC(C)COC(*)=O,1.296255129
*C(=O)c1ccc2c(c1)C(=O)N(c1ccc(Oc3ccc(C(=O)c4cccc(C(=O)c5ccc(Oc6ccc(N7C(=O)c8ccc(*)cc8C7=O)cc6)cc5)c4)cc3)cc1)C2=O,26.69336235
*CCCCCCOC(=O)Nc1ccc(NC(=O)O*)cc1,1.485902998
*CC(*)c1ccc(C(C)(O)CCCCC)cc1,1.645586495
*C(=O)c1ccc2c(c1)C(=O)N(c1ccc(-c3ccc(N4C(=O)c5ccc(*)cc5C4=O)cc3)cc1)C2=O,1.292735532
*CC(*)c1ccc(C(=O)N2CCOCC2)cc1,1.324068178
*CC(*)CCCCCCC,1.013095056
*CCC(c1ccccc1)C(*)c1ccccc1,1.031374959
*Oc1ccc(S(=O)(=O)c2ccc(*)cc2)cc1,1.352619256
*Oc1ccc(C(CCC)(CCC)c2ccc(OC(*)=O)cc2)cc1,1.243045772
*OC(C)CC(*)=O,1.678558143
*c1ccc2c(c1)C(=O)N(c1cccc(S(=O)(=O)c3cccc(N4C(=O)c5ccc(C(*)(C(F)(F)F)C(F)(F)F)cc5C4=O)c3)c1)C2=O,1.273707373
*CCCCOc1ccc(C(=O)OCCOC(=O)c2ccc(O*)cc2)cc1,1.299405114
*NC(=O)NCCCCCCNC(=O)Nc1ccc(Cc2ccc(*)cc2)cc1,1.408238889
*c1ccc(Oc2ccc(C(c3ccc(Oc4ccc(N5C(=O)c6ccc(Oc7ccccc7Oc7ccc8c(c7)C(=O)N(*)C8=O)cc6C5=O)cc4C(F)(F)F)cc3)(C(F)(F)F)C(F)(F)F)cc2)c(C(F)(F)F)c1,22.21846769
*CCCC(=O)N*,1.642314546
*c1ccc(Oc2ccc(-c3ccc(Oc4ccc(N5C(=O)c6ccc(Oc7ccc(C8(c9ccc(Oc%10ccc%11c(c%10)C(=O)N(*)C%11=O)cc9)CCCCCCCCCCC8)cc7)cc6C5=O)cc4)cc3C)c(C)c2)cc1,111.0002338
*/C(Cl)=C(/*)c1ccccc1,1.104328961
*C(=O)c1ccc2c(c1)C(=O)N(c1ccc(Oc3ccc(-c4ccc(Oc5ccc(N6C(=O)c7ccc(*)cc7C6=O)cc5)cc4)cc3)cc1)C2=O,10.30908403
*c1ccc(Oc2ccc(-c3ccc(Oc4ccc(-n5c(=O)c6cc7c(=O)n(*)c(=O)c7cc6c5=O)cc4)cc3)cc2)cc1,1.189391871
*c1ccc(Oc2ccc(C3(c4ccc(Oc5ccc(N6C(=O)c7ccc(Oc8ccc(C9(c%10ccc(Oc%11ccc%12c(c%11)C(=O)N(*)C%12=O)cc%10)CCCCCCCCCCC9)cc8)cc7C6=O)cc5)cc4)CCC(C(C)(C)C)CC3)cc2)cc1,79.58929468
*c1ccc(-c2ccc(-n3c(=O)c4cc5c(=O)n(*)c(=O)c5cc4c3=O)c(C)c2)cc1C,1.190053515
*C(=O)Oc1ccc(C(C)(C)c2ccc(OC(=O)c3ccc4c(c3)C(=O)N(c3ccc(-c5ccc(N6C(=O)c7ccc(*)cc7C6=O)c(C)c5)cc3C)C4=O)cc2)cc1,41.3243261
*Oc1cccc2c(OC(=O)Oc3ccc(OC(*)=O)cc3)cccc12,1.485308314
*CC(*)C(=O)OC(C)(C)C,1.366606417
*CC(*)OCCCCCCCCCCCC,1.092133253
*CCOC(=O)c1ccc(-c2ccc(C(=O)O*)cc2)cc1,1.295378753
*Oc1ccc(SC(=O)Oc2ccc(C(C)(C)c3ccc(OC(=O)Sc4ccc(*)cc4)cc3)cc2)cc1,1.169449604
*CCOC(=O)Nc1ccc(-c2ccc(NC(=O)O*)cc2)cc1,1.48871285
*CCCCCCCC(=O)N*,1.294762284
*c1cccc(P(=O)(c2ccccc2)c2cccc(-n3c(=O)c4c(-c5ccccc5)c5c(=O)n(*)c(=O)c5c(-c5ccccc5)c4c3=O)c2)c1,1.226815413
*c1ccc(Oc2ccc(N3C(=O)c4ccc(Oc5ccc(C(c6ccc(Oc7ccc8c(c7)C(=O)N(*)C8=O)cc6)(C(F)(F)F)C(F)(F)F)cc5)cc4C3=O)cc2)cc1,18.14557651
*CC(*)C(=O)OCc1ccccc1,1.23776778
*CC(*)Cc1ccc(C)cc1,1.03001129
*c1ccc2c(c1)C(=O)N(c1c(CC)cc(Cc3cc(CC)c(N4C(=O)c5ccc(C(*)(C(F)(F)F)C(F)(F)F)cc5C4=O)c(CC)c3)cc1CC)C2=O,1.124067052
*CC(*)(C)C(=O)Oc1c(C)cccc1C,1.117480134
*CC(*)c1cc(C)ccc1F,1.095860839
*/C=C/C(C(=O)OCc1ccc(Cl)cc1)C(*)C(=O)OCc1ccc(Cl)cc1,1.304813622
*CC(*)C(=O)OCCc1ccccc1,1.20394689
*c1ccc2c(c1)Cc1cc(N3C(=O)c4ccc(-c5ccc6c(c5)C(=O)N(*)C6=O)cc4C3=O)ccc1-2,1.220493895
*CC(*)(CC(=O)OCCCC1CCCCC1)C(=O)OCCCC1CCCCC1,1.114242526
*CC(*)c1ccc(C(C)C)cc1,1.039301412
*c1ccc(Oc2ccc(NC(=O)CN3C(=O)c4ccc(C(c5ccc6c(c5)C(=O)N(CC(=O)Nc5ccc(Oc7ccc(-c8nnc(*)o8)cc7)cc5)C6=O)(C(F)(F)F)C(F)(F)F)cc4C3=O)cc2)cc1,27.4854572
*CC*,1.003523409
*CC(*)Cc1ccccc1,1.033550671
*c1ccc(Oc2cccc(Oc3ccc(N4C(=O)c5ccc(-c6ccc7c(c6)C(=O)N(*)C7=O)cc5C4=O)cc3)c2)cc1,1.231765947
*c1ccc(-c2ccc(N3C(=O)c4ccc(-c5cccc6c5C(=O)N(*)C6=O)cc4C3=O)cc2C)c(C)c1,1.221962211
*CC(*)CCCN(C(C)C)C(C)C,1.100924972
*c1ccc2c(c1)-c1nc3cc(Oc4ccc5c(c4)nc4n5C(=O)c5cc(C(*)(C(F)(F)F)C(F)(F)F)ccc5-4)ccc3n1C2=O,1.184027915
*CCc1ccc(*)c(C)c1,1.030070576
*c1ccc(Oc2ccc(Oc3ccc(N4C(=O)c5ccc(Oc6cccc7c6C(=O)N(*)C7=O)cc5C4=O)cc3)cc2)cc1,2.640491131
*CC(CC(*)(C#N)C(=O)OC)c1ccccc1,1.34776651
*N=P(*)(OCC(F)(F)F)OCC(F)(F)F,2.858831921
*NC(=O)c1ccc(C(=O)Nc2ccc(-c3ccc(*)cc3)cc2)cc1,1.426653097
*CCOC(=O)CCCCCCCCC(=O)O*,1.967635743
*CC(*)C(=O)c1ccccc1O,1.518624554
*c1cccc(N2C(=O)c3ccc(C(=O)c4ccc5c(c4)C(=O)N(*)C5=O)cc3C2=O)c1,1.33572953
*CCCCCCNC(=O)c1ccc(-c2ccc(C(=O)N*)cc2)cc1,1.458644619
*CC(*)CC(C)CC,1.025097805
*CCCCCCNC(=O)N*,1.283663741
*c1ccc(NC(=O)CCCCC(=O)Nc2ccc(S(*)(=O)=O)cc2)cc1,1.788640704
*c1ccc(Oc2cc(C(C)(C)C)ccc2Oc2ccc(N3C(=O)c4ccc(-c5ccc6c(c5)C(=O)N(*)C6=O)cc4C3=O)cc2)cc1,1.2104298
*CC(*)(F)C(C)=O,1.726863919
*CC(*)OC(=O)c1ccccc1,1.262986847
*CC(*)OC(=O)c1cccc(Cl)c1,1.279782848
*Oc1ccc2[nH]c(-c3ccc4sc5ccc(-c6nc7cc(*)ccc7[nH]6)cc5c4c3)nc2c1,1.310434268
*Oc1ccc(S(=O)(=O)c2ccc(Oc3ccc(Cc4ccc(*)cc4)cc3)cc2)cc1,1.212843502
*c1ccc(C(Cl)(Cl)C(*)Cl)cc1,1.113695707
*C(O)C(*)O,6.168845916
*CC(*)(CC(=O)OCCC)C(=O)OCCC,1.335104707
*c1cccc(S(=O)(=O)NCCCCCCNS(*)(=O)=O)c1,1.457859175
*CC(*)OC(=O)c1ccccc1OC(C)=O,1.671305953
*/C=C/CC*,1.173237678
*C(=O)c1ccc2c(c1)C(=O)N(c1c(C)c(C)c(N3C(=O)c4ccc(*)cc4C3=O)c(C)c1C)C2=O,1.244607787
*CC(*)OCCCl,3.734619023
*Oc1c(-c2ccccc2)cc(*)cc1-c1ccccc1,1.042015001
*C(F)(F)C(*)(F)OC(F)(F)F,1.079790918
*CC(CCl)O*,2.764860352
*OC(C)C(*)=O,1.591218812
*CC(*)OCC,1.273879739
*CC(*)(C)C#N,1.340930642
*CC(*)OC(=O)C(F)(F)C(F)(F)C(F)(F)C(F)(F)F,1.204407389
*CC(*)(C)C(=O)Oc1ccc(CC#N)cc1,2.116154145
*c1ccc(Oc2ccc3ccc(Oc4ccc(-n5c(=O)c6cc7c(=O)n(*)c(=O)c7cc6c5=O)cc4)cc3c2)cc1,1.218903018
*Oc1ccc(C(C)(c2ccccc2)c2ccc(OC(=O)c3cccc(C(*)=O)c3)cc2)cc1,1.326995358
*/C=C/C1CC(*)C2C(=O)N(CCCCCC)C(=O)C12,1.188232209
*c1cccc(N2C(=O)c3ccc(Oc4ccc(C(C)(C)c5ccc(Oc6ccc7c(c6)C(=O)N(*)C7=O)cc5)cc4)cc3C2=O)c1,1.243564219
*CC(*)c1cccc(-c2ccc(-c3ccccc3)cc2)c1,1.032543575
*CC(*)(C)c1ccc(C)cc1,1.031902721
*c1ccc(S(=O)(=O)c2ccc(N3C(=O)c4ccc(-c5ccc6c(c5)C(=O)N(*)C6=O)cc4C3=O)cc2)cc1,1.339633632
*c1ccc(Oc2ccc(C3(c4ccc(Oc5ccc(N6C(=O)c7ccc(Oc8ccc(C9(c%10ccc(Oc%11ccc%12c(c%11)C(=O)N(*)C%12=O)cc%10)CCCCCCCCCCC9)cc8)cc7C6=O)cc5)cc4)C4CC5CC(C4)CC3C5)cc2)cc1,36.49034456
*C(=O)Oc1ccc(C(C)(C)c2ccc(OC(=O)c3ccc4c(c3)C(=O)N(c3ccc(-c5ccc(N6C(=O)c7ccc(*)cc7C6=O)cc5)cc3)C4=O)cc2)cc1,41.24985525
*c1ccc(N2C(=O)c3ccc(-c4ccc5c(c4)C(=O)N(*)C5=O)cc3C2=O)c(C)c1,1.241201226
*CC(*)CCCCCCCCCCCC,1.011035723
*CC(*)c1ccccc1C(=O)Oc1ccccc1,1.211242693
*CC(*)(C)CCC,1.016442951
*Oc1cc(C(C)(C)C)c(Oc2ccc(C(=O)Nc3c(C)cc(C(C)(C)c4cc(C)c(NC(=O)c5ccc(*)cc5)c(C)c4)cc3C)cc2)cc1C(C)(C)C,1.993429881
*c1ccc(Oc2ccc(Oc3ccc(-n4c(=O)c5cc6c(=O)n(*)c(=O)c6cc5c4=O)cc3)cc2)cc1,1.220334364
*CC(*)C(=O)C1CCCCC1,1.194022127
*CC(*)c1ccc(C(C)=NO)cc1,1.328854161
*CC(*)CCC(C)CC,1.028083314
*CCCCCCNC(=O)Cc1ccc(C(=O)N*)cc1,1.521895916
*CC1CC(*)C(OC(=O)CCCCCCCCCCOc2ccc(-c3ccc(C#N)cc3)cc2)C1,11.63563645
*CC(*)(CC)C(=O)OCC,1.136016518
*Oc1ccc(C(C)(CCC#N)c2ccc(OC(*)=O)cc2)cc1,1.632520265
*CC(*)c1ccc(Br)cc1,1.118167965
*c1ccc(N2C(=O)c3ccc(-c4ccc5c(c4)C(=O)N(*)C5=O)cc3C2=O)cc1,1.278953079
*CC(*)c1ccc(OCCCC)cc1,1.313609077
*CC(*)(C)C(=O)OCC(=O)c1ccccc1,1.531129121
*Cc1cc(*)c(O)cc1C,1.534098737
*CC(*)(C)C(=O)OCCCCCCCCCCCC,1.076998933
*c1ccc(Oc2ccc(-c3ccc(Oc4ccc(N5C(=O)c6ccc(Oc7cccc(Oc8ccc9c(c8)C(=O)N(*)C9=O)c7)cc6C5=O)cc4)cc3)cc2)cc1,83.8540795
*CC(*)C(=O)c1ccc(C(C)C)cc1,1.248211617
*CC(*)c1ccccc1C(=O)OCCCCC,1.215507833
*c1ccc(-c2ccc(N3C(=O)c4ccc(-c5ccc6c(c5)C(=O)N(*)C6=O)cc4C3=O)cc2)cc1,1.23183296
*CC(*)OC(=O)c1ccncc1,1.226388344
*c1ccc(Oc2c(C)cc(C(C)(C)c3cc(C)c(Oc4ccc(N5C(=O)c6ccc(Oc7ccc(C8(c9ccc(Oc%10ccc%11c(c%10)C(=O)N(*)C%11=O)cc9)CCC(c9ccccc9)CC8)cc7)cc6C5=O)cc4)c(C)c3)cc2C)cc1,84.42748762
*C1C(*)C2CC1C1C=CCC12,1.024185483
*Oc1ccc(C2(c3ccc(OC(*)=O)cc3)CCCCC2)cc1,1.272385578
*c1ccc(Oc2ccc(N3C(=O)c4ccc(Oc5ccc(S(=O)(=O)c6ccc(Oc7ccc8c(c7)C(=O)N(*)C8=O)cc6)cc5)cc4C3=O)cc2)cc1,4.994217929
*CCC=C(*)C(C)C,1.034556659
*CC(*)C(=O)NC(C)C,1.666494306
*/C=C(/*)c1cccc(C#C)c1,1.060358295
*c1ccc(-c2ccc(N3C(=O)c4ccc(Oc5ccc6c(c5)C(=O)N(*)C6=O)cc4C3=O)cc2)cc1,1.245325456
*C(=O)c1ccc2c(c1)C(=O)N(c1cccc(C(=O)Nc3ccc(N4C(=O)c5ccc(*)cc5C4=O)cc3)c1)C2=O,1.465418426
*c1ccc(Oc2ccc(Oc3ccc(N4C(=O)c5ccc(Oc6ccc(C7(c8ccc(Oc9ccc%10c(c9)C(=O)N(*)C%10=O)cc8)CCC(c8ccccc8)CC7)cc6)cc5C4=O)cc3)c(C(C)(C)C)c2)cc1,55.90082839
*CC(*)C(=O)c1ccc(C(C)(C)C)cc1,1.223187687
*Oc1cc(C(C)(C)C)c(Oc2ccc(C(=O)Nc3ccc(C(C)(C)c4ccc(NC(=O)c5ccc(*)cc5)cc4)cc3)cc2)cc1C(C)(C)C,1.601850662
*OC(F)(F)C(F)(F)C(*)(F)F,1.112870469
*C(=O)Oc1ccc(OC(=O)c2ccc3c(c2)C(=O)N(c2ccc(C(=O)Nc4ccc(N5C(=O)c6ccc(*)cc6C5=O)cc4)cc2)C3=O)cc1,20.94194222
*C1CCC(CC2CCC(N3C(=O)C4C5C=CC(C6C(=O)N(*)C(=O)C56)C4C3=O)CC2)CC1,1.286099456
*CC(*)c1ccccc1COCCC,1.465249803
*CC(*)OC(=O)C(F)(F)C(F)(F)C(F)(F)C(F)(F)C(F)(F)C(F)(F)C(F)(F)F,1.135555163
*CC/C=C(/*)C,1.046472067
*c1ccc2c(c1)C(=O)N(c1ccc(Oc3c(C)cc(C(c4cc(C)c(Oc5ccc(N6C(=O)c7ccc(C(*)(C(F)(F)F)C(F)(F)F)cc7C6=O)cc5)c(C)c4)c4cccc5ccccc45)cc3C)cc1)C2=O,25.5199158
*CC(*)c1ccc(COCCC)cc1,1.745745623
*CCC=C(*)Cl,1.184473141
*CC(*)OC(=O)c1ccccc1OC,1.448279087
*/C=C\CCCCC*,1.167757458
*C(=O)Nc1cccc(NC(=O)c2ccc(N3C(=O)c4ccc(*)cc4C3=O)cc2)c1,1.626583188
*CC(*)c1ccc(C(O)CCN2CCCCC2)cc1,1.547009429
*CC(*)c1ccc(C(=O)CCCC)cc1,1.743839871
*c1cccc(Oc2ccc(N3C(=O)c4ccc(C(=O)c5ccc6c(c5)C(=O)N(*)C6=O)cc4C3=O)cc2)c1,1.300891797
*c1ccc(Oc2cccc(Oc3ccc(N4C(=O)c5ccc(C(=O)c6ccc7c(c6)C(=O)N(*)C7=O)cc5C4=O)cc3)c2)cc1,1.694248216
*c1ccc(N2C(=O)c3ccc(C(=O)c4ccc5c(c4)C(=O)N(*)C5=O)cc3C2=O)cc1,1.336863659
*CC(*)CCc1ccccc1C,1.034186319
*CCCOC(=O)c1ccc2cc(C(=O)O*)ccc2c1,1.273085682
*CCC1CC(OC(=O)CCCCCCCCCCOc2ccc(-c3ccc(C#N)cc3)cc2)CC1*,21.41015694
*CCCCCCNC(=O)c1ccc(C(C)(C)c2ccc(C(=O)N*)cc2)cc1,1.426669591
*c1cccc(Oc2ccc(N3C(=O)c4ccc(C(c5ccc6c(c5)C(=O)N(*)C6=O)(C(F)(F)F)C(F)(F)F)cc4C3=O)cc2)c1,1.198836603
*C(=O)c1ccc2c(c1)C(=O)N(c1ccc(C)c(N3C(=O)c4ccc(*)cc4C3=O)c1)C2=O,1.312821065
*CC(*)c1ccc(N(C)C)cc1,1.101359417
*c1ccc(-c2ccc(-c3ccc(-n4c(=O)c5cc6c(=O)n(*)c(=O)c6cc5c4=O)cc3)cc2)cc1,1.186343693
*CC(*)c1c(Cl)cccc1Cl,1.060749525
*c1ccc(-c2ccc(N3C(=O)c4ccc(-c5cccc6c5C(=O)N(*)C6=O)cc4C3=O)c(C)c2)cc1C,1.216367874
*C(=O)c1ccc2c(c1)C(=O)N(c1ccc(C(=O)Nc3cccc(N4C(=O)c5ccc(*)cc5C4=O)c3)cc1)C2=O,1.466343503
*CCCCCCCCCCCCSC(=O)S*,1.12927104
*CC(*)(CC(=O)Oc1ccc(OCCCCCCC)cc1)C(=O)Oc1ccc(OCCCCCCC)cc1,1.324870283
*c1cc(C(c2ccc(O)c(N3C(=O)c4ccc(Oc5ccc6c(c5)C(=O)N(*)C6=O)cc4C3=O)c2)(C(F)(F)F)C(F)(F)F)ccc1O,1.496524778
*CC(*)C(=O)OCC(F)(F)F,2.11544892
*c1cccc(N2C(=O)c3ccc(Oc4ccc5c(c4)C4(CC(C)(C)c6ccc(Oc7ccc8c(c7)C(=O)N(*)C8=O)cc64)CC5(C)C)cc3C2=O)c1,1.18245723
*CC(*)c1cccc(C)c1,1.03437052
*c1cccc(-c2nc3cc(-c4ccc5nc(*)c(-c6ccc7ccccc7c6)nc5c4)ccc3nc2-c2ccc3ccccc3c2)c1,1.050531466
*Oc1ccc(Oc2ccc(C(=O)c3ccc(*)cc3)cc2)cc1,1.209740722
*C=CC(C)CCCCC*,1.05079065
*CC(*)(C)C(=O)OCCBr,2.027927958
*CCCCCCCCCCCCNC(=O)CCCCCCCCCCC(=O)N*,39.58245347
*CC(*)(C)C(=O)OC(C)C,1.163544805
*C=CCC(C)(CC*)C(=O)OC,1.321681729
*CC(*)c1ccccc1,1.029320977
*c1ccc(N2C(=O)c3ccc(C(c4ccc5c(c4)C(=O)N(*)C5=O)(C(F)(F)F)C(F)(F)F)cc3C2=O)cc1,1.21453334
*CC(*)CNc1ccc([N+](=O)[O-])cn1,1.668375977
*c1ccc(C(C)(C)c2ccc(C(C)(C)c3ccc(N4C(=O)c5ccc(Oc6ccc7c(c6)C(=O)N(*)C7=O)cc5C4=O)cc3)cc2)cc1,2.899305073
*C(C)C(*)OCC(C)C,1.096893974
*CC(*)c1ccc(C(=O)OC(C)C)cc1,1.274848163
*CC(*)C1CCCCC1,1.003064534
*OS(=O)(=O)c1ccc(*)cc1,1.302248998
*CC(*)(C)C,1.034822183
*CC(*)OC(=O)c1ccc(OC(=O)CCC)cc1,1.779528638
*CCCCCCOC(=O)CCCCCCCCC(=O)O*,1.858655282
*CCCCCCOC(=O)CCCCCCCC(=O)O*,1.765757475
*c1cccc(N2C(=O)c3ccc(-c4ccc5c(c4)C(=O)N(*)C5=O)cc3C2=O)c1,1.281659778
*Oc1ccc(OC(=O)c2ccc(-c3ccc(C(*)=O)cc3)cc2)cc1C,1.332787766
*CCOC(=O)c1ccc(C(=O)O*)cc1,1.375653625
*CCCCCCCCCCCCNC(=O)CCCCCCCCCCCCCCCCCCC(=O)N*,129.5950827
*CC(*)c1ccccc1F,1.111143755
*CC(*)(C)C(=O)OCc1ccc(Cl)cc1Cl,1.201407369
*Oc1ccc(S(=O)(=O)c2ccc(Oc3ccc(C(C)(C)c4ccc(*)cc4)cc3)cc2)cc1,1.24877945
*CC(*)OC(=O)C1(C)CCCCC1,1.132293967
*c1ccc(Oc2ccc(C3(c4ccc(Oc5ccc(N6C(=O)c7ccc(Oc8ccccc8Oc8ccc9c(c8)C(=O)N(*)C9=O)cc7C6=O)cc5C(F)(F)F)cc4)c4ccccc4-c4ccccc43)cc2)c(C(F)(F)F)c1,18.83884579
*c1ccc(Oc2cc3ccccc3cc2Oc2ccc(N3C(=O)c4ccc(S(=O)(=O)c5ccc6c(c5)C(=O)N(*)C6=O)cc4C3=O)cc2)cc1,1.231033692
*CCCCCCNC(=O)c1ccc(C(=O)N*)cc1,1.537387257
*CC(*)c1ccc(C(=O)Cc2ccccc2)cc1,1.361101386
*c1ccc(Oc2ccc(N3C(=O)c4ccc(-c5ccc6c(c5)C(=O)N(*)C6=O)cc4C3=O)cc2)cc1,1.242350896
*CC(*)Cc1ccc(C)c(C)c1,1.031416559
*CCCCOC(=O)c1ccc(C(=O)O*)cc1,1.371455819
*C(=O)OCCOC(=O)c1ccc(*)o1,1.441177274
*CC(*)c1cccc(Cl)c1,1.121281565
*CC(*)OC(=O)C(C)(C)C(C)C(C)C,1.131382294
*c1ccc(-c2ccc(N3C(=O)c4ccc(-c5ccc6c(c5)C(=O)N(*)C6=O)cc4C3=O)c(OC)c2)cc1OC,1.273356321
*C(=O)c1ccc2c(c1)C(=O)N(c1c(C(C)C)cc(Cc3cc(C(C)C)c(N4C(=O)c5ccc(*)cc5C4=O)c(C(C)C)c3)cc1C(C)C)C2=O,1.190975201
*c1ccc(-n2c(=O)c3cc4c(=O)n(*)c(=O)c4cc3c2=O)cc1,1.319086251
*c1ccc(C(=O)Nc2ccc(-n3c(=O)c4cc5c(=O)n(*)c(=O)c5cc4c3=O)cc2)cc1,1.50936565
*CC(F)(F)C(F)(F)C(F)(F)C(F)(F)COC(=O)O*,1.423870264
*CC(*)C(=O)O,1.6210393
*c1cccc(N2C(=O)c3ccc(C(c4ccc5c(c4)C(=O)N(*)C5=O)(C(F)(F)F)C(F)(F)F)cc3C2=O)c1,1.211949123
*CCCCCCCCCCCCC(=O)N*,1.212202188
*CC(*)C1CCC1,1.013355087
*CC(*)c1cccc(F)c1,1.129561077
*Oc1ccc2ccc(OC(=O)c3ccccc3/C=C/c3ccc(/C=C/c4ccccc4C(*)=O)cc3)cc2c1,1.3556099
*c1ccc(Oc2c(C)cc(Cc3cc(C)c(Oc4ccc(N5C(=O)c6ccc(-c7ccc8c(c7)C(=O)N(*)C8=O)cc6C5=O)cc4)c(C)c3)cc2C)cc1,24.77702362
*CC(*)c1ccc(C)c(C)c1,1.031279833
*C(F)(F)C(*)(OC(F)(F)F)OC(F)(F)F,1.050775544
*Oc1ccc(-c2ccc(OC(=O)CCCCCCCCC(*)=O)cc2)cc1,1.600422384
*CC(*)(C)C(=O)Oc1c(C(C)C)cccc1C(C)C,1.084542191
*C1Cc2ccccc2C1*,1.026239754
*CC(*)OC(=O)C1(F)C(F)(F)C(F)(F)C(F)(F)C(F)(F)C1(F)F,1.137716398
*c1ccc(Oc2ccccc2Oc2ccc(N3C(=O)c4ccc(Oc5ccccc5Oc5ccc6c(c5)C(=O)N(*)C6=O)cc4C3=O)cc2C(F)(F)F)c(C(F)(F)F)c1,1.873321222
*c1ccc(Oc2ccc(Oc3ccc(N4C(=O)c5ccc(C(c6ccc7c(c6)C(=O)N(*)C7=O)(C(F)(F)F)C(F)(F)F)cc5C4=O)cc3)cc2)cc1,1.185080594
*CC1CCC(*)C1,1.021279887
*CC(*)C(=O)Oc1cccc(C(=O)OC)c1,1.597275533
*CC(*)c1cccc(C)n1,1.151469913
*Oc1c(Cl)cc(C(C)(C)c2cc(Cl)c(OC(*)=O)c(Cl)c2)cc1Cl,1.185696135
*CC(*)Cl,1.312382751
*CC(*)C(=O)C(C)(C)C,1.25092176
*c1ccc2c(c1)Cc1cc(-n3c(=O)c4cc5c(=O)n(*)c(=O)c5cc4c3=O)ccc1-2,1.237465069
*C(=O)c1ccc2c(c1)C(=O)N(c1cccc(C(=O)Nc3cccc(N4C(=O)c5ccc(*)cc5C4=O)c3)c1)C2=O,1.48315099
*c1ccc(-c2ccc(N3C(=O)c4cc5c(cc4C3=O)C(C(F)(F)F)(C(F)(F)F)c3cc4c(cc3O5)C(=O)N(*)C4=O)cc2C(F)(F)F)c(C(F)(F)F)c1,1.196413862
*CC(*)CC(C)(C)CC,1.018704981
*Oc1ccc(C(C)(CCC#N)c2ccc(OC(*)=O)c(C)c2)cc1C,1.657741485
*CC(*)CNc1ccc([N+](=O)[O-])cc1,1.752862984
*c1ccc2c(c1)C(=O)N(c1ccc(Oc3cccc(Oc4ccc(N5C(=O)c6ccc(C(*)(C(F)(F)F)C(F)(F)F)cc6C5=O)cc4)c3)cc1)C2=O,7.475686897
*CC(=O)N*,2.648907219
*C(C)C(*)OCC,1.170195139
*CC(*)CCCCCC,1.011569888
*CCOC(=O)c1cccc2c(C(=O)O*)cccc12,1.458783319
*CC(*)P(=O)(OCC)N(C)C,1.451977833
*NC(CCC(=O)OCCCCC)C(*)=O,1.471480637
*CCCCNC(=O)CCCCCCC(=O)N*,1.472742872
*CC(*)C(=O)Oc1ccccc1,1.360236281
*c1ccc(N2C(=O)c3ccc(Oc4ccc5c(c4)C(=O)N(*)C5=O)cc3C2=O)cc1,1.309284171
*Oc1ccc(C(=O)c2ccc(*)cc2)cc1,1.33756578
*CC(*)c1ccc(CCC)cc1,1.024170909
*CC(*)(C)C(=O)OCCC,1.155692794
*CC(*)CCCCCCCCCCCCC,1.014400759
*CC(*)SCC,1.564539789
*C(CC)C(*)CC,1.007663733
*Oc1ccc(OC(=O)c2ccccc2/C=C/c2ccc(/C=C/c3ccccc3C(*)=O)cc2)cc1,1.448046468
*CC(*)(Cl)Cl,1.145011563
*c1ccc(-c2ccc(Oc3ccc(C4(C)CC(C)(C)c5ccc(Oc6ccc(-c7ccc(N8C(=O)c9ccc(Oc%10ccc%11c(c%10)C(=O)N(*)C%11=O)cc9C8=O)cc7)cc6C(F)(F)F)cc54)cc3)c(C(F)(F)F)c2)cc1,40.8924849
*CCCCCCOC(=O)Nc1ccc(C)c(NC(=O)OCCCCCCOc2ccc(-c3ccc(O*)cc3)cc2)c1,21.63211528
*CC(*)P(=O)(Oc1ccccc1)N(C)C,1.275678507
*c1ccc(Oc2ccc(-n3c(=O)c4cc5c(=O)n(*)c(=O)c5cc4c3=O)cc2)cc1,1.262234815
*OC1C(CO)OC(*)C(O)C1O,3.690206174
*C(=O)c1ccc2c(c1)C(=O)N(c1ccc(Cc3ccc(N4C(=O)c5ccc(*)cc5C4=O)cc3)cc1)C2=O,1.268217961
*C(=O)c1ccc2c(c1)C(=O)N(c1cccc(N3C(=O)c4ccc(*)cc4C3=O)c1C)C2=O,1.287729128
*CC(*)OC(=O)c1ccccc1C,1.278699011
*/C=C\CC*,1.273981458
*CC(*)OC(=O)c1cccc(C)c1,1.218544037
*CC(*)c1c(C)cc(C)cc1C,1.0402382
*CCCCCCNC(=O)CCCCCCCCC(=O)N*,1.358425484
*c1ccc(Oc2ccc(C(C)(C)c3ccc(Oc4ccc(N5C(=O)c6ccc(C(=O)c7ccc8c(c7)C(=O)N(*)C8=O)cc6C5=O)cc4)cc3)cc2)cc1,16.84426701
*CC(*)OC(=O)c1ccc(Br)cc1,1.167613614
*CCCCCCN1C(=O)c2ccc(C(c3ccc4c(c3)C(=O)N(*)C4=O)(C(F)(F)F)C(F)(F)F)cc2C1=O,1.220091158
*CC(*)CCCCCCCCCCC,1.013256269
*C(=O)CCCCCCCCC(=O)N1CCN(*)CC1,1.515503235
*CC(*)(C)C(=O)Oc1ccccc1,1.200386973
*Oc1c(C)cc(C(C)(C)c2cc(C)c(ON3C(=O)c4ccc(Oc5ccc(C6(c7ccc(Oc8ccc9c(c8)C(=O)N(*)C9=O)cc7)CCC(C(C)(C)C)CC6)cc5)cc4C3=O)c(C)c2)cc1C,39.10480337
*CC(C)CNC(=O)O*,1.434645741
*CC(*)OC(=O)C1CCCC1,1.229502704
*Oc1ccc(C(=C(Cl)Cl)c2ccc(OC(*)=O)cc2)cc1,1.299429174
*CC(*)P(=O)(c1ccccc1)c1ccccc1,1.234939253
*Oc1ccccc1OC(=O)c1ccccc1/C=C/c1ccc(/C=C/c2ccccc2C(*)=O)cc1,1.32127425
*c1ccc(C)c(N2C(=O)c3ccc(-c4ccc5c(c4)C(=O)N(*)C5=O)cc3C2=O)c1,1.269289518
*/C=C/C(C*)OC,1.795429485
*c1ccc(Oc2ccc(N3C(=O)c4ccc(Oc5ccc6c(c5)C(=O)N(*)C6=O)cc4C3=O)cc2)cc1,1.26699603
*CC(*)c1ccccc1C(=O)OC,1.443575346
*CC(*)c1ccc(COCCOCC)cc1,2.127898777
*CCOC(=O)c1ccc2cc(C(=O)O*)ccc2c1,1.298365137
*CCCCCCOC(=O)O*,1.207265285
*CC(*)c1ccc(C(=O)OCC(C)C)cc1,1.255658
*Oc1ccc(C(CCCC)(CCCC)c2ccc(OC(*)=O)cc2)cc1,1.249222554
*c1ccc2c(c1)C(=O)N(c1cccc(Oc3cccc(Oc4cccc(N5C(=O)c6ccc(C(*)(C(F)(F)F)C(F)(F)F)cc6C5=O)c4)c3)c1)C2=O,1.498985583
*c1ccc(Oc2ccc(N3C(=O)c4ccc(Oc5ccc(C6(c7ccc(Oc8ccc9c(c8)C(=O)N(*)C9=O)cc7)CCC(c7ccccc7)CC6)cc5)cc4C3=O)cc2)cc1,15.40189575
*CC(*)(CC(=O)OCCCCCCC)C(=O)OCCCCCCC,1.167030181
*CC(*)(C)C(=O)OCc1ccc(Cl)c(Cl)c1,1.279630302
*CC(*)C(=O)OCCCCCCCC,1.225488447
*CC(*)c1ccc(C(=O)OCC)cc1,1.331082292
*CC(*)C(C)CC,1.010254049
*CC(*)C(=O)OC(C)C,1.410199426
*CC(*)(C)c1ccccc1,1.032211438
*CCCCCCOC(=O)c1ccc(C(=O)O*)cc1,1.314543802
*CC(*)c1ccc(C(C)C)cc1C(C)C,1.036635153
*CC(*)c1ccc(C(O)CCN2CCOCC2)cc1,1.507952014
*c1ccc(Oc2cc3ccccc3cc2Oc2ccc(N3C(=O)c4ccc(-c5ccc6c(c5)C(=O)N(*)C6=O)cc4C3=O)cc2)cc1,1.211581051
*c1ccc2c(c1)C(=O)N(c1c(C)c(C)c(N3C(=O)c4ccc(C(*)(C(F)(F)F)C(F)(F)F)cc4C3=O)c(C)c1C)C2=O,1.137177637
*CC(*)c1ccc(CCCCCC)cc1,1.028853164
*C(=O)Oc1ccc(OC(=O)c2ccc3c(c2)C(=O)N(C2CCC(N4C(=O)c5ccc(*)cc5C4=O)CC2)C3=O)cc1,1.370807319
*Oc1ccc(C2(c3ccc(OC(=O)c4cccc(C(*)=O)c4)cc3)c3ccccc3-c3ccccc32)cc1,1.258254627
*CC(*)c1ccc(C(=O)N(CC)CC)cc1,1.51933177
*CC(*)(CC(=O)OCCCCCCCC)C(=O)OCCCCCCCC,1.290581549
*c1ccc(Oc2ccc(Oc3ccc(N4C(=O)c5ccc(-c6ccc7c(c6)C(=O)N(*)C7=O)cc5C4=O)cc3)c(C(C)(C)C)c2)cc1,1.183663835
*C#C/C(COS(=O)(=O)c1ccc(C)cc1)=C(/*)COS(=O)(=O)c1ccc(C)cc1,1.646989811
*c1ccc2c(c1)C(=O)N(c1cccc(Oc3ccc(S(=O)(=O)c4ccc(Oc5cccc(N6C(=O)c7ccc(C(*)(C(F)(F)F)C(F)(F)F)cc7C6=O)c5)cc4)cc3)c1)C2=O,13.78444858
*CC(*)c1ccc(-c2ccccc2)cc1,1.031990228
*CC(*)c1ccccc1C(=O)O,1.377762559
*CC(*)OC(=O)CCCC(=O)c1ccccc1,1.812509395
*CC(*)C1CC1,1.042621428
*CC(*)c1ccc(C(C)(O)CCC)cc1,1.444373376
*CC(*)OCCCCCCCCCCCCCCCCCC,2.611334247
*CC(*)C(=O)c1ccc(CC)cc1,1.275346853
*CC(*)CCCCCCCCCCCCCCCCCCCC,2.11575681
*C1CC2CC1C(*)C2CCCC,1.016475803
*Oc1ccc(C(C)(C)c2ccc(OC(=O)c3cccc(C(*)=O)c3)cc2)cc1,1.35769636
*c1ccc2c(c1)C(=O)N(c1c(C)cc(C)c(N3C(=O)c4ccc(C(*)(C(F)(F)F)C(F)(F)F)cc4C3=O)c1C)C2=O,1.148167104
*Cc1cc(C(C)(C)c2ccc3c(c2)CN(C)CO3)cc(CN(*)C)c1O,1.269593309
*CCOC(=O)c1ccc(C(=O)O*)c2ccccc12,1.491014059
*Oc1ccc(S(=O)(=O)c2ccc(Oc3ccc(C(C)(C)c4ccc(*)cc4)cc3[N+](=O)[O-])cc2)cc1,1.385563227
*CC(*)OC(=O)CCl,2.751447306
*c1ccc(Oc2cccc3c(Oc4ccc(-n5c(=O)c6cc7c(=O)n(*)c(=O)c7cc6c5=O)cc4)cccc23)cc1,1.197488704
*Oc1cccc(S(=O)(=O)c2ccc(*)cc2)c1,1.39238843
*CCCCCCCCCCCC(=O)N*,1.231608097
*CC(*)OC(=O)c1ccc(OCC)cc1,1.740122373
*CC(*)C(=O)N1CCCCC1,1.284218784
*CC(*)c1ccc(Cl)c(F)c1,1.234890527
*c1ccc(Oc2ccc(C(=O)c3ccc(Oc4ccc(C5(*)OC(=O)c6ccccc65)cc4)cc3)cc2)cc1,1.279587083
*CC(*)(C)C(=O)OC1CCCCC1,1.119271981
*CCCCCC(=O)O*,2.011024767
*Oc1ccc(C2(c3ccc(OC(*)=O)c(C)c3)CCCCC2)cc1C,1.198299438
*CC(*)c1ccc(C(C)(C)O)cc1,1.955655761
*C=CCC*,1.170729003
*CC(*)C(=O)c1ccccc1,1.408641283
*CC(*)CCCCCCCCCC,1.011496696
*CC(*)(C)C(=O)OCc1ccc(Cl)cc1,1.169676021
*c1ccc2c(c1)C(=O)N(c1c(C)cc(C(c3cc(C)c(N4C(=O)c5ccc(C(*)(C(F)(F)F)C(F)(F)F)cc5C4=O)c(C)c3)c3cccc4ccccc34)cc1C)C2=O,1.115176877
*/C=C/C1CC(*)C2C(=O)N(CCCCC)C(=O)C12,1.225412931
*CCCCOC(=O)CCC(=O)O*,2.088302926
*CC(*)OC(=O)C(C)(C)CCC,1.152108596
*CC(*)CCC1CCCCC1,1.009674486
*c1ccc(N2C(=O)c3ccc(-c4cccc5c4C(=O)N(*)C5=O)cc3C2=O)cc1,1.310025107
*Oc1ccc(C(=O)Nc2cccc(C(O)Cc3ccc(NC(=O)c4ccc(*)cc4)cc3)c2)cc1,1.674672594
*CC(*)c1ccc(C(F)(F)C(F)(F)C(F)(F)C(F)(F)C(F)(F)C(F)F)cc1,1.585490014
*CC(*)c1ccc(OCCC)cc1,1.352244161
*CC(*)C1CCC(C)CC1,1.011691074
*CCCC=C(*)c1ccc(OC)cc1,1.423556461
*CC(*)OC(F)(C(F)(F)F)C(F)(F)F,1.138523663
*CCOCCOC(=O)c1ccc(-c2ccc(C(=O)O*)cc2)cc1,1.404986395
*C(=O)Nc1cccc(NC(=O)/C=C/c2cccc(N3C(=O)c4ccc(*)cc4C3=O)c2)c1,1.58584895
*CCCCCCCCCNC(=O)c1ccc(C(=O)N*)cc1,1.419625423
*CCC=C(*)CCCCCCC,1.016486125
*CC(*)OC(=O)c1ccc(C(C)C)cc1,1.229792743
