SMILES,Calculated Tg (K)
*CC(*)C(F)(F)C(F)(F)F,367.208134775396
*OC(=O)Oc1c(Br)cc(C(C)(C)c2cc(Br)c(*)c(Br)c2)cc1Br,674.771114343105
*CC(*)C1CCCC1,359.472349520793
*OCCOC(=O)CCC(*)=O,355.280620614147
*OC(=O)Oc1ccc(C(C)(CC)c2ccc(*)cc2C)c(C)c1,474.523536121011
*OCCOC(=O)c1ccc2cc(C(*)=O)ccc2c1,483.622355150635
*CC(*)c1ccc(C(C)(C)C)cc1,531.937413633989
*Oc1c(-c2ccccc2)cc(*)cc1-c1ccccc1,562.129838934052
*CCCCO*,237.969286603862
*Oc1ccc(S(=O)(=O)c2ccc(Oc3ccc(S(=O)(=O)c4ccc(*)cc4)cc3)cc2)cc1,647.622987164356
*C(F)(F)C(*)(F)C(F)(F)F,570.465316409599
*CC(*)c1ccc(C(C)CC)cc1,413.58001526578
*CCCO*,245.83031582855
*O[Si](O[Si](C)(C)c1ccc([Si](*)(C)C)cc1)(c1ccccc1)c1ccccc1,322.821492581665
*NCCCCCCCCCCC(*)=O,304.744804614438
*CC(*)(C)C(=O)OC,454.257679580419
*CCC(C)CCC(=O)O*,264.984094720756
*O[Si](*)(C)C,193.259048477146
*Oc1ccc(Oc2ccc(C(=O)c3ccc(*)cc3)cc2)cc1,574.191254291485
*Nc1cccc(NC(=O)c2cccc(C(*)=O)c2)c1,679.997580759694
*C(F)(F)C(*)(F)c1ccccc1,590.339625402846
*CC(*)c1ccc(Cl)c(Cl)c1,475.460156809728
*CC(*)OCCCCCCCCCC,251.161378869628
*O[Si](*)(C)CCC(F)(F)F,396.052375377237
*OC(=O)Oc1ccc(C(c2ccc(*)cc2)(C(F)(F)Cl)C(F)(F)Cl)cc1,553.204924699084
*CC(*)(F)C(F)(F)F,410.128736712219
*c1cccc(C(=O)c2cccc(N3C(=O)c4ccc(C(=O)c5ccc6c(c5)C(=O)N(*)C6=O)cc4C3=O)c2)c1,743.820415639762
*CCOC(=O)CCCCCCCCC(=O)O*,290.654416687706
*CC(*)CCCC(C)C,262.534932531322
*CCC[Si](*)(C)c1ccccc1,254.673074309014
*CC(*)c1ccc(Cl)c(F)c1,503.047849274119
*NCc1cccc(CNC(=O)CCCCC(*)=O)c1,461.270848015917
*CC(*)(C)c1ccc(C)cc1,604.758328909435
*CC(*)c1ccccc1C,493.293421679373
*c1ccc(Oc2ccc(-c3cnc4cc5ncc(*)nc5cc4n3)cc2)cc1,788.924942836568
*CC(*)c1ccccc1OCCCCCCCC,292.841611388225
*CC(*)OCCCCCCCC,221.110333985252
*CC(*)(C)C(=O)OCCO,421.26015037491
*CC(*)CCCC,291.385899775112
*OC(=O)Oc1ccc(C(CCC)c2ccc(*)cc2)cc1,427.186777275025
*C(=O)Nc1ccc(C2(c3ccc(NC(=O)c4ccc(C5(c6ccc(*)cc6)OC(=O)c6ccccc65)cc4)cc3)NC(=O)c3ccccc32)cc1,842.113226571184
*OC(=O)Oc1ccc(C(=C(Cl)Cl)c2ccc(*)cc2)cc1,509.679948899066
*CCOC(=O)c1ccc(O*)cc1,391.142051950408
*CCOC(=O)c1cccc(C(=O)O*)c1,422.191376309563
*CC(*)c1ccc(Cl)cc1C,569.478098893349
*Oc1ccc(S(=O)(=O)c2ccc(Oc3ccc(C(C)(C)c4ccc(*)cc4)cc3)cc2)cc1,562.943995660793
*CC(*)OCC,320.861318875326
*CC(*)(C)C(=O)OCCOC,334.797209704594
*CC(*)c1ccc(OCCCC)cc1,267.488623438059
*CC(*)(C)C(=O)OCC(CC)CC,294.435929554771
*OC(=O)Oc1ccc(C2(c3ccc(*)cc3)CCCCC2)cc1,508.380074996301
*CC(*)CC1CCCCC1,421.944680764617
*C(F)(F)C(*)(F)Cl,423.067767992585
*Oc1ccc(Oc2ccc(Oc3ccc4c(c3)C(=O)N(CCCCCCN3C(=O)c5ccc(*)cc5C3=O)C4=O)cc2)cc1,516.045430138858
*CCOC(=O)c1ccc(C(=O)O*)cc1,434.032377747873
*CC(COC)O*,277.724725385298
*CC(*)OC(C)=O,407.7686528378095
*CC(*)c1ccc2ccccc2c1,532.764365919417
*Oc1ccc(Sc2ccc(Oc3ccc4c(c3)C(=O)N(c3cccc(N5C(=O)c6ccc(*)cc6C5=O)c3)C4=O)cc2)cc1,648.716281682868
*CC(*)CC(C)C,330.036159929939
*c1ccc(-c2nc3cc4nc(*)c(-c5ccccc5)nc4cc3nc2-c2ccccc2)cc1,951.079114495269
*C(=O)Oc1ccc(-c2ccc(OC(=O)c3ccc(C4(c5ccc(*)cc5)OC(=O)c5ccccc54)cc3)cc2)cc1,721.286659292942
*CC(*)OC(=O)C(F)(F)F,407.01555138
*CC(*)c1ccc(OC)cc1C,466.110514094654
*CC(*)C(=O)OCC,301.424399291879
*c1cccc(-c2nc3ccccc3c(-c3ccc(Oc4ccc(-c5c(-c6ccccc6)c(*)nc6ccccc56)cc4)cc3)c2-c2ccccc2)c1,695.308978478013
*CC(CCl)(CCl)CO*,408.466566193854
*CC(*)(C)C(=O)OCCCl,403.690812403381
*CC(*)c1cc(C)cc(C)c1,460.78734983925
*NCCCCCCCCCCNC(=O)CCCCCCCCC(*)=O,302.012277101311
*CC(*)(C)C(=O)OCCC,336.094027531069
*CC(*)c1ccc(C)cc1C,526.021442055552
*CC(*)c1cccc(CO)c1,425.145277023365
*Cc1ccc(C*)c(C#N)c1,476.786434314339
*CC(*)OCCCC,278.419332515715
*CC=C(Cl)C*,293.66118799244
*OC(=O)Oc1ccc(C2(c3ccc(*)cc3)CCCC2)cc1,460.952809148834
*CC(*)C=CC,316.047287302687
*Oc1cccc(OC(=O)c2cccc(C(*)=O)c2)c1,488.695525118649
*CC(*)(Cl)C(=O)OC1CCCCC1,468.077503578155
*CC(COc1ccccc1)O*,329.563978348488
*CC(*)SC,288.143865787563
*Oc1ccc(C(C)(C)c2ccc(Oc3ccc4c(c3)C(=O)N(c3cccc(N5C(=O)c6ccc(*)cc6C5=O)c3)C4=O)cc2)cc1,581.522571448109
*CC(*)c1ccc(COCCCCCC)cc1,313.22550300351
*c1nc(C(F)(F)F)nc(C(F)(OC(F)(F)C(F)(F)C(F)(F)C(F)(F)C(F)(F)C(F)(F)OC(*)(F)C(F)(F)F)C(F)(F)F)n1,364.001398576557
*CC(*)c1ccccc1,438.467487201441
*CC(*)(Cl)C(=O)OCCCC,299.312021556086
*O[Si](*)(CC)CC,137.978175297484
*CC(*)c1ccccc1Cl,554.123788531595
*OC(=O)Oc1ccc(C2(c3ccc(*)cc3)CC3CCC2C3)cc1,594.200012439586
*CC(*)(C#N)C(=O)OC,586.382142410966
*CC(*)CCCCC,234.874525737104
*CC(*)(C)C(=O)OCC(C)C,375.179871455226
*CC(*)CC1CCCC1,369.247505232976
*CC=C(C*)C(C)(C)C,369.294567758393
*NCCCCCCNC(=O)CCCCCCCCC(*)=O,318.776399681153
*c1nc(C(F)(F)C(F)(F)OC(F)(F)F)nc(C(F)(F)C(F)(F)C(F)(F)C(*)(F)F)n1,345.364311753346
*NCc1ccc(CNC(=O)CCCCCCCCC(*)=O)cc1,371.821443947937
*CC(*)C(F)(F)C(F)(F)C(F)(F)F,427.933966844775
*[Si](*)(C)c1ccccc1,529.975106289379
*CC(*)Cc1ccccc1,350.881898062352
*Nc1ccc(NC(=O)c2ccc(C(*)=O)cc2)cc1,676.004838602994
*CC(*)(C)c1ccccc1,580.313489953846
*CC(*)n1c2ccccc2c2ccccc21,460.844398164907
*Cc1ccc(C*)c(CC)c1,371.885683660998
*CC(*)c1ccc(OCCC(C)C)cc1,311.012011850489
*CC(*)(C)C(=O)OCCCCCC,259.415963875809
*CC(*)OC(C)C,307.703539564178
*Cc1ccc(C*)c(Cl)c1,408.691834059738
*c1ccc(-c2ccc(-c3nc4ccc(Oc5ccc6nc(*)c(-c7ccccc7)c(-c7ccccc7)c6c5)cc4c(-c4ccccc4)c3-c3ccccc3)cc2)cc1,713.102258262644
*CCC[Si](*)(c1ccc(C)cc1)c1ccc(C)cc1,382.990190851586
*CC(*)C(=O)OC(C)(C)C,378.438698471127
*CC(*)C(=O)C(C)C,355.615315545325
*Oc1ccc(-c2ccc(Oc3ccc4c(c3)C(=O)N(c3cccc(N5C(=O)c6ccc(*)cc6C5=O)c3)C4=O)cc2)cc1,692.67843261204
*Oc1c(C)cc(*)cc1C,568.128930925171
*OC(=O)Oc1ccc(C(C)(CC)c2ccc(*)cc2Cl)c(Cl)c1,516.958674617387
*CC(*)c1ccc(CO)cc1,455.80566099718
*c1ccc(-c2cnc3ccc(-c4ccc5ncc(*)nc5c4)cc3n2)cc1,850.550739915829
*CC(*)c1ccc(COC)cc1,375.69794968188
*CC*,237.055293759839
*CC(*)c1ccc(COCCC)cc1,323.752995396418
*Oc1ccc(C(=O)c2ccc(Oc3ccc4c(c3)C(=O)N(c3cccc(N5C(=O)c6ccc(*)cc6C5=O)c3)C4=O)cc2)cc1,661.680603548223
*NCCCCCCCC(*)=O,336.198787997751
*c1ccc(-c2nnc(-c3cccc(-c4nnc(*)n4-c4ccccc4)c3)n2-c2ccccc2)cc1,644.796429622886
*CC(*)C#N,483.890332749795
*c1cccc(C(=O)c2cccc(N3C(=O)c4ccc(Oc5ccc(Sc6ccc(Oc7ccc8c(c7)C(=O)N(*)C8=O)cc6)cc5)cc4C3=O)c2)c1,631.209639775547
*CC(*)c1cc(C)ccc1F,468.104749373069
*CC(*)OC(=O)CC,328.609315703697
*OCC(O)COc1ccc(C(C)(C)c2ccc(*)cc2)cc1,457.53373941507
*CC(*)(C)C(=O)OCCCC,296.02624531675
*CC(*)OC(=O)CCl,361.661809895146
*CCOC(=O)CCCCCCCC(=O)O*,241.079173214367
*Oc1ccc(C(*)=O)cc1,589.934086749188
*C(=O)c1ccc(-n2c(=O)c3cc4c(=O)n(-c5ccc(*)cc5)c(=O)c4cc3c2=O)cc1,782.977843112764
*Oc1cccc(Oc2cccc(-n3c(=O)c4cc5c(=O)n(-c6cccc(*)c6)c(=O)c5cc4c3=O)c2)c1,664.989301426639
*CC(*)(F)F,263.246420973109
*CC(*)(C)C(=O)OC(C)CC,324.099890211659
*CC(*)CCC1CCCCC1,301.142199837967
*CC=C(C)C*,236.07422234778
*CC(*)C(=O)OC(C)CCCCCC,256.143459797522
*CC(*)(C)C(=O)Oc1ccccc1,501.4578004373
*CC(*)OCC(C)C,277.660757339841
*OC(=O)c1ccc(C(=O)Oc2ccc(C(C)(C)c3ccc(*)c(C)c3)cc2C)cc1,584.875856890641
*CC(*)CCC(C)C,283.596650537919
*NCCCCCCCCCCCC(*)=O,285.249495438459
*CCOC(=O)c1cccc2c(C(=O)O*)cccc12,433.51543797312
*CC(*)(C)C(=O)OCC(C)O,402.66031891194
*CC(*)c1ccc(-c2ccccc2)cc1,508.567527595378
*CC=C(C*)C(C)C,242.679353026841
*CC=C(C*)CCCC,232.562647781669
*C(F)(F)C1(F)C(F)(F)C(*)(F)C(F)(F)C1(F)F,481.793243725896
*O[Si](c1ccccc1)(c1ccccc1)c1cccc(*)c1,413.153892041637
*c1ccc(-c2nc3cc(-c4ccc5nc(-c6ccccc6)c(*)nc5c4)ccc3nc2-c2ccccc2)cc1,812.785456532842
*c1ccc(N2C(=O)c3ccc(Oc4ccc5c(c4)C(=O)N(*)C5=O)cc3C2=O)cc1,811.169327027709
*N[Si](*)(C)C,267.197133631238
*CC(*)C(=O)OC(C)CC,270.092440229788
*CC(*)(C)C(=O)OCC(C)(C)C,507.577028906263
*CC(*)(C)C(=O)OC(C)(C)C,514.964736146095
*CC(*)C,318.070133795887
*CC(*)(C)C,198.569298559268
*c1ccc(-c2ccc(-c3cc(-c4ccccc4)c4cc(Oc5ccc6nc(*)cc(-c7ccccc7)c6c5)ccc4n3)cc2)cc1,680.76621645318
*CCC[Si](*)(c1ccccc1)c1ccc(N(C)C)cc1,385.100725849258
*Cc1ccc(C*)cc1,386.731279434883
*C[Si](*)(C)C,258.672100173475
*CC(C)S*,320.970198347197
*NCCCCCCNC(=O)c1cccc(C(*)=O)c1,424.340748502891
*OC(=O)Oc1ccc(C(C)(C)c2ccc(*)c(C)c2)cc1Cl,550.892912982035
*CC(*)c1ccc(CCCC)cc1,281.498306741904
*CC(*)N1CCCC1=O,528.353012745947
*CC(*)C(=O)NCCCC,297.254699439435
*CC(*)(C)C(=O)OCC,420.320825100185
*CC(C)O*,260.271677508117
*NCCCCCCC(*)=O,428.678757882458
*OC(=O)Oc1ccc(Cc2ccc(*)cc2)cc1,417.472952050951
*CC(*)C(=O)OCCCCCC,231.80293669172
*NCCCCCCCCCC(*)=O,302.017172137745
*CC(*)(C)C(=O)OC(C)C,455.410665515601
*OC(=O)Oc1cc(C)c(C(C)(C)c2c(C)cc(*)cc2C)c(C)c1,580.425985503941
*Oc1ccc(C(C)(C)c2ccc(OC(*)=O)cc2)cc1,607.678151873461
*c1ccc(-c2cc(-c3ccccc3)c3cc(Oc4ccc5nc(*)cc(-c6ccccc6)c5c4)ccc3n2)cc1,680.852735210615
*CC=C(C*)CCC,240.574271563854
*OC(=O)Oc1c(Cl)cc(C(C)(C)c2ccc(*)cc2)cc1Cl,551.22499988636
*Oc1cccc(*)c1,390.992460648788
*CC=C(C*)CC,220.729780186154
*c1ccc(C(=O)c2ccc(N3C(=O)c4ccc(Oc5ccc(Sc6ccc(Oc7ccc8c(c7)C(=O)N(*)C8=O)cc6)cc5)cc4C3=O)cc2)cc1,649.932532942166
*CC(*)CC,295.376874182349
*CC(*)c1ccc(Br)cc1,511.177742039165
*CC(*)c1c(F)c(F)c(F)c(F)c1F,461.215846311556
*CCOC(=O)CCCCC(=O)O*,362.930763959124
*CC(*)O,412.724457109498
*C(=O)Nc1ccc(C2(c3ccc(NC(=O)c4ccc(C5(c6ccc(*)cc6)OC(=O)c6ccccc65)cc4)cc3)OC(=O)c3ccccc32)cc1,850.079296177823
*CC(*)C(=O)OCC(C)C,268.909513709756
*Cc1ccc(C*)c(C)c1,407.642681286309
*Oc1ccc(-c2ccc(Oc3ccc(S(=O)(=O)c4ccc(*)cc4)cc3)cc2)cc1,619.910664480656
*CCCCCCO*,234.925596116368
*c1ccc(Oc2ccc(-c3nc4ccccc4c(-c4ccc(Oc5ccc(-c6c(-c7ccccc7)c(*)nc7ccccc67)cc5)cc4)c3-c3ccccc3)cc2)cc1,703.482943105141
*CC(*)c1ccc(Cl)c(C)c1,491.580533310897
*CC(*)c1ccc(OCCC)cc1,329.47162276062
*C(=O)Oc1ccc(C2(c3ccc(OC(=O)c4ccc(C5(c6ccc(*)cc6)OC(=O)c6ccccc65)cc4)cc3)OC(=O)c3ccccc32)cc1,767.799340648339
*CCOC(=O)c1ccc(C(=O)O*)c2ccccc12,441.961800955434
*CC(*)c1ccncc1,574.587151052995
*CC(*)C(=O)OCCCCCCC,227.200965653964
*CC(*)(C)C(=O)OCCCCCCCCCCCC,255.137965955934
*CC(*)C(=O)OCCCCCCCCC,221.429828984364
*OC(=O)Oc1ccc(C(C)(CCC)c2ccc(*)cc2)cc1,462.35313829455
*CC(*)c1cc(F)ccc1F,469.184063925827
*CC(*)c1ccc(F)cc1,471.922949588091
*O[Si](*)(C)c1ccccc1,286.910570286293
*CC(COCCCCCC)O*,229.018353182911
*CC(*)c1ccccc1CO,486.369257117389
*CC(*)Cl,423.206705284343
*OCC1CCC(COC(=O)c2ccc(C(*)=O)cc2)CC1,426.86431716734
*CC(*)c1cc(Cl)ccc1Cl,549.875847107562
*CC(*)OC(C)CC,252.134088496219
*CC(*)C(=O)OCCCC,234.962605053117
*CC(COCCCC)O*,233.769643346594
*CC(*)OC=O,388.498750493975
*CC(*)(Cl)C(=O)OCC,548.30579991657
*CC(*)c1cccc2ccccc12,516.93281511117
*OCCCCCC(*)=O,248.725426095468
*CC1CC(*)OCO1,494.085691700349
*c1ccc(C(=O)c2cccc(N3C(=O)c4ccc(Oc5ccc(Sc6ccc(Oc7ccc8c(c7)C(=O)N(*)C8=O)cc6)cc5)cc4C3=O)c2)cc1,626.450859450798
*CC=C(Br)C*,301.2978960724
*OC(=O)Oc1ccc(C(c2ccc(*)cc2)C(C)C)cc1,467.921977056646
*NCCCCCCNC(=O)CCCCC(*)=O,322.930383317086
*CCCCCCCCCCOC(=O)CCCCC(=O)O*,240.192834549303
*CC(*)C1CCCCC1,451.062138931319
*Cc1cc(C)c(C*)cc1C,484.348607700745
*CC(*)C(F)(F)F,365.34992049352
*CC(*)c1ccc(Cl)cc1Cl,508.7783598287
*CC(*)(C)C(=O)OCCC(C)(C)C,359.835342680845
*c1ccc(C(=O)c2ccccc2N2C(=O)c3ccc(Oc4ccc(Sc5ccc(Oc6ccc7c(c6)C(=O)N(*)C7=O)cc5)cc4)cc3C2=O)cc1,667.506230961425
*OC(=O)Oc1ccc(C(CCC)(CCC)c2ccc(*)cc2)cc1,508.937931230929
*c1ccc(C(=O)c2cccc(N3C(=O)c4ccc(C(c5ccc6c(c5)C(=O)N(*)C6=O)(C(F)(F)F)C(F)(F)F)cc4C3=O)c2)cc1,752.291575376262
*CC(*)(C)C(=O)OC1CCCCC1,461.237412491565
*OC(=O)Oc1c(Cl)cc(C(C)(C)c2cc(Cl)c(*)c(Cl)c2)cc1Cl,630.055757574731
*CC(*)(C)C(=O)OCCCCCCCC,272.487977154637
*CCC[Si](*)(C)C,239.977865479746
*CC(*)c1ccccc1CC,433.897350685257
*CC(*)OCCCCC,240.027793688003
*c1cccc(-c2cc(-c3ccc(Oc4ccc(-c5cc(*)nc6ccccc56)cc4)cc3)c3ccccc3n2)c1,706.784047931914
*c1ccc(-c2nc3ccc(Oc4ccc5nc(*)c(-c6ccccc6)c(-c6ccccc6)c5c4)cc3c(-c3ccccc3)c2-c2ccccc2)cc1,646.781932974918
*CCCCOC(=O)CCCCC(=O)O*,249.242179448893
*c1ccc(-c2cnc3ccc(S(=O)c4ccc5ncc(*)nc5c4)cc3n2)cc1,848.573450979519
*OC(=O)c1ccc(C(=O)Oc2ccc(C(C)(C)c3ccc(*)cc3)cc2)cc1,578.207351344371
*c1cccc(-c2nc3cc4nc(*)c(-c5ccccc5)nc4cc3nc2-c2ccccc2)c1,693.392759587515
*CCC[Si](*)(C)c1ccc(N(C)C)cc1,339.630782901109
*CC(*)OCC(CC)CCCC,227.817196883904
*CO*,238.446937371316
*CC(*)c1ccc(C)c(C)c1,482.991504657538
*CC(*)C(=O)OC(CC)CC,263.296463643001
*c1cccc(C(=O)c2cccc(N3C(=O)c4ccc(C(c5ccc6c(c5)C(=O)N(*)C6=O)(C(F)(F)F)C(F)(F)F)cc4C3=O)c2)c1,736.229799628345
*CC(*)C(C)C,376.63882849128
*c1ccc(Oc2ccc(-c3nc4ccc(Oc5ccc6nc(*)c(-c7ccccc7)c(-c7ccccc7)c6c5)cc4c(-c4ccccc4)c3-c3ccccc3)cc2)cc1,656.674491956086
*c1ccc(C(=O)c2ccccc2N2C(=O)c3ccc(C(c4ccc5c(c4)C(=O)N(*)C5=O)(C(F)(F)F)C(F)(F)F)cc3C2=O)cc1,801.036948385732
*OCC(O)COc1cccc(NC(=O)CCCC(=O)Nc2cccc(*)c2)c1,443.85372524657
*CC(*)C(C)C=O,426.695558577805
*[Si](*)(C)C1CCCCC1,452.85984243854
*CC(*)C(=O)O,465.584462082034
*c1ccc(-c2cnc3ccc(C(=O)c4ccc5ncc(*)nc5c4)cc3n2)cc1,770.830371094546
*CC(*)(Cl)Cl,473.340868546868
*CC(*)c1ccc(OC)cc1,439.284281031013
*NCCCCCC(*)=O,332.70937818313
*CC(*)C(=O)OCCCCCCCC,221.878548129785
*c1ccc(C(=O)c2ccc(N3C(=O)c4ccc(C(c5ccc6c(c5)C(=O)N(*)C6=O)(C(F)(F)F)C(F)(F)F)cc4C3=O)cc2)cc1,799.468052176151
*OC(=O)Oc1ccc(C(C)(C)c2ccc(*)cc2)cc1Cl,484.509382934831
*CC(*)(Cl)C(=O)OC(C)C,397.906321136044
*OC(=O)Oc1ccc(C(C)(c2ccccc2)c2ccc(*)cc2)cc1,493.389501642508
*CC(*)CCC,260.385007535967
*CC(*)C(=O)OC,360.828622999145
*c1ccc(Oc2ccc(-c3cc(-c4ccc(Oc5ccc(-c6cc(*)nc7ccccc67)cc5)cc4)c4ccccc4n3)cc2)cc1,663.982217746143
*CC(*)c1cccc(C)c1,452.3462413968
*CC(*)(Cl)C(=O)OC(C)CC,380.000128208318
*CC(*)c1cc(C)ccc1C,508.240108884073
*c1ccc(-c2cnc3ccc(Oc4ccc5ncc(*)nc5c4)cc3n2)cc1,685.539759723706
*CCO*,273.9507222657
*OC(=O)Oc1ccc(C2(c3ccc(*)cc3)CC3CC2C2CCCC32)cc1,638.191394058147
*CC(*)c1ccc(OCC)cc1,399.269335212494
*Oc1ccc(-n2c(=O)c3cc4c(=O)n(-c5ccc(*)cc5)c(=O)c4cc3c2=O)cc1,817.214393934327
*OC(=O)Oc1ccc(C(C)(CC)c2ccc(*)cc2)cc1,465.871018063941
*NC(=O)c1ccc2c(c1)C(=O)N(c1ccc(Cc3ccc(*)cc3)cc1)C2=O,756.938500249569
*OC(=O)Oc1ccc(C(C)(C)c2ccc(*)cc2Cl)c(Cl)c1,488.473160526436
*CC(*)c1cccc(Cl)c1,530.164066990397
*Sc1ccc(*)cc1,512.483405875143
*CC(*)c1ccc(C(C)C)cc1,444.338879702687
*CC(*)(Cl)C(=O)OCCC,393.42220334024
*Oc1ccc(*)cc1,391.31995002652
*CC(*)c1ccccc1F,457.555557810814
*NCCCCCCCCC(*)=O,309.675054872279
*CC(*)OCCCCCC,224.946734557155
*CC(*)C(=O)OC(C)CCCCC,248.021718134209
*CC(*)(C)C#N,502.182678950354
*c1ccc(Oc2ccc(-c3cc(-c4ccccc4)c4cc(Oc5ccc6nc(*)cc(-c7ccccc7)c6c5)ccc4n3)cc2)cc1,652.764732156469
*CC(*)c1ccc(C)cc1,491.487867224429
*CC(*)c1ccccn1,506.58085042561
*CC(*)c1ccc(Cl)cc1,494.992116925954
*CC(*)c1ccc(C(=O)OC)cc1,491.885467515757
*Cc1ccc(C*)c(Br)c1,429.946158705442
*CC(*)OC(=O)CCC,288.038620670443
*OC(=O)Oc1ccc(Sc2ccc(*)cc2)cc1,442.88134644724
*OC(=O)Oc1ccc(C(C)c2ccc(*)cc2)cc1,431.811678839437
*C/C=C\C*,211.73349156608
*CC(*)c1cc(C(C)(C)C)ccc1C,455.048177471128
*c1ccc(N2C(=O)c3ccc(C(=O)c4ccc5c(c4)C(=O)N(*)C5=O)cc3C2=O)cc1,838.251124992112
*OC(=O)Oc1ccc(C(c2ccc(*)cc2)(C(F)(F)F)C(F)(F)F)cc1,516.150444770751
*CC(*)C=C,286.545332214567
*C(F)(F)c1ccc(C(*)(F)F)cc1,460.595915500078
*C(F)(F)C(*)(F)c1c(F)c(F)c(F)c(F)c1F,579.942764248826
*CC1CC(*)OC(CCC)O1,316.402666753529
*Oc1ccc(Oc2ccc(Oc3ccc4c(c3)C(=O)N(c3cccc(N5C(=O)c6ccc(*)cc6C5=O)c3)C4=O)cc2)cc1,642.415406689265
*C(=O)Nc1ccc(Oc2ccc(NC(=O)c3ccc(C4(c5ccc(*)cc5)OC(=O)c5ccccc54)cc3)cc2)cc1,711.246322636308
*c1ccc(-c2ccc(-c3ccc(-c4cnc5ccc(-c6ccc7ncc(*)nc7c6)cc5n4)cc3)cc2)cc1,770.593166840295
*CC(*)C(=O)OCCC,243.069683586561
*CCCCCCCCO*,276.53578092984
