SMILES,eib
*c1cc(CC)c(*)s1,2.0403320286611204
*c1ccc(C(c2ccc(-n3c(=O)c4cc5c(=O)n(*)c(=O)c5cc4c3=O)cc2)(C(F)(F)F)C(F)(F)F)cc1,0.5184772326909464
*NC(C)(C)C(C)(C)C(*)=O,3.7463346653429097
*c1cc2c(s1)-c1sc(*)cc1C2=C(C#N)C#N,0.292656392122872
*NC(CSSCc1ccccc1)C(*)=O,3.6481237828974
*c1c(F)c(F)c(*)c(F)c1F,2.2605712277150376
*OC(*)C(Cl)Cl,3.5739096307771363
*Oc1ccc(NC(=C(C#N)C#N)c2ccc(C(Nc3ccc(*)cc3)=C(C#N)C#N)cc2)cc1,1.2625428845699371
*CCCCCCNC(=O)CCC=CCCC(=O)N*,3.715272334638711
*Oc1ccc(S(=O)(=O)c2ccc(OC(=O)c3cccc(C(*)=O)c3)cc2)cc1,2.463522632232636
*c1ccc(-c2cnc3ccc(-c4ccc5nc(*)cnc5c4)cc3n2)cc1,1.460732240049834
*C(=O)c1ccc(-c2ccc(C(*)=S)cc2)cc1,0.5989344340246294
*c1cc(COCCCCCCOc2ccc(-c3ccc(C#N)cc3)cc2)c(*)s1,2.101724031827839
*c1sc(*)c(OCCOCCCC)c1C,2.584633840562913
*OC(c1ccccc1)C(C)(C)C(*)=O,4.2494617321392925
*c1ccc(-c2ccc(-c3sc(*)c4c3OCCO4)s2)s1,1.7076938073465455
*C([2H])([2H])C(*)([2H])Cl,3.9162102901086033
*c1cc(N2C(=O)c3ccc(P(=O)(c4ccccc4)c4ccc5c(c4)C(=O)N(*)C5=O)cc3C2=O)cc(C(F)(F)F)c1,2.303181317679015
*CC(=O)OC(*)=O,1.8327991344564551
*c1cc(CCCCCCCCCCBr)c(*)s1,2.3571442699674408
*NNC(=O)c1ccc(C(=O)NNC(=O)CCCCC(*)=O)cc1,3.0177105200969727
*CC(*)C(=O)Nc1ccc2c(c1)C(=O)c1ccccc1C2=O,2.1442277071621585
*C(*)O,3.776381918816245
*CCCCCCCCCCOC(=O)NCCCCCCCCCCNC(=O)O*,4.588763439304496
*CCN(*)C(=O)CO,3.5311967270942404
*CC(OC=O)C(COC(=O)O*)OC=O,4.027010558682561
*Oc1ccc(C(=O)CNCCNCC(=O)c2ccc(*)cc2)cc1,2.7019988356899898
*OC(*)(C)C,3.969524553708136
*CCCCCCOc1ccc(C(=O)OC(=O)c2ccc(O*)cc2)cc1,2.7392709674121662
*CC(C)C1C(=O)N(CCC)C(=O)C1*,3.8610806898008168
*CC(C)(C)COC(=O)NC(=O)c1cccc(C(=O)NC(=O)O*)c1,2.3947544686282503
*Cc1cccc(*)c1O,3.487000270352864
*c1ccc(-c2nc3cc(-c4ccc5nc(-c6ccccc6)c(*)nc5c4)ccc3nc2-c2ccccc2)cc1,1.8411974301016505
*Nc1ccc(NC(=O)C=CC(*)=O)cc1,1.3731765182041475
*C=Cc1ccc(*)c(C(=O)OC)c1C(=O)OC,2.8690959743591624
*C=Cc1ccc(*)c2sccc12,1.5875159983809737
*Nc1ccc(C(=O)O*)cc1,1.7027608057828971
*c1ccc(Oc2ccc(-c3cnc4ccc(-c5ccc6ncc(*)nc6c5)cc4n3)cc2)cc1,1.7343923282450135
*CCC(C)CC(=O)O*,3.757759667476007
*c1cc2sc(*)cc2s1,1.5620194033568962
*CC(*)(F)C(=O)OCC(F)(F)C(F)(F)C(F)(F)C(F)(F)C(F)(F)C(F)F,5.031040116987377
*C1CCC1*,4.005295875080157
*CCc1ccc(C(*)=S)s1,1.3475078378926837
*C(F)(F)C1(F)C(F)(F)C(*)(F)C1(F)F,2.157108858219268
*CCC(Cl)=C(*)Cl,3.7814054844468266
*c1cc(OCCOCCOC)c(*)s1,1.9603831607598927
*CC#CC#CCOC(=O)CCC(=O)O*,2.4987497969660866
*OC(C)C#CC#CC(C)OC(=O)c1ccc(C(*)=O)cc1,2.9556204787764817
*CC(C)(C)C(=O)O*,3.972525031912384
*ON(C(F)(F)F)C(F)(Cl)C(*)(F)F,2.9086957548019248
*CC1(C)CC(N2C(=O)c3ccc(-c4ccc5c(c4)C(=O)N(*)C5=O)cc3C2=O)CC(C)(C)C1,1.1570177147918796
*CCOC(=O)C(=O)O*,3.2146417246143564
*C(=O)NNC(=O)c1cccc(*)n1,2.617195623123232
*c1ccc(-c2ccc(-n3c(=O)c4cc5c(=O)n(*)c(=O)c5cc4c3=O)c(OC)c2)cc1OC,0.8295994731481579
*c1ccc(C)c(N2CC(=O)N(*)CC2=O)c1,3.1520494621495274
*Nc1c(Br)cc(*)cc1Br,2.895278872847185
*C=CC(=O)C=Cc1ccc(Sc2ccc(*)o2)o1,1.7069983398548114
*c1ccc(-c2ccc(-c3ccc(-c4ccc(*)s4)cc3)cc2)cc1,2.127411751721893
*CCCCCCCCCNC(=O)N*,3.832037014349678
*c1cc(CCCCCCCC)c(*)s1,2.3275699767499485
*Oc1ccc(Oc2cccc(C(=O)Oc3ccc(OC(=O)c4cccc(*)c4)cc3)c2)cc1,2.722140508508099
*CCC1CC(=O)N(*)C1=O,3.1085676819887285
*C(=O)OCCOC(=O)c1ccc(*)o1,2.3725720952092395
*CCCCc1nc2cc3sc(*)nc3cc2s1,3.358659625670228
*Oc1ccc(N=CCCCC=Nc2ccc(OC(=O)Nc3cc(NC(*)=O)ccc3C)cc2)cc1,2.5640145505962466
*CCCCCCCCCCCNC(=O)c1ccc(C(=O)N*)cc1,3.200556779569515
*c1ccc(-c2ccc(-c3ccc(*)n3C)s2)s1,2.281115161856312
*CC(*)C(=O)C(C)(C)C,3.5904450336542464
*C(=O)c1ccc(-c2ccc(C(*)=S)s2)cc1,1.0707965216845898
*Cc1ccc(-c2ccc(N*)cc2)cc1,3.3206775505142083
*NC(c1ccccc1)C(C)(C)C(*)=O,3.2229928843309863
*c1ccc2cc(N(*)c3ccccc3)ccc2c1,2.648700323684128
*Nc1ccc(*)cc1C(C)C,3.6171397619029135
*c1ccc(-c2nnc(*)o2)c(OCCCCC)c1,1.2976326960282494
*CCCCCCCCCOC(=O)Nc1ccc(C)c(NC(=O)O*)c1,4.21026575005744
*OC(=O)Cc1ccc(CC(*)=O)cc1,2.8746634968907405
*Nc1ccc(NC(=O)CCCCC(*)=O)cc1,3.114406766661436
*Nc1ccc(C(=O)C(*)=S)cc1,0.5763947572887096
*CCN1C(=O)C(=CC=C2SC(=S)N(*)C2=O)SC1=S,0.4735229337135261
*C(=O)Nc1nc(C#N)c(*)n1C,1.380112270505676
*Oc1ccc(OC(=O)C=Cc2ccc(C=CC(*)=O)cc2)cc1,1.1434364617131547
*c1ccc(*)nc1,1.6817394367503815
*OC1C(COC(C)=O)OC(*)C(OC(C)=O)C1OC(C)=O,4.514595140881354
*CC(*)C(=O)Oc1ccc(C#N)cc1,2.962797290081613
*CC(S*)C(C)(C)C,4.629611974248332
*c1sc(*)c(CCCCCCCC)c1C,2.8517991380834657
*c1ccc(-c2ccc(-c3ccc(*)s3)s2)cn1,1.6080178575691575
*CC(*)c1cccc(C)n1,3.867285095064125
*CCOC(=O)CCSCCC(=O)O*,3.379108778609904
*CC(=S)c1ccc(C(*)=S)s1,1.6947171838912047
*c1ccc(N(c2ccc(CCCC)cc2)c2ccc(-c3ccc(*)s3)cc2)cc1,2.56809019713938
*OCC(F)(F)C(F)(F)C(F)(F)COc1nc(F)nc(*)c1F,3.2932396795945933
*c1cc(CCCC(=O)OCC)c(*)[nH]1,3.3774159955026386
*Oc1ccc(OC(=O)CCC(*)=O)cc1,3.10453400761467
*CC(*)(F)C(=O)OCC(F)(F)C(F)(F)F,2.9127837903591067
*c1ccc(-c2ccc(-c3ccc(*)s3)o2)o1,1.9478107828938669
*c1cccc(-c2nc3ccc(-c4ccc5nc(*)sc5c4)cc3s2)c1,1.9397804310126872
*Nc1ccc(-c2ccc(-c3ccc(*)cc3)s2)cc1,2.3209253132430536
*Cc1ccc(C(=O)c2ccc(*)cc2)cc1,1.7638456773684892
*C=Cc1cccc(C=Cc2cc(*)ncn2)c1,1.522312204788244
*c1ccc(-c2nc3cc4sc(*)nc4cc3s2)cc1,1.4160299551945503
*c1ccc(Sc2ccc(-n3c(=O)c4cc5c(=O)n(*)c(=O)c5cc4c3=O)cc2)cc1,0.6507406450739399
*Nc1ccc(*)cc1S(=O)(=O)O,1.759439679867746
*N=C1C=CC(*)C=C1Cl,2.3642079342968065
*CCOC(=O)CCC(=O)OCCOC(=O)c1ccc(C(=O)O*)cc1,1.9597507649651296
*CC(=O)Oc1ccc(*)s1,2.9167064191479835
*C#Cc1sc(-c2sc(*)c3c2OCCO3)c2c1OCCO2,2.0466472881330056
*Cc1ccc(-c2ccc(-c3ccc(*)s3)cc2)s1,2.5695896235389752
*CC(=O)CC(*)=S,0.9489045728639552
*CC(*)(C)C(=O)Oc1ccc2ccccc2c1,3.5036285450711966
*CCSCCO*,4.079536000479241
*CC(*)c1ccc(F)cc1,2.1073966781420816
*Oc1ccc(N=Nc2ccc(C(*)=O)cc2)cc1C,1.1442909369593983
*Oc1ccc(SC(=O)Sc2ccc(*)cc2)cc1,2.4670104868867586
*Nc1cccc(NC(=O)c2cccc(C(*)=O)c2)c1,2.5399643987216534
*c1cc(-c2cc(C)c(Br)cc2C)c(*)s1,1.655088828949816
*OC(=O)c1ccc(C(*)=O)cc1,1.428653204249012
*CC(=S)c1ccc(O*)cc1,1.1353198229005317
*Oc1ccc(S(=O)(=O)NCCNS(=O)(=O)c2ccc(*)cc2)cc1,2.7681314861069586
*c1ccc(-c2nc3cc4nc(*)oc4cc3o2)cc1,1.6660996545930802
*NC(=S)Sc1cc(N)nc(*)n1,1.9626590386117049
*CC(*)C(=O)N(O)c1ccc(Cl)cc1,3.5271362890122444
*CCCCCCn1cc2c(n1)C(=O)c1cn(*)nc1C2=O,1.484956110530968
*c1cnc(*)c(C)c1,2.9882203117874884
*c1ccc(C(C)c2ccc(-n3c(=O)c4cc5c(=O)n(*)c(=O)c5cc4c3=O)cc2)cc1,0.5981583092950125
*c1ccc(C(C=CC)c2ccc(-n3c(=O)c4cc5c(=O)n(*)c(=O)c5cc4c3=O)cc2)cc1,0.5594770493430108
*CC(*)C(F)(F)C(F)(F)C(F)(F)F,4.540711290208039
*c1sc(*)c2nc(C)c(C)nc12,1.9221559454868733
*CC(O)COc1ccc(C(C)(C)c2ccc(O*)c(Cl)c2)cc1Cl,3.894168619885355
*CCOC(=O)Nc1ccc(-c2ccc(NC(=O)O*)c(C)c2)cc1C,2.9512695830662983
*C(=S)N(*)CCC,2.11336847153223
*c1ccc(-c2ccc(-c3cnc4cc(Oc5ccc6nc(*)cnc6c5)ccc4n3)cc2)cc1,1.549491258181258
*CC(O)COc1ccc(S(=O)(=O)c2ccc(O*)c(C)c2)cc1C,2.2223993071815955
*c1nc2ccc(-c3ccc4nc(-c5cccc6cc7c(*)cccc7cc56)sc4c3)cc2s1,1.9192403915885223
*CCCCCCCCCCCCc1nc2cc3sc(*)nc3cc2s1,2.9213841805353207
*CC1(*)CCCCC1,4.282312361674669
*CCc1ccc(Cc2ccc(CCS*)cc2)cc1,3.660169447790509
*CC(*)C(=O)Oc1cccc(C)c1,3.38276700568294
*c1ccc(N2C(=O)N(*)C2=O)cc1,2.7456441033671406
*c1ccc2c(c1)c1cc(*)ccc1n2C=C,2.8329052197332056
*c1ccc(-c2ccc(-c3ccc(-c4nc5cc6sc(*)nc6cc5s4)cc3)c(-c3ccccc3)c2-c2ccccc2)cc1,1.9833025293615805
*CCCCCCCCOC(=O)NCc1ccc(CNC(=O)O*)cc1,3.347741506514743
*CC(*)(Cl)Cl,3.0667918853555167
*Oc1cccc2c(OC(=O)Oc3cccc(OC(*)=O)c3)cccc12,2.1930073899538907
*Cc1ccc(Oc2ccc(*)s2)cc1,3.232400478200266
*Oc1cc(Cl)cc(Cl)c1*,3.6659224529906247
*Cc1ccc(Oc2ccc(*)s2)s1,2.9560894019328963
*C(=O)CCCCCCCCC(=O)N1CCN(*)CC1,3.993107753888677
*CC(C)/C=C\*C,3.7314421328144975
*Oc1ccc(-c2ccc(-c3ccc(*)cc3)s2)s1,2.8566544169315824
*Nc1ccc(Nc2ccc(*)s2)cc1,3.3509501476736165
*Cc1ccc(Cc2ccc(*)s2)s1,3.2118340807231407
*C(=O)c1ccc(N(*)C)cc1,2.8601266970401875
*CCCS(=O)(=O)CCCCS(=O)(=O)CCCOC(=O)O*,4.163464427770869
*C1C(=O)OC(=O)C1C1C2CC(C(=O)OC3CCCCC3)C(C2)C1*,4.159935655225092
*CCCCCCOC(=O)SSC(=O)O*,3.5525494433860065
*CCCCCCCOC(=O)NCCCCCCNC(=O)O*,4.399517088928637
*CCCCCc1nnc(*)o1,3.7888875024135023
*/C=C\C(C#N)C*,2.4547441888306567
*Oc1ccc(Oc2ccc(C(=O)c3ccc(*)cc3)cc2)cc1CO,2.0025611508473284
*Cc1ccc(C(=O)C(*)=S)cc1,0.9166989809765091
*Oc1ccc(C(c2ccc(OC(*)=O)cc2)C(Cl)Cl)cc1,3.057282788553901
*c1ccc(-c2cc(CCCCCCBr)c(*)s2)s1,1.604710703647008
*C1CCC2C(*)CCC12,4.047422932849779
*Nc1nc(*)nc(Cl)n1,2.1111272343276632
*CCCCCCCc1nnc(*)o1,4.147203476822587
*C1CC(*)(C#N)C1,3.0604044245419733
*OC(c1ccc(Cl)cc1)C(C)(C)C(*)=O,3.572768980832129
*N=Cc1ccc(C=Nc2sc(*)c(C#N)c2C#N)cc1,0.1052331688744621
*c1nc2cc3nc(-c4ccc(*)o4)[nH]c3cc2[nH]1,1.958350123070704
*CC(CO*)(COC=O)COC=O,3.84558190181866
*Nc1ccc(C(=O)O*)s1,1.7803037715322068
*Oc1ccc(C(C)(C)c2ccc(OC(*)=O)c(C)c2)cc1C,4.065412007484826
*CCCCC(=O)OCCOC(=O)c1ccc(O*)cc1,4.3038869091410135
*c1ccc(S(=O)(=O)c2ccc(-n3c(=O)c4cc5c(=O)n(*)c(=O)c5cc4c3=O)cc2)cc1,0.4134813190914133
*Oc1ccc(Oc2ccc(C(=O)c3ccc(*)cc3)cc2)cc1COC,2.9924605542727094
*c1[nH]c(*)c2c1CCC2,3.2945002154942817
*Oc1cc(C)c(*)cc1C,3.6053121284487113
*c1ccc(-c2ccc(-n3c(=O)c4cc5c(=O)n(*)c(=O)c5cc4c3=O)cc2F)c(F)c1,0.4204993392037473
*c1ccc2c(c1)C(=O)N(c1ccc(C(C)(C)C(*)(C(F)(F)F)C(F)(F)F)cc1)C2=O,1.290733369373647
*CC(Cl)C(Cl)C(*)Cl,3.5954208159232093
*NNC(=O)c1cccc(C(=O)NNC(=S)c2cccc(C(*)=S)c2)c1,1.3387990327554309
*CCN*,3.733477392581305
*C(=O)c1ccc(C(=O)C(*)=S)cc1,0.8675076186842623
*C=Cc1cc(Cl)c(*)cc1Cl,1.7059672973867293
*c1cc(C=O)cc(*)c1O,1.6136264115186467
*CC(*)OC(=O)C(F)(F)F,3.6695385006852166
*Nc1ccc(NC(=O)c2ccc(C(*)=O)cc2F)cc1F,2.365606380243638
*C/C=C\CC*,4.018682574536822
*CCOC(=O)Nc1cc(NC(=O)O*)ccc1C,3.8557600565223855
*Sc1ccc(Cc2ccc(SC(*)=O)cc2)cc1,3.5093811769676475
*Oc1cccc(C(=O)c2cccc(Oc3cccc(*)c3)c2)c1,1.7550707077937862
*CCCCCNC(=O)N*,3.7604522460277887
*C/C=C\C*,3.861967351804707
*c1ccc(Oc2ccc(-c3cnc4cc(-c5ccc6nc(*)cnc6c5)ccc4n3)cc2)cc1,1.6059208595052137
*CC(OC(C)=O)C(COC(=O)O*)OC(C)=O,3.942041556658239
*CC(=O)c1ccc(C(*)=O)s1,1.1651177540826594
*C(=O)Nc1ccc(Oc2ccc(N3C(=O)c4ccc(*)cc4C3=O)cc2)cc1,1.3709168701536598
*Oc1ccc(OC(=O)c2ccc(C(*)=O)cc2)cc1Cl,1.2084633053017428
*Oc1ccc(N=CNc2ccc(*)cc2)cc1,3.294368236231733
*c1ccc(Cc2cccc(-n3c(=O)c4cc5c(=O)n(*)c(=O)c5cc4c3=O)c2)cc1,0.9085661956514216
*CC(=O)c1ccc(-c2ccc(*)cc2)s1,1.5597167175680515
*CC(CO*)(CS(=O)(=O)CCC)CS(=O)(=O)CCC,4.339340214215737
*CCCCCCCCCCNC(=O)CCCC(=O)N*,3.817050718915092
*c1cc(CCCCCCBr)c(*)s1,1.9605318582771063
*CO*,2.9368749358939112
*NC(=O)c1ccc(C(=O)Nc2ccc3c(c2)[nH]c(=O)c2cc(*)ccc23)cc1,1.859305340519973
*Nc1ccc(Cc2ccc(NC(=O)c3ccc(C(*)=O)cc3)cc2)cc1,1.5532820761234407
*Oc1ccc(C(c2ccccc2)c2ccc(OC(*)=O)cc2)cc1,3.396645247152461
*CC(*)Cl,3.96881566898446
*CCCCCCCCCCCCOC(=O)CC=CCC(=O)O*,3.6338240200945218
*c1nc(-c2ccccc2)nc(N(*)CC)n1,2.527203485781138
*NC(=O)Nc1ccc(*)cc1,3.2322751350659704
*c1nc(C)nc(N(*)C)n1,2.723807068911313
*CCCCCCCCCCCCCCCCOC(=O)NCCCCCCCCCCNC(=O)O*,4.021949387831631
*c1ccc2c(c1)c1cc(*)ccc1n2-c1ccccc1,3.1648637420184995
*CC(*)C1CCCCC1C,4.377159336570665
*c1ccc(Oc2ccccc2-n2c(=O)c3cc4c(=O)n(*)c(=O)c4cc3c2=O)cc1,0.7136881102548029
*C=CC(C*)OC,3.8982580061938576
*CCOc1ccc(C(=O)OC(=O)c2ccc(O*)cc2)cc1,2.238747802230537
*C=CC(=O)C(C)=Cc1ccc(Sc2ccc(*)o2)o1,1.5711369544853462
*c1sc(*)c2nc(-c3ccccc3)c(CC)nc12,1.9034454612291856
*CNCN*,3.0486830701035776
*Cc1c(O)c(CNC(=O)N*)cc(C(CC)=NO)c1O,4.027630370707942
*c1cc(CCCS(=O)(=O)O)c(*)s1,2.4490629452235915
*CC(=S)C(=O)O*,0.8060029444116452
*CCc1ccc(-c2ccc(*)cc2)cc1,2.878971926890098
*c1ccc([N+](=O)[O-])c2c1C(=O)c1c([N+](=O)[O-])ccc(*)c1C2=O,0.1242958969924248
*OC(F)(C(*)(F)F)C(F)(F)F,3.7134467789300336
*c1ccc(Sc2ccc(S(*)(=O)=O)cc2)cc1,2.8621606147991456
*Nc1ccc(*)cc1C,3.687232157387937
*c1ccc(-c2nc3cc4nc(*)[nH]c4cc3[nH]2)cc1,2.597463163115905
*Oc1cc(OC)c(*)cc1OC,3.6954047465297832
*c1cc2sc(*)c(C)c2s1,2.3829831476633845
*CC(*)c1cccc(O)c1,4.138929148332958
*CCOC(=O)N(C)c1ccc(C)c(N(C)C(=O)O*)c1,3.8977515553573583
*Nc1c(Cl)cc(*)cc1Cl,3.1403665958576807
*Nc1cc(F)c(*)cc1F,2.6009328808613787
*Oc1ccc(C(C)(CCC#N)c2ccc(OC(*)=O)c(C)c2)cc1C,3.228484536215092
*C(=O)OC1CCC(OC(=O)N2CCN(*)CC2)CC1,3.8072985891869537
*NC(CCCCN)C(*)=O,3.1196934014876745
*CCCCOC(=O)NC1CC1NC(=O)O*,3.943677390132526
*CC(=O)N*,3.4632362746568064
*C(=O)NNC(=O)c1ccc(C(=O)NNC(=O)c2ccc(*)nc2)s1,1.1809911999828118
*c1cc(OCCOCCCC)c(*)s1,2.5199102642116107
*Oc1cccc(OC(=O)c2ccc(Oc3ccc(C(*)=O)cc3)cc2)c1,2.1593097627762816
*CCCCCCCCOC(=O)NCCCCCCCCCCNC(=O)O*,4.3665635069104
*CCCCCCCCCn1c(=O)c2cc3c(=O)n(*)c(=O)c3c(Br)c2c1=O,0.8296722582540861
*Oc1cc(Cl)c(C(C)(C)c2c(Cl)cc(OC(*)=O)cc2Cl)c(Cl)c1,3.1755558138938578
*Nc1ccc(OC(*)=S)s1,2.005151917268205
*CC(*)C(=O)NCO,3.7641914800425695
*c1cc(N2C(=O)c3ccc(-c4ccc5c(c4)C(=O)N(*)C5=O)cc3C2=O)c(O)cc1O,1.3896159836491957
*c1ccc(N2C(=O)c3ccc(-c4ccc5c(c4)C(=O)N(*)C5=O)cc3C2=O)nc1,1.1303184777140105
*C#CC(=C(*)c1ccccc1)c1ccccc1,1.1084608321821383
*c1ccc(*)c2nc(CCCCCCC)c(CCCCCCC)nc12,2.474458035418732
*NC(CCC(=O)OC)C(*)=O,3.236903846274678
*CC(*)Br,3.280738256121265
*Oc1ccc(C(C)(CCCC)c2ccc(OC(*)=O)cc2)cc1,3.2721655580720865
*CCOC(=O)NC1CCCC(NC(=O)O*)C1,3.9319712264375104
*Oc1ccc(C(=O)OCCCCOC(=O)c2ccc(*)cc2)cc1,2.4480314984665843
*c1cc2cc(*)sc2s1,2.5835155295919874
*C(=O)NNC(=O)c1cccc(C(=O)NNC(=O)c2ccc(*)nc2)n1,1.69602031432747
*N=Nc1ccc(NC(=O)CCC(=O)Nc2ccc(*)cc2)cc1,1.583132561633931
*c1ccc(-c2ccc(*)c(C)c2)cc1C,2.8745009774728314
*CC(*)c1nc(C)nc(C)n1,3.3144774943120616
*N=C1C=CC(*)C=C1C,2.2009818226398625
*Oc1cccc(Oc2ccc3c(=O)n4c5cc(Oc6ccc7c(c6)nc6c8ccc(*)c9cccc(c(=O)n76)c98)ccc5nc4c4cccc2c34)c1,2.270896427286328
*ON(C(F)(F)F)C(F)(Br)C(*)(F)F,2.282513441879963
*C=Nc1cc(NC(=O)NCCNCCNO*)ccc1C,3.4159802078874693
*Cc1ccc(-c2ccc(-c3ccc(*)cc3)cc2)cc1,2.5504877288857344
*ON(C(F)(F)F)C(F)(C(*)(F)F)C(F)(F)F,3.4380410346589385
*Oc1ccc(C(C#N)(c2ccccc2)c2ccc(OC(*)=O)cc2)cc1,2.8844167578909685
*c1cc(SCCCCCC)c(*)s1,1.7187285493689544
*C(F)(F)C(*)(F)OC(F)(F)C(F)(F)F,3.432100858388204
*Oc1ccc(-c2ccc(-c3ccc(*)cc3)cc2)cc1,2.8440377698682333
*NC(=O)C(=S)O*,0.5234687981328667
*C=C(*)c1cc(C(F)(F)F)oc1C(F)(F)F,1.2538367795961631
*CCC(F)(F)C(*)(F)F,4.22845895103498
*C=CC1CC(*)C2C(=O)N(c3ccc(C)cc3)C(=O)C12,3.4010581263013364
*CC(*)(F)C(=O)OCCC(F)(F)C(F)(F)C(F)(F)C(F)(F)C(F)(F)C(F)(F)F,3.515044650744908
*c1ccc(Nc2cc(C)c(*)s2)cc1,3.2122125869626177
*Cc1ccc(C(=S)c2ccc(*)s2)s1,1.0035959695590408
*CCC(=O)C(*)=S,0.9079455035080132
*Cc1ccc(C(=S)O*)cc1,1.5494965843787218
*Nc1ccc(Br)cc1-c1ccc(NC(=O)c2ccc(C(*)=O)cc2)cc1,1.9499991807342416
*CC(=O)c1ccc(O*)cc1,1.9077069124219703
*Oc1ccc(Oc2ccc(C(=O)c3ccc(*)cc3)cc2)cc1CC(=O)O,2.615778009093096
*CCCCCCOC(=O)NCCCCNC(=O)O*,3.938365094442732
*C(=O)NNC(=O)c1cncc(C(=O)NNC(=O)c2ccc(*)nc2)c1,1.4328766464052958
*OC1C(C)(C)C(OC(*)=O)C1(C)C,4.067725619662718
*NC1=CC(=O)C(*)=CC1=O,-0.2220538312463862
*c1cccc(N2C(=O)c3ccc(P(=O)(c4ccccc4)c4ccc5c(c4)C(=O)N(*)C5=O)cc3C2=O)c1,1.2650544849952778
*C(=O)c1ccc2c(c1)C(=O)N(c1ccc(C=Cc3ccc(N4C(=O)c5ccc(*)cc5C4=O)cc3)cc1)C2=O,0.7640958466078879
*c1cc(-c2sc(-c3cc(C)c(*)s3)cc2C)c2cccccc1-2,1.9476377190692435
*OC(=O)c1ccc(C(C)(C)c2ccc(C(*)=O)cc2)cc1,2.0607648331236628
*CC(C)(C)CO*,3.915775941917299
*CC(*)OC(=O)OCC(Cl)(Cl)Cl,3.8351702274086
*CC(*)(F)C(C)=O,2.839275138688147
*c1ccc(Oc2cccc(-n3c(=O)c4cc5c(=O)n(*)c(=O)c5cc4c3=O)c2)cc1,0.6163624576467122
*c1ccc(-c2nc3cc4nc(*)oc4cc3o2)c(O)c1,1.6190692356550804
*c1ccc(-c2nnc(-c3cccc(-c4nnc(*)o4)c3)o2)cc1,2.000282753081596
*CCCCCOc1ccc(C(=O)OC(=O)c2ccc(O*)cc2)cc1,2.430957336643681
*CC(*)C(=O)c1ccc(CC)cc1,3.1862464995678392
*CCCCCCCCCNC(=O)CCCCCCCC(=O)N*,3.865227384251134
*Oc1c(C)cc(C(=O)c2ccc(*)cc2)cc1C,2.3689763120874217
*c1nnc(C2CC3(CC(*)C3)C2)o1,3.8285051672184793
*C1C=C(C)C(*)S1,3.759496115460824
*CCCCCCNC(=O)CCP(=O)(CCC(=O)N*)c1ccccc1,3.4964254108425887
*C1(C)CC(*)(C)C(=O)N(C)C1=O,3.1890447034543867
*c1ccc(*)n1C(C)C(=O)OC,3.4886717817162967
*Oc1ccc(NC(=O)c2cc(NC(=O)c3ccncc3)cc(C(=O)Nc3ccc(*)cc3)c2)cc1,1.9703023284593024
*C(F)(F)C(F)(F)C(F)(F)C(*)(F)C(F)(F)F,3.715316413987249
*Oc1ccc(P(=O)(c2ccccc2)c2ccc(*)cc2)cc1,2.9970614631045427
*CC(=S)NO*,1.978575200439364
*N=Nc1ccc(*)cc1,0.3573119561390854
*C=C(*)c1ccc(NC=O)cc1,0.8738813416618165
*Oc1cccc(OC2(F)C(*)(F)C(F)(F)C2(F)F)c1,3.2261698237694887
*Oc1ccc2cc(C(*)=O)ccc2c1-c1ccccc1,1.9965877669847485
*NC1(F)CC(C(F)F)C(*)C(F)(F)C1F,3.828137168434008
*OC1CCC(C2CCC(OC(=O)CCCCCCCCCCCC(*)=O)CC2)CC1,3.88982491310441
*CNC(=O)c1ccc(*)s1,2.6080233290750514
*Oc1c(-c2ccccc2)cc(*)cc1-c1ccc(C)cc1,3.2920593349482123
*CC#CCOC(=O)NCCCCCCNC(=O)O*,3.638699073841311
*CC(=O)C(=S)C(*)=O,-0.6221487233170633
*C=C(*)C(=O)CC,2.1224893280130672
*Oc1ccc(-c2ccc(C(*)=O)cc2)s1,2.255312673159413
*N=CC(C)=CC=CC=C(C)C=Nc1nc(-c2csc(*)n2)cs1,0.7758793208264856
*CCCCCCCCn1c(=O)c2cc3c(=O)n(*)c(=O)c3c(Br)c2c1=O,1.1168054052106382
*Nc1ccc(NC(=O)c2cccc(C(*)=O)c2)cc1,2.181810405090054
*Cc1ccc(-c2ccc(C(*)=S)s2)cc1,1.1715674895714034
*CC(*)c1ccc2c(c1)OCO2,4.417412759626875
*CC(*)(F)C#N,2.49890826343008
*CCCC1CC(=O)N(*)C(=O)C1,2.9894377739785822
*OC1CC(c2ccccc2)CC(*)O1,4.151973871258011
*CCCCc1nnc(*)n1N,3.0290155942901817
*c1ccc(C(=O)c2cccc(-n3c(=O)c4cc5c(=O)n(*)c(=O)c5cc4c3=O)c2)cc1,0.4784739673987848
*C=Nc1ccc(-c2ccc(N=Cc3ccc(Sc4ccc(*)o4)o3)c(OC)c2)cc1OC,2.5146864388712595
*N=Nc1ccc(C=Cc2ccc(*)cc2)cc1,0.9880148531033236
*CC1CC1COC(=O)NC1CC1NC(=O)O*,3.867984158054525
*Oc1cc(CCCCCC)cc(OC(=O)c2cccc(C(*)=O)c2)c1,2.346128550220069
*CC(*)c1c(F)c(F)c(P(=O)(O)O)c(F)c1F,2.6064658823487443
*Nc1ccc(-c2ccc(-c3ccc(*)s3)cc2)s1,2.438214702545772
*Nc1ccc(NC(=O)c2cc(C(*)=O)c(C(=O)O)cc2C(=O)O)cc1,1.3748951288136588
*c1cc(N=Nc2ccc(S(=O)(=O)O)cc2)cc(*)c1O,0.5114655799943453
*OC(=O)OC1COC2C(*)COC12,3.5765935505862667
*c1cc(C(=O)OCCCCCCCC)c(*)s1,1.999240463236876
*Oc1ccc(-c2ccc(OC(=O)CCCCCC(*)=O)cc2)cc1,3.2801358526030566
*CC(*)n1cc2ccccc2n1,3.4999077853513016
*c1sc(*)c(OC)c1OC,3.3770315776720534
*CC(*)OC(=O)C(F)(F)C(F)(F)C(F)(F)F,2.78521785130813
*c1cc(C)c(*)cn1,2.5651182830749564
*CCCCCCOC(=O)NCCCNC(=O)O*,3.973422645478727
*c1cc(CCCCCCCCCC)c(*)s1,2.218328820508848
*c1cc(*)c(O)c(C=Nc2ccc(S(=O)(=O)O)cc2)c1,1.4769091995815815
*c1cc(C)c(*)s1,1.8152046596173737
*C#CC#CCCCCCCCC*,3.563946462473372
*c1cc(OCCCC)c(*)s1,2.471838363080197
*c1cc2c(s1)-c1sc(*)cc1C2=O,0.7710390701355365
*C=Cc1ccc(*)n1C,2.0596540838888733
*C=CC=CC=CC=C(*)CCS(=O)(=O)O,1.017400976550242
*c1ccc(-c2ccc(Oc3ccc(*)s3)s2)cc1,2.4065364898987283
*CC(O)COC(=O)CCCCC(=O)OCC(O)COc1ccc(O*)cc1,3.527326202289772
*OC(CC)(CC)C(*)=O,3.3128120101947074
*C1C=CC(*)N1,4.013520361293431
*C#Cc1cc(CCCCCC)c(C#Cc2sc(*)c([N+](=O)[O-])c2[N+](=O)[O-])s1,0.5040981775663855
*OC(C)C(=O)OCC(*)=O,2.7501584553369187
*C(=S)c1ccc(-c2ccc(-c3ccc(*)cc3)s2)cc1,0.9669483574341372
*Nc1ccc(*)c2ccccc12,2.8655834192713696
*Nc1ccc(*)cc1OC,3.865525228062445
*CCCCCCCCCOC(=O)NCCCCCCNC(=O)O*,3.9739539332873086
*OC(=O)CCCCCCCCCCC(*)=O,3.231438097360515
*c1ncc(-c2cnc(*)c(C)c2)cc1C,1.8739906792644057
*c1cc(*)c(O)c(C=Nc2ccc(C(=O)O)cc2)c1,1.3526666966200571
*c1ccc(Cc2ccc(-n3c(=O)c4cc5c(=O)n(*)c(=O)c5cc4c3=O)cc2)cc1,0.7169976150753006
*c1ccc(-c2ccc(-c3ccc(*)n3-c3c(F)c(F)c(F)c(F)c3F)s2)s1,2.04836033010747
*CC(*)OC(=O)C(F)(F)C(F)(F)F,3.3064612175114965
*CNc1ccc(O*)s1,3.737211326354627
*CNC(=O)C(*)=S,0.6159738910258411
*c1ccc(-n2ccc(-c3cccc(-c4ccn(*)n4)c3)n2)cc1,2.275069287358088
*CC(C)(CC)CS*,4.6085086996939415
*C*,3.782229466660142
*CC(CCl)(CCl)C(=O)O*,3.2719703779198235
*Nc1cc(NC(=O)c2cccc(C(*)=O)c2)c(N)cc1N,2.6805676801388434
*Nc1ccc(*)cc1CCC,3.6089966372921016
*CC(=O)NC(*)=O,2.8310652710811626
*Cc1ccc(COC(=O)CCCCCC(=O)O*)cc1,3.3782424530950257
*c1sc(*)c(OCCCC)c1OC,2.8976014309005618
*Oc1ccc(-c2ccc(OC(=O)c3cccc(C(*)=O)c3)cc2)cc1,1.8554934082822911
*c1cc(CCCCCCCCCCCCCCCC)c(*)[nH]1,3.71643681084826
*C(=O)c1ccc(C(=S)c2ccc(*)s2)s1,0.6361310936197904
*CCCCCCCNC(=S)N*,3.028557846461499
*CC(=O)Cc1ccc(*)s1,2.987065383354812
*c1ccc(-c2ccc3nc(*)cc(-c4ccccc4)c3c2)cc1,1.8030412039775328
*c1ccc(-c2ccc(*)n2C#Cc2ccc(CCCCCC)cc2)s1,2.0900508496826617
*CC(*)n1ccc2ccccc21,3.9022636401387056
*CC1CC1COC(=O)Nc1ccc(C)c(NC(=O)O*)c1,3.6649754528577305
*C(=O)Nc1ccc(NC(=O)c2ccc(N3C(=O)c4ccc(*)cc4C3=O)cc2)cc1,1.152984209916684
*Oc1ccc(-c2ccc(-c3ccc(*)s3)s2)s1,2.2319885090990743
*Oc1ccc(C(c2ccccc2)(c2ccccc2)c2ccc(OC(*)=O)cc2)cc1,3.1368920491046755
*Oc1c(C)cc(*)cc1C,3.5128207714298023
*CCCCOC(=O)c1ccc(-c2ccc(-c3ccc(C(=O)O*)cc3)cc2)cc1,3.234457339522619
*CC(*)c1cccc2c1OCO2,4.5931059270279295
*CC(C)(C)C1C(=O)N(c2ccccc2C)C(=O)C1*,3.702707422376816
*Cc1ccc(NO*)s1,2.8515261777966865
*CC(*)=C,3.600661034623031
*Oc1c(Cl)cc(C(C)(C)c2cc(Cl)c(OC(=O)CCCCC(*)=O)c(Cl)c2)cc1Cl,3.2842798980523287
*CC(CCl)(CCl)O*,3.940489050558144
*c1ccc(-c2cc(CCCCCCCCCCCC)c(*)s2)s1,1.7603516768757157
*c1ccc(-c2ccc(-c3cc(CCCCCCCC)c(*)s3)s2)s1,1.9179274156283548
*CCCCC(Cl)(Cl)C(=O)N*,3.683287932826712
*CCCN1C(=O)c2ccc(C(c3ccc4c(c3)C(=O)N(*)C4=O)(C(F)(F)F)C(F)(F)F)cc2C1=O,3.1043931731918857
*NC(=O)C(=S)c1ccc(*)cc1,0.5939583974158955
*c1nc2ccc(-c3ccc4nc(C5CC6(CC(*)C6)C5)oc4c3)cc2o1,3.237939339633836
*CNC(=S)c1ccc(*)cc1,2.311793029218552
*C(=S)c1ccc(C(=S)c2ccc(*)cc2)cc1,1.3404905816678818
*c1ccc(*)n1CCC(=O)NO,3.175415252257148
*CCCCCOCO*,4.215900317011461
*Oc1ccc2cc(Oc3ccc(C(=O)c4ccc(*)cc4)cc3)ccc2c1,2.2728154465769954
*CC(C=C)O*,2.9574353160015283
*c1sc(*)c2sc(CCCCCCCCC)nc12,2.444793411967911
*c1ccc(-c2nc3ccc(-c4ccc5nc(*)oc5c4)cc3o2)cc1,1.5268029118460276
*c1ccc(*)c2nccnc12,2.25026550435117
*Oc1ccc(-c2ccc(Oc3ccc(C(=O)c4ccc(*)cc4)cc3)cc2)cc1,2.854081813742632
*CNC(=S)N*,3.968940166072525
*C=Cc1ccc(C=Cc2cc(*)nc(-c3ccccc3)n2)cc1,1.4788791085678223
*CCCC(*)C#N,3.848198595498792
*c1ccc(-c2ccc(-n3c(=O)c4cc5c(=O)n(*)c(=O)c5cc4c3=O)cc2C(F)(F)F)c(C(F)(F)F)c1,0.7275369865690982
*CC(CS(=O)(=O)CCC)O*,4.2381059004142365
*NC(C)C(=O)NC(C(*)=O)C(C)C,3.573938994692033
*Cc1ccc(C(=S)O*)s1,1.2211598185827215
*c1ccc(*)c(C)n1,2.656092365445525
*c1cc2c(s1)-c1sc(*)cc1C2CCCCCCN,1.9436344711282345
*CC(*)C(=O)c1ccc(Br)cc1,1.9237477397112053
*Cc1ccc(-c2ccc(C(*)=S)cc2)cc1,1.4754614221251083
*CC(*)(CC(=O)O)C(=O)O,2.762363099720522
*CCCCCN1C(=O)c2ccc3c4ccc5c6c(ccc(c7ccc(c2c37)C1=O)c64)C(=O)N(*)C5=O,0.4393973956223696
*CCN(CCOC(=O)Nc1ccc(C)c(NC(=O)O*)c1)c1ccccc1,4.010061373208435
*C=Cc1cc(CCCCCC)c(*)s1,3.085748965065213
*CCSSCCOCO*,3.4536524679272347
*c1cc(*)cc(OCCCCCCCCCCCC)c1,3.080278330306227
*C(=S)OC(=S)c1ccc(*)cc1,0.6006677486807561
*CC(*)C(=O)c1ccccc1O,1.6361291772469002
*NC(=O)Nc1ccc(*)s1,2.8182373299240355
*c1ccc2ccc3c(*)cc(C#CC#C[Si](C)(C)C)c4ccc1c2c34,1.4360534044056692
*CCS*,4.613083619322713
*C(Cl)=C(c1ccccc1)c1ccc(*)cc1,1.7874366744346188
*c1cc(C(=O)Oc2cccc3cccnc23)c(*)s1,1.974025090492064
*CC(F)(F)C(F)(F)C(F)(F)COC(=O)c1cccc(-c2cccc(C(=O)O*)c2)c1,3.085647088202022
*CCc1ccc(*)o1,3.869278109802978
*CC(CS(C)(=O)=O)O*,4.076019353116838
*Oc1cccc(Oc2ccc(C(c3ccc(*)cc3)(C(F)(F)F)C(F)(F)F)cc2)c1C#N,2.7416874390977544
*CCc1cc(Cl)c(*)cc1Cl,2.993814334376649
*c1nnc(C2CCCC(*)C2)o1,4.209118263616975
*Oc1ccc(C(=S)c2ccc(*)s2)s1,1.0278357429877527
*Oc1ccc(OC(=O)CCCCCCCCC(*)=O)cc1,3.8454311337503415
*OC1(O)CCCC(*)C1,3.975077577290908
*Oc1cccc(Oc2ccc(S(=O)(=O)c3ccc(*)cc3)cc2)c1,1.847081617268052
*Nc1cc(*)ccc1N,3.8064283342787055
*C=C(*)c1ccc([N+](=O)[O-])cc1,0.2869806264307857
*Oc1ccc(C(C)(C)c2ccc(OC(=O)CCCCC(*)=O)cc2)cc1,3.7818161297045534
*CCCCCCCCCCCOC(=O)c1ccc2cc(C(=O)O*)ccc2c1,1.9960708675964187
*c1cccc(-c2nnc(*)n2-c2ccccc2)c1,2.223152459728624
*CC(=O)Cc1ccc(*)cc1,2.309377504808892
*C12CC3CC(C1)CC(*)(C3)C2,3.986891739743277
*CCOC(=O)O*,4.080692711673038
*Cc1cccc(CNC(=O)C2=C(C(=O)N*)C3C=CC2C3)c1,2.170972731111513
*c1ccc(-c2ccc(-c3nc4ccc(-c5ccc6nc(*)c(-c7ccccc7)nc6c5)cc4nc3-c3ccccc3)cc2)cc1,1.527100264925085
*Oc1ccc(C(=O)OCCOC(=O)c2ccc(*)cc2)cc1,3.1464009455394377
*OC(=O)c1ccc(CCCCCc2ccc(C(*)=O)cc2)cc1,1.768761959522442
*CC(F)(F)C(F)(F)COC(=O)NCCCCCCNC(=O)O*,4.035952670769428
*CCCCCCCCCCCCNC(=O)C(=O)N*,3.3527005672149723
*c1csc(*)c1,2.6131982462615486
*N=C(O)N=C(*)N=C(N)N,1.3960544090342455
*c1ccc(-c2cnc3cc4nc(*)cnc4cc3n2)cc1,0.7218205496530214
*CCCC(*)=O,2.805087876746652
*CC1CCC(CNC(=O)c2cc(C(=O)N*)cc(C(C)(C)C)c2)CC1,3.784980580983969
*Oc1ccc(C(=S)c2ccc(*)cc2)s1,1.1694319446966308
*C(=O)c1ccc(Oc2ccc(C(C)(C)c3ccc(Oc4ccc(*)s4)cc3)cc2)cc1,2.204506441301945
*CCCN(*)C,3.820430163039422
*Oc1ccc(Oc2cccc(*)n2)cc1,2.4262518612671347
*CC(*)c1cc(Cl)ccc1Cl,3.072309708509928
*CS*,3.7969105778149976
*CCNC(=O)C(OC)C(OC)C(=O)N*,3.1193056088383573
*CCOC(=O)c1ccc(O*)cc1Cl,2.381147920625966
*CCCCCCCCCCNC(=O)N*,3.6314333741184055
*CCCCCCNC(=O)c1ccc(C(=O)N*)c(Oc2ccc(Cl)cc2)c1,2.0075993132467675
*SC(*)=S,0.5601022264282111
*CC(*)OCc1ccccc1,4.196305112115127
*SC1CCCC(*)C1,3.9781804781731616
*CCCNC(=O)C(OC)C(OC)C(=O)N*,3.578633590371893
*c1nc(Oc2ccccc2)nc(N(*)c2ccccc2)n1,3.349666148128663
*CC(O)C(O)CN(*)c1ccc(N(C)C)cc1,3.972152031150432
*C(=O)Nc1cccc(C#Cc2cccc(N3C(=O)c4ccc(*)cc4C3=O)c2)c1,1.3199705546272504
*C(=O)c1ccc(-c2ccc(C(*)=S)s2)s1,-0.0031505789051449
*C=C1CCC(=Cc2ccc(*)cc2)C1=O,1.4929136482455454
*Oc1cc(C(=O)c2ccccc2)c(Oc2ccc(*)cc2)cc1C(=O)c1ccccc1,2.233235697513272
*c1ccc(Cc2ccccc2-n2c(=O)c3cc4c(=O)n(*)c(=O)c4cc3c2=O)cc1,1.7897612355477888
*CC(COC)O*,4.110930234994799
*CNON*,3.10609854359528
*CC(=O)C(*)c1ccc(F)cc1,2.505766106600129
*CCCCCC[N+](*)(C)C,3.0897461780102
*OC(F)(F)C(*)(F)F,4.426752074637604
*CC1CC(CNC(=O)c2cccc(C(=O)N*)c2)CC(C(C)(C)C)C1,2.6435844476559267
*CCCN*,3.528860739879312
*CCCNC(=O)c1cccc(C(=O)N*)c1,2.294328824095365
*c1cc(-c2nc3ccccc3[nH]2)cc(-n2c(=O)c3cc4c(=O)n(*)c(=O)c4cc3c2=O)c1,0.4669051258661545
*C(=O)OC1=NCCN1*,3.0710816036843664
*CCCCCCCCCn1c(=O)c2cc3c(=O)n(*)c(=O)c3cc2c1=O,0.8041655348858892
*Sc1ccc(C(=O)CNNCC(=O)c2ccc(*)cc2)cc1,2.3751643211445392
*c1ccc(-n2c(=O)c3cc4c(=O)n(-c5ccc6nc(*)oc(=O)c6c5)c(=O)c4cc3c2=O)cc1,0.3124101594326687
*C=Nc1ccc(N=Cc2ccc(-c3ccc(*)o3)o2)cc1,1.6109904945517064
*C=Nc1cccc(N=Cc2ccc(Sc3ccc(*)o3)o2)c1,5.5687626388582885
*CC(*)CO,3.6637556681174623
*CCCCCCOC(=O)CCC=CCCC(=O)O*,3.426924576392856
*C=C(*)c1nc2ccccc2n1C,2.6235628113195486
*Cc1ccc(COC(=O)Cc2ccc(C(=O)O*)cc2)cc1,2.8199793437445533
*Oc1c(-c2ccccc2)cc(*)cc1-c1cccc(C)c1,2.9837805799868136
*Cc1c(C)c(C)c(CSC(=O)C(=O)S*)c(C)c1C,2.0270442304986984
*CCC(C)(C)CC(C)CNC(=O)CCCCC(=O)N*,3.687300109666927
*N=Cc1ccc(-c2ccc(C=Nc3ccc4c(c3)c3cc(*)ccc3n4CC)s2)s1,1.6297116664647593
*c1ccc2c(*)c(-c3ccccc3)[nH]c2c1,3.012532833696044
*c1cc2c(s1)-c1sc(*)cc1C2=C1c2ccsc2-c2sccc21,1.2678502677936931
*CCC(c1ccccc1)C(*)c1ccccc1,3.9537671516165953
*Nc1ccc(*)nc1,2.757553179701969
*Nc1cc2cccc3c(*)cc4cccc1c4c23,2.030645786016205
*c1sc(*)c(OCCCCCCCCCCCCCCCC)c1C,3.082835489382948
*NNC(=O)c1ccc(C(*)=O)cc1,2.072311716702248
*C#CC#Cc1ccc(*)cc1,1.0851365508355482
*CC(*)(Cl)C(=O)OCC,3.4206827293364133
*c1ccc(-n2c(=O)c3cc4c(=O)n(*)c(=O)c4cc3c2=O)cc1,0.4416948266710184
*c1ccc(*)nn1,1.4342234082909675
*c1ccc(*)n1CC(=O)NO,2.2940463200190853
*c1cc(-c2ccccc2)c(*)s1,2.110177899502532
*Oc1cccc(Oc2cccc(*)n2)c1,2.861516784458015
*CCOCCOCCOc1ccc(C=C(C)c2ccc(O*)cc2)cc1,3.247375286515464
*CCN(*)C(=O)c1c(F)cccc1F,3.5403877320905965
*C1CC(C)(C)OC1*,4.053081176973135
*c1cccc(-c2nc3ccc(-c4ccc5nc(*)oc5c4)cc3o2)c1,1.8160961792692083
*CCc1nnc(*)n1N,3.884989462222436
*C(=S)N(*)C,2.531052525278283
*C(=O)c1ccc(Oc2ccc(N3C(=O)c4ccc(*)cc4C3=O)cc2)cc1,1.1922291291086138
*OC1CCCC1*,3.9590025791202472
*c1ccc2c(c1)Cc1cc(*)ccc1-2,2.469110891742122
*CCc1ccc(*)c(C#N)c1,1.9007233712647904
*c1cc(CCOC(=O)C(C)Br)c(*)s1,2.442482192550848
*CC(*)(F)C(=O)OCC(F)(F)C(F)(F)C(F)(F)C(F)(F)C(F)(F)C(F)(F)C(F)(F)C(F)(F)F,4.085521795748777
*C=CC(=C(C)C)C(*)=C(C)C,3.5582900858616733
*NC(=O)c1ccc(C(*)=O)s1,1.0432813507349334
*c1cc(-c2ccccc2)c(*)[nH]1,3.2105854096103634
*Nc1ccc(C(=O)c2ccc(*)cc2)cc1,2.458575197230552
*Nc1cc(OCC)c(*)cc1OCC,3.9170385982934928
*C1OC(C(F)(F)F)(C(F)(F)F)OC1(*)F,4.087165821736141
*NC(=S)c1ccc(O*)s1,1.264909610862068
*CCCN1C(=O)C2C3C=CC(C4C(=O)N(*)C(=O)C34)C2C1=O,2.713290497144204
*C=C(*)c1cccc2ccccc12,2.0721141919160573
*NOC(=S)O*,1.5384095520196874
*C(=O)c1ccc2c(c1)C(=O)N(c1cccc(N3C(=O)c4ccc(*)cc4C3=O)c1C)C2=O,0.8275860711408658
*CCNC(*)=S,2.9556647334993733
*C(c1cccs1)=c1ccc(=c2ccc(=C(c3cccs3)c3ccc(-c4ccc(*)s4)s3)s2)s1,1.2008332152582302
*Cc1ccc(-c2ccc(N*)s2)s1,2.727613032675613
*NC(C)CNC(=O)C1CC1C(*)=O,4.067979337600579
*Nc1ccc(C(=S)c2ccc(*)cc2)s1,2.0411624959622165
*c1cc(CCCCCCCCCCCC)c(*)s1,2.205505305329792
*CCCC(*)(C)Cl,4.267423862291542
*OC(=O)CCCCCCCC(*)=O,3.909590323693583
*C=C(*)CO,2.620879558940404
*CC(=S)c1ccc(O*)s1,1.1517718907929535
*OC1CCC(C=C)CC1*,4.273791233388047
*CC(C)(CO*)COCC(F)(F)C(F)(F)C(F)(F)C(F)(F)C(F)(F)C(F)(F)C(F)(F)F,2.7294001186335284
*CCCCCCCCCCCCOC(=O)c1cccc(C(=O)O*)c1,2.2563340765985096
*Cc1ccc(NC(*)=S)s1,2.0963411959629474
*c1ccc(-c2ccc(-c3ccc(-c4ccc(*)s4)s3)s2)cc1,1.6970132021857571
*CCCCNC(=O)C(=O)N*,2.858496048747166
*c1ccc(-c2cc(CCCCCCOC(=O)COc3ccccc3)c(*)s2)s1,1.624312413604791
*CCC(F)(F)C(*)(F)Cl,3.8667040433835314
*C=C(*)c1ccccc1,1.2105001606759016
*Oc1ccc(CC(*)=O)cc1,2.712675434677728
*C1C=C(CCCCCC)C(*)S1,3.713434783141959
*c1sc(*)c2nc(-c3ccccc3)c(C)nc12,2.2426602800239017
*c1cc(CCS(=O)(=O)O)c(*)s1,1.4198000245841031
*CC(OC(C)=O)C1C(=O)N(c2ccc(C)cc2)C(=O)C1(*)Cl,2.9749730943069874
*Oc1ccc(SSc2ccc(*)cc2)cc1,2.8044454603065976
*c1ccc(*)c(C(=O)c2ccccc2)c1,1.902542876204801
*CNCC(*)=S,1.4144798735826338
*c1cc(CCCCCCOC(=O)COc2ccccc2)c(*)s1,2.94207835880794
*Nc1ccc(*)cc1Br,3.0888379798112147
*CC(*)c1ccc(S(=O)(=O)O)cc1,1.9130452552366264
*c1cc(CCCc2ccccc2)c(*)s1,2.1089017307440105
*CCC(Cl)C(*)Cl,4.26669452270231
*CC(*)(C)C(=O)Oc1ccccc1[N+](=O)[O-],2.4713223417218018
*CC(*)C(=O)N(O)c1ccc(C)cc1,3.748840143764192
*NC(=S)C(=O)O*,0.6323277997053949
*Oc1c(OC)cc(*)cc1OC,3.809057337562928
*c1cc(-c2cc(CCCCCCCC)ccc2CCCCCCCC)c(*)s1,2.069589907891751
*Oc1ccc(N=Nc2ccc(*)cc2)cc1,2.152883603455977
*CCCCOC(=O)NCCCCCCNC(=O)O*,3.942618277013733
*CC(*)OC(=O)c1cccc(Cl)c1,2.643961059257073
*c1cc(*)c(O)c(C=Nc2ccc(Cl)cc2)c1,2.0049760264478445
*OC(C)(CC(*)=O)C(F)(F)F,2.849216868034886
*c1cc2c(s1)-c1sc(-c3sc(-c4sc(*)c5c4OCCO5)c4c3OCCO4)cc1C2=O,1.5706103690610629
*c1nc(CCCCCC)c(-c2sc(*)nc2CCCCCC)s1,1.4055010864644428
*c1cc(OCCCCCCC)c(*)s1,1.9002015238360823
*C=CCC(C*)c1ccccc1,4.341828658171816
*CC(=O)C(*)C,2.530394738880198
*CC(CCCCCCCCCCCC)COC(=O)NC(=O)c1cccc(C(=O)NC(=O)O*)c1,2.055881669996676
*NC(=O)c1ccc(C(*)=S)s1,0.5664509293760585
*Nc1cc(Cl)c(*)cc1Cl,2.652186645972889
*Cc1ccc(-c2ccc(C(=O)O*)cc2)cc1,2.1918954830056583
*C=NCCCCCCN=Cc1ccc(Sc2ccc(*)o2)o1,2.352981960365879
*C(=O)c1ccc(OC(*)=S)cc1,1.3709814475342523
*c1ccc(-c2cnc3cc(Oc4ccc5nc(*)cnc5c4)ccc3n2)cc1,1.5792983029687742
*c1cncc(-c2nnc(-c3nnc(*)o3)o2)n1,1.2526938218299015
*Cc1ccc(COC(=O)CCCC(=O)O*)cc1,3.117049944528046
*CCOC(=O)Nc1cccc2c(NC(=O)O*)cccc12,2.495487141021412
*OC(=O)Oc1ccc(CC(C)(C)c2ccc(*)cc2)cc1,3.8213984855218377
*C=C(*)C#N,-1.2339982810569383
*c1ccc(Oc2ccc(N3C(=O)N(*)C3=O)cc2)cc1,2.8004821350575857
*CC(CO*)(COc1ccccc1)COc1ccccc1,4.242858547749781
*CNc1ccc(-c2ccc(*)s2)cc1,3.0088501848857714
*CCCc1nc2cc3sc(*)nc3cc2s1,2.6344910350382293
*c1ccc(-c2ccc(C(=S)c3ccc(*)s3)s2)cc1,0.9281646204166668
*Cc1ccc(NC(*)=S)cc1,2.2162884239751013
*c1ccc(CCc2ccc(N3C(=O)C(=O)N(*)C3=O)cc2)cc1,2.3432790635971346
*CNCc1ccc(*)s1,3.2153604959579463
*COC(=O)OCC1OC(OCC)(OCC)OC1*,3.4156622165082915
*CCCCCCCCNC(=O)CCCCCCC(=O)N*,4.307265207600458
*CCCc1ccc(*)s1,3.4374528875036887
*CC(O)COc1ccc(O*)cc1,3.751789886877754
*C(OC)=C(OC)c1ccc(*)s1,2.2317845087217
*OC(CC)C(*)=O,3.0072927251185093
*Oc1ccc(C2(c3ccc(OC(*)=O)cc3)c3cc(N(C)C)ccc3-c3ccc([N+](=O)[O-])cc32)cc1,3.1148979830088632
*C(=S)Oc1ccc(-c2ccc(*)cc2)s1,1.4826242034072763
*c1ccc2nc3oc4cc5[nH]c6nc7ccc(*)cc7nc6oc5cc4[nH]c3nc2c1,2.0009241508699844
*c1ccc(-c2ccc(-c3ccc(-c4ccc(*)cc4)cc3)cc2)cc1,1.929004520909393
*CC(=O)c1ccc(-c2ccc(*)cc2)cc1,1.93567020369299
*C=Cc1ccc(*)c2occc12,1.4536235078442743
*CCc1ccc(*)c(Br)c1,3.2985305497835133
*N=C1c2ccccc2C(=Nc2ccc(*)cc2)c2ccc(C(C)(C)C)cc21,1.5484384487098826
*Oc1cc(CCCC)cc(OC(=O)c2cccc(C(*)=O)c2)c1,2.0178162001768385
*Nc1cccc2c(NC(=O)c3cccc(C(*)=O)c3)cccc12,2.107737779212313
*C=C(*)c1cccc(Br)c1,1.197599733653116
*CCCCCc1nc2cc3sc(*)nc3cc2s1,2.805392603918335
*Oc1ccc(Oc2ccc(C=NCCCCN=Cc3ccc(*)cc3)cc2)cc1,2.7415129814306063
*CCNc1ccc(*)s1,3.766861411803871
*c1ccc2c(c1)SC1(CCC3(CC1)Nc1ccc(*)cc1S3)N2,3.2461896947040763
*CCC(*)=O,2.685012414446934
*Cc1ccc(-c2ccc(O*)cc2)s1,2.867950167738384
*Nc1ccc(-c2ccc(C(*)=S)cc2)cc1,1.592281018998542
*c1ccc(Oc2ccc(-c3nnc(*)o3)cc2)cc1,2.3807890097854902
*CC(*)(F)Cl,3.3314182876467875
*CCCN(*)C(=O)c1ccccc1,3.5978923578199784
*Oc1ccc(-c2ccc(-c3ccc(*)cc3)s2)cc1,2.5879986472672405
*OC(CCl)CC(*)=O,3.9021047412614367
*CNCc1ccc(*)cc1,2.949802498082476
*Nc1ccc(-c2ccc(-c3ccc(*)s3)s2)s1,2.3665175658104407
*Nc1ccc(-c2ccc(NC3=CC(=O)C(*)=CC3=O)cc2)cc1,0.9691969208504232
*CC(*)(C#N)C(=O)OC,3.1158822161914235
*CC(*)C(=O)Oc1ccc(Cl)c(C)c1,4.263282469338028
*c1sc(-c2cc(OCCCCC)c(*)s2)cc1OCCCCC,2.1001109946535905
*CCC(=O)c1ccc(*)s1,1.6412320875638358
*CC1CC1COC(=O)c1cccc(C(=O)O*)c1,2.3677014261199614
*CC(*)OC=O,3.5334892369279216
*c1ccc(-c2cc(CCCCCCCCCF)c(*)s2)s1,1.7621435708499955
*C(=O)c1ccc(-c2ccc(-c3ccc(*)s3)s2)s1,1.1449483371505549
*CNOC(*)=S,1.4776033622684412
*c1ccc(-n2c(=O)c3ccc4c5cc6c(*)ccc6n5c(=O)c-4cc3c2=O)cc1C,-0.062253883848502
*Oc1ccc2c(c1)C(=O)N(Oc1ccc(C(N3C(=O)CC(*)C3=O)(C(F)(F)F)C(F)(F)F)cc1)C2=O,1.4891510402099524
*Oc1ccc(Nc2ccc(N=Nc3ccc(Nc4ccc(*)cc4)cc3)cc2)cc1,2.0303005770484788
*Oc1cccc2c(OC(=O)Oc3ccc(OC(*)=O)cc3)cccc12,2.352463623100632
*OC(C)COC(=O)C(*)=O,2.2778981329735104
*Oc1ccc(NC(=O)c2ccc([Si](C)(C)c3ccc(C(*)=O)cc3)cc2)cc1,2.127852812072774
*CC(CC)(C(=O)O*)c1ccccc1,4.063315299991864
*CC(OC(=O)OCC)C(COC(=O)O*)OC(=O)OCC,4.088038885525188
*Oc1ccc(C(C)(C)c2ccc(OC(=O)c3c(Cl)c(Cl)c(C(*)=O)c(Cl)c3Cl)cc2)cc1,2.9747925234392243
*OC1CCCCC1*,3.9528307817305377
*c1ccc(-c2ccc(*)c(Cl)c2)cc1Cl,2.085281555413536
*Nc1ccc(*)cc1CC,3.643426318695685
*c1ccc(*)c(OC)c1N,3.664878002512708
*Nc1c(Cl)cc(C(*)=O)cc1Cl,1.8414823941474188
*NC(=O)NO*,2.105676746516782
*OC(=S)c1ccc(-c2ccc(*)cc2)cc1,1.9567474014120003
*CC(*)OC(=O)c1ccccc1C,3.868663166550226
*NNC(=O)c1cccc(C(=O)NNC(=O)CCCCCCCCC(*)=O)c1,1.8924659391977248
*c1ccc(-c2cnc3cc(-c4ccc5nc(*)cnc5c4)ccc3n2)cc1,1.3399978644643942
*N=Nc1ccc(-c2ccc(*)c(C)c2)cc1C,1.1405423910591272
*C=Cc1cc(CCCCCC)c(-c2sc(*)cc2CCCCCC)s1,1.8085843521589084
*Oc1ccc(C2(c3ccc(OC(*)=O)cc3)CC(C)CC(C)(C)C2)cc1,3.9315451795877374
*CC(*)c1ccc(Cl)c(C)c1,3.9746596884091394
*ON(C(F)(F)F)C(F)(F)C(*)(F)SC(F)(F)F,2.5194071569148537
*c1ccc(N2C(=O)c3ccc(C(=O)c4ccc5c(c4)C(=O)N(c4ccc6[nH]c(*)nc6c4)C5=O)cc3C2=O)cc1,0.8758948425950663
*NC(=S)NO*,-0.1251739510430596
*CC(CC(*)(C#N)C#N)c1ccc(Cl)cc1,3.952875451280177
*CC(=O)Nc1ccc(NC(=O)c2ccc3c(c2)C(=O)N(*)C3=O)cc1,1.1309286173130535
*CCC(C)=C(*)Cl,4.0610918414671335
*C(=O)c1ccc(-c2ccc(-c3ccc(*)s3)s2)cc1,1.847882259747461
*CONO*,3.706869307796424
*CC(=O)OC(=O)c1cccc(O*)c1,2.549130996661116
*CCCCc1nnc(*)o1,4.089064086820303
*Cc1ccc(Nc2ccc(*)s2)s1,3.249070914994704
*c1ccc(-c2ccc(-c3cc(*)c4cccccc3-4)s2)s1,1.9270511826569665
*c1nc(-c2ccccc2)nc(N(*)c2ccccc2)n1,2.3569190067043424
*c1ccc2c(c1)nc1c3cc4c(=O)n5c6cc(*)ccc6nc5c4cc3c(=O)n21,0.6307240848883442
*CC(*)c1ccc(CCl)cc1,3.233316784762592
*CC(CC)S*,4.680170866019788
*Nc1ccc(C(=O)c2ccc(NC(=O)c3ccc(C(*)=O)cc3)cc2)cc1,1.7571156177931928
*CC(=O)c1ccc(C(*)=S)s1,0.7486032552820046
*C(=O)c1ccc2c(c1)C(=O)n1c-2nc2ccc(-c3ccc4c(c3)nc3n4C(=O)c4ccc(*)cc4-3)cc21,0.7705441624424689
*CC(=O)C(=S)c1ccc(*)s1,0.2175230511174066
*C=C(*)c1cccc(Cl)c1,1.7186045337483975
*CC(C[N-][N+]#N)(C[N-][N+]#N)CO*,3.2224942124651403
*CCCCCCc1nc2cc3sc(*)nc3cc2s1,3.4432001986522947
*c1cc(-c2ccc(Br)cc2)c(*)s1,2.109585844360452
*CCCCOc1ccc(C(=O)OC(=O)c2ccc(O*)cc2)cc1,3.159635340790949
*SC(C)C(*)C,4.555335138014375
*C(=O)OCCCCCCOC(=O)N1CCN(*)CC1,4.2354821332393024
*Oc1ccc(C=Nc2ccc(N=Cc3ccc(*)cc3)cc2)cc1,1.8682255891939352
*OC1CCCC(*)O1,4.21422221465611
*CCC1CC(*)C2C3CCC(C3)C12,4.017994166587688
*CCCCOC(=O)CCCCSCCCCC(=O)O*,3.702814789504052
*c1sc(*)c2ccccc12,1.5336549053103474
*CC(*)(C)C(=O)OC(C(F)(F)F)C(F)(F)F,2.5754956909368425
*c1ccc(*)n1CCCCCC,3.4718330182977573
*C([2H])([2H])C(*)(F)F,3.7926703778802056
*CC(OC(C)=O)C1C(=O)N(c2ccccc2)C(=O)C1(*)Cl,3.263296069576993
*CC1CC(*)C(=O)OC1=O,2.7742261257714933
*Oc1ccc(C(C)(C)c2ccc(OC(=O)OCCCCOC(*)=O)cc2)cc1,3.463308089453818
*CC(COc1ccc(Cl)cc1)O*,4.254733028083265
*CCCOCCCOC(=O)c1ccc(-c2ccc(C(=O)O*)cc2)cc1,2.5399259044706737
*C(OC(F)(F)F)C(*)(F)F,4.071488262224976
*C=Cc1ccc(*)c2c1C(=O)OC2=O,1.2829563790601872
*Nc1cc(NC(=O)c2ccccc2C(*)=O)cc(-c2nnc(-c3ccccn3)o2)c1,2.5309630788814528
*C1C2CCC(C2)C1*,4.175989051693644
*C(=O)c1ccc(N=Nc2ccc(C(=O)N3C(=O)N(*)C(CC)(CC)C3=O)cc2)cc1,0.8125938256168372
*NOC(=O)O*,2.424305536057664
*CC(*)(C)C(=O)OCCBr,3.846658474085757
*OC(=O)CCCCCC(*)=O,3.032186427293392
*Nc1cc(*)ccc1CCCCCC,3.6539330516825217
*CCCc1ccc(*)cc1,3.350324909827781
*c1ccc(-n2c(=O)c3cc4c(=O)n(*)c(=O)c4cc3c2=O)c(C)c1,0.5361931144817582
*CC(*)C(=O)Oc1ccc(OC)cc1,3.387780652342261
*CNOc1ccc(*)cc1,3.3452071545204523
*OCCOc1cc(*)nc2ccccc12,3.3081923032004545
*c1ccc(-c2ccc(-c3cc(OCCCCCCCCCCCC)c(*)s3)s2)s1,1.6922923813423822
*OC(=S)c1ccc(C(*)=O)cc1,1.1710746869734443
*CCCOC(=O)Cc1ccc(CC(=O)O*)cc1,3.101076139016952
*C=Cc1ccc(-c2ccc(C=Cc3cc(*)ncn3)cc2)cc1,1.5932403373249788
*c1cc(CCCCCC)c(*)s1,2.1466840836230734
*c1ccc(*)n1CCC(=O)OC,3.124464685672687
*CC(*)c1ccc(Br)cc1,4.47113561833475
*C(=O)NCCCCCCNC(=O)c1cnn(*)c1,3.204661187235772
*c1ccc(-c2ccc(-n3c(=O)c4cc5c(=O)n(*)c(=O)c5cc4c3=O)cc2OC)c(OC)c1,0.6861986952514778
*Sc1ccc(*)cc1,2.8320383955950983
*OC(=O)CSCCSCC(*)=O,2.4477900706633835
*CCc1cccc(*)c1,3.7119743697442087
*c1cc(C(=O)NCCCC)cc(N2C(=O)c3ccc(-c4ccc5c(c4)C(=O)N(*)C5=O)cc3C2=O)c1,1.1917946964589872
*CCC(O*)(C(F)(F)F)C(F)(F)F,3.878796489752173
*CC(CBr)O*,3.6268114812841072
*c1cccc(-c2nc3cc(-c4ccc5oc(*)nc5c4)ccc3o2)c1,2.057255945890267
*CCCCCCOC(=O)CC=CCC(=O)O*,3.7626816034584647
*Oc1ccc(Cc2ccc(OC(=O)OCC3CCC(COC(*)=O)CC3)cc2)cc1,3.143603961243524
*c1cc(CCCCCCCCCCCC)c(-c2sc(*)c3c2OCCO3)s1,2.5322505290612938
*C=CC1C=CC(*)C(C(=O)OC(C)(C)C)=C1C(=O)OC(C)(C)C,2.6607060160960128
*CCNc1ccc(*)cc1,3.7889537797479567
*Sc1ccc(Nc2ccc(Nc3ccc(Nc4ccc(*)cc4)cc3)cc2)cc1,3.0877203150032217
*c1ccc2c(c1)C(=O)N(c1cc(N3C(=O)c4ccc(C(*)(C(F)(F)F)C(F)(F)F)cc4C3=O)c(O)cc1O)C2=O,0.8853946713304391
*CCN(*)C(=O)c1cc(F)ccc1F,3.1442928796795253
*CCCC(=O)N*,3.6226241306966274
*CC(*)C(=O)O,3.5299056689192523
*Oc1ccc(Oc2ccc(*)cc2)s1,3.3488294556866234
*C(c1ccccc1)C(*)(C#N)C#N,1.4614137930263331
*CC(C)C(C)COC(=O)c1ccc(C(=O)O*)cc1,1.6704942824434197
*CCCCCCCCCNC(=O)c1cccc(C(=O)N*)c1,2.885625113061318
*CC(F)(F)C(F)(F)C(F)(F)C(F)(F)COC(=O)O*,3.5972274463166496
*c1ccc(N(*)c2ccc(S(=O)(=O)O)cc2)cc1,3.045238884782741
*NC(C)(C)CC(*)=O,2.7402315041226943
*CNc1ccc(C(*)=O)s1,2.048493121321657
*CC(=O)CC(*)=O,2.6889280202250574
*CC(*)OC(=O)C(F)(F)C(F)(F)C(F)(F)C(F)(F)F,2.8470597675992324
*CC(*)(C#N)C(=O)OCC(C)C,3.4088341752110685
*C=CC1=C(O)C(O)=C(*)C1,1.4430420449931538
*Cc1ccc(-c2ccc(C(*)=S)s2)s1,1.110058755933184
*CCSSSSCCO*,2.6244902617061454
*OC(CCl)COC(=O)C1=C(C(=O)OCC(CCl)OC(=O)c2ccc(C(*)=O)cc2)C2C=CC1C2,1.7799896473172647
*c1cc(C#N)c(*)s1,0.4967555547201856
*Oc1ccc(NC(=C(C#N)C#N)c2ccc3cc(C(Nc4ccc(*)cc4)=C(C#N)C#N)ccc3c2)cc1,1.4447117289698062
*C(=O)c1ccc2c(c1)C(=O)N(c1ccc(-c3ccc(-c4ccc(N5C(=O)c6ccc(*)cc6C5=O)cc4)cc3)cc1)C2=O,0.7874571962210903
*C(=O)Nc1nc(*)c(C#N)n1C,2.744024592233876
*Nc1cccc(NC(=O)C=CC(*)=O)c1,1.7058109103249932
*Cc1ccc(C(=S)c2ccc(*)cc2)cc1,1.7715135276839935
*C=Cc1cccc(*)c1,1.9630619708130224
*CCCCCCCCOC(=O)CC=CCC(=O)O*,3.961394720326347
*c1ccc([Si](c2ccccc2)(c2ccccc2)c2ccc(-c3nnc(*)o3)cc2)cc1,1.9017505055205264
*C=CC=CCC*,3.0718244076890087
*CNc1ccc(O*)cc1,3.8291267747549766
*OC(=C(C)C)C(C)(C)C(*)=O,3.963779633691404
*NCc1cc(C(=O)O)cc(CNc2nc(-c3csc(*)n3)cs2)c1N,3.772880881035997
*C(=O)c1ccc2nc(-c3ccc(-c4cnc5cc(*)ccc5n4)cc3)cnc2c1,1.106316924497702
*OC(C)C(=O)NC(C)C(*)=O,2.7525166095105487
*c1ccc(-c2ccc(-n3c(=O)c4cc5c(=O)n(*)c(=O)c5c(C(F)(F)F)c4c3=O)cc2C(F)(F)F)c(C(F)(F)F)c1,0.5227339098837445
*ON(C(F)(F)F)C(F)(F)C(*)(F)F,2.890148591781589
*CCCCCCCCCCNC(=O)CCC=CCCC(=O)N*,4.213719055957753
*C=Cc1ccc(*)c2ccc(CCCCCC)cc12,2.1587157470120446
*CCCCCCCCCCCCCCOC(=O)CC=CCC(=O)O*,3.848634225671416
*C(=O)c1ccc(-c2ccc(C(*)=S)cc2)s1,0.7755603758921743
*C=Cc1ccc(*)c(F)c1,1.4774627460292211
*CCCCCNC(=S)N*,3.3666995603754044
*CC(*)(F)C(=O)OCCC(F)(F)C(F)(F)C(F)(F)C(F)(F)F,3.348506198630732
*c1ccc2ccc3c(*)cc(C#CC=C)c4ccc1c2c34,1.5628557863196568
*Nc1ccc(NC(=O)CCC(*)=O)cc1,3.8517619781438657
*Cc1ccc(Cc2ccc(*)s2)cc1,3.3996928158575583
*CCCCCCCCNC(=O)Cc1ccc(CC(=O)N*)cc1,2.7151317983491063
*C(=S)c1ccc(C(=S)c2ccc(*)cc2)s1,0.2617954246089256
*CC(O*)C(F)(F)F,3.4936681923022164
*c1ccc2cc(-c3nc4cc5sc(*)nc5cc4s3)ccc2c1,1.666715369706096
*CC(*)(F)C(=O)OCCC(F)(F)C(F)(F)C(F)(F)C(F)(F)C(F)(F)C(F)(F)C(F)(F)C(F)(F)F,3.755117625060052
*C(F)C(*)(F)OC(F)(F)F,3.2628117861334984
*CC1(C)CC(*)(C)C(=O)OC1=O,2.6680015551264
*Oc1ccc(OC(*)=O)cc1,3.1205968867128657
*CCOC(=O)CCCCS(=O)(=O)CCCCC(=O)O*,4.099046500322256
*CCOC(=O)Nc1c(C)c(C)c(NC(=O)O*)c(C)c1C,3.5424958021776125
*C1CCC(*)C1,4.010984539457406
*c1cc(-c2nc3ccccc3s2)cc(-n2c(=O)c3cc4c(=O)n(*)c(=O)c4cc3c2=O)c1,0.6575374558391585
*CC(O)COc1cccc(O*)c1,3.788755673206405
*c1c2ccccc2c(*)n1C,2.5996626735340587
*CC(O*)c1ccco1,4.156296479893881
*C(Cl)=C(Cl)C(Cl)(Cl)C(*)(Cl)Cl,2.3592971567755687
*CNOc1ccc(*)s1,3.158135467278268
*C(OC(C)=O)=C(OC(C)=O)c1ccc(*)cc1,2.589926148944017
*c1ccc2nc(*)oc2c1,2.689459548189094
*Nc1ccc(-c2ccc(-c3ccc(*)s3)cc2)cc1,2.6010574512940314
*C12CC3CC(*)(C1)CC(CCCC)(C3)C2,3.9110050415808497
*CCc1nc2cc3sc(*)nc3cc2s1,3.196277454112193
*C(I)=C(*)I,2.1920934600664927
*C=Cc1ccc(*)cc1,2.2803614542243387
*Oc1ccc(Cc2ccc(OC(=O)c3cccc(C(*)=O)c3)cc2)cc1,1.5968410829816366
*NNC(=O)c1ccc(NC(=O)c2ccc(C(*)=O)cc2)c(O)c1,1.457196264112626
*C=Cc1ccc(C=Cc2cc(*)ncn2)cc1,1.6543907186634947
*c1ccc(C2Nc3cc4c(cc3O2)OC(*)N4)cc1,6.703430267256966
*Cc1ccc(COC(=O)O*)cc1,3.42268497172776
*Cc1ccc(OC(*)=S)s1,1.9481237734681605
*c1ccc(Oc2ccc(-c3csc(-c4nc(*)cs4)n3)cc2)cc1,2.535132085187138
*c1ccc(Oc2ccc(-c3cnc4cc5ncc(*)nc5cc4n3)cc2)cc1,1.0537076653415522
*c1ccc(-c2ccc(-c3ccc(*)s3)s2)o1,1.6285638298636265
*C(=O)c1ccc(-c2ccc(-c3ccc(*)cc3)s2)cc1,1.5672106425224972
*OC(=S)Oc1ccc(*)cc1,2.4284320590061634
*c1cc(-c2ccc(OCCCCCCCC)cc2)c(*)s1,2.7012169869445195
*c1cc(N=Nc2ccc(OC)cc2)cc(*)c1O,1.7396002126359889
*CCCCOC(=O)C(=O)O*,2.8304282047594653
*CC(*)(C)C(=O)OCc1ccc(Cl)cc1Cl,3.5161841481625693
*c1cc(C(C(=O)OC)C(=O)OC)c(*)s1,1.82823584174511
*CC(CBr)(CBr)CO*,3.7028816613630338
*C=C(*)c1ccc(N)cc1,1.8455454066988533
*CCCC(C)(C)CNC(=O)CCCCC(=O)N*,4.1069109710032885
*Cc1ccc(Nc2ccc(*)cc2)cc1,3.4213816106335937
*CC(F)(F)C(F)(F)C(F)(F)C(F)(F)COC(=O)NCCCCCCNC(=O)O*,4.886026972281547
*Nc1ccc(NC(=O)Cc2cc(CC(*)=O)c(C)cc2C)cc1,3.8556353008657873
*Oc1c(Br)cc(*)cc1Br,2.6766433752610705
*N=P(*)(Cl)Cl,2.508617631461989
*C(=O)N(*)CC,4.0608767844759335
*CC(*)C(=O)c1ccc(Br)c(OC)c1,2.8476737241180032
*NC(CCCCNC(*)=O)C(=O)OC,4.105783949686004
*CC(*)SCC,4.291021060907272
*CC(*)(Cl)C(=O)OC,2.9171726717661626
*OC1(F)C(C)C(C)(C2(Cl)CNCNC2*)CC1(C)C,3.338642919835897
*NNC(=S)c1ccc(C(*)=S)cc1,1.7980151527779031
*N1CC(O)=C(C2C(=O)C3=C(C2=O)C(C)(F)N3*)C1=O,2.3253740118381785
*c1ccc2c(c1)c1cc(*)ccc1n2CC(=O)NO,3.299192943062061
*C(=O)C1CCCN1*,3.7223489900252487
*CNc1ccc(-c2ccc(*)cc2)s1,2.6950811197556868
*CC(F)(F)C(F)=C(*)Cl,1.9453282366642424
*c1ccc(-c2ccc(S(*)(=O)=O)cc2)cc1,1.7887129969082634
*Cc1ccc(CC(*)=S)cc1,1.5844138633345572
*CCCCCCOC(=O)SNc1ccc(Cc2ccc(NSC(=O)O*)cc2)cc1,2.8700572123575245
*C(=O)c1ccc(-c2ccc(-c3ccc(*)s3)cc2)cc1,1.6404002450006645
*C1=CC=C(c2sc(-c3sc(*)c4c3OCCO4)c3c2OCCO3)S1(=O)=O,1.2288019042038134
*CC1(CO*)CC2C=CC1C2,4.291188946496567
*C(=S)N(*)CC=C,1.9695067550008616
*CC(*)OC(=O)c1cccc(Br)c1,2.8668519326260204
*c1ccc(*)n1CC(=O)OC,2.508924753106793
*CCCCCCCCCCCCCCCCOC(=O)CC=CCC(=O)O*,3.903780340844432
*OC(=O)OC(*)=O,2.1835091807325293
*C=Cc1ccc(*)s1,2.306950912604641
*C=CC(CN)C(*)C(=O)O,3.7267211123774246
*c1cc2sc3cc(*)sc3c2s1,1.6308043450461116
*CC(=O)C(=S)c1ccc(*)cc1,0.5572354731225193
*CC(*)C(=O)NC,3.7853885186535097
*OC(=O)c1ccc(Cc2ccc(C(*)=O)cc2)cc1,2.3920905549243523
*C=CC(C*)(C(F)(F)F)C(F)(F)F,3.0189478173804463
*CC(*)c1ccccc1Cl,3.34246559489165
*Oc1ccc(OC(=O)Oc2ccc(C(*)=O)cc2)cc1,1.9542274959637624
*Nc1cc(NC(=O)c2ccc(C(*)=O)cc2)ccc1Cl,1.8331063219263608
*CC(C#N)(C#N)C(C#N)C(C#N)(C#N)C(C#N)C(C#N)(C#N)C(C#N)C(*)(C#N)C#N,1.5052014022255669
*c1ccc(-c2nnc(-c3cccc(-c4nnc(*)o4)n3)o2)cc1,1.926684050062556
*OC(=O)CS(=O)(=O)Cc1ccc(CS(=O)(=O)CC(*)=O)cc1,2.21849446071325
*CCCCCOc1cccc(C(=O)OC(=O)c2cccc(O*)c2)c1,2.8313734554787686
*c1ccc(C(=O)Nc2ccc(-n3c(=O)c4cc5c(=O)n(*)c(=O)c5cc4c3=O)cc2)cc1,0.5566997861957748
*c1ccc(*)c(C(=O)c2ccc(F)cc2)c1,2.366694428581785
*Nc1cc(NC(=O)c2ccc(C(*)=O)cc2)c(N)cc1N,2.1419022296006243
*c1ccc(Oc2ccc(C(c3ccc(Oc4ccc(-c5nnc(*)n5-c5ccc(C)cc5)cc4)cc3)(C(F)(F)F)C(F)(F)F)cc2)cc1,2.9286902143843285
*CC(=S)c1ccc(C(*)=S)cc1,1.7910036074896722
*c1cccc(-c2nnc(*)o2)c1,1.908232987991064
*Cc1ccc(C(=O)c2ccc(*)s2)cc1,1.8597451247070715
*c1ccc(SSc2ccc(-n3c(=O)c4cc5c(=O)n(*)c(=O)c5cc4c3=O)cc2)cc1,0.7812958001505517
*c1ccc(-c2ccc(N3C(=O)c4ccc(Oc5ccc6c(c5)C(=O)N(*)C6=O)cc4C3=O)cc2C)c(C)c1,1.265384183380586
*NC(=S)Nc1ccc(*)cc1,2.310347404438436
*Oc1ccc(-c2ccc(C(*)=O)cc2)cc1,2.1074275007332526
*CCc1ccc(C(*)=S)cc1,1.5541295088875111
*c1cccc(-c2nnc(-c3cccc(-c4nnc(*)o4)n3)o2)c1,1.725535319971204
*CC(C)(C=O)C(F)(F)C(*)([2H])[2H],2.940927392876708
*CCC(C#N)CC(C)=C(*)C,3.9594588195447793
*c1cc(C(=O)CC)c(*)[nH]1,2.084591142715368
*Oc1cccc(OC(=O)c2cccc(C(*)=O)c2)c1,2.0436501183635745
*c1cc(C(=O)OCC(F)(F)C(F)(F)C(F)(F)F)c(*)s1,1.4536048646017503
*CC(*)(C)C(=O)OCC(F)(F)C(F)(F)C(F)(F)C(F)F,3.8807853598858775
*Oc1ccc(*)cc1,3.0316706041105195
*Nc1ccc(*)cc1N,3.4790969722907983
*c1cncc(-c2nc3ccc(-c4ccc5nc(*)sc5c4)cc3s2)c1,1.664586738272256
*C#Cc1ccc(*)s1,1.1478351043179096
*CCCCCOC(=O)c1cccc(C(=O)O*)c1,3.600116003197649
*Nc1ccc(-c2ccc(C(*)=S)s2)s1,1.14411939378351
*CCCCCCCCOC(=O)NCCCCCCNC(=O)O*,3.759645973111764
*c1cccc(-c2nnc(-c3nnc(*)o3)o2)c1,1.2756562178443267
*OC1=CC(=O)C(*)=CC1=O,-0.1488081907442531
*CC1CC1COC(=O)NCCCCCCNC(=O)O*,3.209961180285592
*C(=O)c1ccc(C(=O)c2ccc(*)s2)cc1,1.0487150595449504
*NC(=O)OC(*)=O,0.9891323779037848
*C(=O)NNC(=O)c1cccc(C(=O)NNC(=O)c2ccc(*)nc2)c1,1.2952717169856989
*C=C(*)CNS(=O)(=O)Cc1ccccc1,3.347989659539452
*Oc1ccc(C(C)=Nc2ccccc2N=C(C)c2ccc(*)cc2)cc1,3.092099662764697
*NCCCCCC(=O)CCCCCC(*)=O,3.991502658415485
*c1ccc2nc(*)sc2c1,1.3400521738002809
*CCCCC(=O)N*,3.7375546858605135
*CC(*)OC(=O)OCC(F)(F)F,4.161256355111196
*C=CCCC*,4.0238850874080825
*c1ccc(-c2nnc(*)o2)c(OCC)c1,1.3409235916769635
*c1cc(-c2ccc(OCCCCCC)cc2)c(*)s1,2.7195190087704195
*CC(=O)NC(*)=S,0.9212708333695524
*CC(CS(=O)(=O)C(C)C)O*,4.116352412503954
*Nc1ccc(C(=O)c2ccc(*)s2)s1,1.6846179194103073
*CNC(=O)N*,3.6578053107693376
*C=Cc1ccc(C=Cc2nc3cc4sc(*)nc4cc3s2)cc1,1.0705827015866567
*OC(=O)c1ccc(SCCCCSc2ccc(C(*)=O)cc2)cc1,2.55461949454539
*CCCCCOC(=O)Nc1ccc(C)c(NC(=O)O*)c1,4.039070065236674
*C(=O)c1ccc(C(=S)c2ccc(*)s2)cc1,0.6204333937624114
*OC(C)COC(=O)C=C(CC(*)=O)c1cc(C)ccc1OC,2.904681296770093
*CC(C)(N=C=O)C1C(=O)OC(=O)C1*,3.511993388689757
*NC(CCC(*)=O)C(=O)OCc1ccccc1,3.3073951085386395
*C(=O)N(*)CC=C,3.0526562473895984
*c1cc(CCCCCCOC(=O)COC)c(*)s1,2.628235255056171
*CC(F)(F)C(F)(F)C(F)(F)COC(=O)NCCCCCCNC(=O)O*,4.626095394646374
*c1nc(Cl)nc(N(*)c2ccccc2)n1,2.208452837221483
*Oc1ccc(NC2=C(Cl)C(=O)C(Nc3ccc(*)cc3)=C(Cl)C2=O)cc1,1.7461500974022726
*CC(*)(C)C(=O)OC(F)(C(F)(F)F)C(F)(F)F,2.9205016280360123
*CCC(=O)N*,3.8110592142310735
*CC(*)(F)C(=O)OC,3.800515807493978
*NC(Cc1ccccc1)C(*)=O,3.665422086490252
*c1ccc(-c2ccc(-n3c(=O)c4cc5c(=O)n(*)c(=O)c5cc4c3=O)cc2OC(F)(F)F)c(OC(F)(F)F)c1,0.273235735332642
*C=Cc1ccc(*)c2ccc(CCCCCCCCCCC)cc12,2.2629579453474498
*c1ccc(-c2ccc(-c3ccc(*)s3)s2)[nH]1,1.98814591108864
*c1ccc(Cc2ccc(N3C(=O)C4CCC5C(=O)N(*)C(=O)C5C4C3=O)c(C)c2)cc1C,2.964949447256565
*CC(*)(C)C(=O)OCc1ccc(Cl)cc1,3.7887470913021897
*CCCCNC(=O)CC(=O)N*,3.915885372469471
*c1ccc(-c2ccc(-n3c(=O)c4cc5c(=O)n(*)c(=O)c5c(C(F)(F)F)c4c3=O)cc2C)c(C)c1,0.3784130102666756
*NC(=S)c1ccc(C(*)=S)cc1,1.6261399506472491
*c1nc(-c2ccccc2)nc(N(*)C)n1,2.5118476697889425
*c1cc(*)cc(-c2nc3ccccc3o2)c1,2.028423479006321
*Cc1cc(C23CC4CC(CC(C4)C2)C3)cc(CN(*)C)c1O,4.023716256654295
*CCO*,4.217726221989065
*C(=O)c1ccc(C(=S)c2ccc(*)cc2)cc1,1.576786563683239
*c1ccc(-c2nnc(*)o2)cc1,1.1542486730393955
*c1cc(C=Nc2cccc(C)c2)cc(*)c1O,2.2141064368614165
*C=CC1CC(*)C2C3CCC(C3)C12,4.3404000073732645
*Oc1c(C)cc(N=Nc2ccc(C(*)=O)cc2)cc1C,1.7496028324657988
*OC(=O)CCCCC(*)=O,2.514443400675193
*c1cc(CCCCCCCCCCCCCCCCCCCCCC)c(*)s1,2.2972623183447984
*Oc1ccc(-c2ccc(C(*)=O)s2)cc1,1.7039227191331023
*C(=O)C=CC(=O)N1CC(C)N(*)CC1C,1.9455333212109152
*COc1ccc(-c2ccc(*)cc2)s1,2.62302859991292
*CC(O*)C1CC(F)(F)C1(F)F,4.0675130787002525
*Cc1ccc(-c2ccc(O*)s2)s1,2.547829847373112
*C(=O)c1ccc(C(=O)N(C)c2ccc(Cl)c(N(*)C)c2)cc1,1.8420860890267423
*CCCP(CCCNC(=O)C(=O)N*)c1ccccc1,3.0686175840389023
*Cc1ccc(Cc2ccc(CSC(=O)c3cccc(C(=O)S*)c3)cc2)cc1,4.384248996873897
*CCCCCCOC(=O)Nc1ccc(C)c(NC(=O)O*)c1,3.723777250149493
*C#Cc1cc(CCCCCC)c(*)s1,1.319999035701648
*c1ccc2c(c1)c1cc(*)ccc1n2C(=O)OCC,2.8597495038580285
*CC(*)(F)C(=O)OCCC,3.6562637067846953
*NC(=O)c1ccc(C(*)=S)cc1,1.2389993567209543
*c1cc(-c2sc(-c3cc(CCCC)c(*)s3)cc2CCCC)c2cccccc1-2,2.0669987450686818
*c1cccc(*)c1,2.6893455194960523
*Oc1ccc(-c2ccc(Oc3ccc(C(C)(C)c4ccc(*)cc4)cc3)cc2)cc1,3.3110998092015613
*CC(*)(F)C(=O)OCC(F)(F)F,3.059726827172783
*C(=O)c1ccc(Oc2ccc(*)s2)cc1,2.1373131415071267
*CCc1ccc(*)s1,3.628437285235648
*c1sc(*)c(OCCCC)c1OCCCC,2.3374085975289702
*C(=O)c1cccc(C(=O)N(C)c2cccc(N(*)C)c2)c1,3.0548409681683766
*Cc1ccc(COC(=O)CCC(=O)O*)cc1,3.5390935118255125
*c1ccc(-c2cnc3cc4ncc(*)nc4cc3n2)cc1,0.7286391819220189
*Nc1c(I)cc(C(*)=O)cc1I,2.1292117414114253
*C(=S)c1ccc(-c2ccc(-c3ccc(*)cc3)cc2)s1,0.9558134421617316
*CCc1c(Cl)c(Cl)c(*)c(Cl)c1Cl,2.5076346179094977
*C(F)C(*)(F)F,3.230630405786142
*c1ccc(N=Nc2ccc(-c3csc(-c4nc(*)cs4)n3)cc2)cc1,1.563358332946414
*c1ccc2c(c1)c1cc(*)ccc1n2C(=O)NO,2.506418391140776
*CC(*)c1c(F)c(F)c(OC)c(F)c1F,3.5995241134105163
*N=P(*)(Oc1cccc(Cl)c1)Oc1cccc(Cl)c1,3.7017578152625874
*c1ccc(*)c2nc(CC)c(CC)nc12,2.4335638071430465
*COC(=O)Nc1ccc(Cc2ccc(NC(=O)OCc3cocc3*)cc2)cc1,3.557200558596344
*COCOc1ccc(C(=O)OC(=O)c2ccc(O*)cc2)cc1,2.161512947390383
*Oc1ccc(C(=S)c2ccc(*)cc2)cc1,1.038219644793312
*c1ccc(-c2nc3cc(-n4c(=O)c5cc6c(=O)n(*)c(=O)c6cc5c4=O)ccc3[nH]2)cc1,0.6684092972864617
*c1ccc(Oc2ccc3c(c2)C(=O)N(*)C3=O)cc1,1.4940639995597251
*c1ccc(-c2csc(-c3cccc(-c4nc(*)cs4)n3)n2)cc1,1.9704614192418863
*Oc1c(C)cc(C(C)(C)c2cc(C)c(OC(*)=O)c(C)c2)cc1C,3.787716478732936
*Cc1ccc(-c2ccc(-c3ccc(*)s3)s2)s1,2.288388571280436
*Oc1ccc(OC(=O)Oc2ccc(-c3ccc(OC(*)=O)cc3)cc2)cc1,3.1027177406825728
*Oc1ccc(OC(=O)c2cccc(C(*)=O)c2)cc1,2.020730161182946
*c1cc(-c2ccc(F)cc2)c(*)s1,2.0406568529753093
*Oc1ccc(-c2ccc(-c3ccc(*)cc3)cc2)s1,2.5611697679567564
*C(=O)c1ccc2c(c1)C(=O)N(c1cc(-c3nc4ccccc4[nH]3)cc(N3C(=O)c4ccc(*)cc4C3=O)c1)C2=O,1.1397351052234057
*C(=O)OCCCCOC(=O)N1CCN(*)CC1,3.5725318608413685
*Oc1ccc(C(=O)NNC(=O)c2ccc(*)cc2)cc1,2.898927245491718
*CCOCO*,4.009441672187883
*NC(C)CNC(=O)NC(CCCCNC(*)=O)C(=O)OC,3.836453014588274
*CCCCCCN(C)C(=O)CCC(=O)N(*)C,4.227175854528602
*C(C)=C(*)SCC,4.17228708886143
*Cc1nc(-c2ccc(-c3csc(*)n3)cc2)cs1,2.8164064509699047
*c1ccc(-c2ccc(-c3ccc(*)s3)s2)cc1,1.695153860611847
*C(=O)c1ccc2c(c1)C(=O)N(c1cc(C(=O)OC)cc(N3C(=O)c4ccc(*)cc4C3=O)c1)C2=O,0.9886515014049744
*Oc1ccc(Oc2ccc(P(C)(=O)c3ccc(*)cc3)cc2)cc1,2.8560095995975483
*OC1C(C)(C)C(*)C1(C)C,3.763703581439757
*CC(c1ccccc1)c1ccc(*)cc1,3.513508595313481
*CCCCC(C)CC(=O)N*,4.276326056200979
*Oc1cccc(OC(=O)C2CC2C(*)=O)c1,3.540264627185888
*C=CCC(C*)(c1ccccc1)c1ccccc1,3.7248395949058017
*CCc1nc(-c2ccc(-c3csc(*)n3)cc2)cs1,2.775995574318649
*NC(=O)OC(*)=S,1.4039220131929149
*CC(=O)NCC(=O)O*,2.9100270343983063
*c1cc(CCCCCCCCCC2COC(C)(C)O2)c(*)s1,2.3048482072176166
*C=CC1CC(*)C2C(=O)N(c3cccc(C)c3)C(=O)C12,3.703088258504672
*c1sc(*)c2nc(CC)c(CC)nc12,2.1435282330016703
*OC(=O)Oc1ccc(C(C)(C)c2ccc(*)c(C)c2)cc1C,3.6597175655811696
*C=C(*)c1ccsc1,4.065930475776998
*NC(=O)c1ccc(-c2ccc(*)s2)cc1,2.0396495019484493
*Cc1ccc(C(=O)c2ccc(*)s2)s1,1.4232058002083718
*CCc1ccc(*)c(C)c1,4.105121794607738
*Nc1ccc(C(=O)C(*)=S)s1,0.7501142566616634
*N=C1C(=Nc2ccc(*)cc2)c2cccc3cccc1c23,2.232452720319002
*Cc1ccc(OCOc2ccc(*)c3cccnc23)c2ncccc12,2.1819463088478392
*CC(*)CN,3.891309737958205
*C(=O)OCC1CC1COC(=O)N1CCN(*)CC1,4.091979815616205
*c1ccc(Nc2cccc(-n3c(=O)c4cc5c(=O)n(*)c(=O)c5cc4c3=O)c2)cc1,0.6540982302932061
*CCCOC(=O)C(=O)O*,2.578903213446565
*c1ccc(-c2sc(-c3cc(CCCC)c(*)s3)cc2CCCC)cc1,2.2616863803368865
*Oc1ccc(Oc2cccc(*)n2)c(-c2ccccc2)c1,2.6025291910602024
*c1cc(CCCCCCCCCC2COC(=O)O2)c(*)s1,2.4001703539025527
*c1ccc(Oc2ccc(-n3c(=O)c4cc5c(=O)n(*)c(=O)c5cc4c3=O)cc2Br)c(Br)c1,0.5758164532794479
*c1cc(CCCCC)c(*)s1,2.058291590968612
*Oc1ccc(Oc2ccc(OC(=O)c3cccc(C(*)=O)c3)cc2)cc1,1.9156420306390487
*c1ccc(*)n1CCC(=O)OCC,3.191542200519674
*Nc1ccc(-c2ccc(C(*)=S)cc2)s1,1.8602984101730289
*C=CC1CCC(*)C1,4.219920012382153
*Oc1ccc(C(C)(C)c2ccc(OC(*)=O)c(Cl)c2)cc1C,3.2946694659638536
*C1C2CC(C)C(C2)C1*,4.214500091509426
*C=Cc1cccc(C=Cc2cc(*)nc(-c3ccccc3)n2)c1,1.6242300295035772
*CCN(*)C(=O)c1c(F)cc(F)cc1F,3.407686763044235
*CC(*)OCCOc1ccc(C=C(C#N)C(=O)OC)cc1,2.3956669570631823
*Oc1ccc(Cc2ccc(OC(*)=O)cc2)cc1,3.66540169410345
*CCOCCOC(=O)c1ccc(Cc2ccc(C(=O)O*)cc2)cc1,2.212502684941624
*C1C(=O)OC(=O)C1*,2.175723290866956
*NC(=O)Oc1ccc(*)cc1,3.142686189688588
*C(=O)c1ccc(-c2ccc(-c3ccc(*)cc3)cc2)cc1,1.9673274635438385
*CC(*)C(F)(F)F,3.7011340059090254
*CCOC(=O)COCC(=O)O*,3.4848385185530915
*C(=O)c1ccc(OC(*)=S)s1,1.2045140287761829
*Cc1ccc(C(=O)O*)s1,1.8091586017327408
*NS(=O)Nc1cccc(*)n1,3.1111988129931483
*Cc1ccc(-c2ccc(O*)cc2)cc1,3.040695716849731
*CC(*)(F)C(=O)OCC(F)(F)C(F)F,4.034452628808151
*Nc1ccc(*)cc1CO,3.33480396122834
*C(C#N)=C(*)c1ccccc1,2.5559422961825047
*Oc1cc(C)c(*)c(C)c1Br,3.2109088475281644
*Oc1ccc(Oc2ccc(C(=O)c3ccc(*)cc3)cc2)cc1CC#N,2.051463300229245
*NC(CC(*)=O)C(=O)OCC,3.5783074763130363
*CNC(=S)c1ccc(*)s1,1.905732663557256
*Oc1ccc(S(=O)(=O)c2ccc(*)cc2)cc1,2.7571310277665093
*c1ccc(Nc2ccc(-n3c(=O)c4cc5c(=O)n(*)c(=O)c5cc4c3=O)cc2)cc1,0.5521560740380713
*c1cccc(-c2nc3cc(-c4ccc5[nH]c(*)nc5c4)ccc3[nH]2)c1,2.243013284306328
*c1cc(CCCCBr)c(*)s1,2.126348908695634
*OC1C(COCO)OC(*)C(O)C1O,4.008295956351832
*CCCCCCCCCCCCOC(=O)NCCCCCCNC(=O)O*,4.218939427050499
*CC(C#N)(C#N)CC(C#N)(C#N)C(C#N)C(*)(C#N)C#N,2.0214359960497643
*Oc1ccc(C(C)(c2ccc(Oc3ccc(C(=O)c4ccc(*)cc4)cc3)cc2)C(F)(F)F)cc1,2.456909165077749
*Nc1ccc(*)cc1I,3.0933062849420434
*CC(*)(C)C#N,3.7898258119932215
*Cc1ccc(OC(*)=S)cc1,1.9949696797301275
*c1cc(CCCCCC)c(*)[nH]1,3.34162325137905
*CCC(*)O,3.642191714349521
*NC(CCCCNC(=O)NCCCCCNC(*)=O)C(=O)OC,4.082658415288911
*OC(=S)c1ccc(C(*)=O)s1,0.7148206852185424
*CC(=O)C1CCC(*)C1=O,2.9391743421525187
*C1C=C(C)C(*)C1,3.8784237493686833
*CCCCCCCCN1C(=O)c2ccc3c4ccc5c6c(ccc(c7ccc(c2c37)C1=O)c64)C(=O)N(*)C5=O,0.8036289201482956
*Nc1nc(Nn2c(=O)c3cc4c(=O)n(*)c(=O)c4cc3c2=O)nc(N(CC)CC)n1,1.962562974319116
*C#CC(CO)=C(*)n1c2ccccc2c2ccccc21,1.024850409704451
*CCC(=O)c1ccc(*)cc1,1.9622189292849663
*CC(O*)c1ccccc1,4.1574820439358176
*OC([2H])([2H])C(*)([2H])C([2H])=C([2H])[2H],3.890748321813111
*C=Cc1ccc(*)nc1,0.8545863656579242
*C(=S)OC(=S)c1ccc(*)s1,0.7782229709910369
*COc1ccc(C(C)(C)c2ccc(O*)cc2)cc1,4.4839307946665965
*C(=O)Nc1cccc(NC(=O)c2ccc3c(c2)C(=O)N(c2cccc(N4C(=O)c5ccc(*)cc5C4=O)c2)C3=O)n1,0.9629466833209834
*CCCCOC(=O)SSSC(=O)O*,2.2950709727045857
*c1ccc(-c2cc(CCCCCCCCCCC)c(*)s2)s1,1.743903282471413
*Oc1ccc(C(C)(C)c2ccc(Oc3cncc(*)n3)cc2)cc1,2.474112971211711
*OC([2H])([2H])C(*)([2H])[2H],3.9606944526167993
*CNC(=S)C(*)=O,0.8641977134302272
*Cc1ccc(CSSSS*)cc1,2.4477947137810623
*C1C=CC(*)S1,3.953718793772192
*C#CC=C*,0.5339062855377552
*CCCCOC(=O)c1ccc(C(=O)O*)cc1,2.40415880183654
*CCc1cnc(*)cn1,2.863591611686581
*NC(C)C(*)=O,3.679329652575692
*CC(=O)c1ccc(O*)s1,1.8048835220904704
*c1cccc2c(-n3c(=O)c4cc5c(=O)n(*)c(=O)c5cc4c3=O)cccc12,0.583447170980965
*CCCCc1nc(-c2ccc(-c3csc(*)n3)cc2)cs1,2.6143982099950263
*OC(=O)Oc1ccc(C(C)c2ccc(*)cc2)cc1OC,3.821856781297264
*Nc1ccc(*)cc1OCCCCS(=O)(=O)O,3.880054181293082
*c1ccc(-c2ccc(-n3c(=O)c4cc5c(=O)n(*)c(=O)c5cc4c3=O)cc2)cc1,0.6025035559030654
*OC1CCC(OC(=O)C(*)=O)CC1,3.2579574412411763
*Oc1cccc(NC(=O)c2ccc(*)cc2)c1,2.754060024788134
*N=NNc1ccc(NN=Nc2ccc(*)cc2)cc1,1.6507809392856747
*c1c(C)cc(C)c(N2C(=O)c3ccc(-c4ccc5c(c4)C(=O)N(*)C5=O)cc3C2=O)c1C,1.2191332608784031
*CCc1ccc(O*)s1,3.8178314552424495
*Oc1ccc(OC(=O)c2cccc(Oc3cccc(C(*)=O)c3)c2)cc1,3.9524674764897023
*CC(*)OC(=O)CC(C)=O,4.319111472663311
*CNC(=O)CCCC(=O)N*,3.600990333886537
*C1CCC(C=*)C1,3.855612549768312
*C#CC(=C(*)c1cnc2ccccc2c1)c1cnc2ccccc2c1,0.8739191579803354
*CCOC(=O)C1C2C=CC(C2)C1C(=O)O*,3.904108948516603
*CC(C)(CCl)O*,4.155760164411795
*OC(=O)CCSc1ccc(SCCC(*)=O)cc1,3.2556333984245187
*CC(*)C(=O)c1ccc(C(C)(C)C)cc1,3.109414624968708
*Oc1ccc(OC(=O)c2ccc(Oc3ccc(C(*)=O)cc3)cc2)cc1Cl,2.5582696365502087
*Cc1ccc(-c2ccc(-c3ccc(*)s3)cc2)cc1,2.621316911490432
*CC(CC(*)(C#N)C#N)c1ccc(CCl)cc1,3.1544958484640087
*c1ccc(Oc2ccc(-c3cnc4cc5nc(*)cnc5cc4n3)cc2)cc1,1.011577660848359
*NC(CCCCNC(=O)NCCCNC(*)=O)C(=O)OC,4.0675300816628175
*c1cc(CC(=O)Cl)c(*)s1,1.3232779189940658
*COC(=S)O*,2.423289405925765
*OC(=O)Oc1ccc(C(C)(C)c2ccc(*)cc2)cc1C,3.793260452610855
*c1cccc(C(F)(F)C(F)(F)C(*)(F)F)c1,2.4574699031337306
*OC1C(C)(C)C(OC(=O)c2ccc(C(*)=O)cc2)C1(C)C,2.071798104709813
*OC(CC(*)=O)C(Cl)(Cl)Cl,3.14836098427725
*c1ccc(Sc2ccc(Sc3ccc(Sc4ccc(S(*)=O)cc4)cc3)cc2)cc1,3.1579319501851075
*CC(=O)Nc1ccc(*)cc1,2.9963157693406264
*c1cc(C(F)(F)C(F)(F)C(F)(F)F)c(*)s1,3.1074088607548167
*C(=O)NNC(=O)c1cccc(C(=O)NNC(=O)c2cnc(*)cn2)c1,1.0173768209241345
*c1ccc(-n2ccc(-c3ccc(-c4ccn(*)n4)cc3)n2)cc1,2.3509349149804195
*OP(=O)(Oc1ccc(-c2ccc(*)cc2)cc1)c1ccccc1,2.900385461343244
*CC(*)n1c2ccc(I)cc2c2cc(I)ccc21,3.5984389631584497
*Oc1ccc(C(=O)CCCCC(=O)c2ccc(OC(*)=O)cc2)cc1,2.864881948035812
*Oc1cccc(NC(=O)c2ccc([Si](C)(C)c3ccc(C(*)=O)cc3)cc2)c1,2.4281821530076853
*Cc1ccc(COC(=O)CCCCSCCCCC(=O)O*)cc1,3.1353925468101744
*CC(*)C(=O)OCC=C,3.597512951289398
*CC(*)N1CCCC1=S,3.745740704910562
*C1C2CC(=CC)C(C2)C1*,4.219925785256232
*CCCCCOC(=O)NCCCCCCNC(=O)O*,3.7136387780036832
*Nc1cccc(C#Cc2cccc(C(*)=O)c2)c1,2.0886883574081287
*c1cc(CCCC(F)(F)C(F)(F)C(F)(F)C(F)(F)F)c(*)s1,2.482959827333775
*CC(C#N)(C#N)C(C#N)C(C#N)(C#N)C(C#N)C(*)(C#N)C#N,1.8495449050421608
*CCCCCCCCCCOC(=O)CCC=CCCC(=O)O*,3.914009993747797
*c1ccc(-c2ccc(-c3ccc(-c4ccc(*)s4)s3)cc2)cc1,1.87071076529605
*C=c1ccc(=c2ccc(=Cc3ccc(-c4ccc(*)s4)s3)s2)s1,1.092774693402025
*c1sc(-c2cc(SCC(C)CC)c(*)s2)cc1SCC(C)CC,1.6820540395294103
*OC1CCC(C2CCC(OC(=O)CCCCCCCCCCC(*)=O)CC2)CC1,4.019562931026647
*c1ccc(-c2ccc(-c3nc(-c4ccc(-c5csc(*)n5)cc4)cs3)cc2)cc1,2.004630208289912
*CNc1ccc(C(*)=S)s1,1.5230889016708002
*CCCCOCO*,4.067653986609352
*CCN(*)C(=O)c1c(F)cc(F)c(F)c1F,2.524440372445402
*Oc1ccc(C(CCC)(CCC)c2ccc(OC(*)=O)cc2)cc1,3.622483847036653
*C=C(*)c1cccc(C#C)n1,1.231946591315073
*CCCP(CCCCCCCC)CCCNC(=O)C(=O)N*,3.238235428450669
*CCCCNC(=O)C(OC)C(OC)C(=O)N*,3.756228355604277
*Oc1ccc(Oc2ccc(*)cc2)cc1,3.474503010875788
*c1ccc(C(=O)c2ccc(-n3c(=O)c4cc5c(=O)n(*)c(=O)c5cc4c3=O)cc2)cc1,0.4363380118783105
*c1cc(C)c(*)[nH]1,3.436154509974666
*Oc1ccc(C(c2ccccc2)c2ccc(OC(*)=O)cc2C)c(C)c1,3.4259960841018766
*C(OC)=C(OC)c1ccc(*)cc1,2.5844626258874994
*C=NN=Cc1cc(CCCCCCCCCCCC)c(*)s1,1.8192801991968104
*Cc1ccc(CN2CCN(*)C(C)C2)cc1,3.7943675271895296
*C#Cc1c(F)c(F)c(C#Cc2cc(CCCCCC)c(*)s2)c(F)c1F,1.2196607418026175
*Oc1ccc(OC(=O)c2ccc(C(*)=O)cc2)cc1C1CC2CCC1C2,2.6654959407556764
*c1ccc2ccc3c(*)cc(C#C)c4ccc1c2c34,1.5546073573794388
*Oc1ccc(C2(c3ccc(OC(*)=O)cc3)CCCCCC2)cc1,3.4983788144589925
*C=CC1CC(*)C(C(F)(F)F)(C(F)(F)F)C1(F)F,3.5110378033826386
*C(C)=C(*)CCC,4.03817841915257
*NC(=O)c1ccc(-c2ccc(*)cc2)cc1,2.054511686127899
*CC(=O)Nc1ccc(*)s1,3.174171771072744
*CNCC(*)=O,2.296009180345359
*Nc1cc(C)c(*)cc1OC,3.3811390558754666
*CC(*)O,3.6569595740235807
*Oc1ccc(-c2ccc(C(*)=O)s2)s1,1.3556113867123076
*C(C)=C(*)C#N,1.2346613003510878
*CC(F)(F)C(F)(F)C(F)(F)C(F)(F)COC(=O)C(F)(F)C(F)(F)C(F)(F)C(F)(F)C(=O)O*,3.9230806868309536
*C(=O)c1ccc(C(=O)c2ccc(*)cc2)cc1,2.783037199988984
*Cc1ccc(C(=O)N*)cc1,2.6250027134438048
*CC(CC)(CC)CS*,4.303839122052216
*c1ccc(-c2ccc([Si](C)(C)c3ccc(*)s3)s2)cc1,2.478634961600912
*NC(=O)c1ccc(-c2ccc(*)cc2)s1,1.7961965863473155
*CC1CCC(*)C1,3.97409745261872
*CCC(=S)O*,2.5402713188467323
*c1nc2c(n1C)C(=O)N(*)C2=O,1.5167168752968263
*c1ccc(C(C#N)(C#N)C(*)(C#N)C#N)cc1,1.7878651158726466
*CCCCOC(=O)NCC(F)(F)C(F)(F)C(F)(F)C(F)(F)CNC(=O)O*,3.433671948052436
*N=Nc1ccc(C(=O)NCCCCNC(=O)c2ccc(*)cc2)cc1,1.5907493731255231
*Cc1ccc(CC(*)=S)s1,1.7432193892520995
*c1ccc(-c2ccc(-c3cnc4cc(-c5ccc6nc(*)cnc6c5)ccc4n3)cc2)cc1,1.3503013526875698
*NC(=S)OC(*)=S,0.6556322054603552
*c1ccc(-c2ccc(-c3ccc(-c4ccc(*)n4CCCCCCCCCCCC)s3)s2)s1,2.048656941564716
*CC(*)n1c(C)c(C)c2ccccc21,3.706667722665915
*Nc1ccc(Cc2ccc(NC(=O)c3ccc(P(=O)(c4ccccc4)c4ccc(C(*)=O)cc4)cc3)cc2)cc1,2.7407764333176554
*c1cc(CCCCCCCCC)c(*)s1,2.359964349548769
*CC(C#N)(C#N)C(C#N)C(*)(C#N)C#N,1.7043436417621871
*C(=O)NNC(=O)c1ccc(*)nc1,1.0638694213101063
*c1c(C)c(C)c(-n2c(=O)c3cc4c(=O)n(*)c(=O)c4cc3c2=O)c(C)c1C,1.2641414726275748
*CC(CC(*)(C#N)C(=O)OC)c1ccccc1,3.891502647484559
*Nc1ccc(*)c2cc3ccccc3cc12,2.1297920129274663
*NC(CCCCNC(=O)NCCNC(*)=O)C(=O)OC,3.784995569075925
*CC(C)(C)COC(=O)CCCCCCCC(=O)O*,4.219886375401482
*OC(=O)CCCCCCC(*)=O,3.559525528144192
*CC(*)(Cl)C#N,2.0012722981585203
*CC(*)OC(=O)C(F)(F)C(F)(F)C(F)(F)C(F)(F)C(F)(F)F,3.1057262263338137
*CCC(=O)Oc1ccc(OC(=O)CCN2CCN(*)C(C)C2)cc1,3.407966530147631
*C1OCOC(C(*)(F)F)C1(F)F,4.513901571700092
*c1ccc(-c2cnc3ccc(-c4ccc5ncc(*)nc5c4)cc3n2)cc1,1.3749735108971457
*c1ccc(C2C(c3ccccn3)C(*)C2c2ccccn2)cc1,3.558494307297384
*c1ccc(*)n1C(=O)OCC,2.708692712372228
*c1sc(*)c2nc(-c3ccccc3)c(CCCCCCC)nc12,1.850130307719235
*C(=O)c1ccc(C(=O)C(*)=S)s1,0.0649851537559573
*CCN(CCOC(=O)Nc1ccc(Cc2ccc(NC(=O)O*)cc2)cc1)c1ccccc1,3.4983296396686816
*c1ccc(-c2ccc(*)nc2)cn1,1.9124411989988093
*CC(*)(C)c1ncncn1,2.2706122541993348
*CC(CCl)(CCl)COC(=O)CCC(=O)O*,3.7011140983360535
*CC(=O)c1ccc(C(*)=S)cc1,0.5427150788227815
*Oc1c(C)cc(*)cc1C(C)CCCCCC,3.611625748061416
*OC(COC(=O)Nc1ccc(Cc2ccc(NC(*)=O)cc2)cc1)c1ccco1,3.2599831389512284
*c1ccc(S(=O)(=O)c2ccc(-n3nc(*)c4ccccc4c3=O)cc2)cc1,1.346805087744016
*Oc1ccc2ccc(OC(=O)Oc3ccc(OC(*)=O)cc3)cc2c1,2.485130712456374
*CC(*)(Br)Br,2.335650933807951
*c1nc(C)nc(N(*)c2ccccc2)n1,2.9308632342733274
*C=CC=Cc1nc2cc3sc(*)nc3cc2s1,0.9409605977171842
*CCCCNC(=O)CCC=CCCC(=O)N*,3.928549442804272
*Oc1cccc(NC(=O)Nc2ccc(Cc3ccc(NC(*)=O)cc3)cc2)c1,3.5369704910141384
*Nc1ccc(NC(=O)C=Cc2ccc(C=CC(*)=O)cc2)cc1,1.59839000058042
*OC(=S)OC(*)=O,1.739852225059448
*C=Cc1ccc(-c2ccc(*)s2)s1,1.8366666557454887
*Nc1ccc(OC(*)=S)cc1,2.2553632222682154
*CCc1ccc(*)cc1,3.5607091736760634
*CC(*)C(=O)Oc1ccc(Cl)cc1,3.5111881000497287
*Oc1cc(Br)cc(Br)c1*,3.269355133804262
*c1ccc(-c2nc3cc4nc(-c5ccccc5)c(*)nc4cc3nc2-c2ccccc2)cc1,1.110427552985485
*c1cc(SC)c(*)s1,1.6289490422921866
*CC(*)(F)C(=O)OCC(F)(F)C(F)(F)C(F)(F)F,3.000495623339548
*CCSSCCO*,3.628896458839197
*C(=S)c1ccc(-c2ccc(-c3ccc(*)cc3)cc2)cc1,1.4063814452021457
*OC(=O)CCC(=O)OC1COC2C(*)COC12,3.741253275196189
*OC(=O)c1ccc(CCCCCCc2ccc(C(*)=O)cc2)cc1,2.092615877320069
*NC(=O)c1ccc(O*)s1,1.8917842745016271
*CC(C)(C)COC(=O)O*,4.143656292027213
*CC(*)OC(=O)c1ccc(OC(C)=O)cc1,3.314907892223001
*c1ccc(-c2sc(-c3cc(SCCCCCCCC)c(*)s3)cc2SCCCCCCCC)cc1,1.9260897620444672
*NC(C=C)CC(*)=O,2.7550104368272827
*CCCCCCCCC(=O)NCCCCCCNC(=O)CCCCO*,3.9296537961788407
*C(*)(C#N)C#N,-0.1727007943746716
*CC(*)Cn1cc2ccccc2n1,3.8894597921911407
*C=Cc1ccc(*)o1,2.818106283866378
*Nc1ccc(C(=O)c2ccc(*)s2)cc1,2.5592891471908525
*CC(CF)O*,4.092370645731197
*Oc1ccc(C(C)c2ccc(OC(*)=O)cc2)cc1,3.7646615080120727
*Nc1ccc(NC(=O)c2c(F)c(F)c(C(*)=O)c(F)c2F)cc1,1.630153461903789
*C1C=CC(*)C1,3.853594259903194
*Nc1ccc(*)cc1OCCCCCCCCCCCC,3.84708406844536
*Oc1ccc(C(C)(C)c2ccc(Oc3ccc(*)nn3)cc2)cc1,2.444897043753926
*CONC(*)=O,2.420746196879177
*C(=O)NNC(=O)c1cnc(*)cn1,0.7022019093218259
*Oc1ccc(P(C)(=O)c2ccc(*)cc2)cc1,3.2214192157844
*COc1ccc(O*)cc1,3.4141215380983567
*CC(=S)C(=O)C(*)=S,0.9629958725125602
*C(=S)c1ccc(-c2ccc(-c3ccc(*)s3)s2)s1,0.6034270642282005
*c1ccc(*)c(C(=O)c2c(F)c(F)c(F)c(F)c2F)c1,1.827987927194017
*CC(*)C(=O)N(O)c1cccc(C)c1,3.941363463133509
*OC(F)(F)OC(F)(F)C(*)(F)F,4.442767245971531
*c1ccc(-c2ccc(-c3cc(SCCCCCCCCCC)c(*)s3)cc2)cc1,2.1976298190277457
*CC(*)C(=O)OCF,3.5640525510626286
*CCOC(=O)c1ccc(CCCCCCc2ccc(C(=O)O*)cc2)cc1,2.9718389295944045
*Nc1ccc(NC(=S)NC(=O)c2ccc(C(=O)NC(*)=S)cc2)cc1,1.1842009166149503
*NC(C)(C)C(*)=O,3.4318544142521583
*Oc1ccc(C(CC)(c2ccccc2)c2ccc(OC(=O)CCCCCCCCC(*)=O)cc2)cc1,3.5683208141448564
*CC(CO*)(CSC)CSC,4.2460593855594775
*CCc1ccc(*)c(Cl)c1Cl,3.6861687431819217
*c1ccc(Oc2ccc(-n3c(=O)c4cc5c(=O)n(*)c(=O)c5cc4c3=O)cc2)cc1,0.5734986626293588
*c1ccc2c(c1)Cc1cc(-n3c(=O)c4cc5c(=O)n(*)c(=O)c5cc4c3=O)ccc1-2,0.5562084820782021
*SC(C)C(*)=O,3.796046310535008
*C(=O)c1ccc(Oc2ccc(*)s2)s1,1.7636271318197465
*c1ccc(C(C#N)(C(=O)O)C(*)(C#N)C(=O)O)cc1,2.0339065787961603
*CCCCCCSCCCCS*,4.045901053091776
*c1sc(*)c(OCCCCCCC)c1C,2.469196189798589
*OC(=O)c1ccc(C(*)=O)s1,1.3082473349613215
*CCN(*)C(=O)Cc1ccc(C(F)(F)F)cc1,3.0499082899866057
*Cc1ccc(Cc2ccc(*)cc2)cc1,3.2409916151700173
*Nc1cc(Br)c(*)cc1Br,2.7038136357819926
*CCCCc1nc2cc3nc(*)[nH]c3cc2[nH]1,3.3706916957300748
*CC(*)n1cncn1,2.844838197901064
*C(=O)OCCOC(=O)N1CCN(*)CC1,3.9896874825147055
*CC(*)OC(=O)c1ccc(OC)cc1,3.8062777629842537
*Cc1ccc(C(=O)C(*)=S)s1,0.8720078960309356
*c1ccc(Oc2ccc(-c3nc4cc5sc(*)nc5cc4s3)cc2)cc1,1.9813865013996987
*c1cc(CC(=O)O)c(*)s1,2.4245340253994963
*OC(=C)CC(*)=O,3.6898100164518346
*CC(*)C(=O)OCCOC(=O)c1cc([N+](=O)[O-])cc([N+](=O)[O-])c1,0.6257426604956073
*c1ccc(-c2nc3cc4nc(*)c(-c5ccccc5)nc4cc3nc2-c2ccccc2)cc1,1.1411673962768027
*CC1CC1CO*,4.252164249216757
*OC(*)CCl,4.0445396877884425
*c1cccc(-c2nc3ccc(-c4ccc5oc(*)nc5c4)cc3o2)c1,2.1195349449822105
*CCOCCOCCOC(=O)C(=O)O*,3.2829976053499617
*CC(C)(C)COC(=O)NC1CCC(CC2CCC(NC(=O)O*)CC2)CC1,3.7980253267830295
*CC(*)(F)C(=O)OCC(F)(F)C(F)(F)C(F)(F)C(F)F,3.261896946502965
*c1cccc(*)c1N,3.146275365266888
*OC(=O)Oc1ccc(OC(=O)OC2CC3CC(*)CC(C2)O3)cc1,3.513896485349384
*CC(OC)C1C(=O)OC(=O)C1*,2.9889607373394105
*CC(*)OC(=O)C(Cl)(Cl)Cl,3.4977803619501744
*CCCCCCOC(=O)c1ccc2cc(C(=O)O*)ccc2c1,2.115809256741305
*CC(*)C(=O)OCC(F)(F)C(F)(F)C(F)(F)F,3.798582239193984
*Oc1ccc(C2(c3ccc(OC(*)=O)cc3)CC3CCC2C3)cc1,3.411834693341681
*CCCCc1nnc(-c2cccc(-c3nnc(*)o3)c2)o1,2.091980026140932
*c1ccc2c(c1)c1cc(*)ccc1n2CC,3.1809725297007114
*Nc1c(Br)cc(C(*)=O)cc1Br,2.2815234427274738
*NC1CCCC1C(*)=O,4.011018740190619
*CC(*)(C)C(=O)OCc1cccs1,3.8059720048917978
*CCCC(*)=S,1.7801800373309091
*C(F)(F)C1(F)C(F)(F)C(*)(F)C(F)(F)C(F)(F)C(F)(F)C1(F)F,2.8831803726356937
*CCOC(=O)CC(=O)O*,3.769990563063472
*c1ccc(OC(=S)c2ccc(*)s2)cc1,1.6130793312390184
*CC(*)C1=NCCN1,5.031973300335918
*NC(CC(*)=O)C(=O)OC,3.722328102175248
*CC(C)(C)COC(=O)NCCCCCCNC(=O)O*,4.1774456708258665
*Oc1c(CCC)cc(*)cc1-c1ccccc1,3.25940053018838
*OC(F)(F)COC(=O)c1cccc(C(=O)OCC(*)(F)F)c1,2.0980931809070764
*c1ccc(-c2ccc(-c3ccc(-c4ccc(*)s4)cc3)s2)cc1,2.0987339115368795
*C=C(*)c1ccc(C#C)cc1,1.0316618826264126
*CC(*)(C)C(=O)Oc1ccccc1,3.970261242410115
*Oc1ccc(Oc2ccc(C(=O)c3ccccc3-c3ccccc3C(=O)c3ccc(*)cc3)cc2)cc1,2.1765028852851414
*OC1C(COC(C)=O)OC(*)C(OC(C)=O)C1O,3.9789806667305054
*NC(=O)c1ccc(O*)cc1,2.063633889600907
*C#CC#Cc1cc2sc(*)cc2s1,1.0233942790095178
*NC(=S)c1ccc(O*)cc1,1.4617708046633235
*Nc1ccc(Oc2ccc(*)s2)cc1,3.393143975546326
*Nc1ccc(-c2ccc(-c3ccc(*)s3)s2)cc1,2.8006592756432305
*CC(*)c1ccc(C)nc1,3.470969022815674
*C=C*,1.202427045061842
*c1ccc(-c2nc3cc(-c4ccc5oc(*)nc5c4)ccc3o2)cc1,1.7405025327163517
*CCN(*)C(=O)c1ccc(F)c(F)c1,2.99650531706859
*Oc1ccc(CCCCCCc2ccc(OC(=O)CCC(*)=O)cc2)cc1,3.3942764271904617
*C(=O)CNC(=O)C1CCCN1C(=O)C1CCCN1*,4.069003762327081
*c1ccc2c(c1)c1ccccc1n2*,2.828398379869169
*N=P(*)(OCC(F)(F)F)OCC(F)(F)F,5.461400555829036
*OC1CCC(OC(*)=O)CC1,3.759198559576388
*Oc1ccc(Oc2ccc(Oc3cccc(*)n3)cc2)cc1,2.8680134579689955
*CCCCCCOCO*,3.968996859031292
*C=C(F)C(F)(F)C*,3.5010852889258124
*Oc1ccc(C2(c3ccc(OC(*)=O)cc3)CCc3ccccc32)cc1,3.291280256676652
*OC(C)CCOC(=O)c1cccc(C(*)=O)c1,2.138446753723692
*OC(=O)CCCCCCCCC(*)=O,3.7563963976161503
*CC(*)OC(=O)c1cccnc1,2.961323149545502
*CCCCCCn1c(=O)c2cc3c(=O)n(*)c(=O)c3cc2c1=O,0.5954276518742483
*CC(*)(Cl)C(=O)OC(C)C,3.895114422532792
*Oc1ccc(OC(=O)c2ccc(C(*)=O)cc2Oc2ccc(F)cc2)cc1,1.4977097829303618
*NC(=O)C(=S)C(*)=O,-0.1505122594226993
*c1sc(*)c([2H])c1[2H],1.5733291425577436
*Nc1ccc(NC(=S)NC(=O)c2cccc(C(=O)NC(*)=S)c2)cc1,2.1886449200501588
*c1ccc(-c2ccc(-c3nc4cc5nc(*)oc5cc4o3)cc2)cc1,1.5942003000126328
*Oc1c(C)cc(C(C)(C)c2cc(C)c(OC(=O)c3ccc(C(*)=O)cc3)c(C)c2)cc1C,1.8585742858353185
*Cc1ccc(-c2ccc(CSC(=O)c3cccc(C(=O)S*)c3)cc2)cc1,3.533768119305856
*c1sc(*)c2c1OCC(CCCCCC)O2,3.21775175032951
*c1ccc(-c2csc(-c3nc(*)cs3)n2)cc1,2.1754867887429525
*C1CC2C3CC4C(C3*)C24C1,4.104484080579897
*CC(*)C(=O)CC,3.3684311982375483
*C#CC#Cc1ccc(*)s1,0.9052136898359512
*Oc1cccc2c(OC3(F)C(*)(F)C(F)(F)C3(F)F)cccc12,2.5919616593070764
*c1cc(OCC)c(*)cc1OC,3.345273194655824
*N=C1C=CC(=NC2=CC(=O)C(*)=CC2=O)c2ccccc21,0.991527637634242
*C=CC1CC(*)C2C(=O)N(CCCCCC)C(=O)C12,3.918544870172712
*CC(OC)C1(C)C(=O)OC(=O)C1(*)C,2.986341724692095
*Oc1ccc(Oc2ccc(OC(=O)c3ccccc3-c3ccccc3C(*)=O)cc2)cc1,2.753820805083853
*CNc1ccc(N*)s1,3.8882109487039287
*c1ccc(*)c(CCCCCC)n1,3.0163232978690715
*Nc1ccc(Oc2ccc(*)cc2)cc1,3.280384607542333
*C1=NC2=CC(*)C=CC2=C1,1.7022065594213385
*Sc1ccc(C=Nc2ccc(N=Cc3ccc(*)cc3)cc2)cc1,2.3808393138307964
*Oc1ccc(C(c2ccc(OC(=O)c3cccc(C(*)=O)c3)cc2)C(Cl)(Cl)Cl)cc1,1.9081919402769485
*C=C(*)c1cccc(C#C)c1,1.5642085054701256
*Oc1ccc(OC(=O)c2ccc(C(*)=O)cc2)cc1CCC(C)CC,1.33088397623174
*Nc1ccc(NC(=O)c2ccc(C(*)=O)cc2)cc1,1.786357064700527
*CCc1ccc(O*)cc1,3.6645956640464648
*OC(c1cccc([N+](=O)[O-])c1)C(C)(C)C(*)=O,1.4231361188505511
*OC(C)COC(=O)CCCCS(=O)(=O)CCCCC(*)=O,3.5472380975353777
*Oc1cccc2c(OC(=O)Oc3ccc(OC(*)=O)cc3Cl)cccc12,2.321143815238986
*CC(CCl)(CCl)COC(=O)c1cccc(C(=O)O*)c1,2.015554152971026
*c1ccc2c(c1)c1cc(*)ccc1n2C,2.880237699177988
*CC(*)(F)C(=O)OCC,4.018947054445484
*c1ccc2c(c1)c1cc(*)ccc1n2CC(=O)OCC,2.9979933417702807
*CCC(C)S*,4.340967941984866
*SC(*)(F)F,2.328388623772016
*OC1CCC(OC(=O)OCCCCOC(*)=O)CC1,4.003716663100315
*CCCCCCOC(=O)NCC(F)(F)C(F)(F)C(F)(F)C(F)(F)CNC(=O)O*,4.298055750575148
*Oc1ccc(C(C)(C)c2ccc(Oc3nc(*)nc(OC)n3)cc2)cc1,3.7100650827731343
*CC(*)C(=O)Oc1ccc([N+](=O)[O-])cc1,1.4619200700116206
*NC(C)=CC(*)=O,2.0566147288513816
*c1ccc(Oc2cccc(Oc3ccc(-n4c(=O)c5cc6c(=O)n(*)c(=O)c6cc5c4=O)cc3)c2)cc1,0.6641981264543784
*Oc1ccc(C(=O)c2ccc(*)cc2)cc1,2.06031471233429
*C(F)(F)C1(F)C(F)(F)C(*)(F)C(F)(F)C(F)(Cl)C1(F)F,3.202310163035526
*c1cc(C=NC(=S)Nc2ccc(-n3c(=O)c4cc5c(=O)n(*)c(=O)c5cc4c3=O)cc2)ccc1Cl,0.5162677772088817
*c1ccc(-c2nc3cc(Oc4ccc5nc(*)c(-c6ccccc6)nc5c4)ccc3nc2-c2ccccc2)cc1,1.916615889216872
*c1ccc(-c2ccc(-n3c(=O)c4c(F)c5c(=O)n(*)c(=O)c5c(F)c4c3=O)cc2OC)c(OC)c1,0.2704993481729385
*Cc1ccc(CNC(=O)CCCCCCCCCCC(=O)N*)cc1,3.220208220661121
*OC(C=C)CC(*)=O,3.5594320262235435
*CC(*)(F)C(F)(F)F,4.198460614974397
*c1cc(CC(=O)OCC)c(*)s1,2.953420224258181
*NNC(=O)CCC(=O)NNC(=O)CCCCC(*)=O,3.5404544792758545
*Oc1ccc(C(CC)(c2ccccc2)c2ccc(OC(*)=O)cc2)cc1,3.1888318369749125
*c1cc(*)c(O)c(C=O)c1,1.7435307345098026
*c1ccc(-c2ccc3[nH]c(-c4nc5cc(*)ccc5[nH]4)nc3c2)cc1,2.236601365963419
*CCc1ccc(-c2ccc(*)s2)cc1,2.5121536295114555
*c1ccc(-c2csc(-c3cc(*)cs3)c2)cc1,2.5105859093997003
*Cc1ccc(CO*)s1,2.7642624395287325
*OC1C=CC(*)CC1,3.8149157043306463
*c1ccc(S(*)(=O)=O)cc1,1.0525770886794756
*NNC(=O)c1ccc(C(=O)NNC(=S)c2cccc(C(*)=S)c2)cc1,1.937434475438012
*C1CCOC1*,3.965575414811724
*NNC(=O)c1ccc([Si](c2ccccc2)(c2ccccc2)c2ccc(C(*)=O)cc2)cc1,2.1208936077935
*Nc1cc(C)c(*)cc1C,3.8008085988642906
*c1cc(CC(=O)OC)c(*)s1,2.9953056775275235
*CC(*)c1cccs1,3.310409462877828
*c1ccc(-c2ccc(*)c(CCCCCC)n2)nc1CCCCCC,2.3516433306007407
*Oc1ccc(C(C)(C)c2ccc(OC(=O)c3c(F)c(F)c(C(*)=O)c(F)c3F)cc2)cc1,2.3158415981625646
*Oc1ccc(Cc2ccc(*)cc2)cc1,2.972654986892165
*ON(C(F)(F)F)C(F)(F)C(F)=C(F)C(*)(F)F,1.8895155589531527
*CC(*)N1CCCC1=O,4.117333515128096
*CC(*)F,3.929111604601062
*c1ccc(*)n1C,2.935477103439287
*CCOC(=O)c1ccc(O*)cc1C,2.4372620235052125
*CCCCCCCCCCOC(=O)c1ccc2cc(C(=O)O*)ccc2c1,1.7468513808503547
*Oc1cccc(Oc2ccc(C(=O)c3ccc(*)cc3)cc2)c1,11.702620349641345
*Oc1ccc(C(=O)CNNCC(=O)c2ccc(*)cc2)cc1,2.4786002498294337
*CC(O)C(O)COC(=O)O*,3.885151366885796
*Oc1ccc(C(C)=Nc2ccc(N=C(C)c3ccc(*)cc3)cc2)cc1,2.2084550735790733
*c1ccc(*)c(O)c1,2.9457135244995043
*CCCP(CCCNC(=O)N*)c1ccccc1,3.939774286432757
*c1cn(*)c2ccccc12,3.2747027503277257
*n1nc(-n2c(=O)c3cc4c(=O)n(*)c(=O)c4cc3c2=O)c2ccccc2c1=O,0.5657398454610929
*NC(Cc1c[nH]c2ccccc12)C(*)=O,3.5241233238926992
*c1ccc(C(=O)Oc2ccc(-n3c(=O)c4cc5c(=O)n(*)c(=O)c5cc4c3=O)cc2)cc1,0.471053772888193
*C=CC(C)C(*)C,3.9062055916105054
*CCCOc1ccc(C(=O)OC(=O)c2ccc(O*)cc2)cc1,2.3136106678017017
*C(F)(F)C(*)(F)OC(F)(F)F,3.3529377415250954
*Oc1cccc(*)c1,3.3186772723476428
*c1cc(C=Nc2ccc(C)cc2)c(*)c(OC)c1,2.2554661492915486
*Oc1c(C)cc(*)cc1C(C)CCCCC,3.5544334536091644
*c1cc(C(=O)OCCCCCC)c(*)s1,2.148633259891476
*CC(=O)c1ccc(-c2ccc(*)s2)cc1,1.84631064931959
*Oc1ccc2c(c1)C(C)(c1ccc(OC(*)=O)cc1)CC2(C)C,3.480866080439254
*NNC(=O)C(*)=O,2.2770358654614182
*Cc1ccc(-c2ccc(C(*)=S)cc2)s1,1.3454764711615113
*c1cccc(-c2ccc(-c3ccc(*)s3)s2)n1,2.286891913032872
*Oc1ccc(C(=O)c2cccc(C(=O)c3ccc(*)cc3)c2)cc1,1.8713368791560825
*C1CC(*)OC(O)O1,3.669763247278872
*CC(CCl)O*,3.935764298677306
*c1cc(CCCC)c(*)s1,2.103253779746572
*c1cccc(-c2nc3cc4nc(*)c(-c5ccccc5)nc4cc3nc2-c2ccccc2)c1,1.3031015272190891
*c1ccc(Oc2ccc(Oc3ccc(N4C(=O)CC(=O)N(*)C4=S)cc3)cc2)cc1,2.944903077587848
*C=CC(C)=C(C)C=Cc1ccc(-c2ccc(*)s2)s1,1.5337144534616978
*C1C=CC(*)CC1,3.847582878945352
*CCCCCCCCCCn1c(=O)c2cc3c(=O)n(*)c(=O)c3cc2c1=O,0.8295318194731012
*CCCCCOC(=O)NCC(F)(F)C(F)(F)C(F)(F)C(F)(F)CNC(=O)O*,5.271248245614324
*OC1C(CO)OC(*)C(N)C1O,4.227541716217896
*CCCCCCCCCCNC(=O)CCCCCCCC(=O)N*,3.805094125938
*Cc1ccc(NO*)cc1,3.5810164835939595
*CC(COc1c(Cl)cc(Cl)cc1Cl)O*,3.568608012743099
*c1ccc(-n2c(=O)c3cc4c(=O)n(*)c(=O)c4cc3c2=O)c(CP(=O)(OCCCl)OCCCl)c1,0.924178675944142
*CC(CCl)(CCl)COC(=O)c1ccc(C(=O)O*)cc1,1.3635756976316635
*CC(=O)c1ccc(C(*)=O)cc1,1.329887593894196
*c1ccc2oc(*)nc2c1,1.9962330751200448
*Oc1c(Cl)cc(*)cc1Cl,2.6927632177121743
*Oc1cccc(C(=O)OCC(F)(F)C(F)(F)C(F)(F)COC(=O)c2cccc(*)c2)c1,2.5951763171762874
*CCCCOC(=O)Cc1ccc(CC(=O)O*)cc1,3.5891943098710986
*CC(C)(C)CS*,4.379910498469076
*Oc1ccc2cc(C(*)=O)ccc2c1Br,2.010262449023384
*Oc1ccc(C(C)c2ccc(OC(*)=O)c(C)c2)cc1C,3.41694229165975
*Oc1ccc(Oc2ccc(C(=O)c3ccc(*)cc3)cc2)cc1,2.3122920102050304
*CCCCCOC(=O)NC1CC1NC(=O)O*,3.8445517496043218
*CC(F)(F)C(F)(F)C(F)(F)COC(=O)NCC(F)(F)C(F)(F)C(F)(F)C(F)(F)CNC(=O)O*,4.1943725750604735
*Oc1ccc(C(*)=O)cc1CCCCCC,2.554071590687596
*C1(F)OC(C(F)(F)F)(C(F)(F)Cl)OC1(*)F,3.9655815000110857
*c1sc(-c2cc(CCCCCC)c(*)s2)cc1CCCCCC,1.8853023163781608
*C(=O)OC1CCC(OC(=O)N2CC(C)N(*)CC2C)CC1,4.067171994379288
*c1ccc(*)[nH]1,2.869323305163056
*C=Nc1ccc(N=Cc2ccc(Sc3ccc(*)o3)o2)cc1,1.8370719583335984
*Cc1ccc(CNC(=O)CCCCCCCCCCCCCC(=O)N*)cc1,3.3951856205605155
*Nc1ccc(Nc2ccc(*)s2)s1,3.0168299322162206
*CC(=S)CO*,1.4698387268655035
*Nc1ccc(C(=S)c2ccc(*)s2)s1,1.31204881058073
*CC(CO)(CO)CO*,3.9687434184774255
*C=Cc1ccc(*)n1CCCCCC,2.45548284413319
*Cc1cc(C)c(*)cc1C,3.5203567849301995
*c1cc(CC(=O)OCCCCCCOc2ccc(N=Nc3ccc(C#N)cc3)cc2)c(*)s1,2.1061081312311845
*OC(*)C,3.920268255199856
*CCCCCC(*)CC,3.815416878811553
*c1cc(CCCCCCCCCC2COC(c3ccccc3)O2)c(*)s1,2.52877295943668
*c1ccc(-c2nc3ccc(-c4ccc5nc(*)sc5c4)cc3s2)cc1,1.6902784609950643
*COc1ccc(O*)s1,3.414425007106083
*c1cc(-c2nc3ccccc3o2)cc(-n2c(=O)c3cc4c(=O)n(*)c(=O)c4cc3c2=O)c1,1.6780422612469037
*CCCCCCOC(=O)SC(=O)O*,3.0989592655729794
*Nc1ccc(*)cc1[N+](=O)[O-],1.257184724049714
*Oc1ccc(Cc2ccc(Cc3ccc(OC(*)=O)cc3)cc2)cc1,3.239710619494492
*CC(*)(C)C(=O)OCCc1ccccc1,4.309645150571392
*Sc1c(C)cc(*)cc1C,2.8215309556503487
*CC(*)C(=O)n1sc2ccccc2c1=O,2.704341472472692
*CC(*)c1cccc(NC(C)=O)c1,4.202068928673087
*CC(*)(CF)C(=O)OC,3.8409737086358327
*CC(*)SC,4.118807514538436
*CC(*)n1ccnc1,3.7576836851192574
*CCCCCCNC(=O)CCP(=S)(CCC(=O)N*)c1ccccc1,3.0279500997083817
*CC(C)(C)O*,4.134587158094535
*c1ccc(-c2ccc(-n3c(=O)c4c(F)c5c(=O)n(*)c(=O)c5c(F)c4c3=O)cc2C)c(C)c1,1.7426467406781376
*CCON*,3.8624084215868346
*CC(*)C(N)=O,4.040519524240119
*C=Cc1sc(*)c2c1OC(CCCCCC)CO2,1.6767333337865695
*c1ccc(*)o1,1.7687564845558872
*Oc1ccc(OC2(F)C(*)(F)C(F)(F)C2(F)F)cc1,2.881415368368358
*NC1CC(C)(C)CC(C)(CNC(=O)CCCCC(*)=O)C1,4.389846905435384
*Cc1ccc(COC(=O)CC(=O)O*)cc1,3.310017911614373
*CC(*)C(=O)OCC(F)(F)C(F)(F)C(F)(F)C(F)(F)C(F)(F)C(F)(F)C(F)(F)F,3.829325647375908
*CCOCCOCCOC(=O)c1ccc(N=Nc2ccc(C(=O)O*)cc2)cc1,2.965453338429413
*C(*)F,2.9084583599084426
*Oc1ccc(C(*)=O)cc1Cl,1.942055204006672
*Cc1ccc(-c2ccc(-c3ccc(*)cc3)s2)cc1,2.5371828987949163
*c1ccc2nc3[nH]c4cc5[nH]c6nc7ccc(*)cc7nc6sc5cc4sc3nc2c1,2.6885946845804884
*C(=O)C(=O)c1ccc(C=C2CCC(=Cc3ccc(*)cc3)C2=O)cc1,1.0607724196842527
*CC(*)O[N+](=O)[O-],1.9205224563485848
*C(=O)Nc1ccc(Nc2ccc(N3C(=O)c4ccc(*)cc4C3=O)cc2)cc1,1.5819361406375756
*CCCCCCCCCCCCOC(=O)NCCCCCCCCCCNC(=O)O*,3.6597210797094335
*Oc1ccc(CC(NC(=O)Cc2ccc(OC(=O)CC(C)CCC(*)=O)cc2)C(=O)OCCCCCC)cc1,3.85185765905672
*Oc1ccc(-c2ccc(C(*)=O)cc2)cc1Br,1.725736132343254
*NC(CO)C(*)=O,3.1040036450653803
*c1ccc(-c2cc(-c3ccc(CCCCCCCC)cc3)c(*)s2)s1,1.8146032807419448
*CCC(=O)N(*)C,3.9966396077989055
*C=CC1CC(*)C2C(=O)N(c3ccccc3C)C(=O)C12,3.873969764196732
*CC(=O)C(=S)O*,1.677022488863113
*C=C(C)CC(C#N)CC*,3.646407259193121
*OC1CCCCC1OC(*)=O,4.085977974077
*C=C(*)c1cccs1,3.067544139700748
*Cc1ccc(-c2ccc(CSC(=O)C(=O)S*)cc2)cc1,1.970186858283528
*CCN(CCOC(=O)c1cccc(C(=O)O*)c1)c1ccccc1,2.1422398310706083
*c1sc(*)c(C)c1C,2.962361591740072
*C=CC1CC(*)C2(Cl)OC(=O)OC12Cl,2.434310974278101
*C(=O)C(O)c1ccc(*)s1,2.0837515954268007
*C=CC1CC(=CC)C(*)C1,4.2968291350164245
*OC(C)CCCCC(*)=O,3.4003367373645133
*c1cnc(*)s1,0.9064651157896568
*C(=O)Oc1ccc(C(*)=S)s1,0.907464211914522
*COC(=O)O*,3.587251528788061
*CC=CCOC(=O)NCCCCCCNC(=O)O*,3.422248803582844
*CC(*)c1ccc(C(O)CCN2CCOCC2)cc1,3.818478151057493
*NC(Cc1ccc(O)cc1)C(*)=O,3.418026175365301
*CC(=O)c1ccc(-c2ccc(*)s2)s1,1.5731617191462932
*NC(=O)c1ccc(C(=O)Nc2cnc(*)nc2)cc1,2.330005783954591
*C(=O)c1ccc(C(=O)c2ccc(*)s2)s1,0.7025345913525292
*OC(C)(C)C(*)=O,3.1121740361968007
*C#CC#Cc1ccc(-c2ccc(*)s2)s1,1.1947231133243696
*CNCO*,3.0423575043630247
*OC(F)(F)C(F)(F)C(*)(F)F,3.9290997289556766
*CC(=O)O*,3.358208819377354
*CCCC(C)CCC(=O)N*,4.146343025292524
*C=CC(C#N)C*,2.409346725941813
*C(=O)CCP(=O)(CCC(=O)N1CCN(*)CC1)c1ccccc1,2.898353991060392
*c1ccc(-c2ccc(-c3ccc(*)n3C)o2)o1,2.5753312126383467
*c1cccc(-c2ccc(-c3ccc(*)s3)s2)c1,2.0396633842436107
*C=C(*)C(C)=O,2.2796245657804635
*OC1CCC(C2CCC(OC(=O)CCCCCCCCCC(*)=O)CC2)CC1,3.888851293836965
*c1sc(-c2cc(CCCCCCCCCC)c(*)s2)cc1CCCCCCCCCC,2.008233826468228
*CCCCCCCCCCOC(=O)CC=CCC(=O)O*,3.80032242352035
*NC(=O)C(=S)c1ccc(*)s1,0.3962512101134945
*CC(CCl)(CCl)COC(=O)C(=O)O*,3.244690297406569
*c1sc(*)c2c1OCCO2,2.4371045488801464
*CC(=O)CO*,2.38197692154965
*Nc1ccc(-c2ccc(C(*)=O)s2)s1,1.5664884876917493
*C(=O)NNC(=O)c1cccc(C(=O)NNC(=O)c2cccc(*)n2)c1,1.6959932822882235
*OS(=O)(=O)c1ccc(*)cc1,2.2364671583264464
*OC(c1ccc(OC)cc1)C(C)(C)C(*)=O,3.9433454191567727
*c1cc(-c2ccc(OC)cc2)c(*)s1,2.5581971209177867
*Nc1ccc(-c2ccc(NC(=O)Cc3cc(CC(*)=O)c(C)cc3C)cc2)cc1,3.7297873323230446
*CCc1ccc(-c2ccc(*)s2)s1,2.462983117456118
*NC(=S)NC(*)=S,0.589527656564607
*c1ccc(*)c2nc(-c3ccccc3)c(-c3ccccc3)nc12,2.500740946273186
*c1cccc(-c2nc3cc4nc(*)[nH]c4cc3[nH]2)c1,2.5419588782009925
*Cc1ccc(CO*)cc1,2.485082542215352
*c1ccc(-c2ccc(-c3cc(SCCCC)c(*)s3)cc2)cc1,2.048306152214676
*C(C#N)=C(c1ccccc1)c1ccc(*)cc1,2.5386529865779863
*c1ccc(*)c(N(C)C)c1,3.512884266201484
*NC(=O)NC(*)=O,2.586731447965718
*CC(*)c1nc(N)nc(N)n1,3.943269420023884
*Oc1ccc(C(C)(C)c2ccc(OC(=O)SCCCSC(*)=O)cc2)cc1,3.1012610904497926
*CCOC(=O)CSC(=O)Nc1ccc(Cc2ccc(NC(=O)SCC(=O)O*)cc2)cc1,3.044482693984341
*Nc1ccc(-c2ccc(C(*)=S)s2)cc1,1.3653381193541825
*CC(*)(C#N)C#N,2.236798205069304
*c1ccc(*)n1C(=O)NO,1.846539762920964
*C(F)(F)C1(F)C(F)(F)C(*)(F)C(F)(F)C1(F)F,2.3788783019688635
*CC(OC(=O)C(=O)OCC)C(COC(=O)O*)OC(=O)C(=O)OCC,2.756256993627224
*c1cc(OC)c(*)cc1OC,3.9508951258684206
*Nc1ccc(NC(*)=S)s1,1.9517077982324385
*OC(C)C(*)=O,2.9482552116135485
*c1ccc2[nH]c3ccc(*)cc3c2c1,2.9637661884263355
*C1=CC2=NC(*)=CC2=N1,-0.5875101266123508
*OC(*)CCC#N,3.451396829817848
*C1=CSC(=C2SC=C(c3ccc(*)cc3)S2)S1,2.473855406367373
*c1cc(SCCCCCCCCCCCC)c(*)s1,1.7411212106463152
*C=CC(C(=O)OC)C(*)c1ccccc1,3.3358515922366734
*CC(*)C(=O)OCC(F)(F)C(F)(F)C(F)(F)C(F)(F)F,4.126137361411288
*c1cc(-c2ccc(OCCCC)cc2)c(*)s1,2.6038895201489733
*NC(=O)NC(*)=S,0.9174146981955064
*Nc1ccccc1NC(=O)c1cccc(C(*)=O)c1,2.6292096886001945
*OC1CCC(OC(=O)NCCNC(*)=O)CC1,3.360943488906236
*C=CC(C)(C)CC(C#N)C*,4.100070369203026
*NC(=O)Oc1ccc(*)s1,2.884096464348181
*CC(*)n1nnc2ccccc21,2.9198108752930536
*C=Cc1csc(C=Cc2cccc(*)n2)c1CCCCCCCC,2.6083185970072025
*CCCC(Cl)C(*)Cl,3.3436083402398857
*Nc1ccc(-c2ccc(-c3ccc(*)cc3)cc2)cc1,2.8805741644480056
*CCCN(*)C(C)=O,3.776396799444344
*C(F)(F)C(*)(F)c1ccccc1,3.9786795847698784
*CC(=O)OCCCCCCOC(=O)Cn1c(=O)c2cc3c(=O)n(*)c(=O)c3cc2c1=O,0.9405683704485042
*Oc1ccc(S(=O)(=O)c2ccc(-c3ccc(S(=O)(=O)c4ccc(*)cc4)cc3)cc2)cc1,2.5136999628860024
*CC(C#N)(C#N)CC(C#N)(C#N)CC(C#N)(C#N)C(C#N)C(*)(C#N)C#N,2.23151100814316
*N=C1c2ccccc2C(=Nc2ccc(*)cc2)c2ccccc21,1.3953855198566267
*Nc1ccc(Oc2ccc(*)s2)s1,3.1680505460356443
*Oc1ccc(OC(=O)Oc2ccc(-c3ccc(OC(*)=O)cc3)cc2)cc1Cl,3.0830682128284
*ON(C(F)(F)C(*)(F)F)C(F)(F)C(F)(F)Br,3.368110040153089
*Oc1ccc(C(C)(c2ccccc2)c2ccc(OC(*)=O)cc2)cc1,3.4559321088031623
*CCOC(=O)C=CC(=O)O*,0.6637390761605646
*c1ccc(-c2nnc(-c3nnc(*)o3)o2)cc1,0.8555643846696155
*CCCc1nc2cc(-c3ccc4[nH]c(*)nc4c3)ccc2[nH]1,3.292748641220216
*OC(*)C=C,4.081470652224098
*Oc1ccc(C(C)(C)c2ccc(OC(=O)c3ccc(CC(*)=O)cc3)cc2)cc1,2.4439238876855427
*C(=O)c1ccc2c(c1)C(=O)N(c1ccc(N3C(=O)c4ccc(*)cc4C3=O)nc1)C2=O,0.8076728740753025
*c1ccc(-n2cc3c(n2)C(=O)c2cn(*)nc2C3=O)cc1,1.1140125108487489
*C(*)(F)F,2.637986139913404
*c1cc(CCCCCCCCCC(O)CO)c(*)s1,1.832078076164839
*CC(F)(F)C1(F)CC(CC(O)(C(F)(F)F)C(F)(F)F)CC1*,4.8905355293582495
*Cc1ccc(Nc2ccc(*)s2)cc1,3.5128609595136635
*C(=O)Oc1ccc(C(*)=S)cc1,0.9236578831397396
*C=C(*)c1ccccc1C(F)(F)F,2.0638220784405683
*CCOC(=O)Nc1ccc(C(C)(C)c2ccc(NC(=O)O*)cc2)cc1,3.2564437874286747
*Oc1cccc(NC(=O)c2ccc([Si](c3ccccc3)(c3ccccc3)c3ccc(C(*)=O)cc3)cc2)c1,2.400991854902297
*c1ccc(-c2ccc(-c3ccc(*)n3C)o2)s1,2.9453499905483493
*C(=O)NC(=O)c1ccc(*)cc1,0.928401610767172
*Nc1ccc(*)c(Cl)c1Cl,3.2190021835125675
*C=C(*)c1ccc2ccc3cccc4ccc1c2c34,2.6474558403606023
*C=Cc1csc(-c2cc(*)cs2)c1,2.190210774671853
*c1ccc(Cc2ccc(N(*)Cc3ccccc3)cc2)cc1,3.2879595655482907
*CC(*)C(=O)OCC(F)(F)C(F)(F)OC(F)(F)F,3.6940992277056015
*c1ccc2c(c1)c1cc(*)ccc1n2CCC(=O)NO,2.7554801912242386
*c1cc(OCCOC)c(*)s1,1.7477216528319288
*CC(=O)OC(*)=S,1.0174952467220373
*CC(*)c1ccc(C=O)cc1,3.15501297949306
*CC(F)(F)C(F)(F)C(F)(F)C(F)(F)COC(=O)NCC(F)(F)C(F)(F)C(F)(F)C(F)(F)CNC(=O)O*,4.893951222650509
*c1sc(*)c(OCCCCCCCC)c1C,2.8046106816871914
*c1ccc(-c2ccc(-n3c(=O)c4cc5c(=O)n(*)c(=O)c5cc4c3=O)cc2C)c(C)c1,0.5539049004241723
*c1ccc(C(=S)c2ccc(-c3ccc(*)s3)s2)cc1,0.5683952317773624
*CC(*)N,3.7402334748397306
*Nc1ccc(Nc2ccc(*)cc2)cc1C(=O)O,2.297640610558172
*CC(*)c1ccc(C(=O)Cc2ccccc2)cc1,2.6753441667109232
*c1sc(*)c(OCCCC)c1C,2.4354858738386724
*C=Nc1cccc(N=Cc2cccc(*)n2)c1,1.706768845490776
*OC(=O)CCS(=O)(=O)CCC(*)=O,2.808816778342384
*Nc1nc(*)nc(-c2ccccc2)n1,2.1394331723696256
*C1=CC2=CC(*)=NC2=N1,-1.2205672897161632
*CCCCCCOC(=O)NCCCCCCNC(=O)O*,4.345579459613243
*CC(CS(=O)(=O)CC)O*,3.80512273891652
*CC(*)c1cc(O)ccc1O,2.7293691104515534
*CC/C=C\*Cl,3.5452122308166394
*CCOC(=O)NC1CCC(NC(=O)O*)CC1,4.308071054563972
*CC(*)C#N,2.8952710770220884
*Oc1ccc(Oc2ccc(*)s2)s1,3.277249714733113
*NNC(=O)c1cccc(C(=O)NNC(=O)C(*)=O)c1,1.8382354228751936
*OC(=S)Oc1ccc(*)s1,1.8719606670661
*CC(C)CCCCC(=O)N*,3.5955934750219574
*OC(=O)c1cccc(C(*)=O)c1,1.747648085063103
*Nc1ccc(C(C)(C)c2ccc(NC(=O)c3cc(C(*)=O)cc(N4C(=O)C5C6CCC(C6)C5C4=O)c3)cc2)cc1,3.1496466849915468
*NC(C)(CC)C(*)=O,3.681499018148728
*C=CC(C)=CC=CC=C(C)C=Cc1nc(-c2csc(*)n2)cs1,1.841467080815946
*CCCCCCCCN1C(=O)CC(C2C=C(C)C3C(=O)N(*)C(=O)C3C2)C1=O,2.876942918006895
*CC(*)(F)F,3.2989617901365844
*Sc1cccc(Sc2ccc(Sc3ccc(*)cc3)cc2)c1,3.1397219880331537
*Nc1ccc(*)cc1,3.38834557791778
*c1cc(N=Nc2ccc(C(=O)O)cc2)cc(*)c1O,1.0875006944971743
*CC(=S)c1ccc(N*)cc1,1.5747818812575534
*N=Nc1cc(*)ccc1C,1.4663849471478088
*OC(F)(F)C(F)(F)C(F)(F)C(*)(F)F,3.517156838861093
*c1sc(*)c(OCCCCCC)c1C,2.9133903720044456
*CCOC(=O)c1ccc(O*)c(C)c1,2.3183912245781766
*Oc1ccc(OC(*)=O)s1,2.7684526690373144
*C(=O)c1ccc2c(c1)C(=O)N(c1ccc(Sc3ccc(N4C(=O)c5ccc(*)cc5C4=O)cn3)nc1)C2=O,1.340659330060998
*CCCCCCCCc1nc2cc3sc(*)nc3cc2s1,2.7547897947267144
*C(Br)=C(c1ccccc1)c1ccc(*)cc1,2.8244118936294087
*Oc1ccc(Sc2ccc(Sc3ccc(Sc4ccc(*)cc4)cc3)cc2)cc1,3.3866799541477035
*C(=O)c1ccc(-c2ccc(-c3ccc(*)s3)cc2)s1,1.3658294108010205
*CCCCOC(=O)c1cccc(C(=O)O*)c1,2.554265749260884
*c1ccc(-c2ccc(-n3c(=O)c4cc5c(=O)n(*)c(=O)c5cc4c3=O)c(C)c2)cc1C,0.6808084531474909
*c1ccc(*)s1,1.5386409899151945
*c1sc(*)c(CCCCCCN(CC)c2ccccc2)c1CCCCCC,2.633326673559345
*OC(C)COC(*)=O,3.9905754304650745
*CC(*)(F)C(=O)OCC(Cl)(Cl)Cl,3.1716544964017737
*Oc1ccc(S(=O)(=O)c2ccc(-c3ccc(*)cc3)cc2)cc1,2.142048520481356
*Oc1ccc(Oc2ccc(C=NCCN=Cc3ccc(*)cc3)cc2)cc1,3.2581842626372515
*C(C)=C(C)c1ccc(-c2ccc(*)s2)s1,1.94710001824496
*CC(*)c1ccc(Cl)c(Cl)c1,2.3860128141420534
*c1ccc(C(Cl)(Cl)C(*)Cl)cc1,2.649391776974832
*CC(*)c1ccc(C(=O)OCC(C)C)cc1,3.7132759209461903
*Cc1ccc(-c2ccc(-c3ccc(*)s3)s2)cc1,2.402947388149648
*Oc1ccc(SSCCCCSSc2ccc(*)cc2)cc1,2.6757939302241445
*Cc1ccc(C(=S)c2ccc(*)s2)cc1,1.6132599743186191
*C=Cc1cc(OC)c(C=Cc2ccc(*)s2)cc1OC,1.4730192272444875
*CNC(=S)O*,3.622993323669357
*OC(=O)c1ccc(CCCc2ccc(C(*)=O)cc2)cc1,2.1663348850335904
*COC1OC(*)C(O)C(O)C1O,4.181781696458601
*Oc1ccc(S(=O)c2ccc(OC(*)=O)cc2)cc1,2.633468411728964
*Oc1cccc(*)c1C#N,2.069928496274546
*CCOC(=O)c1ccc(O*)c(Cl)c1,2.6010104260901614
*C(C#N)C(*)(C#N)C#N,1.3627470384859208
*C=Cc1cc(OC)c(*)cc1Br,2.216213820945612
*c1ccc(-n2c(=O)c3cc4c(=O)n(*)c(=O)c4cc3c2=O)c(CP(=O)(OCC)OCC)c1,0.7930738182485979
*CC(Cl)(C#N)C1C=CC(*)CC1,3.3851710864478006
*c1ccc2[nH]c(*)nc2c1,2.499673951202505
*Nc1ccc(C(=S)c2ccc(*)cc2)cc1,1.5891972339730245
*Oc1c(CC)cc(*)cc1-c1ccccc1,3.20114766821302
*c1ccc(-c2ccc(-c3ccc(-n4c(=O)c5cc6c(=O)n(*)c(=O)c6cc5c4=O)cc3)cc2)cc1,0.5890814532423065
