SMILES,density
*c1ccc(Oc2ccc(N3C(=O)c4ccc(Oc5ccc(S(=O)(=O)c6ccc(Oc7ccc8c(c7)C(=O)N(*)C8=O)cc6)cc5)cc4C3=O)cc2)cc1,1.275034449
*C(=O)c1ccc2c(c1)C(=O)N(c1ccc(Sc3ccc(N4C(=O)c5ccc(*)cc5C4=O)cc3)cc1)C2=O,1.267940386
*c1ccc(-c2ccc(Oc3ccc(C4(C)CC(C)(C)c5ccc(Oc6ccc(-c7ccc(N8C(=O)c9ccc(Oc%10ccc%11c(c%10)C(=O)N(*)C%11=O)cc9C8=O)cc7)cc6C(F)(F)F)cc54)cc3)c(C(F)(F)F)c2)cc1,1.205587594
*CC(*)c1ccccc1COCCC(C)C,0.981459783
*CC(*)C(=O)Oc1ccccc1C(=O)OCC,1.174569494
*c1ccc2c(c1)C(=O)N(c1c(C)cc(C(c3cc(C)c(N4C(=O)c5ccc(C(*)(C(F)(F)F)C(F)(F)F)cc5C4=O)c(C)c3)c3cccc4ccccc34)cc1C)C2=O,1.104934419
*Oc1ccc(S(=O)(=O)c2ccc(Oc3ccc(C(C)(C)c4ccc(*)c(C(OC)(C(F)(F)F)C(F)(F)F)c4)cc3C(OC)(C(F)(F)F)C(F)(F)F)cc2)cc1,1.295765969
*CC(*)c1ccc(C(F)(F)C(F)(F)C(F)(F)C(F)(F)C(F)(F)C(F)(F)C(F)(F)F)cc1,1.594542527
*c1ccc(Oc2ccccc2Oc2ccc(N3C(=O)c4ccc(-c5ccc6c(c5)C(=O)N(*)C6=O)cc4C3=O)cc2)cc1,1.252823634
*CC(*)c1ccc(CCCCCC)cc1,0.918524608
*Oc1ccc(C(c2ccccc2)(c2ccccc2)c2ccc(OC(*)=O)cc2)cc1,1.105355359
*CC(*)OC(=O)c1cccc(OC)c1,1.172022242
*Oc1ccc(C(C)(C)c2ccc(OC(*)=O)c(C)c2)cc1C,1.071059114
*CCCCCCS(*)(=O)=O,1.156037345
*Oc1cccc(S(=O)(=O)c2ccc(*)cc2)c1,1.288531372
*Oc1ccc(C2(c3ccc(OC(*)=O)c(C)c3)CCCCC2)cc1C,1.053045275
*C(CC)C(*)CC,0.823310611
*Oc1ccc(C(C)(C)c2ccc(OC(=O)c3ccc(C(=O)c4ccc(C(*)=O)cc4)cc3)cc2)cc1,1.162597364
*CCCCNC(=O)CCCCCCC(=O)N*,1.039221522
*CC(*)C(=O)Oc1cccc(N(C)C)c1,1.15007506
*CC(*)c1ccccc1C(=O)OCCCC,1.040151362
*CC(*)Cl,1.332667324
*CC(*)OC(=O)C(F)(F)C(F)(F)C(F)(F)C(F)(F)C(F)(F)C(F)(F)C(F)(F)F,1.765573426
*/C=C/C1CC(*)C2C(=O)N(CCCCC)C(=O)C12,1.050823811
*C(=O)c1ccc2c(c1)C(=O)N(c1c(C(C)C)cc(Cc3cc(C(C)C)c(N4C(=O)c5ccc(*)cc5C4=O)c(C(C)C)c3)cc1C(C)C)C2=O,1.001467547
*c1cccc(-n2c(=O)c3cc4c(=O)n(*)c(=O)c4cc3c2=O)c1,1.294253824
*c1ccc(Oc2ccc(Oc3ccc(N4C(=O)c5ccc(C(c6ccc7c(c6)C(=O)N(*)C7=O)(C(F)(F)F)C(F)(F)F)cc5C4=O)cc3)cc2)cc1,1.291041814
*CCOC(=O)Nc1cccc2c(NC(=O)O*)cccc12,1.279596762
*Oc1ccc(S(=O)(=O)c2ccc(Oc3c(C)cc(C(C)(C)c4cc(C)c(*)c(C)c4)cc3C)cc2)cc1,1.070009763
*NC(CCC(=O)OCCC)C(*)=O,1.127131081
*CC(*)c1ccc(C(=O)CCCC)cc1,1.003231285
*Oc1cccc2c(OC(=O)c3ccccc3/C=C/c3ccc(/C=C/c4ccccc4C(*)=O)cc3)cccc12,1.159483638
*CC(*)C(=O)Oc1ccc(C(=O)OC)cc1,1.200460801
*CC(*)c1ccccc1C(=O)Nc1ccccc1,1.113471778
*c1ccc(Oc2ccc(-c3ccc(Oc4ccc(N5C(=O)c6ccc(Oc7ccc(C8(c9ccc(Oc%10ccc%11c(c%10)C(=O)N(*)C%11=O)cc9)CCCCCCCCCCC8)cc7)cc6C5=O)cc4)cc3C)c(C)c2)cc1,1.09791089
*CCCCCCNC(=O)CCCCC(=O)N(*)C,1.018037716
*CC(*)c1ccccc1C(=O)N(C)C,1.019914094
*CC(*)C(=O)OCCCCCCCCCCCCCCCC,0.898806002
*C=CCCCCCCCCCC*,0.852224825
*Oc1ccc(S(=O)(=O)c2ccc(Oc3ccc(C(=O)c4cc(I)cc(C(=O)c5ccc(*)cc5)c4)cc3)cc2)cc1,1.433742475
*CC(*)C1CCCC(C)C1,0.860408044
*c1ccc(-c2ccc(N3C(=O)c4ccc(-c5cccc6c5C(=O)N(*)C6=O)cc4C3=O)cc2C)c(C)c1,1.114377047
*Oc1ccc(OC(=O)c2cc(OCCCCCCCCCCCC)c(C(*)=O)cc2OCCCCCCCCCCCC)cc1,1.00135856
*CC(*)c1ccccc1C(=O)OCC(C)C,1.035196742
*c1ccc(Sc2ccc3c(c2)Sc2ccc(Sc4ccc(-n5c(=O)c6cc7c(=O)n(*)c(=O)c7cc6c5=O)cc4)cc2S3)cc1,1.305780731
*Oc1ccc(C(c2ccccc2)(c2ccccc2)c2ccc(OC(=O)c3cccc(C(*)=O)c3)cc2)cc1,1.120952971
*CC(*)C(=O)OC(OCC)C(F)(F)F,1.286700483
*CC(*)c1ccc(C(=O)OCCC)cc1,1.047044212
*CC(*)OC(=O)C(C)(C)CC(C)(C)C,0.930642496
*CC(*)(CC(=O)OCCCC1CCCCC1)C(=O)OCCCC1CCCCC1,1.006667282
*c1ccc(Oc2ccc(N3C(=O)c4ccc(C(c5ccc6c(c5)C(=O)N(*)C6=O)(C(F)(F)F)C(F)(F)F)cc4C3=O)cc2)cc1,1.301214948
*CC(*)c1ccc(C(=O)c2ccccc2)cc1,1.09827774
*CC(*)c1ccc(CCCCCCCCCCCCCC)cc1,0.887566319
*CC(*)CCCCCCCCCCCCC,0.833225353
*c1ccc(Sc2ccc(Oc3ccc(Sc4ccc(N5C(=O)c6ccc(Oc7ccc(C(C)(C)c8ccc(Oc9ccc%10c(c9)C(=O)N(*)C%10=O)cc8)cc7)cc6C5=O)cc4)cc3)cc2)cc1,1.217456722
*CC(*)C(=O)OCC(C)C,0.997194883
*CC(*)C(=O)OCC(F)(F)F,1.418541441
*c1cccc(P(=O)(c2ccc(C(F)(F)F)cc2)c2cccc(-n3c(=O)c4cc5c(=O)n(*)c(=O)c5cc4c3=O)c2)c1,1.274278888
*c1ccc(Oc2ccc(N3C(=O)c4ccc(Oc5ccc(C(c6ccc(Oc7ccc8c(c7)C(=O)N(*)C8=O)cc6)(C(F)(F)F)C(F)(F)F)cc5)cc4C3=O)cc2)cc1,1.302606771
*CC(*)OC(C)C,0.923613225
*CC(*)Cc1ccc(C)cc1,0.968403914
*CCCC=C(*)c1ccc(Cl)cc1,1.123124794
*CC(*)C(=O)Oc1cccc(C(=O)OC)c1,1.206588234
*Cc1ccc(-c2ccc(C(=O)O*)cc2)cc1,1.159458454
*CC(*)c1ccc(C(=O)OC)cc1,1.090571368
*CC(*)c1ccc(C(=O)OC(C)C)cc1,1.02693306
*c1ccc(Oc2ccc(C(c3ccc(Oc4ccc(N5C(=O)c6ccc(Oc7ccc(C8(c9ccc(Oc%10ccc%11c(c%10)C(=O)N(*)C%11=O)cc9)CCC(C(C)(C)C)CC8)cc7)cc6C5=O)cc4)cc3)(C(F)(F)F)C(F)(F)F)cc2)cc1,1.183874742
*CC(*)C(=O)OCCO,1.225132744
*c1cc(C(c2ccc(O)c(-n3c(=O)c4cc5c(=O)n(*)c(=O)c5cc4c3=O)c2)(C(F)(F)F)C(F)(F)F)ccc1O,1.357726456
*c1ccc(OC(=O)c2ccccc2/C=C/c2ccc(/C=C/c3ccccc3C(=O)Oc3ccc(C4(*)OC(=O)c5ccccc54)cc3)cc2)cc1,1.161118025
*CC(*)CCCCCC,0.829569461
*CC(*)CCC(C)(C)C,0.816714682
*C(=O)c1ccc2c(c1)C(=O)N(c1c(C)c(C)c(N3C(=O)c4ccc(*)cc4C3=O)c(C)c1C)C2=O,1.095689324
*c1ccc(Oc2ccc(Oc3ccc(N4C(=O)c5ccc(Oc6ccc(C7(c8ccc(Oc9ccc%10c(c9)C(=O)N(*)C%10=O)cc8)CCCCCCCCCCC7)cc6)cc5C4=O)cc3)c(C(C)(C)C)c2)cc1,1.080878734
*C1Oc2ccccc2C1*,1.092531193
*C(=O)c1ccc2c(c1)C(=O)N(c1c(CC)cc(Cc3cc(CC)c(N4C(=O)c5ccc(*)cc5C4=O)c(CC)c3)cc1CC)C2=O,1.063182588
*CC(*)c1ccc(C)cc1,0.954853504
*CC(*)(Cl)Cl,1.610770482
*CC(*)c1ccc(CCCCCCCC)cc1,0.905274422
*CC(*)c1ccc(CCCCCCCCCC)cc1,0.899890732
*c1ccc2c(c1)C(=O)N(c1ccc(Oc3c(C)cc(C(c4cc(C)c(Oc5ccc(N6C(=O)c7ccc(C(*)(C(F)(F)F)C(F)(F)F)cc7C6=O)cc5)c(C)c4)c4cccc5ccccc45)cc3C)cc1)C2=O,1.147237154
*Oc1ccc2ccc(OC(=O)c3ccccc3/C=C/c3ccc(/C=C/c4ccccc4C(*)=O)cc3)cc2c1,1.174043238
*CCCCO*,0.972439816
*CC(*)c1ccccc1C(=O)OCCCCCC,1.011034746
*CCCCOC(=O)CCCCC(=O)O*,1.098279802
*CCCCCCOC(=O)c1ccc2cc(C(=O)O*)ccc2c1,1.146197488
*CC(C)C(*)(C)C,0.836805812
*CCCCCCOC(=O)Nc1ccc(Cc2ccc(NC(=O)O*)cc2)cc1,1.151383671
*CC(*)OC(=O)c1ccccc1OC,1.184683625
*c1ccc(Oc2ccc(Oc3ccc(N4C(=O)c5ccc(-c6ccc7c(c6)C(=O)N(*)C7=O)cc5C4=O)cc3)cc2)cc1,1.238883713
*c1ccc(Oc2c(C)cc(C(C)(C)c3cc(C)c(Oc4ccc(N5C(=O)c6ccc(Oc7ccc(C8(c9ccc(Oc%10ccc%11c(c%10)C(=O)N(*)C%11=O)cc9)CCC(c9ccccc9)CC8)cc7)cc6C5=O)cc4)c(C)c3)cc2C)cc1,1.099576141
*CC(*)c1ccc(Cl)c(C)c1,1.086153317
*c1ccc2c(c1)C(=O)N(c1c(C(C)C)cc(Cc3cc(C(C)C)c(N4C(=O)c5ccc(C(*)(C(F)(F)F)C(F)(F)F)cc5C4=O)c(C(C)C)c3)cc1C(C)C)C2=O,1.054205669
*c1ccc(Oc2c(C)cc(Cc3cc(C)c(Oc4ccc(N5C(=O)c6ccc(-c7ccc8c(c7)C(=O)N(*)C8=O)cc6C5=O)cc4)c(C)c3)cc2C)cc1,1.132492938
*CCCCCCOC(=O)Nc1ccc(NC(=O)O*)cc1,1.184271643
*c1ccc(C(=O)Oc2ccc(N3C(=O)c4ccc(-c5ccc6c(c5)C(=O)N(*)C6=O)cc4C3=O)cc2)cc1,1.281208701
*c1ccc(Oc2cc3ccccc3cc2Oc2ccc(N3C(=O)c4ccc(S(=O)(=O)c5ccc6c(c5)C(=O)N(*)C6=O)cc4C3=O)cc2)cc1,1.273186916
*c1ccc(Oc2c(C)cc(-c3cc(C)c(Oc4ccc(N5C(=O)c6ccc(Oc7ccccc7Oc7ccc8c(c7)C(=O)N(*)C8=O)cc6C5=O)cc4C(F)(F)F)c(C)c3)cc2C)c(C(F)(F)F)c1,1.230109509
*CC(*)c1ccc(C(=O)N2CCOCC2)cc1,1.103347893
*Oc1ccc(C(C)(C)c2ccc(OC(*)=O)c(CC)c2)cc1CC,1.042006546
*C(F)(F)C(F)(F)C1(F)C(*)(F)OC(F)(F)C1(F)F,1.822016677
*C(=O)c1ccc2c(c1)C(=O)N(c1ccc(Oc3c(C)cc(Cc4cc(C)c(Oc5ccc(N6C(=O)c7ccc(*)cc7C6=O)cc5)c(C)c4)cc3C)cc1)C2=O,1.149765843
*C1C(*)C2CC1C1C=CCC12,0.94806811
*CC(=O)N*,1.369447371
*CC(*)OC(=O)c1ccccc1,1.143985301
*CCO*,1.105420268
*CC(*)c1ccc(OC)cc1,1.042086594
*c1ccc2c(c1)C(=O)N(c1ccc(Cc3ccc(N4C(=O)c5ccc(C(*)(C(F)(F)F)C(F)(F)F)cc5C4=O)cc3)cc1)C2=O,1.27525294
*CC(*)OC,1.019931061
*CC(*)C(=O)OCC(F)(F)C(F)(F)F,1.493383044
*CC(*)Cc1ccccc1C,0.972209312
*CC(*)C(=O)OC(C)C,1.018190946
*Oc1ccc(SC(=O)Sc2ccc(*)cc2)cc1,1.273621231
*C(=O)c1ccc2c(c1)C(=O)N(c1c(C)cc(Cc3cc(C)c(N4C(=O)c5ccc(*)cc5C4=O)c(C)c3)cc1C)C2=O,1.094593488
*CC1CC(*)OC(CCC)O1,1.00771137
*Oc1ccc(S(=O)(=O)c2ccc(OC(=O)c3ccccc3/C=C/c3ccc(/C=C/c4ccccc4C(*)=O)cc3)cc2)cc1,1.203593144
*CC(*)OCCCCCCCCCCCC,0.87615794
*CCCC(=O)N*,1.127730068
*c1ccc2c(c1)C(=O)N(c1cc(N3C(=O)c4ccc(C(*)(C(F)(F)F)C(F)(F)F)cc4C3=O)ccc1C)C2=O,1.24938533
*C1CCC(CC2CCC(N3C(=O)C4C5C=CC(C6C(=O)N(*)C(=O)C56)C4C3=O)C(C)C2)CC1C,1.058498105
*CC(*)C(C)c1ccccc1,0.950614435
*C(=O)c1ccc2c(c1)C(=O)N(c1cccc(OCCOCCOc3cccc(N4C(=O)c5ccc(*)cc5C4=O)c3)c1)C2=O,1.277701247
*CC1CCC(COC(=O)CCC(=O)O*)CC1,1.095695892
*c1cccc(N2C(=O)c3ccc(-c4ccc5c(c4)C(=O)N(*)C5=O)cc3C2=O)c1,1.239575297
*Oc1cccc2c(OC(=O)Oc3ccc(OC(*)=O)cc3)cccc12,1.296405101
*Oc1ccc(C(C)(C)c2ccc(OC(=O)Sc3ccc(C(C)(C)c4ccc(SC(*)=O)cc4)cc3)cc2)cc1,1.146463028
*c1ccc(Cc2ccc(N3C(=O)C4CCC5C(=O)N(*)C(=O)C5C4C3=O)c(C)c2)cc1C,1.113927188
*CCC(C)C(*)C,0.831701925
*CC(*)C(=O)c1ccc(CC)cc1,1.047672656
*CC(*)(C)C(=O)OCCO[N+](=O)[O-],1.264027777
*CC(*)c1ccc(CCC)cc1,0.941423608
*c1cccc(N2C(=O)c3ccc(-c4cccc5c4C(=O)N(*)C5=O)cc3C2=O)c1,1.240217083
*CC(*)c1ccc(CCCCCCCCC)cc1,0.902766866
*CC(*)(CC(=O)OCCCCCCCCC)C(=O)OCCCCCCCCC,0.946548067
*CC(*)(C)C(=O)OCCC,0.989428412
*c1ccc(-c2ccc(N3C(=O)c4cc5c(cc4C3=O)C(C(F)(F)F)(C(F)(F)F)c3cc4c(cc3O5)C(=O)N(*)C4=O)cc2C(F)(F)F)c(C(F)(F)F)c1,1.258323544
*CC/C=C(\*)Cl,1.197366557
*C(=O)c1ccc2c(c1)C(=O)N(c1cccc(C(=O)N(C)c3ccc(N4C(=O)c5ccc(*)cc5C4=O)cc3)c1)C2=O,1.248995932
*CC(*)C1CC=CCC1,0.894488285
*CC(*)c1ccc(COC)cc1,1.03750338
*CC(*)OC(=O)c1cccc([N+](=O)[O-])c1,1.282622037
*CCOC(=O)C1CCC(C(=O)O*)CC1,1.143004225
*c1ccc2c(c1)C(=O)N(c1ccc(Oc3ccc(C(c4ccc(Oc5ccc(N6C(=O)c7ccc(C(*)(C(F)(F)F)C(F)(F)F)cc7C6=O)cc5)cc4)(C(F)(F)F)C(F)(F)F)cc3)cc1)C2=O,1.311751956
*CCCSS*,1.238118081
*CC(*)C1CCC(C)CC1,0.846306645
*CC(*)OCCCCCCCCCCCCCCCCCC,0.863937237
*CCc1ccc(*)c(C)c1,1.00278747
*c1ccc2c(c1)C(=O)N(c1ccc(Oc3cccc(Oc4ccc(N5C(=O)c6ccc(C(*)(C(F)(F)F)C(F)(F)F)cc6C5=O)cc4)c3)cc1)C2=O,1.306690546
*CC(*)CNc1ccc([N+](=O)[O-])cc1[N+](=O)[O-],1.348505594
*Cc1ccc2[nH]c(-c3ccc4c(c3)-c3cc(-c5nc6cc(*)ccc6[nH]5)ccc3S4(=O)=O)nc2c1,1.209738995
*CCCCNC(=O)CCCCCCCCC(=O)N*,1.014070913
*CC(*)C(=O)OCCCCCCCCCCCC,0.913403657
*CCCCCCNC(=O)c1ccc(-c2ccc(C(=O)N*)cc2)cc1,1.119969092
*C(C)C(*)C,0.8235685
*CC(C)(CCC)C(=O)O*,0.977575428
*NC(=O)Nc1ccc(Cc2ccc(*)cc2)cc1,1.15509391
*CC(*)C(=O)Oc1ccc(-c2ccccc2)cc1,1.152249555
*/C=C/C(C*)OC,1.003981727
*CC(*)(CC(=O)OC1CCCCC1)C(=O)OC1CCCCC1,0.987497028
*CC(*)C(=O)c1ccc(C(C)(C)C)cc1,0.988687181
*CC(*)c1cc(Br)ccc1OC,1.378340664
*C(=O)C1CCCN1*,1.145243929
*CC(*)c1ccccc1F,1.105762216
*CC(*)CCCC,0.825542476
*CC(*)OC(=O)CC(C)(C)c1ccccc1,1.066509964
*Oc1c(C)cc(*)cc1C,1.005290106
*CC(*)CCCCCCC,0.830236127
*CC(*)OC(=O)C(F)(F)C(F)(F)C(F)(F)F,1.641934973
*c1ccc(Oc2c(C)cc(C(c3cc(C)c(Oc4ccc(-n5c(=O)c6cc7c(=O)n(*)c(=O)c7cc6c5=O)cc4)c(C)c3)c3cccc4ccccc34)cc2C)cc1,1.0879766
*C(=O)Oc1ccc(OC(=O)c2ccc3c(c2)C(=O)N(c2ccc(-c4ccc(N5C(=O)c6ccc(*)cc6C5=O)cc4C(F)(F)F)c(C(F)(F)F)c2)C3=O)cc1,1.335659721
*c1cccc(Oc2cccc(Oc3cccc(N4C(=O)c5ccc(-c6cccc7c6C(=O)N(*)C7=O)cc5C4=O)c3)c2)c1,1.245112428
*CC(*)OC(=O)c1ccc(OC(=O)CCC)cc1,1.143061228
*Oc1cccc(CCCCCCCCCCc2cccc(OC(*)=O)c2)c1,1.053440137
*CC(*)(C)C(=O)OCc1cccc(Cl)c1Cl,1.272828419
*C(=O)Nc1ccc(Oc2ccc(NC(=O)c3ccc4c(c3)C(=O)N(c3ccc(S(=O)(=O)c5ccc(N6C(=O)c7ccc(*)cc7C6=O)cc5)cc3)C4=O)cc2)cc1,1.279176196
*c1ccc(Sc2ccc(N3C(=O)c4ccc(-c5ccc6c(c5)C(=O)N(*)C6=O)cc4C3=O)cc2)cc1,1.250402987
*C(C)C(*)OCC(C)C,0.889659735
*NC1CCC(CC2CCC(NC(=O)CCCCCCCCCCCCC(*)=O)CC2)CC1,0.965050795
*CC(*)c1ccc(OCCC)cc1,0.991729585
*Oc1cc(C(C)(C)C)c(Oc2ccc(C(=O)Nc3ccc(C(c4ccc(NC(=O)c5ccc(*)cc5)cc4)(C(F)(F)F)C(F)(F)F)cc3)cc2)cc1C(C)(C)C,1.135045356
*CCC=C(*)c1ccccc1,1.017027333
*CC(*)c1ccc(C(=O)Cc2ccccc2)cc1,1.103006997
*CC(*)c1cc(C(C)(C)C)ccc1C,0.896333211
*Oc1ccc2c(c1)nc1c3cc4c(=O)n5c6cc(*)ccc6nc5c4cc3c(=O)n21,1.307297478
*CC(*)OC(=O)c1ccc(C#N)cc1,1.163856974
*CC(*)c1ccccc1COCCC,1.002033696
*CC(*)c1ccc(C(=O)OCCCC)cc1,1.030347418
*CC(*)c1ccc(COCCC)cc1,1.005095307
*CCCCCCCCOC(=O)c1cccc(C(=O)O*)c1,1.094982437
*CC(*)CC(C)(C)C,0.817611089
*NC(CCC(=O)OCCCCCC)C(*)=O,1.044189532
*CC(*)C(=O)OC1CCCCCCCCCCC1,0.962713613
*/C=C/CCCCCCCCCC*,0.853346172
*CC(*)C(=O)c1ccc(C)cc1,1.063196689
*CCC1CC(OC(=O)CCCCCCCCCCOc2ccc(-c3ccc(C#N)cc3)cc2)CC1*,1.03779286
*Oc1ccc(S(=O)(=O)c2ccc(Oc3ccc(C(C)(C)c4ccc(*)cc4)cc3[N+](=O)[O-])cc2)cc1,1.208636395
*CC(*)P(=O)(OCC)N(C)C,1.112277991
*Oc1ccc(S(=O)(=O)c2ccc(Oc3ccc(C(c4ccc(*)cc4)(C(F)(F)F)C(F)(F)F)cc3)cc2)cc1,1.323061114
*CC(*)C(=O)OCC(F)(F)C(F)C(F)(F)F,1.535446377
*CC(*)(C)C(=O)Oc1ccc(C(=O)OC)cc1,1.164528174
*CC(*)(CC(=O)OCCc1ccccc1)C(=O)OCCc1ccccc1,1.130052948
*C(=O)c1ccc2c(c1)C(=O)N(c1ccc(Cc3ccc(N4C(=O)c5ccc(*)cc5C4=O)cc3)cc1)C2=O,1.231157372
*c1ccc2c(c1)-c1cc(-c3nc4cc(-c5ccc6[nH]c(*)nc6c5)ccc4[nH]3)ccc1S2(=O)=O,1.212814908
*c1cccc2c(N3C(=O)c4ccc(-c5ccc6c(c5)C(=O)N(*)C6=O)cc4C3=O)cccc12,1.148099012
*/C=C/C(C(=O)OCc1ccc(Cl)cc1)C(*)C(=O)OCc1ccc(Cl)cc1,1.258571666
*c1ccc(-c2ccc(-c3ccc(N4C(=O)c5ccc(-c6ccc7c(c6)C(=O)N(*)C7=O)cc5C4=O)cc3)cc2)cc1,1.18947831
*CCC(c1ccccc1)C(*)c1ccccc1,0.981231624
*C(=O)c1ccc2c(c1)C(=O)N(c1ccc(Oc3cccc4c(Oc5ccc(N6C(=O)c7ccc(*)cc7C6=O)cc5)cccc34)cc1)C2=O,1.237241822
*Oc1ccc(C(=O)Nc2cccc(C(O)Cc3ccc(NC(=O)c4ccc(*)cc4)cc3)c2)cc1,1.212798199
*c1ccc(N2C(=O)c3ccc(-c4cccc5c4C(=O)N(*)C5=O)cc3C2=O)cc1,1.218182819
*c1cccc(Oc2cccc(Oc3cccc(-n4c(=O)c5cc6c(=O)n(*)c(=O)c6cc5c4=O)c3)c2)c1,1.295820551
*CC(*)c1ccc(C#N)cc1,1.017159224
*c1ccc(Oc2ccc(C3(c4ccc(Oc5ccc(N6C(=O)c7ccc(Oc8ccc(C9(c%10ccc(Oc%11ccc%12c(c%11)C(=O)N(*)C%12=O)cc%10)CCCCCCCCCCC9)cc8)cc7C6=O)cc5)cc4)C4CC5CC(C4)CC3C5)cc2)cc1,1.101806479
*c1ccc(Oc2ccc(-n3c(=O)c4cc5c(=O)n(*)c(=O)c5cc4c3=O)cc2)cc1,1.286371335
*CC(*)c1ccc(C(=O)CCN2CCCCC2)cc1,1.040490676
*CCC(C)CO*,0.951690982
*C(=O)c1ccc2c(c1)C(=O)N(c1ccc(-c3ccc(N4C(=O)c5ccc(*)cc5C4=O)c(C)c3)cc1C)C2=O,1.145826917
*c1ccc(Oc2ccc(C(C)(C)c3ccc(Oc4ccc(-n5c(=O)c6cc7c(=O)n(*)c(=O)c7cc6c5=O)cc4)cc3)cc2)cc1,1.199178113
*CC(*)OC(=O)c1ccc(CC)cc1,1.071863376
*CC1(*)CCC(C)CC1,0.85730737
*Oc1ccc(Sc2ccc(OC(*)=O)cc2)cc1,1.293120554
*CCCCCCCCCn1c(=O)c2cc3c(=O)n(*)c(=O)c3cc2c1=O,1.170652605
*CC(*)c1cc(C)ccc1F,1.053218614
*CC(*)OC(=O)c1ccccc1C,1.128727674
*c1cc(CCCC)c(*)s1,1.036409942
*CC(*)C,0.83573244
*C(=O)c1ccc2c(c1)C(=O)N(c1ccc(-c3ccc(N4C(=O)c5ccc(*)cc5C4=O)c(OC)c3)cc1OC)C2=O,1.18302384
*CCCCCCCCCSC(=O)S*,1.067551023
*Oc1ccc(S(=O)(=O)c2ccc(Oc3ccc(C(C)(C)c4ccc(*)c(C(O)(C(F)(F)F)C(F)(F)F)c4)cc3C(O)(C(F)(F)F)C(F)(F)F)cc2)cc1,1.345764376
*Oc1ccc(S(=O)(=O)c2ccc(Oc3ccc(C(=O)c4cccc(C(=O)c5ccc(*)cc5)c4)cc3)cc2)cc1,1.236059497
*c1ccc2c(c1)C(=O)N(c1cccc(S(=O)(=O)c3cccc(N4C(=O)c5ccc(C(*)(C(F)(F)F)C(F)(F)F)cc5C4=O)c3)c1)C2=O,1.336308485
*C(=O)c1ccc2c(c1)C(=O)N(c1ccc3c(c1)Cc1cc(N4C(=O)c5ccc(*)cc5C4=O)ccc1-3)C2=O,1.231381223
*CC(*)(C)C(=O)OCCBr,1.508509344
*CC(*)c1cc(C)cc(C)c1,0.939037292
*C(F)(F)C(*)(F)C(F)(F)F,1.790591386
*CC(*)C(=O)OC(F)(C(F)(F)F)C(F)(F)Cl,1.596822382
*CC(*)c1ccc(COCCOCC)cc1,1.048857628
*c1ccc(-c2ccc(N3C(=O)c4ccc(-c5cccc6c5C(=O)N(*)C6=O)cc4C3=O)cc2C(F)(F)F)c(C(F)(F)F)c1,1.241363139
*CC(*)CC1CCCCC1,0.876520821
*c1ccc(-c2ccc(-n3c(=O)c4cc5c(=O)n(*)c(=O)c5cc4c3=O)cc2C(F)(F)F)c(C(F)(F)F)c1,1.23558415
*c1cc(C(c2ccc(O)c(N3C(=O)c4ccc(Oc5ccc6c(c5)C(=O)N(*)C6=O)cc4C3=O)c2)(C(F)(F)F)C(F)(F)F)ccc1O,1.344261415
*C(=O)c1ccc2c(c1)C(=O)N(c1cccc(C(=O)c3cccc(N4C(=O)c5ccc(*)cc5C4=O)c3)c1)C2=O,1.261274943
*CCC(*)(C)C,0.831834985
*c1ccc(Oc2ccc(C(c3ccc(Oc4ccc(N5C(=O)c6ccc(Oc7ccccc7Oc7ccc8c(c7)C(=O)N(*)C8=O)cc6C5=O)cc4C(F)(F)F)cc3)(C(F)(F)F)C(F)(F)F)cc2)c(C(F)(F)F)c1,1.347929123
*CC(*)(C)C,0.87060676
*c1ccc2c(c1)C(=O)N(c1ccc(Oc3ccc(N4C(=O)c5ccc(C(C)(C)CCCCC(*)(C)C)cc5C4=O)cc3)cc1)C2=O,1.127096125
*CCCCCOC(=O)c1ccc2cc(C(=O)O*)ccc2c1,1.167601884
*CC(*)(C)C(=O)OCCCC,0.977791197
*Oc1ccc(C(=O)CCCCCCCCC(=O)c2ccc(OC(*)=O)cc2)cc1,1.140448591
*C(=O)Oc1ccc(OC(=O)c2ccc3c(c2)C(=O)N(c2ccc(C(=O)Nc4ccc(N5C(=O)c6ccc(*)cc6C5=O)cc4)cc2)C3=O)cc1,1.306231148
*c1cccc(Oc2ccc(-n3c(=O)c4cc5c(=O)n(*)c(=O)c5cc4c3=O)cc2)c1,1.284270014
*Oc1cc(C(C)(C)C)c(Oc2ccc(C(=O)Nc3c(C)cc(C(C)(C)c4cc(C)c(NC(=O)c5ccc(*)cc5)c(C)c4)cc3C)cc2)cc1C(C)(C)C,1.001547997
*Oc1ccc(C(=O)c2ccc(*)cc2)cc1,1.189618201
*C(=O)CCCCCCCCC(=O)N1CCN(*)CC1,1.068360477
*CC(*)c1ccc(Cl)c(Cl)c1,1.257069501
*Oc1ccc(C(C)(c2ccccc2)c2ccc(OC(=O)c3cccc(C(*)=O)c3)cc2)cc1,1.14435786
*c1ccc(Oc2ccc(C(c3ccc(Oc4ccc(N5C(=O)c6ccc(-c7ccc8c(c7)C(=O)N(*)C8=O)cc6C5=O)cc4)cc3)(C(F)(F)F)C(F)(F)F)cc2)cc1,1.276047621
*CCCCCCNC(=O)Cc1ccc(C(=O)N*)cc1,1.107782256
*CCCCCNC(=O)O*,1.101397289
*CCCS(=O)(=O)c1ccc(/N=N/c2ccc(N(CCCC)CC(=O)O*)cc2)cc1,1.17835506
*CC(*)CCC,0.82434244
*CC(*)c1ccccc1COCCCCC,0.977922828
*CC(*)c1ccccc1CC,0.956120289
*Oc1ccc(S(=O)(=O)c2ccc(Oc3ccc(-c4ccc(*)cc4)cc3)cc2)cc1,1.222343047
*C=CC(C)C(*)C(=O)OC,1.029013519
*c1ccc2c(c1)C(=O)N(c1ccc(C(c3ccc(N4C(=O)c5ccc(C(*)(C(F)(F)F)C(F)(F)F)cc5C4=O)cc3)(C(F)(F)F)C(F)(F)F)cc1)C2=O,1.312846814
*CC(*)OC(=O)C(C)(C)C(C)C(C)C,0.928292734
*C1CC2CC1C(*)C2CCCCCC,0.89181419
*CC(*)c1cccc(C)n1,1.014862727
*C(F)(F)C(*)(F)OC(F)(F)C(F)(F)C(F)(F)C(F)(F)F,1.779887798
*CC(*)(C(=O)OC)c1ccccc1,1.055775059
*CC(*)OC(=O)c1cccc(C)c1,1.110950878
*CC(*)CCCCCCCCCCCCCC,0.832142984
*Oc1ccc(OC(=O)c2ccc(-c3ccc(C(*)=O)cc3)cc2)cc1C,1.191900763
*C(C)C(*)OC(C)(C)C,0.874167946
*c1ccc2c(c1)C(=O)N(c1ccc(Oc3c(C)cc(Cc4cc(C)c(Oc5ccc(N6C(=O)c7ccc(C(*)(C(F)(F)F)C(F)(F)F)cc7C6=O)cc5)c(C)c4)cc3C)cc1)C2=O,1.188244381
*CC(*)C(=O)n1c2ccccc2c2ccccc21,1.166386752
*C(=O)c1ccc2c(c1)C(=O)N(c1ccc(Oc3ccc(C(c4ccc(Oc5ccc(N6C(=O)c7ccc(*)cc7C6=O)cc5)cc4)(C(F)(F)F)C(F)(F)F)cc3)cc1)C2=O,1.29107138
*Oc1ccc(C2(c3ccc(OC(*)=O)cc3)c3ccccc3-c3ccccc32)cc1,1.128461031
*c1ccc2sc3ccc(-c4nc5cc(-c6ccc7[nH]c(*)nc7c6)ccc5[nH]4)cc3c2c1,1.22005735
*CC(*)Cc1cc(C)cc(C)c1,0.95500293
*CC(*)CCc1ccccc1,1.000097037
*CC(*)C(=O)c1ccc(C)c(C)c1,1.036462114
*C(=O)NC1CCC(CC2CCC(NC(=O)c3ccc(N4C(=O)c5ccc(*)cc5C4=O)cc3)CC2)CC1,1.133082066
*c1ccc(C)c(N2C(=O)c3ccc(-c4ccc5c(c4)C(=O)N(*)C5=O)cc3C2=O)c1,1.184934256
*Oc1ccc(C(=C(Cl)Cl)c2ccc(OC(*)=O)cc2)cc1,1.309864067
*CC(*)c1c(C)cc(C)cc1C,0.93086765
*CCCCCCN1C(=O)c2ccc(C(c3ccc4c(c3)C(=O)N(*)C4=O)(C(F)(F)F)C(F)(F)F)cc2C1=O,1.288680122
*c1ccc(Oc2ccc(-c3ccc(Oc4ccc(N5C(=O)c6ccc(Oc7cccc(Oc8ccc9c(c8)C(=O)N(*)C9=O)c7)cc6C5=O)cc4)cc3)cc2)cc1,1.246201454
*CC(*)c1ccc(C(=O)CCC)cc1,1.016565854
*c1ccc2c(c1)C(=O)N(c1c(CC)cc(Cc3cc(CC)c(N4C(=O)c5ccc(C(*)(C(F)(F)F)C(F)(F)F)cc5C4=O)c(CC)c3)cc1CC)C2=O,1.128172684
*C(=O)Nc1cccc(/C=C/C(=O)/C=C/c2cccc(NC(=O)c3ccc(N4C(=O)c5ccc(*)cc5C4=O)cc3)c2)c1,1.200829298
*c1ccc(Oc2ccc(Oc3ccc(N4C(=O)c5ccc(-c6ccc7c(c6)C(=O)N(*)C7=O)cc5C4=O)cc3)c(C(C)(C)C)c2)cc1,1.153474075
*Oc1ccc(S(=O)(=O)c2ccc(Oc3c(C)cc(C(c4cc(C)c(*)c(C)c4)(C(F)(F)F)C(F)(F)F)cc3C)cc2)cc1,1.190830229
*Oc1ccc(C(C#N)(c2ccccc2)c2ccc(OC(*)=O)cc2)cc1,1.157290262
*Oc1ccc2[nH]c(-c3ccc4sc5ccc(-c6nc7cc(*)ccc7[nH]6)cc5c4c3)nc2c1,1.25041767
*CC(*)c1ccccc1C(=O)OC,1.093619065
*c1cccc(-c2nc3cc(-c4ccc5nc(*)c(-c6ccc7ccccc7c6)nc5c4)ccc3nc2-c2ccc3ccccc3c2)c1,1.095943981
*CCCCCCOC(=O)CCCCCNC(=O)CCCCC(=O)NCCCCCC(=O)O*,1.050883779
*CC(*)SCC,1.030279109
*CCCCCCOC(=O)CCCCCCCCC(=O)O*,1.007846324
*C(=O)c1ccc2c(c1)C(=O)N(c1cc(C(c3ccc(O)c(N4C(=O)c5ccc(*)cc5C4=O)c3)(C(F)(F)F)C(F)(F)F)ccc1O)C2=O,1.335670182
*C(F)(F)C(*)(F)c1ccccc1,1.27745434
*C1C2CC(C)C(C2)C1*,0.898563014
*CCCCOC(=O)c1ccc(C(=O)O*)cc1,1.189183518
*Oc1ccc(C(CCCC)(CCCC)c2ccc(OC(*)=O)cc2)cc1,1.002496135
*c1ccc(C(c2ccccc2)(c2ccc(-n3c(=O)c4cc5c(=O)n(*)c(=O)c5cc4c3=O)cc2)C(F)(F)F)cc1,1.203851883
*CCCCCCCCCNC(=O)c1ccc(C(=O)N*)cc1,1.067236111
*c1cccc(Oc2ccc(S(=O)(=O)c3ccc(Oc4cccc(-n5c(=O)c6cc7c(=O)n(*)c(=O)c7cc6c5=O)c4)cc3)cc2)c1,1.296610121
*CC(*)c1ccc(C(O)CCN(C)C)cc1,1.029659127
*C(=O)Nc1ccc(Cc2ccc(NC(=O)c3ccc(N4C(=O)c5ccc(*)cc5C4=O)cc3)cc2)cc1,1.230142757
*C(C)C(*)OC(C)C,0.882335598
*CC(*)OCCOC,1.063567732
*CC(*)c1ccccc1COCC,1.020552204
*CC(*)c1ccc(CCCC)cc1,0.931491324
*c1ccc(-c2nc3cc(-c4ccc5nc(-c6ccccc6)c(*)nc5c4)ccc3nc2-c2ccccc2)cc1,1.056458614
*CC(*)OC(=O)C(F)(F)C(F)(F)C(F)(F)C(F)(F)C(F)(F)C(F)(F)C(F)(F)C(F)(F)C(F)(F)F,1.802612793
*CC(*)OC(=O)CCCCCCC,0.953535589
*CC(*)OC(=O)c1ccc(OCC)cc1,1.124221099
*CC(*)(C)C(=O)OCCOC,1.090293836
*c1ccc(-c2ccc(-n3c(=O)c4cc5c(=O)n(*)c(=O)c5cc4c3=O)c(OC)c2)cc1OC,1.102881086
*C(=O)Oc1ccc(C(C)(C)c2ccc(OC(=O)c3ccc4c(c3)C(=O)n3c-4nc4ccc(Oc5ccc6c(c5)nc5n6C(=O)c6ccc(*)cc6-5)cc43)cc2)cc1,1.233967696
*CCCCCCNC(=O)c1cccc(C(=O)N*)c1,1.109504305
*c1ccc(-n2c(=O)c3cc4c(=O)n(*)c(=O)c4cc3c2=O)c(C)c1,1.159593797
*c1ccc(Oc2ccc(S(=O)(=O)c3ccc(Oc4ccc(N5C(=O)c6ccc(Oc7ccc8c(c7)C(=O)N(*)C8=O)cc6C5=O)cc4)cc3)cc2)cc1,1.270428801
*CC(*)OC(=O)c1ccccc1OC(C)=O,1.204681933
*c1ccc(-c2ccc(-n3c(=O)c4cc5c(=O)n(*)c(=O)c5cc4c3=O)cc2OC(F)(F)F)c(OC(F)(F)F)c1,1.340617278
*CC(*)c1cc(C)c(C)cc1C,0.929446641
*Cc1cccc(CNC(=O)CCCCC(=O)N*)c1,1.139825525
*CC(*)(CC(=O)OCC1CCCCC1)C(=O)OCC1CCCCC1,1.013959173
*CC(*)C=O,1.136267031
*NC(C)C(*)=O,1.157414618
*CC(*)c1ccc(C(C)(O)CCC)cc1,0.961746913
*c1ccc(-c2ccc(-c3ccc(-n4c(=O)c5cc6c(=O)n(*)c(=O)c6cc5c4=O)cc3)cc2)cc1,1.11034621
*CC(*)(CC(=O)OCc1ccccc1)C(=O)OCc1ccccc1,1.151577723
*CC(*)c1ccc(C(O)CCN2CCCCC2)cc1,1.022718168
*CC(*)C(=O)Oc1c(Cl)c(Cl)c(Cl)c(Cl)c1Cl,1.559789955
*C(=O)c1ccc2c(c1)C(=O)N(c1cccc(N3C(=O)c4ccc(*)cc4C3=O)c1C)C2=O,1.20397476
*CC(*)c1ccccc1C(=O)OCCC(C)C,1.035083827
*c1ccc(C(Cl)(Cl)C(*)Cl)cc1,1.388472271
*CC(*)C(=O)c1ccccc1,1.110644943
*CC(*)c1ccccc1COCCc1ccccc1,1.073511826
*CCCCCCCCCCCCSC(=O)S*,1.024034539
*CC(*)c1cccc(F)c1,1.097086163
*CC(OC)C(C(=O)O)C(*)C(=O)O,1.266513017
*CCCCCCN1C(=O)c2ccc(Oc3ccc4c(c3)C(=O)N(*)C4=O)cc2C1=O,1.227589336
*CCCCCCOC(=O)CCCCCCCC(=O)O*,1.015595931
*CCCCCCOC(=O)Nc1ccc(C)c(NC(=O)OCCCCCCOc2ccc(-c3ccc(O*)cc3)cc2)c1,1.118434945
*CC(*)OC(=O)CC1CCCC1,1.046233355
*c1cccc(P(=O)(c2ccccc2)c2cccc(-n3c(=O)c4c(-c5ccc(C(F)(F)F)cc5)c5c(=O)n(*)c(=O)c5c(-c5ccc(C(F)(F)F)cc5)c4c3=O)c2)c1,1.211199174
*CC(*)OC(=O)c1cccc(Cl)c1,1.263058501
*c1ccc(S(=O)(=O)c2ccc(N3C(=O)c4ccc(-c5ccc6c(c5)C(=O)N(*)C6=O)cc4C3=O)cc2)cc1,1.251668706
*c1ccc(Oc2ccc(Oc3ccc(N4C(=O)c5ccc(Oc6ccc(C7(c8ccc(Oc9ccc%10c(c9)C(=O)N(*)C%10=O)cc8)CCC(C(C)(C)C)CC7)cc6)cc5C4=O)cc3)c(C(C)(C)C)c2)cc1,1.108698074
*CC(*)c1ccc(C(=O)CCCCC)cc1,0.988783183
*c1ccc(Oc2ccc(N3C(=O)C4CCC5C(=O)N(*)C(=O)C5C4C3=O)cc2)cc1,1.224206455
*CC(*)(CC(=O)Oc1ccc(OCCCCCCC)cc1)C(=O)Oc1ccc(OCCCCCCC)cc1,1.051565254
*CC(*)CCc1ccccc1C,0.978579324
*CCOC(=O)c1ccc(C(=O)O*)c2ccccc12,1.278256039
*CC(*)c1ccccc1C(=O)OCC,1.070874613
*Oc1cc(C)c(*)c(C)c1Br,1.421050088
*c1ccc(Oc2ccc(-c3ccc(Oc4ccc(-n5c(=O)c6cc7c(=O)n(*)c(=O)c7cc6c5=O)cc4)cc3)cc2)cc1,1.236301542
*CCCC=C(*)c1ccccc1,1.00581957
*CC(*)c1ccc(C(C)=NO)cc1,1.056409606
*CC(*)c1ccc(C(=O)OCC)cc1,1.05070326
*c1ccc2c(c1)C(=O)N(c1cccc(Oc3cccc(Oc4cccc(N5C(=O)c6ccc(C(*)(C(F)(F)F)C(F)(F)F)cc6C5=O)c4)c3)c1)C2=O,1.30619974
*CC(c1ccccn1)C(c1ccccc1)C(*)c1ccccn1,1.02787783
*c1ccc(Oc2ccccc2Oc2ccc(N3C(=O)c4ccc(Oc5ccccc5Oc5ccc6c(c5)C(=O)N(*)C6=O)cc4C3=O)cc2C(F)(F)F)c(C(F)(F)F)c1,1.319418273
*CCCCCCNC(=O)c1ccc(C2(C)CC(C)(C)c3ccc(C(=O)N*)cc32)cc1,1.041144622
*c1cccc(N2C(=O)c3ccc(Oc4ccc(S(=O)(=O)c5ccc(Oc6ccc7c(c6)C(=O)N(*)C7=O)cc5)cc4)cc3C2=O)c1,1.284993708
*CC(*)c1ccc(F)cc1,1.087380654
*CC(*)c1ccc(C(C)(O)CC)cc1,0.984772104
*CCOC(=O)c1ccc(-c2ccc(C(=O)O*)cc2)cc1,1.216011342
*C1CCC(*)N1,1.038245022
*c1ccc2c(c1)C(=O)N(c1ccc(C(C)(C)c3ccc(N4C(=O)c5ccc(C(*)(C(F)(F)F)C(F)(F)F)cc5C4=O)cc3)cc1)C2=O,1.229423781
*CC(*)c1ccc(OC(C)=O)cc1,1.100534398
*CC(*)c1ccc(C(C)CC)cc1,0.914850756
*CCC1CC2C(CC(*)C2OC(=O)CCCCCCCCCCOc2ccc(-c3ccc(C#N)cc3)cc2)C1OC(=O)CCCCCCCCCCOc1ccc(-c2ccc(C#N)cc2)cc1,1.041845873
*CC(*)c1ccccc1C(=O)OCCN(C)C,1.081969242
*c1ccc2c(c1)C(=O)N(c1ccc(Oc3ccc(-c4ccc(Oc5ccc(N6C(=O)c7ccc(C(*)(C(F)(F)F)C(F)(F)F)cc7C6=O)cc5)cc4)cc3)cc1)C2=O,1.257027996
*CC(*)c1ccc(C(=O)c2ccc(OC)cc2)cc1,1.111089836
*CC(*)OCc1ccccc1,1.091059368
*c1ccc(Oc2ccc3ccc(Oc4ccc(-n5c(=O)c6cc7c(=O)n(*)c(=O)c7cc6c5=O)cc4)cc3c2)cc1,1.273386357
*CC(*)OC(=O)C(F)(F)F,1.49183688
*OC(F)(F)C(F)(F)C(*)(F)F,1.851480396
*NC(=O)c1cccc(C(=O)Nc2ccc(-c3ccc(*)cc3)cc2)c1,1.197547175
*CC(*)c1ccc(C(=O)N2CCCCC2)cc1,1.036942875
*c1ccc(Oc2ccc(N3C(=O)c4ccc(C(=O)c5ccc6c(c5)C(=O)N(*)C6=O)cc4C3=O)cc2)cc1,1.25624388
*CC(*)OC(=O)CC1CCCCC1,1.017496565
*CC(*)C(=O)O,1.303707229
*CC(*)C(=O)OCC(C)(C)C,0.963513972
*c1ccc(Oc2cc(C(C)(C)C)ccc2Oc2ccc(N3C(=O)c4ccc(-c5ccc6c(c5)C(=O)N(*)C6=O)cc4C3=O)cc2)cc1,1.171705288
*CCCCCC(=O)N*,1.03275758
*CC(*)(C)C(=O)OCCCCCC,0.953772359
*CC(*)c1ccc(CCCCCCCCCCCCCCCC)cc1,0.886142951
*CC(*)(C)C(=O)OCCC#N,1.090917117
*c1c(C)cc(C(c2cc(C)c(N3C(=O)c4ccc(-c5ccc6c(c5)C(=O)N(*)C6=O)cc4C3=O)c(C)c2)c2cccc3ccccc23)cc1C,1.048715077
*CC(*)n1c2ccccc2c2ccccc21,1.099857312
*NC1CC(C)(C)CC(C)(CNC(=O)CCCCC(*)=O)C1,1.024946752
*CC(*)(C)CCC,0.818195516
*CC(*)O,1.174363926
*Oc1ccc(C(CCC)(CCC)c2ccc(OC(*)=O)cc2)cc1,1.015922365
*Oc1ccc(-c2ccc(OC(=O)CCCCCC(*)=O)cc2)cc1,1.161102833
*CC(*)C1CCC1,0.890516521
*CCCCCCOC(=O)O*,1.07671508
*CC(*)OC(=O)c1ccc(C(C)C)cc1,1.047680586
*CC(*)C(=O)OCc1ccc(C#N)cc1,1.150101385
*CC(*)CCCN(C(C)C)C(C)C,0.873653205
*CC(*)c1ccc(OCCC(C)C)cc1,0.976437278
*NC(CCC(=O)OC)C(*)=O,1.214403667
*CCCCCCNC(=O)c1ccc(C(C)(C)c2ccc(C(=O)N*)cc2)cc1,1.067141423
*C=CCC(C)(CC*)C(=O)OC,0.992758106
*CCOc1ccc(C(=O)OCCOC(=O)c2ccc(O*)cc2)cc1,1.239214752
*CC(*)c1ccc(CCCCCCCCCCCCCCCCCC)cc1,0.878911528
*CC(*)c1ccccc1C(=O)OC(C)C,1.04558941
*CC(*)C(N)=O,1.263155414
*CC(*)C(=O)N1CCOCC1,1.139923204
*Oc1ccc(-c2ccc(OC(=O)CCCCCCCCCCC(*)=O)cc2)cc1,1.074880475
*C=CC(C)CCCCC*,0.848448936
*CC(*)(C)C(=O)OCc1ccc(Cl)c(Cl)c1,1.273551555
*CCC=C(*)C(C)C,0.8495405
*Oc1ccc(C(C)(C)c2ccc(OC(=O)SCCCSC(*)=O)cc2)cc1,1.187060668
*CC(*)C(=O)OCC,1.064568208
*CC(*)C(=O)OCC(C)O,1.147339655
*CC(*)CNc1ccc([N+](=O)[O-])cn1,1.274317315
*Oc1ccc(Oc2ccc(C(=O)c3ccc(*)cc3)cc2)cc1,1.198377884
*Oc1ccc(C(C)(C)c2ccc(OC(*)=O)cc2)cc1,1.141156801
*c1ccc(-c2ccc(-n3c(=O)c4cc5c(=O)n(*)c(=O)c5cc4c3=O)c(C)c2)cc1C,1.085667358
*OC1C(CO)OC(*)C(O)C1O,1.328453331
*c1ccc(Oc2ccc(S(=O)(=O)c3ccc(Oc4ccc(-n5c(=O)c6cc7c(=O)n(*)c(=O)c7cc6c5=O)cc4)cc3)cc2)cc1,1.287501153
*CC(*)c1ccc(C)cc1C,0.940383427
*CC(*)(C)C(=O)OCCCCCCCCCCCC,0.910290248
*CC(*)(CC(=O)OCCCc1ccccc1)C(=O)OCCCc1ccccc1,1.119451787
*CC(*)c1ccccc1OC,1.022974296
*CC(*)CCCCC,0.826026958
*CC(*)C(=O)Oc1ccc(Cl)cc1Cl,1.36901816
*c1ccc(N2C(=O)c3ccc(Oc4ccc(C(C)(C)c5cccc(Oc6ccc7c(c6)C(=O)N(*)C7=O)c5)cc4)cc3C2=O)cc1,1.211368453
*CC(*)c1c(Cl)cccc1Cl,1.262465174
*Oc1ccc(C2(c3ccc(OC(*)=O)cc3)CCCCC2)cc1,1.114381568
*C(F)(F)C(*)(F)F,1.914482486
*CC(*)c1ccc(C(=O)CC)cc1,1.033214439
*c1ccc(Oc2ccc(S(=O)(=O)c3ccc(Oc4ccc(N5C(=O)c6ccc(C(c7ccc8c(c7)C(=O)N(*)C8=O)(C(F)(F)F)C(F)(F)F)cc6C5=O)cc4)cc3)cc2)cc1,1.306828793
*CC(*)C(C)C,0.809481605
*Oc1ccc(C(C)(CCC)c2ccc(OC(*)=O)cc2)cc1,1.074574897
*c1ccc(Oc2cccc3c(Oc4ccc(N5C(=O)c6ccc(Oc7ccc8c(c7)C(=O)N(*)C8=O)cc6C5=O)cc4)cccc23)cc1,1.241250034
*CC(*)(C)C(=O)OCCCCCCCC,0.934650547
*CC(*)c1ccc(C(F)(F)C(F)(F)C(F)(F)C(F)(F)C(F)(F)C(F)F)cc1,1.523217009
*c1cccc(P(=O)(c2ccccc2)c2cccc(-n3c(=O)c4cc5c(=O)n(*)c(=O)c5cc4c3=O)c2)c1,1.23347752
*CC(*)c1ccc(C(=O)OCC(C)C)cc1,1.017692103
*C(=O)Nc1cccc(NC(=O)c2ccc(N3C(=O)c4ccc(*)cc4C3=O)cc2)c1,1.288525485
*c1ccc(Oc2cccc(Oc3ccc(N4C(=O)c5ccc(-c6cccc7c6C(=O)N(*)C7=O)cc5C4=O)cc3)c2)cc1,1.238084525
*c1ccc(N2C(=O)c3ccc(-c4ccc5c(c4)C(=O)N(*)C5=O)cc3C2=O)nc1,1.260613162
*CC(*)C(=O)C(C)(C)C,0.91707896
*CC(*)OC(=O)CCCCCCCCCCC,0.921917489
*C(=O)Nc1ccc(NC(=O)c2ccc(N3C(=O)c4ccc(*)cc4C3=O)cc2)cc1,1.30038156
*Oc1cccc(Oc2cccc(*)c2)c1C#N,1.208287072
*CCCCCCCCNC(=O)CCCCCCCCC(=O)N*,0.968044043
*c1ccc(Cc2ccc(N3C(=O)c4ccc(Oc5ccc(C6(c7ccc(Oc8ccc9c(c8)C(=O)N(*)C9=O)cc7)CCCCCCCCCCC6)cc5)cc4C3=O)cc2)cc1,1.105899582
*CC(*)C(=O)OCC=C,1.087141868
*OC(C)C(*)=O,1.143181088
*CC(*)OC(=O)c1ccncc1,1.195060965
*CCCOC(=O)c1ccc2cc(C(=O)O*)ccc2c1,1.218378703
*CC(*)c1ccc(I)cc1,1.7178258
*CC(*)(CC(=O)Oc1ccccc1)C(=O)Oc1ccccc1,1.158608395
*c1ccc(-c2ccc(N3C(=O)c4ccc(-c5ccc6c(c5)C(=O)N(*)C6=O)cc4C3=O)cc2C(F)(F)F)c(C(F)(F)F)c1,1.235348797
*CC(*)CCC1CCCCC1,0.887375098
*C(=O)c1ccc2c(c1)C(=O)N(c1cccc(C(=O)Nc3cccc(N4C(=O)c5ccc(*)cc5C4=O)c3)c1)C2=O,1.277306466
*CC(*)(CC(=O)OCCC)C(=O)OCCC,1.041623299
*C(=O)c1ccc2c(c1)C(=O)N(c1ccc(N3C(=O)c4ccc(*)cc4C3=O)nc1)C2=O,1.281940946
*c1ccc2c(c1)C(=O)N(c1ccc(Cc3ccc(N4C(=O)c5ccc(C(F)(F)C(F)(F)C(*)(F)F)cc5C4=O)cc3)cc1)C2=O,1.327992966
*C1CCC(N2C(=O)c3ccc(-c4ccc5c(c4)C(=O)N(*)C5=O)cc3C2=O)CC1,1.221232144
*CC(*)c1ccc(Cl)cc1,1.143288057
*CC(*)c1cc(C(C)C)ccc1C(C)C,0.870067341
*CC(*)c1ccc(OCC)cc1,1.016879034
*CCCCCCCCCCC(=O)N*,0.942641615
*C(=O)c1ccc2c(c1)C(=O)N(c1ccc(C(=O)Nc3ccc(N4C(=O)c5ccc(*)cc5C4=O)cc3)cc1)C2=O,1.278260146
*CC(*)C(=O)OCCCCCCCCCCCCCCCCCC,0.89196107
*CCOCCOC(=O)c1cccc(C(=O)O*)c1,1.245569001
*CC(*)(C)C(=O)OCc1c(Cl)cccc1Cl,1.273236404
*CCCCCCCCCC(=O)N*,0.953326288
*Oc1ccc2ccc(OC(=O)Oc3ccc(OC(*)=O)cc3)cc2c1,1.30756147
*/C=C(/*)c1cccc(C#C)c1,1.016829963
*CCOC(=O)Nc1ccc(-c2ccc(NC(=O)O*)cc2)cc1,1.262967845
*CC(*)CNc1ccc([N+](=O)[O-])c(C(F)(F)F)c1,1.382048926
*CC(*)c1ccc(Cl)cc1C,1.101968119
*c1ccc(Oc2cc(C(C)(C)C)ccc2Oc2ccc(-n3c(=O)c4cc5c(=O)n(*)c(=O)c5cc4c3=O)cc2)cc1,1.192553559
*CCCOC(=O)c1ccc(C(=O)O*)cc1,1.225085012
*c1ccc2c(c1)C(=O)N(c1c(C)cc(Cc3cc(C)c(N4C(=O)c5ccc(C(*)(C(F)(F)F)C(F)(F)F)cc5C4=O)c(C)c3)cc1C)C2=O,1.149323946
*CC(*)C(=O)Oc1ccccc1,1.159695123
*c1ccc(Oc2cccc(Oc3ccc(N4C(=O)c5ccc(-c6ccc7c(c6)C(=O)N(*)C7=O)cc5C4=O)cc3)c2)cc1,1.252835014
*c1ccc(N2C(=O)c3ccc(C(=O)c4ccc5c(c4)C(=O)N(*)C5=O)cc3C2=O)cc1,1.271524595
*c1ccc2c(c1)C(=O)N(c1ccc(Oc3ccc(N4C(=O)c5ccc(C(F)(F)C(F)(F)C(*)(F)F)cc5C4=O)cc3)cc1)C2=O,1.358626774
*Oc1ccc(SC(=O)Oc2ccc(C(C)(C)c3ccc(OC(=O)Sc4ccc(*)cc4)cc3)cc2)cc1,1.209562721
*c1ccc(Oc2cccc(Oc3ccc(N4C(=O)c5ccc(Oc6ccc7c(c6)C(=O)N(*)C7=O)cc5C4=O)cc3)c2)cc1,1.270104981
*C(=O)Oc1ccc(C(C)(C)c2ccc(OC(=O)c3ccc4c(c3)C(=O)N(c3ccc(-c5ccc(N6C(=O)c7ccc(*)cc7C6=O)c(C)c5)cc3C)C4=O)cc2)cc1,1.160979338
*Cc1ccc2[nH]c(-c3ccc4sc5ccc(-c6nc7cc(*)ccc7[nH]6)cc5c4c3)nc2c1,1.206598942
*c1ccc(Oc2ccc(N3C(=O)c4ccc(-c5ccc6c(c5)C(=O)N(*)C6=O)cc4C3=O)cc2)cc1,1.246919536
*CC*,0.837971504
*C(F)C(*)(F)F,1.798577625
*c1cccc(P(=O)(c2ccc(C(F)(F)F)cc2)c2cccc(-n3c(=O)c4c(-c5ccc(C(F)(F)F)cc5)c5c(=O)n(*)c(=O)c5c(-c5ccc(C(F)(F)F)cc5)c4c3=O)c2)c1,1.240680333
*c1ccc2c(c1)C(=O)N(c1ccc(Sc3ccc(Oc4ccc(Sc5ccc(N6C(=O)c7ccc(C(*)(C(F)(F)F)C(F)(F)F)cc7C6=O)cc5)cc4)cc3)cc1)C2=O,1.295180711
*CC(*)(C)C(=O)OCC(=O)c1ccccc1,1.148393849
*CC(*)C(=O)c1ccc(Cl)cc1,1.226369324
*c1ccc(-c2ccc(N3C(=O)c4ccc(-c5ccc6c(c5)C(=O)N(*)C6=O)cc4C3=O)c(C)c2)cc1C,1.130906275
*c1ccc2c(c1)Cc1cc(-n3c(=O)c4cc5c(=O)n(*)c(=O)c5cc4c3=O)ccc1-2,1.214836732
*CC(*)OC(=O)c1cccc(Br)c1,1.54660293
*/C(C)=C(/*)C(C)C,0.742358507
*CC(*)(CC(=O)OC)C(=O)OC,1.129334605
*CC(*)(C)C(=O)Oc1ccccc1,1.099424256
*/C=C\CCCCC*,0.867588794
*CC(*)SC,1.078850613
*c1ccc(Oc2ccc(NC(=O)CN3C(=O)c4ccc(C(c5ccc6c(c5)C(=O)N(CC(=O)Nc5ccc(Oc7ccc(-c8nnc(*)o8)cc7)cc5)C6=O)(C(F)(F)F)C(F)(F)F)cc4C3=O)cc2)cc1,1.321558491
*OC(C)CC(*)=O,1.127753263
*Oc1cccc(OC(=O)c2ccccc2/C=C/c2ccc(/C=C/c3ccccc3C(*)=O)cc2)c1,1.152283822
*CC(*)(CC)C(=O)OCC,0.972122176
*NC(=O)c1ccc(C(=O)Nc2ccc(-c3ccc(*)cc3)cc2)cc1,1.209706739
*c1ccc(*)s1,1.283756133
*Oc1cc(C(C)(C)C)c(Oc2ccc(C(=O)Nc3ccc(C(C)(C)c4ccc(NC(=O)c5ccc(*)cc5)cc4)cc3)cc2)cc1C(C)(C)C,1.043215521
*/C(Cl)=C(/*)c1ccccc1,1.076752211
*C(F)(F)C(*)(F)OC(F)C(F)F,1.696241974
*c1ccc2c(c1)C(=O)N(c1ccc(Oc3ccc4ccc(Oc5ccc(N6C(=O)c7ccc(C(*)(C(F)(F)F)C(F)(F)F)cc7C6=O)cc5)cc4c3)cc1)C2=O,1.283568007
*CC(*)c1ccccc1C(=O)OCCCCC,1.030247482
*CC(*)(C)CC,0.844525133
*OC1C(COC(C)=O)OC(*)C(OC(C)=O)C1OC(C)=O,1.165103006
*c1cccc(N2C(=O)c3ccc(C(c4ccc5c(c4)C(=O)N(*)C5=O)(C(F)(F)F)C(F)(F)F)cc3C2=O)c1,1.317287284
*c1ccc(-c2ccc(N3C(=O)c4cc5c(cc4C3=O)C(C(F)(F)F)(C(F)(F)F)c3cc4c(cc3O5)C(=O)N(*)C4=O)cc2OC(F)(F)F)c(OC(F)(F)F)c1,1.308167258
*CC(*)C(=O)c1ccccc1O,1.187225592
*CCCCCCCCCCCNC(=O)CCCCC(=O)N*,0.985499697
*C1Cc2ccccc2C1*,0.984516179
*CCOCCOC(=O)c1ccc(-c2ccc(C(=O)O*)cc2)cc1,1.215132769
*c1cccc(N2C(=O)c3ccc(Oc4ccc5c(c4)C(=O)N(*)C5=O)cc3C2=O)c1,1.280091609
*c1c(C)c(C)c(-n2c(=O)c3cc4c(=O)n(*)c(=O)c4cc3c2=O)c(C)c1C,0.999149898
*CC(*)OC(=O)c1ccc(C)cc1,1.099096797
*CC(*)OC(=O)c1ccc(OC)cc1,1.170671465
*CC(*)C(=O)OC(C(F)(F)F)C(F)(F)F,1.536822752
*C(F)(F)C(*)(F)OC(F)(F)C(F)(F)F,1.710360798
*CC(*)(C)C(=O)OCCS(=O)CC,1.144553412
*c1ccc(Oc2ccc(Oc3ccc(N4C(=O)c5ccc(-c6ccc7c(c6)C(=O)N(*)C7=O)cc5C4=O)cc3)c(-c3ccccc3)c2)cc1,1.202889399
*c1cccc(S(=O)(=O)NCCCCCCNS(*)(=O)=O)c1,1.285079964
*c1ccc(Oc2c(C)cc(Cc3cc(C)c(Oc4ccc(-n5c(=O)c6cc7c(=O)n(*)c(=O)c7cc6c5=O)cc4)c(C)c3)cc2C)cc1,1.126951227
*c1cccc(N2C(=O)c3ccc(Oc4ccc(C(C)(C)c5ccc(Oc6ccc7c(c6)C(=O)N(*)C7=O)cc5)cc4)cc3C2=O)c1,1.202697866
*Nc1cccc(C(O)Cc2ccc(NC(=O)c3ccc(C(*)=O)cc3)cc2)c1,1.211930902
*CCCCCCOC(=O)c1ccc(-c2ccc(C(=O)O*)cc2)cc1,1.134208413
*CC(*)OC(=O)C1(C)CCCCC1,0.984240621
*CC(C)O*,1.011307994
*c1ccc(Oc2ccc(N3C(=O)c4ccc(Oc5ccc(C6(c7ccc(Oc8ccc9c(c8)C(=O)N(*)C9=O)cc7)CCC(c7ccccc7)CC6)cc5)cc4C3=O)cc2)cc1,1.165731568
*CC/C=C(/*)C,0.883356872
*CC(*)c1cc(Br)ccc1OCCC(C)C,1.226506408
*c1ccc(Oc2ccc(C(C)(C)c3ccc(Oc4ccc(N5C(=O)C6CCC7C(=O)N(*)C(=O)C7C6C5=O)cc4)cc3)cc2)cc1,1.163593926
*CCCCCCCCCCCCC(=O)N*,0.930849554
*c1ccc(-c2sc(-c3ccc(-n4c(=O)c5cc6c(=O)n(*)c(=O)c6cc5c4=O)cc3)c(-c3ccccc3)c2-c2ccccc2)cc1,1.124308327
*CC(*)c1cc(F)ccc1F,1.182523433
*c1ccc(Oc2ccc(C(c3ccc(Oc4ccc(-n5c(=O)c6cc7c(=O)n(*)c(=O)c7cc6c5=O)cc4)cc3)(C(F)(F)F)C(F)(F)F)cc2)cc1,1.308564776
*CC(*)c1ccc(C(=O)c2ccc(C)cc2)cc1,1.067378891
*CC(*)(CC(=O)OCCCC)C(=O)OCCCC,1.022044666
*CCCCOC(=O)c1ccc2cc(C(=O)O*)ccc2c1,1.188931644
*c1ccc(Oc2ccc(N3C(=O)c4ccc(Oc5ccc6c(c5)C(=O)N(*)C6=O)cc4C3=O)cc2)cc1,1.269137831
*CC(*)c1ccc(COCCOCCCCCCCC)cc1,0.973660818
*CC(*)c1ccccc1C(=O)Oc1ccccc1,1.133417531
*c1ccc(Oc2cccc(Oc3ccc(-n4c(=O)c5cc6c(=O)n(*)c(=O)c6cc5c4=O)cc3)c2)cc1,1.299910742
*NC(CCC(=O)OCCCCC)C(*)=O,1.07025453
*CC(*)c1ccccn1,1.057501881
*C(=O)c1ccc2c(c1)C(=O)N(c1ccc(Oc3ccc(C(=O)c4cccc(C(=O)c5ccc(Oc6ccc(N7C(=O)c8ccc(*)cc8C7=O)cc6)cc5)c4)cc3)cc1)C2=O,1.236641993
*CC(*)(C)C(=O)OCC,0.990367795
*C(F)(F)C(*)(F)Cl,1.892081877
*c1ccc2c(c1)C(=O)N(c1c(C)cc(C)c(N3C(=O)c4ccc(C(*)(C(F)(F)F)C(F)(F)F)cc4C3=O)c1C)C2=O,1.174741146
*CC/C=C(/*)Cl,1.20676381
*Oc1ccc(S(=O)(=O)c2ccc(Oc3ccc(Cc4ccc(*)cc4)cc3)cc2)cc1,1.212082381
*c1ccc(Cc2ccc(-n3c(=O)c4cc5c(=O)n(*)c(=O)c5cc4c3=O)c(C)c2)cc1C,1.13806991
*CC(*)c1ccc(COCCCC)cc1,0.992325334
*C(=O)c1ccc2c(c1)C(=O)N(c1ccc(Oc3ccc(-c4ccc(Oc5ccc(N6C(=O)c7ccc(*)cc7C6=O)cc5)cc4)cc3)cc1)C2=O,1.228224345
*CC(*)OC(=O)C1CCCCC1,1.019054854
*c1ccc(Oc2ccc(Oc3ccc(N4C(=O)c5ccc(Oc6ccccc6Oc6ccc7c(c6)C(=O)N(*)C7=O)cc5C4=O)cc3C(F)(F)F)cc2)c(C(F)(F)F)c1,1.333812448
*Oc1c(Cl)cc(C(C)(C)c2cc(Cl)c(OC(*)=O)c(Cl)c2)cc1Cl,1.319483933
*c1ccc(Oc2ccccc2Oc2ccc(-n3c(=O)c4cc5c(=O)n(*)c(=O)c5cc4c3=O)cc2)cc1,1.279833729
*CCCCCCCCC(=O)N*,0.967908774
*C(C)C(*)OCCCC,0.905549579
*Oc1ccc(Oc2ccc(C(=O)c3ccc(C(=O)c4ccc(*)cc4)c4ccccc34)cc2)cc1,1.172687952
*CC(*)OC(F)(C(F)(F)F)C(F)(F)F,1.622288206
*c1cccc(P(=O)(c2cccc(-n3c(=O)c4cc5c(=O)n(*)c(=O)c5cc4c3=O)c2)c2cc(C(F)(F)F)cc(C(F)(F)F)c2)c1,1.318625494
*Oc1ccc(S(=O)(=O)c2ccc(OC(=O)c3ccc(C(*)=O)cc3)cc2)cc1,1.295290371
*C(=O)Nc1ccccc1NC(=O)c1ccc(N2C(=O)c3ccc(*)cc3C2=O)cc1,1.285201084
*CCC=C(*)Cl,1.195057514
*CC(*)(CC(=O)OCC)C(=O)OCC,1.072165826
*CC(*)CCCN(CC(C)C)CC(C)C,0.860541573
*c1ccc(Cc2ccc(N3C(=O)c4ccc(Oc5ccc6c(c5)C(=O)N(*)C6=O)cc4C3=O)cc2)cc1,1.232070271
*Oc1ccc(C(C)(C)c2ccc(OC(*)=O)c(C(C)C)c2)cc1C(C)C,1.004973052
*c1ccc(-c2ccc(N3C(=O)c4ccc(-c5cccc6c5C(=O)N(*)C6=O)cc4C3=O)c(C)c2)cc1C,1.114037498
*CCCCCCNC(=O)CCCCCCCCC(=O)N*,0.995086638
*CC(*)C(=O)OCCc1ccccc1,1.114090612
*CC(*)C(=O)OC1CCCCC1,1.016583768
*c1ccc(N2C(=O)c3ccc(-c4ccc5c(c4)C(=O)N(*)C5=O)cc3C2=O)cc1,1.270230048
*CC(*)c1cc(Br)ccc1OCCCC,1.2582648
*CC(*)c1ccc(C(=O)CCN2CCOCC2)cc1,1.102048959
*CC(*)(C)C(=O)OC(C)CC,0.946334214
*CC(*)OCCCl,1.248858545
*c1ccc(Oc2cccc(N3C(=O)c4ccc(-c5cccc6c5C(=O)N(*)C6=O)cc4C3=O)c2)cc1,1.238208298
*c1ccc(C(C)(C)c2ccc(C(C)(C)c3ccc(N4C(=O)c5ccc(Oc6ccc7c(c6)C(=O)N(*)C7=O)cc5C4=O)cc3)cc2)cc1,1.117686372
*c1ccc(Sc2ccc(-n3c(=O)c4cc5c(=O)n(*)c(=O)c5cc4c3=O)cc2)cc1,1.292784022
*c1ccc(Oc2ccc(Oc3ccc(N4C(=O)c5ccc(Oc6ccc7c(c6)C(=O)N(*)C7=O)cc5C4=O)cc3)cc2)cc1,1.250215209
*CC(*)C#N,1.046677705
*CCc1ccc(*)c(Cl)c1,1.197077899
*CC(*)C(=O)OC(CC)CC,0.9720182
*CCC=C(*)C,0.879267279
*C([2H])([2H])C(*)(C(=O)OC([2H])([2H])[2H])C([2H])([2H])[2H],1.115470133
*C(=O)c1ccc2c(c1)C(=O)N(c1ccc(C3(c4ccc(N5C(=O)c6ccc(*)cc6C5=O)cc4)c4ccccc4-c4ccccc43)cc1)C2=O,1.135742607
*CC(*)OC(C)=O,1.1098647
*c1ccc(Oc2ccc(Oc3ccc(N4C(=O)c5ccc(Oc6ccc(C7(c8ccc(Oc9ccc%10c(c9)C(=O)N(*)C%10=O)cc8)CCC(c8ccccc8)CC7)cc6)cc5C4=O)cc3)c(C(C)(C)C)c2)cc1,1.137986282
*CC(*)CCCCCCCCCCCC,0.83325233
*NC(=O)NCCCCCCNC(=O)Nc1ccc(Cc2ccc(*)cc2)cc1,1.122795344
*C(C)C(*)O,1.029484838
*CC(*)OC(=O)C(F)(F)C(F)(F)C(F)(F)C(F)(F)C(F)(F)F,1.72120682
*CCOC(=O)Nc1cccc(NC(=O)O*)c1,1.331542248
*CC(*)SCCCC,0.975699357
*CC(*)(C)C(=O)OCc1cccc(Cl)c1,1.192786371
*CC(=C)COCC(=C)COC(=O)O*,1.155178424
*CC(*)c1ccc(C(=O)OCCN(C)C)cc1,1.072615261
*CC(*)c1cc(Br)ccc1OCCCCC,1.225241179
*CC(*)(C)C(=O)OCCN(C)C,1.036064242
*c1cccc(P(=O)(c2cccc(-n3c(=O)c4c(-c5ccccc5)c5c(=O)n(*)c(=O)c5c(-c5ccccc5)c4c3=O)c2)c2cc(C(F)(F)F)cc(C(F)(F)F)c2)c1,1.217051099
*c1ccc(Oc2cc3ccccc3cc2Oc2ccc(N3C(=O)c4ccc(Oc5ccc6c(c5)C(=O)N(*)C6=O)cc4C3=O)cc2)cc1,1.256698292
*CC/C=C(\*)C,0.879252837
*CCOC(=O)c1ccc(C(=O)O*)cc1,1.261154371
*CC(*)C(=O)Oc1ccccc1C(=O)OC,1.217023565
*C(F)C(*)(F)OC(F)(F)F,1.750235753
*CC(*)c1ccc(C(=O)OCCCCCC)cc1,1.003719963
*CC(*)c1nc(C)nc(C)n1,1.064103146
*CC(*)CCCCCCCCCCCCCCCCCCCC,0.834006133
*CCCNC(=O)Cc1ccc(C(=O)N*)cc1,1.176155999
*Sc1ccc(Cc2ccc(SC(*)=O)cc2)cc1,1.226614486
*CC(*)C(=O)OC,1.129183952
*CC(*)C(=O)OCCCCCCCCCCCCCCCCCCCCCC,0.884876752
*CC(*)CCCCCCCCCCCCCCCC,0.833313341
*Oc1c(-c2ccccc2)cc(*)cc1-c1ccccc1,1.070064482
*CC1CCC(COC(=O)CCCCCCCCC(=O)O*)CC1,1.015688244
*c1cccc(Oc2ccc(N3C(=O)c4ccc(C(c5ccc6c(c5)C(=O)N(*)C6=O)(C(F)(F)F)C(F)(F)F)cc4C3=O)cc2)c1,1.305857302
*Cc1cc(C(C)(C)c2ccc3c(c2)CN(C)CO3)cc(CN(*)C)c1O,1.087875668
*Cc1cc(*)c(O)cc1C,1.098554283
*CC1CCC(*)C1,0.930004498
*C(O)C(*)O,1.396107757
*CC(*)c1cccc(Cl)c1,1.138997982
*c1ccc(Oc2ccc(N3C(=O)c4ccc(-c5cccc6c5C(=O)N(*)C6=O)cc4C3=O)cc2)cc1,1.225730173
*CC(*)C(C)(C)C,0.80536494
*CC(*)c1ccc(C(C)(O)CCCCC)cc1,0.955479058
*CC(*)OC(=O)C(C)(C(C)C)C(C)C,0.922754666
*CCCCCCS(=O)(=O)c1ccc(/N=N/c2ccc(N(C)CCCCCC(=O)O*)cc2)cc1,1.129755307
*c1ccc(-c2ccc(N3C(=O)c4ccc(-c5ccc6c(c5)C(=O)N(*)C6=O)cc4C3=O)cc2)cc1,1.230326659
*Oc1ccccc1OC(=O)c1ccccc1/C=C/c1ccc(/C=C/c2ccccc2C(*)=O)cc1,1.154343518
*CCOC(=O)c1cccc2c(C(=O)O*)cccc12,1.280732292
*CC(*)c1ccc(C(C)(C)C)cc1,0.89655902
*C(*)C(=O)OCC,1.092477839
*CC(*)(C)c1ccc(C(C)C)cc1,0.902118305
*CCCCCCNC(=O)N*,1.028709227
*C(=O)Nc1cccc(C#Cc2cccc(N3C(=O)c4ccc(*)cc4C3=O)c2)c1,1.207196695
*CC(*)c1ccc(C(C)(O)CCCC)cc1,0.964527544
*c1cccc(P(=O)(c2ccccc2)c2cccc(-n3c(=O)c4c(-c5cc(C(F)(F)F)cc(C(F)(F)F)c5)c5c(=O)n(*)c(=O)c5c(-c5cc(C(F)(F)F)cc(C(F)(F)F)c5)c4c3=O)c2)c1,1.256448494
*c1cccc(P(=O)(c2ccccc2)c2cccc(-n3c(=O)c4c(-c5ccccc5)c5c(=O)n(*)c(=O)c5c(-c5ccccc5)c4c3=O)c2)c1,1.146744103
*C(=O)c1ccc2c(c1)C(=O)N(c1ccc(C(=O)Nc3cccc(N4C(=O)c5ccc(*)cc5C4=O)c3)cc1)C2=O,1.280037721
*CC(*)c1ccc(C(C)C)cc1,0.923190056
*CC(*)c1ccccc1COC(C)C,0.985738485
*CC(*)C(=O)Oc1ccc(OC)cc1,1.172544176
*CC(*)c1ccc(F)cc1C,1.058654554
*CC(*)C(CC)CC,0.81481654
*C(=O)Nc1ccc(NC(=O)c2ccc3c(c2)C(=O)N(c2ccc(S(=O)(=O)c4ccc(N5C(=O)c6ccc(*)cc6C5=O)cc4)cc2)C3=O)cc1,1.292534878
*Oc1ccc2c(c1)C1(CC2(C)C)CC(C)(C)c2ccc(OC(=O)c3ccc(C(*)=O)cc3)cc21,1.075103554
*CCCC=C(*)c1ccc(OC)cc1,1.035052361
*CC(*)c1ccc(COCCOCCCC)cc1,1.013534512
*CC(*)c1cc(C)ccc1C,0.925112294
*CCCCOC(=O)NCCCCCCNC(=O)O*,1.107872925
*CC(*)CCCCCCCCCC,0.831539982
*OC(C)COC(*)=O,1.202638184
*C(=O)c1ccc2c(c1)C(=O)N(c1ccc(Oc3cc4ccccc4cc3Oc3ccc(N4C(=O)c5ccc(*)cc5C4=O)cc3)cc1)C2=O,1.249194838
*c1ccc2c(c1)-c1nc3cc(Oc4ccc5c(c4)nc4n5C(=O)c5cc(C(*)(C(F)(F)F)C(F)(F)F)ccc5-4)ccc3n1C2=O,1.329999975
*/C=C/*,0.887086616
*CC(*)c1ccc(C(C)=O)cc1,1.057706787
*CC(*)(C)C(=O)OC(C)C,0.953690368
*CC(*)(CC(=O)OCCCCCCC)C(=O)OCCCCCCC,0.966492654
*CCOCC(=O)O*,1.268466225
*CC(*)(C)C(=O)OCc1ccc(Cl)cc1,1.187854535
*OS(=O)(=O)c1ccc(*)cc1,1.433690549
*CC(*)C(=O)Oc1ccc(C(=O)OCCCC)cc1,1.126542992
*CC(*)OC(=O)CCCCC,0.977136755
*CC(*)c1ccccc1Cl,1.153238245
*C1CCC(*)C1,0.928876066
*CC(*)CC1CCCC1,0.89707436
*CC(*)OC(=O)CCCC(=O)c1ccccc1,1.150898047
*Oc1ccc(NC(=O)c2cccc(C(=O)Nc3ccc(*)cc3)c2)cc1,1.224593369
*C=CC1CCC(*)C1,0.952823858
*C(=O)c1ccc2c(c1)C(=O)N(c1c(C)cc(C(c3cc(C)c(N4C(=O)c5ccc(*)cc5C4=O)c(C)c3)c3cccc4ccccc34)cc1C)C2=O,1.052850236
*CC(*)OC(=O)c1ccc(Br)cc1,1.536350906
*CC(*)C(=O)N1CCCCC1,1.040542744
*Oc1ccc(OC(=O)c2ccccc2/C=C/c2ccc(/C=C/c3ccccc3C(*)=O)cc2)cc1,1.170701737
*CC(*)c1ccc(C)nc1,1.004278135
*CC(*)OC(=O)C(C)(C)CCC,0.945730555
*CC(*)(C)C(=O)OCc1cc(Cl)cc(Cl)c1,1.269395896
*CC(*)P(=O)(Oc1ccccc1)N(C)C,1.160587206
*c1ccc(-c2ccc(-n3c(=O)c4cc5c(=O)n(*)c(=O)c5cc4c3=O)cc2)cc1,1.18724436
*C(C)C(*)OCCC,0.906495665
*c1ccc(Oc2ccc(C3(c4ccc(Oc5ccc(N6C(=O)c7ccc(Oc8ccccc8Oc8ccc9c(c8)C(=O)N(*)C9=O)cc7C6=O)cc5C(F)(F)F)cc4)c4ccccc4-c4ccccc43)cc2)c(C(F)(F)F)c1,1.25213482
*CC(*)(C)C(=O)OCc1cc(Cl)ccc1Cl,1.269736861
*c1ccc(-c2ccc(N3C(=O)c4ccc(-c5ccc6c(c5)C(=O)N(*)C6=O)cc4C3=O)c(OC)c2)cc1OC,1.132406041
*c1ccc2c(c1)-c1nc3cc(-c4ccc5nc6n(c5c4)C(=O)c4cc(C(*)(C(F)(F)F)C(F)(F)F)ccc4-6)ccc3n1C2=O,1.278237634
*/C=C/C1CC(*)C2C(=O)N(CCCCCC)C(=O)C12,1.035217626
*NC(CCC(=O)OCC)C(*)=O,1.16338802
*c1ccc2c(c1)C(=O)N(c1ccc(C(c3ccc(C)c(N4C(=O)c5ccc(C(*)(C(F)(F)F)C(F)(F)F)cc5C4=O)c3)(C(F)(F)F)C(F)(F)F)cc1C)C2=O,1.259487717
*c1ccc(-c2nc3cc(-c4ccc5nc(*)c(-c6ccc7ccccc7c6)nc5c4)ccc3nc2-c2ccc3ccccc3c2)cc1,1.072232309
*CCOC(=O)c1ccc2ccc(C(=O)O*)cc2c1,1.252920519
*Oc1ccc(C(C)(CCC#N)c2ccc(OC(*)=O)cc2)cc1,1.128123384
*NC(CCC(=O)OCc1ccccc1)C(*)=O,1.183555324
*OC1C(CO)OC(*)C(N)C1O,1.311294213
*CC(*)(C)C(=O)OCC(C)O,1.091888654
*CC(*)c1ccc(S(=O)(=O)OCCC)cc1,1.166750668
*CC(*)c1ccc(O)cc1,1.107283443
*CC(*)OCC(C)(C)CC,0.882730644
*CC(*)P(=O)(c1ccccc1)c1ccccc1,1.098076282
*CC(*)C(=O)Oc1ccc(C#N)cc1,1.183986714
*CC(*)c1ccc(C(C)(C)O)cc1,1.006839479
*c1ccc(C(c2ccc(-c3nc4ccc(-c5ccc6nc(*)[nH]c6c5)cc4[nH]3)cc2)(C(F)(F)F)C(F)(F)F)cc1,1.236638312
*/C=C\CC*,0.891055243
*CC(*)CC(C)(C)CC,0.836728393
*c1ccc(Oc2ccc(Oc3ccc(N4C(=O)c5ccc(-c6cccc7c6C(=O)N(*)C7=O)cc5C4=O)cc3)cc2)cc1,1.224657804
*CC(*)(C)C(=O)OCCO,1.134422469
*CC(*)c1ccccc1C,0.978948821
*CC1CC(*)C(OC(=O)CCCCCCCCCCOc2ccc(-c3ccc(C#N)cc3)cc2)C1OC(=O)CCCCCCCCCCOc1ccc(-c2ccc(C#N)cc2)cc1,1.050442559
*CCCCCCNC(=O)c1ccc(C(=O)N*)cc1,1.117494398
*Oc1ccc(S(=O)(=O)c2ccc(*)cc2)cc1,1.28108858
*CC(C)(C)COC(=O)CCC(=O)O*,1.115437049
*Oc1ccc(-c2ccc(OC(=O)CCCCCCCCC(*)=O)cc2)cc1,1.112212656
*CC(*)C(=O)OCCCCCCCCCCCCCC,0.905452429
*c1ccc(Oc2ccc(-c3ccc(Oc4ccc(N5C(=O)c6ccc(-c7ccc8c(c7)C(=O)N(*)C8=O)cc6C5=O)cc4)cc3)cc2)cc1,1.208662152
*CC(*)c1cccs1,1.168228212
*C1CCC1*,0.894726143
*Oc1ccc(C(CCC)(CCC)c2ccc(OC(*)=O)c(C)c2)cc1C,0.972761341
*CC(*)OC(=O)c1ccc(Cl)cc1,1.266340181
*Oc1ccc2c(c1)nc1n2C(=O)c2ccc(-c3ccc4c(c3)C(=O)n3c-4nc4ccc(*)cc43)cc2-1,1.266039427
*CCOC(=O)Nc1ccc(NC(=O)O*)cc1,1.317378403
*CC(*)Cc1cc(C)ccc1C,0.944052893
*Oc1cc(C(C)(C)C)c(Oc2ccc(C(=O)Nc3ccc(C(C)(C)c4ccc(NC(=O)c5ccc(*)cc5)c(C)c4)cc3C)cc2)cc1C(C)(C)C,1.022213738
*CC(*)C(=O)OCCCCCCC,0.948837806
*C(*)C(=O)OCCC,1.065852977
*c1ccc(Oc2ccc(C(C)(C)c3ccc(Oc4ccc(N5C(=O)c6ccc(C(=O)c7ccc8c(c7)C(=O)N(*)C8=O)cc6C5=O)cc4)cc3)cc2)cc1,1.202972829
*CC(*)C(=O)OC(C)(C)C,0.971035325
*CC(*)C(=O)c1ccc(C(C)C)cc1,1.019792447
*CC(*)OCCC,0.936310658
*c1cccc(Oc2ccc(N3C(=O)c4ccc(Oc5ccc6c(c5)C(=O)N(*)C6=O)cc4C3=O)cc2)c1,1.271392185
*CC(*)(C)c1ccc(C)cc1,0.92469499
*C(C)C(*)OC,0.947492501
*CC(*)C(=O)c1ccc(Br)c(OC)c1,1.468622958
*CC(*)C(=O)OCC(F)(F)C(F)(F)C(F)(F)F,1.563652716
*CC(*)C(=O)N(C)C,1.073801453
*CC(*)(C)C(=O)OCc1ccc(Cl)cc1Cl,1.269283781
*CC(*)c1ccc(Br)cc1,1.461570466
*CC(*)C(C)=O,1.032572569
*CCCCOC(=O)NCC(F)(F)C(F)(F)C(F)(F)C(F)(F)CNC(=O)O*,1.482697952
*CC(*)(C)C(=O)OCC(C)C,0.96194342
*Oc1c(Br)cc(C(C)(C)c2cc(Br)c(OC(*)=O)c(Br)c2)cc1Br,1.815896982
*CC(*)c1ccc(C(=O)O)c(C(=O)O)c1,1.289327097
*CC(*)OCC,0.958386277
*c1cccc(Oc2ccc(S(=O)(=O)c3ccc(Oc4cccc(N5C(=O)c6ccc(-c7ccc8c(c7)C(=O)N(*)C8=O)cc6C5=O)c4)cc3)cc2)c1,1.27232919
*CC(*)CCc1ccc(C)cc1,0.970092286
*c1ccc(Cc2ccc(N3C(=O)c4ccc(-c5ccc6c(c5)C(=O)N(*)C6=O)cc4C3=O)cc2)cc1,1.211868653
*CC(*)N1CCCC1=O,1.094286524
*c1ccc(-c2nc3cc(-c4ccc5nc(*)c(-c6ccccc6)nc5c4)ccc3nc2-c2ccccc2)cc1,1.056649095
*Oc1ccc(S(=O)(=O)c2ccc(Oc3c(C)cc(C(C)(C)c4cc(C)c(*)c(C)c4)cc3C)cc2C(O)(C(F)(F)F)C(F)(F)F)c(C(O)(C(F)(F)F)C(F)(F)F)c1,1.262427505
*CCC1CCCC1*,0.906448376
*CC(*)CCN(C(C)C)C(C)C,0.876082092
*CC(*)OC(=O)C(C)(C)C(C)(C)CC,0.923293691
*Nc1ccc(*)cc1,1.203537777
*c1ccc(*)cc1,1.021951225
*c1ccc(Cc2ccc(N3C(=O)c4ccc(-c5ccc6c(c5)C(=O)N(*)C6=O)cc4C3=O)c(C)c2)cc1C,1.128546241
*CC(*)c1ccc(COCCCCCCOc2ccc(-c3ccc(OC)cc3)cc2)cc1,1.071230538
*Oc1ccc(C(C)(C)c2ccc(OC(=O)CCCCC(*)=O)cc2)cc1,1.124186495
*CCOC(=O)CCCCCCCCC(=O)O*,1.057392621
*c1ccc(Oc2cccc(Oc3ccc(N4C(=O)c5ccc(C(=O)c6ccc7c(c6)C(=O)N(*)C7=O)cc5C4=O)cc3)c2)cc1,1.269371235
*CC(*)CNc1ccc([N+](=O)[O-])cc1C,1.182212775
*c1ccc(Oc2ccc(S(=O)(=O)c3ccc(Oc4ccc(N5C(=O)c6ccc(C(=O)c7ccc8c(c7)C(=O)N(*)C8=O)cc6C5=O)cc4)cc3)cc2)cc1,1.26934889
*CC(*)(C)C(=O)OCc1ccccc1,1.091824545
*CC(*)C(=O)c1ccc(CCC)cc1,1.024315343
*Sc1ccc(*)cc1,1.261029827
*CC(*)CCCCCCCCC,0.829999326
*CCCCOc1ccc(C(=O)OCCOC(=O)c2ccc(O*)cc2)cc1,1.19443613
*c1cc(C(c2ccc(O)c(N3C(=O)c4ccc(-c5ccc6c(c5)C(=O)N(*)C6=O)cc4C3=O)c2)(C(F)(F)F)C(F)(F)F)ccc1O,1.2976353
*CC(*)(C)C(C)=O,0.974159692
*Oc1ccc(S(=O)(=O)c2ccc(Oc3ccc(C(=O)c4cc(C(=O)c5ccc(*)cc5)cc(C(C)(C)C)c4)cc3)cc2)cc1,1.161898548
*/C=C/CC*,0.883044552
*Oc1ccc(C2(c3ccc(OC(*)=O)cc3)CCCC2)cc1,1.143968702
*CC(*)(CCC(C)C(=O)OC)C(=O)OC,1.042726823
*CC(*)OC1CCCCC1,0.948633594
*C(OC(F)(F)F)C(*)(F)F,1.726335987
*c1ccc(N2C(=O)c3ccc(Oc4ccc5c(c4)C(=O)N(*)C5=O)cc3C2=O)cc1,1.284415042
*c1ccc(Oc2c(C)cc(C(c3cc(C)c(Oc4ccc(N5C(=O)c6ccc(-c7ccc8c(c7)C(=O)N(*)C8=O)cc6C5=O)cc4)c(C)c3)c3cccc4ccccc34)cc2C)cc1,1.105842199
*CC(*)c1ccc(Cl)c(F)c1,1.218843924
*CC(*)CCCCCCCCCO,0.905412097
*CC(*)c1ccc(C(=O)N(CC)CC)cc1,1.0040739
*C(=O)c1ccc2c(c1)C(=O)N(c1ccc(N3C(=O)c4ccc(*)cc4C3=O)c(C)c1)C2=O,1.220747915
*CC(*)C1CCCC1,0.896070041
*/C=C/C(C*)C(C)CC,0.850539749
*Oc1ccc(C(C)(CCC#N)c2ccc(OC(*)=O)c(C)c2)cc1C,1.073618602
*CC(*)C(=O)C(C)C,0.945283927
*Oc1ccc(-c2ccc(OC(=O)CCCCCCCCCCCCC(*)=O)cc2)cc1,1.055075595
*CC(*)C(C)CC,0.810410007
*CC(CC(*)(C#N)C(=O)OC)c1ccccc1,1.072601323
*CCCCCCC(=O)N*,1.007716443
*C(=O)Oc1ccc(OC(=O)c2ccc3c(c2)C(=O)N(c2ccc(C(=O)Oc4ccc(N5C(=O)c6ccc(*)cc6C5=O)cc4)cc2)C3=O)cc1,1.303485145
*CC(*)CCCCCCCCCCC,0.833532988
*CC(*)c1ccc(OCCCC)cc1,0.984185099
*c1cccc(Oc2ccc(N3C(=O)c4ccc(-c5ccc6c(c5)C(=O)N(*)C6=O)cc4C3=O)cc2)c1,1.252942085
*c1ccc(Oc2ccc(C(=O)c3ccc(Oc4ccc(C5(*)OC(=O)c6ccccc65)cc4)cc3)cc2)cc1,1.186783157
*CCCCNC(=O)CCCCC(=O)N*,1.083299251
*CC(*)c1ccccc1C(=O)NC,1.05618534
*c1ccc(Oc2ccc(Oc3ccc(N4C(=O)c5ccc(Oc6cccc7c6C(=O)N(*)C7=O)cc5C4=O)cc3)cc2)cc1,1.258077327
*C=CCCCCCC*,0.857672969
*CCCCCCCC(=O)N*,0.982123104
*Oc1ccc(C(c2ccc(Oc3ccc(C(=O)c4cccc(C(=O)c5ccc(*)cc5)c4)cc3)cc2)(C(F)(F)F)C(F)(F)F)cc1,1.277027535
*CC(*)OC(=O)CCCC1CCCCC1,0.995240688
*CC(*)c1cc(Br)ccc1OC(C)C,1.258870669
*Oc1ccc(NC(=O)c2ccc(C(c3ccc(C(=O)O)c(C(=O)Nc4cc(*)ccc4N)c3)(C(F)(F)F)C(F)(F)F)cc2C(=O)O)c(N)c1,1.368217726
*CCCCCCCCCCOC(=O)c1ccc(C(=O)NCCNC(=O)c2ccc(C(=O)O*)cc2)cc1,1.120724694
*CC(*)OC=O,1.251158166
*Oc1ccc(C(C)(C)c2ccc(OC(=O)c3cccc(C(*)=O)c3)cc2)cc1,1.151161684
*CC(*)CC(C)C,0.822248085
*c1ccc(S(=O)(=O)c2ccc(N3C(=O)c4ccc(C(c5ccc6c(c5)C(=O)N(*)C6=O)(C(F)(F)F)C(F)(F)F)cc4C3=O)cc2)cc1,1.310115561
*CC(*)CCCCCCCC,0.830808762
*Oc1ccc(C(C)(C)c2ccc(OC(=O)c3ccccc3/C=C/c3ccc(/C=C/c4ccccc4C(*)=O)cc3)c(C)c2)cc1C,1.085604157
*CC1(*)CCCCC1,0.878255967
*CCCCCCCCCCCCNC(=O)CCCCCCCCCCC(=O)N*,0.938539349
*CC(*)c1ccc(CC)cc1,0.946653191
*CC(*)c1c(F)c(F)c(F)c(F)c1F,1.449526713
*Oc1ccc(S(=O)(=O)c2ccc(OC(*)=O)cc2)cc1,1.338016033
*c1ccc2c(c1)-c1nc3cc(Oc4ccc5nc6n(c5c4)C(=O)c4cc(C(*)(C(F)(F)F)C(F)(F)F)ccc4-6)ccc3n1C2=O,1.331719513
*C(=O)c1ccc2c(c1)C(=O)N(c1ccc(Cc3ccc(N4C(=O)c5ccc(*)cc5C4=O)c(C)c3)cc1C)C2=O,1.153645492
*c1ccc(Oc2ccc(Oc3ccc(-n4c(=O)c5cc6c(=O)n(*)c(=O)c6cc5c4=O)cc3)cc2C(C)(C)C)cc1,1.155735832
*CC(*)OC(C)(C)C,0.899334655
*c1ccc(Oc2ccc(Oc3ccc(-n4c(=O)c5cc6c(=O)n(*)c(=O)c6cc5c4=O)cc3)cc2-c2ccccc2)cc1,1.228190525
*CC/C=C(\*)C(C)(C)C,0.865138951
*CC(*)c1ccc(C(=O)CCCCCCC)cc1,0.970813314
*C(=O)Nc1cccc(NC(=O)/C=C/c2cccc(N3C(=O)c4ccc(*)cc4C3=O)c2)c1,1.251502611
*CC(*)OC(=O)c1ccc(C(C)(C)C)cc1,1.021531892
*c1ccc2c(c1)C(=O)N(c1ccc(Oc3ccc(N4C(=O)c5ccc(C(C)(C)CCCCCCCCC(*)(C)C)cc5C4=O)cc3)cc1)C2=O,1.09921516
*CC(*)(C)C(=O)OC,1.033055843
*c1cccc(-c2nc3cc(-c4ccc5nc(*)c(-c6ccccc6)nc5c4)ccc3nc2-c2ccccc2)c1,1.066267313
*CC(*)c1ccccc1C(=O)OCCC,1.060275726
*CC(*)c1ccc(-c2ccccc2)cc1,1.030455771
*CCOC(=O)c1ccc2cc(C(=O)O*)ccc2c1,1.247957049
*c1ccc(N2C(=O)c3ccc(C(c4ccc5c(c4)C(=O)N(*)C5=O)(C(F)(F)F)C(F)(F)F)cc3C2=O)cc1,1.307479371
*CC(*)(C)C(=O)OC(OCC)C(F)(F)F,1.222015332
*Oc1ccc(NC(=O)c2cc(C(c3ccc(C(=O)O)c(C(=O)Nc4ccc(Oc5ccc(C(c6ccc(*)cc6)(C(F)(F)F)C(F)(F)F)cc5)cc4)c3)(C(F)(F)F)C(F)(F)F)ccc2C(=O)O)cc1,1.344511076
*/C=C/CCC*,0.870773195
*CC(CCl)O*,1.33405247
*CC(*)NC(=O)OC(C)(C)C,1.015667029
*Oc1c(OC)cc(*)cc1OC,1.179002973
*c1ccc(Oc2cccc3c(Oc4ccc(-n5c(=O)c6cc7c(=O)n(*)c(=O)c7cc6c5=O)cc4)cccc23)cc1,1.243581648
*CC(*)OC(=O)C(F)(F)C(F)(F)F,1.581055156
*Oc1ccc(Oc2ccc(Oc3ccc(S(=O)(=O)c4ccc(*)cc4)cc3)cc2)cc1,1.248920055
*CC(*)c1ccc(C(=O)N(C)C)cc1,1.05442617
*CC(*)C=C,0.865584799
*C(F)(F)C(*)(OC(F)(F)F)OC(F)(F)F,1.687186152
*CC(*)C(=O)c1ccc(Br)cc1,1.516763156
*Oc1ccc(S(=O)(=O)c2ccc(Oc3ccc(C(C)(C)c4ccc(*)cc4)cc3)cc2)cc1,1.170201666
*CCCCCC(=O)O*,1.05306867
*c1ccc(Cc2ccc(N(*)Cc3ccccc3)cc2)cc1,1.08968454
*CCCCCCN(C)C(=O)CCCCC(=O)N(*)C,1.018654286
*C1CC2CC1C(*)C2CCCC,0.876370215
*CC(*)c1ccc(C(O)CCN2CCOCC2)cc1,1.085230389
*CC(*)c1ccccc1COCc1ccccc1,1.087022171
*CC(*)(C)C(=O)OCCCCCCN(C)c1ccc(/N=N/c2ccc(S(C)(=O)=O)cc2)cc1,1.13049325
*Oc1ccc(C(C)(C)c2ccc(OC(=O)SCCCCCCSC(*)=O)cc2)cc1,1.147142464
*c1cccc(N2C(=O)c3ccc(C(=O)c4ccc5c(c4)C(=O)N(*)C5=O)cc3C2=O)c1,1.262038362
*CC(*)CNc1ccc([N+](=O)[O-])cc1,1.230823085
*CC(O)COc1ccc(C(C)(C)c2ccc(O*)cc2)cc1,1.10386877
*CCCCCCNC(=O)NCc1ccc(CNC(=O)N*)cc1,1.118167941
*CCCCCCCCCCC(=O)N(*)C,0.943846152
*c1ccc2c(c1)C(=O)N(c1c(C)c(C)c(N3C(=O)c4ccc(C(*)(C(F)(F)F)C(F)(F)F)cc4C3=O)c(C)c1C)C2=O,1.146022084
*CC(*)(C)C(=O)Oc1c(C(C)C)cccc1C(C)C,0.952119689
*CC1CC(*)C(OC(=O)CCCCCCCCCCOc2ccc(-c3ccc(C#N)cc3)cc2)C1,1.041611942
*CC(*)C1CCCCC1,0.852752091
*c1ccc(Oc2ccc(C(C)(C)c3ccc(Oc4ccc(N5C(=O)c6ccc(-c7ccc8c(c7)C(=O)N(*)C8=O)cc6C5=O)cc4)cc3)cc2)cc1,1.185849635
*CC(*)OC(=O)CCCCCCCCC,0.93553504
*c1ccc(-c2nc3cc4nc(*)oc4cc3o2)cc1,1.247908509
*C1CCC(CC2CCC(N3C(=O)C4C5C=CC(C6C(=O)N(*)C(=O)C56)C4C3=O)CC2)CC1,1.096899673
*Oc1ccc2c(c1)C1(CC2(C)C)CC(C)(C)c2ccc(OC(=O)c3cccc(C(*)=O)c3)cc21,1.088262536
*c1cccc(S(=O)(=O)c2cccc(N3C(=O)c4ccc(Oc5ccc(S(=O)(=O)c6ccc(Oc7ccc8c(c7)C(=O)N(*)C8=O)cc6)cc5)cc4C3=O)c2)c1,1.297529725
*Oc1cc(C(C)(C)C)c(Oc2ccc(C(=O)Nc3c(C)cc(Cc4cc(C)c(NC(=O)c5ccc(*)cc5)c(C(C)C)c4)cc3C(C)C)cc2)cc1C(C)(C)C,0.980385328
*C(=O)Oc1ccc(C(C)(C)c2ccc(OC(=O)c3ccc4c(c3)C(=O)N(c3ccc(Oc5ccc(N6C(=O)c7ccc(*)cc7C6=O)cc5)cc3)C4=O)cc2)cc1,1.224361443
*Oc1ccc(C(C)(C)c2ccc(OC(=O)c3ccccc3/C=C/c3ccc(/C=C/c4ccccc4C(*)=O)cc3)cc2)cc1,1.113129096
*CCOC(=O)NCC1(C)CC(NC(=O)O*)CC(C)(C)C1,1.089306467
*c1ccc(Oc2ccc(Oc3ccc(-n4c(=O)c5cc6c(=O)n(*)c(=O)c6cc5c4=O)cc3)cc2)cc1,1.27413335
*C=CC(C*)OC,1.002721432
*CC(*)c1cc(Br)ccc1OCCC,1.280338839
*c1ccc2c(c1)C(=O)N(c1cc(C(c3ccc(O)c(N4C(=O)c5ccc(C(*)(C(F)(F)F)C(F)(F)F)cc5C4=O)c3)(C(F)(F)F)C(F)(F)F)ccc1O)C2=O,1.333438371
*NC(=O)NCCCCCCNC(=O)NCCCCC(*)C(=O)OC,1.099894242
*c1ccc(Oc2ccc(N3C(=O)c4cccc(Oc5cccc6c5C(=O)N(*)C6=O)c4C3=O)cc2)cc1,1.284526309
*c1ccc(Sc2ccc(Sc3ccc(Sc4ccc(-n5c(=O)c6cc7c(=O)n(*)c(=O)c7cc6c5=O)cc4)cc3)cc2)cc1,1.289064116
*CC(F)(F)C(F)(F)C(F)(F)C(F)(F)COC(=O)O*,1.68320529
*Oc1ccc(S(=O)(=O)c2ccc(Oc3ccc(C(=O)c4cc(Br)cc(C(=O)c5ccc(*)cc5)c4)cc3)cc2)cc1,1.339021151
*CC(*)c1ccccc1COC,1.023668496
*CC(*)(C)OC,0.955616256
*CC(*)C(=O)c1ccc(OC)cc1,1.136336939
*CC(*)c1ccc(Oc2ccccc2)cc1,1.10105886
*CC(*)C(=O)C1CCCCC1,0.971181484
*CCOC(=O)CCC(=O)O*,1.246335829
*C([2H])([2H])C(*)([2H])c1c([2H])c([2H])c([2H])c([2H])c1[2H],1.071664337
*C(=O)Nc1ccc(Oc2ccc(N3C(=O)c4ccc(*)cc4C3=O)cc2)cc1,1.264285557
*CC(*)CCC(C)CC,0.835027112
*CC(*)CC,0.833803273
*CC(*)C(=O)OCCCCCCCC,0.942140506
*c1ccc(Oc2ccc(N3C(=O)c4ccc(Oc5cccc6c5C(=O)N(*)C6=O)cc4C3=O)cc2)cc1,1.273119351
*CCC=C(*)CCC,0.866168537
*C=CCC*,0.884263619
*CC(*)(C)C#N,0.991092314
*Oc1cccc2ccc(OC(=O)c3ccccc3/C=C/c3ccc(/C=C/c4ccccc4C(*)=O)cc3)cc12,1.161362337
*CC(*)C(=O)NC(C)C,1.008805527
*Oc1ccc(-c2ccc(OC(=O)CCCCCCCCCCCC(*)=O)cc2)cc1,1.067563249
*CC(*)(C)c1ccc2ccccc2c1,0.989395044
*C(=O)OCCOC(=O)c1ccc(*)o1,1.294258311
*CC(*)C(=O)OCCCCCC,0.963879959
*CC(*)c1ccc(COC(C)CC)cc1,0.973651082
*C(=O)Oc1ccc(OC(=O)c2ccc3c(c2)C(=O)N(C2CCC(N4C(=O)c5ccc(*)cc5C4=O)CC2)C3=O)cc1,1.262452899
*c1ccc(Oc2ccc(C(c3ccc(Oc4ccc(N5C(=O)c6ccc(Oc7ccc8c(c7)C(=O)N(*)C8=O)cc6C5=O)cc4)cc3)(C(F)(F)F)C(F)(F)F)cc2)cc1,1.295800467
*CC(*)C(=O)OC(F)(C(F)(F)F)C(F)(F)F,1.597661628
*/C=C(/*)c1ccc(C#C)cc1,1.010292342
*CC(*)(C)C(=O)Oc1ccc(CC#N)cc1,1.116884827
*CC(*)c1ccc(-c2ccc(-c3ccccc3)cc2)cc1,1.054606035
*c1cccc(-n2c(=O)c3cc4c(=O)n(*)c(=O)c4cc3c2=O)c1C,1.169276438
*CC(*)OC(=O)c1ccccc1Cl,1.293059527
*c1ccc(-c2ccc(N3C(=O)c4ccc(Oc5ccc6c(c5)C(=O)N(*)C6=O)cc4C3=O)cc2)cc1,1.23593461
*C(C)C(*)OCC,0.920915603
*CC(*)CC(C)CC,0.825624108
*CC(*)Cc1cccc(C)c1,0.976778762
*c1ccc(C(c2ccc(-c3nc4cc(-c5ccc6nc(*)[nH]c6c5)ccc4[nH]3)cc2)(C(F)(F)F)C(F)(F)F)cc1,1.234290717
*CCS*,1.177956772
*CC(*)OCC(F)(F)F,1.388732116
*CC(*)C(=O)OCCC#N,1.158051852
*CC(*)OC(=O)c1cccnc1,1.216930022
*Oc1ccc2c(c1)C1(CC2(C)C)CC(C)(C)c2ccc(OC(*)=O)cc21,1.054952503
*CC(*)c1ccc(COCCO)cc1,1.099535621
*CC(*)c1ccc(CCCCCCCCCCCC)cc1,0.894841977
*C=CCCCCCCCC*,0.85471523
*CC(*)c1ccncc1,1.064890411
*CC(*)c1ccccc1COCCCC,0.987425981
*Oc1ccc(C2(c3ccc(OC(=O)c4cccc(C(*)=O)c4)cc3)c3ccccc3-c3ccccc32)cc1,1.142864316
*CC(*)c1ccc(C(C)C)cc1C(C)C,0.871064672
*NC(=O)c1ccc(C(=O)Nc2ccc(*)cc2)cc1,1.255555241
*c1ccc(C(=O)Oc2ccc(-n3c(=O)c4cc5c(=O)n(*)c(=O)c5cc4c3=O)cc2)cc1,1.318962202
*CC(*)C(=O)Oc1cccc(C(=O)OCC)c1,1.166635876
*c1ccc2c(c1)C(=O)N(c1ccc3c(c1)-c1cc(N4C(=O)c5ccc(C(*)(C(F)(F)F)C(F)(F)F)cc5C4=O)ccc1C3)C2=O,1.262253686
*C(*)C(=O)OC,1.150760389
*CC(*)c1cccc(C)c1,0.969357307
*CC(*)(CC(=O)OCCC1CCCCC1)C(=O)OCCC1CCCCC1,1.008079519
*c1ccc(C(=O)Nc2ccc(-n3c(=O)c4cc5c(=O)n(*)c(=O)c5cc4c3=O)cc2)cc1,1.312416633
*CC(*)OC(=O)C(F)(F)C(F)(F)C(F)(F)C(F)(F)F,1.679400325
*CCc1cc(C)c(*)cc1C,0.963046372
*CC(*)(F)C(C)=O,1.193983784
*CC(*)c1cccc(CC)c1,0.951189371
*CC(*)c1ccc(N(C)C)cc1,1.01782468
*C(=O)Oc1ccc(C(C)(C)c2ccc(OC(=O)c3ccc4c(c3)C(=O)N(c3ccc(-c5ccc(N6C(=O)c7ccc(*)cc7C6=O)cc5)cc3)C4=O)cc2)cc1,1.209449516
*CCCCCCOC(=O)c1ccc(C(=O)O*)cc1,1.133047244
*CC(*)OC(=O)c1ccc(OC(C)=O)cc1,1.202322505
*CC(*)c1cc(Cl)ccc1Cl,1.246008309
*CC(*)N1CCNC1,1.079195126
*CCC=C(*)CCCCCCC,0.850100168
*c1ccc2c(c1)C(=O)N(c1ccc(-c3ccc(Oc4ccc5c(c4)C(C)(c4ccc(Oc6ccc(-c7ccc(N8C(=O)c9ccc(C(*)(C(F)(F)F)C(F)(F)F)cc9C8=O)cc7)cc6C(F)(F)F)cc4)CC5(C)C)c(C(F)(F)F)c3)cc1)C2=O,1.229265414
*CC(*)(F)F,1.54254368
*CC(*)OC(C)CC,0.905143445
*CCCCCCCCCCCCNC(=O)CCCCCCCCCCCCCCCCCCC(=O)N*,0.913331359
*C(c1ccccc1)C(*)[N+](=O)[O-],1.094086295
*CC(*)OCC(C)(C)CC(C)C,0.892796096
*CC(*)c1ccccc1C(=O)O,1.14579736
*c1ccc(Oc2ccc(C3(c4ccc(Oc5ccc(N6C(=O)c7ccc(Oc8ccc(C9(c%10ccc(Oc%11ccc%12c(c%11)C(=O)N(*)C%12=O)cc%10)CCCCCCCCCCC9)cc8)cc7C6=O)cc5)cc4)CCC(C(C)(C)C)CC3)cc2)cc1,1.073893097
*C#C/C(COS(=O)(=O)c1ccc(C)cc1)=C(/*)COS(=O)(=O)c1ccc(C)cc1,1.251976494
*CC(*)CCCC(C)(C)C,0.818440434
*Oc1ccc(C(C)(c2ccccc2)c2ccc(OC(*)=O)cc2)cc1,1.123680096
*CCCCOC(=O)CCC(=O)O*,1.154960967
*CC(*)(C)c1ccccc1,0.964538381
*C(F)(F)C(*)(F)c1c(F)c(F)c(F)c(F)c1F,1.609094369
*CC(*)C(=O)OCc1ccccc1,1.135763036
*CCOC(=O)c1cccc(C(=O)O*)c1,1.261721783
*CC(OC)C1C(=O)OC(=O)C1*,1.250206826
*c1ccc(C(C)(C)c2ccc(N3C(=O)c4ccc(Oc5ccc6c(c5)C(=O)N(*)C6=O)cc4C3=O)cc2)cc1,1.188319624
*C(=O)c1ccc2c(c1)C(=O)N(c1ccc(-c3ccc(N4C(=O)c5ccc(*)cc5C4=O)cc3)cc1)C2=O,1.240794321
*c1ccc(Oc2ccc(C3(c4ccc(Oc5ccc(N6C(=O)c7ccc(Oc8ccc(C9(c%10ccc(Oc%11ccc%12c(c%11)C(=O)N(*)C%12=O)cc%10)CCC(c%10ccccc%10)CC9)cc8)cc7C6=O)cc5)cc4)CC4CC3C3CCCC43)cc2)cc1,1.128591153
*Oc1ccc(-c2ccc(OC(=O)CCCCCCC(*)=O)cc2)cc1,1.147470002
*C(=O)c1ccc2c(c1)C(=O)N(c1ccc(C)c(N3C(=O)c4ccc(*)cc4C3=O)c1)C2=O,1.21870301
*/C=C\*,0.959011341
*CC(*)(C)C(=O)OCc1ccccc1Cl,1.18896235
*c1cccc(Oc2ccc(N3C(=O)c4ccc(C(=O)c5ccc6c(c5)C(=O)N(*)C6=O)cc4C3=O)cc2)c1,1.267108398
*CC(*)OCC(CC)CCCC,0.883883354
*c1ccc(S(=O)(=O)c2ccc(N3C(=O)c4ccc(C(=O)c5ccc6c(c5)C(=O)N(*)C6=O)cc4C3=O)cc2)cc1,1.295795426
*CC(*)OC(=O)C1CCCC1,1.053718158
*c1cccc(P(=O)(c2ccc(C(F)(F)F)cc2)c2cccc(-n3c(=O)c4c(-c5cc(C(F)(F)F)cc(C(F)(F)F)c5)c5c(=O)n(*)c(=O)c5c(-c5cc(C(F)(F)F)cc(C(F)(F)F)c5)c4c3=O)c2)c1,1.290758894
*CC(*)C(=O)OCCCC,1.001402306
*CC(*)Cc1ccccc1,1.008541193
*CC(*)c1ccc(COCC(CC)CCCC)cc1,0.944495503
*CC(*)C(=O)OCCC,1.030160522
*Oc1ccc(OC(=O)Oc2ccc(-c3ccc(OC(*)=O)cc3)cc2)cc1,1.272056297
*c1ccc(-n2c(=O)c3cc4c(=O)n(*)c(=O)c4cc3c2=O)cc1,1.266168237
*c1ccc2c(c1)Cc1cc(N3C(=O)c4ccc(-c5ccc6c(c5)C(=O)N(*)C6=O)cc4C3=O)ccc1-2,1.225343754
*CCCC(*)(C)C,0.829420011
*Cc1cccc(COC(=O)Nc2ccc(Cc3ccc(NC(=O)O*)cc3)cc2)c1,1.201795395
*c1cccc(P(=O)(c2cccc(-n3c(=O)c4c(-c5ccc(C(F)(F)F)cc5)c5c(=O)n(*)c(=O)c5c(-c5ccc(C(F)(F)F)cc5)c4c3=O)c2)c2cc(C(F)(F)F)cc(C(F)(F)F)c2)c1,1.275974405
*CC(*)c1cccc2ccccc12,1.049065386
*Oc1c(C)cc(C(C)(C)c2cc(C)c(OC(*)=O)c(C)c2)cc1C,1.002192304
*CCCCCCCC(*)C,0.838285169
*C(=O)c1ccc2c(c1)C(=O)N(c1ccc(-c3ccc(-c4ccc(N5C(=O)c6ccc(*)cc6C5=O)cc4)cc3)cc1)C2=O,1.203391937
*C(=O)c1ccc2c(c1)C(=O)N(c1cccc(C(=O)Nc3ccc(N4C(=O)c5ccc(*)cc5C4=O)cc3)c1)C2=O,1.276055396
*c1ccc(Oc2ccc(Oc3ccc(N4C(=O)C5CCC6C(=O)N(*)C(=O)C6C5C4=O)cc3)cc2)cc1,1.213193563
*C(=O)NCCNC(=O)c1ccc(N2C(=O)c3ccc(*)cc3C2=O)cc1,1.289378324
*CC(*)c1cc(Br)ccc1OCC,1.33930596
*/C=C\CCCC*,0.868416895
*Oc1ccc(-c2ccc(OC(=O)CCCCCCCC(*)=O)cc2)cc1,1.127920817
*CC(*)c1ccc(COCCCCO)cc1,1.064499301
*CC(*)c1cccc(-c2ccc(-c3ccccc3)cc2)c1,1.059615223
*CC(*)c1ccc(C(=O)C(F)(F)F)cc1,1.2814039
*C(=O)NCCCCCCNC(=O)c1ccc(N2C(=O)c3ccc(*)cc3C2=O)cc1,1.208959693
*CC(C)CNC(=O)O*,1.12616874
*C(=O)Oc1ccc(OC(=O)c2ccc3c(c2)C(=O)N(c2ccc(Oc4ccc(N5C(=O)c6ccc(*)cc6C5=O)cc4)cc2)C3=O)cc1,1.298210162
*CC(*)(C)C(=O)Oc1c(C)cccc1C,1.039602434
*C(=O)Nc1ccc(C2(c3ccc(NC(=O)c4ccc5c(c4)C(=O)N(c4ccc(Sc6ccc(Oc7ccc(Sc8ccc(N9C(=O)c%10ccc(*)cc%10C9=O)cc8)cc7)cc6)cc4)C5=O)cc3)c3ccccc3-c3ccccc32)cc1,1.211912125
*Oc1ccc(-c2ccc(OC(=O)CCCCCCCCCC(*)=O)cc2)cc1,1.096091641
*Oc1ccc2[nH]c(-c3ccc4c(c3)-c3cc(-c5nc6cc(*)ccc6[nH]5)ccc3S4(=O)=O)nc2c1,1.242048901
*N=P(*)(OCC(F)(F)F)OCC(F)(F)F,1.651958224
*c1cccc(P(=O)(c2cccc(-n3c(=O)c4c(-c5cc(C(F)(F)F)cc(C(F)(F)F)c5)c5c(=O)n(*)c(=O)c5c(-c5cc(C(F)(F)F)cc(C(F)(F)F)c5)c4c3=O)c2)c2cc(C(F)(F)F)cc(C(F)(F)F)c2)c1,1.312247717
*CC(*)OC(=O)CC,1.060167238
*CC(*)(C)C(=O)OC(C)(C)C,0.912409902
*CC(*)(C)C(=O)OC1CCCCC1,0.972678461
*c1ccc(Oc2ccc(-c3ccc(Oc4ccc(N5C(=O)c6ccc(Oc7ccc(C8(c9ccc(Oc%10ccc%11c(c%10)C(=O)N(*)C%11=O)cc9)CCC(c9ccccc9)CC8)cc7)cc6C5=O)cc4)cc3C)c(C)c2)cc1,1.145147381
*c1ccc(C(c2ccc(N3C(=O)c4cc5c(cc4C3=O)C(C(F)(F)F)(C(F)(F)F)c3cc4c(cc3O5)C(=O)N(*)C4=O)cc2)(C(F)(F)F)C(F)(F)F)cc1,1.308883696
*CC(*)C1CC1,0.894720922
*CC(*)C(=O)Oc1ccc(C(=O)OCC)cc1,1.168794946
*/C=C(/*)C(C)(C)C,0.776287524
*CC1(C)CC(*)(C)C(=O)OC1=O,1.134708881
*CC(*)O[N+](=O)[O-],1.422526847
*c1ccc(S(*)(=O)=O)cc1,1.355113919
*c1cc(Br)c(OC(=O)c2ccc(C(=O)Oc3c(Br)cc(C4(*)OC(=O)c5ccccc54)cc3Br)cc2)c(Br)c1,1.625018685
*CC(*)OC(=O)C1(F)C(F)(F)C(F)(F)C(F)(F)C(F)(F)C1(F)F,1.672175033
*CC(*)C(=O)OC1CC2CCC1(C)C2(C)C,0.986288422
*c1ccc(N2C(=O)c3ccc(-c4ccc5c(c4)C(=O)N(*)C5=O)cc3C2=O)c(C)c1,1.175877728
*C(*)C(=O)OC(C)C,1.034629356
*CC(*)c1ccccc1,0.990788525
*CC(*)c1ccc2ccccc2c1,1.048762388
*CC(*)C(=O)OC(F)(C(F)(F)Cl)C(F)(F)Cl,1.633953683
*CCCCN(C)C(=O)c1ccc(C(=O)N(*)C)cc1,1.101612309
*CC(*)Cc1ccc(C)c(C)c1,0.95241273
*CCCCCCNC(=O)CCCCC(=O)N*,1.044116952
*CC(*)(C)C(=O)Oc1ccc(C#N)cc1,1.126426327
*c1ccc(S(=O)(=O)c2ccc(-n3c(=O)c4cc5c(=O)n(*)c(=O)c5cc4c3=O)cc2)cc1,1.303952645
*Oc1ccc(C(C)(C)c2ccc(OC(=O)c3ccc(C(*)=O)cc3)cc2)cc1,1.155215268
*c1cccc(P(=O)(c2ccc(C(F)(F)F)cc2)c2cccc(-n3c(=O)c4c(-c5ccccc5)c5c(=O)n(*)c(=O)c5c(-c5ccccc5)c4c3=O)c2)c1,1.191105752
*c1ccc(Oc2cc3ccccc3cc2Oc2ccc(N3C(=O)c4ccc(-c5ccc6c(c5)C(=O)N(*)C6=O)cc4C3=O)cc2)cc1,1.241176561
*c1ccc(Oc2ccc(Oc3ccc(N4C(=O)c5cccc(Oc6cccc7c6C(=O)N(*)C7=O)c5C4=O)cc3)cc2)cc1,1.265742575
*c1ccc(Oc2ccc(C3(c4ccc(Oc5ccc(N6C(=O)c7ccc(Oc8ccc(C9(c%10ccc(Oc%11ccc%12c(c%11)C(=O)N(*)C%12=O)cc%10)CCC(C(C)(C)C)CC9)cc8)cc7C6=O)cc5)cc4)CC4CC3C3CCCC43)cc2)cc1,1.105510641
*Oc1ccc(S(=O)(=O)c2ccc(Oc3ccc(C(C)(C)c4ccc(*)cc4)cc3)c([N+](=O)[O-])c2)cc1[N+](=O)[O-],1.242881691
*c1cccc(N2C(=O)c3ccc(Oc4ccc5c(c4)C4(CC(C)(C)c6ccc(Oc7ccc8c(c7)C(=O)N(*)C8=O)cc64)CC5(C)C)cc3C2=O)c1,1.139268236
*Nc1ccc(NC(=O)c2cc(C(*)=O)c(C(=O)OCC)cc2C(=O)OCC)cc1,1.205426081
*c1ccc2c(c1)C(=O)N(c1cccc(Oc3ccc(S(=O)(=O)c4ccc(Oc5cccc(N6C(=O)c7ccc(C(*)(C(F)(F)F)C(F)(F)F)cc7C6=O)c5)cc4)cc3)c1)C2=O,1.317245118
*c1cccc(N2C(=O)c3ccc(-c4ccc5c(c4)C(=O)N(*)C5=O)cc3C2=O)c1C,1.15533487
*c1ccc(NC(=O)CCCCC(=O)Nc2ccc(S(*)(=O)=O)cc2)cc1,1.254164268
*CC(*)CCCC1CCCCC1,0.882254928
*CC(*)c1ccc(Cl)cc1Cl,1.253540775
*/C=C\CCC*,0.876838662
*Cc1ccc(COC(=O)O*)cc1,1.223791314
*CC(*)CC(CC)CC,0.829919646
*CC(*)OCC(C)(C)C,0.874620945
*Oc1ccc(C(C)(C)c2ccc(C(C)(C)c3ccc(OC(*)=O)c(C)c3)cc2)cc1C,1.037025858
*C(F)(F)C(*)(F)OC(F)(F)F,1.816452345
*CCCC(*)(C)CC,0.827575347
*CC(*)c1ccc(COCCCCCC)cc1,0.964533398
*CC(*)(CC(=O)OCCCCCCCC)C(=O)OCCCCCCCC,0.954492402
*c1ccc(S(=O)(=O)c2ccc(N3C(=O)c4ccc(Oc5ccc6c(c5)C(=O)N(*)C6=O)cc4C3=O)cc2)cc1,1.283240207
*CC(*)N1Cc2ccccc2N1,1.114969607
*Oc1c(C)cc(C(C)(C)c2cc(C)c(ON3C(=O)c4ccc(Oc5ccc(C6(c7ccc(Oc8ccc9c(c8)C(=O)N(*)C9=O)cc7)CCC(C(C)(C)C)CC6)cc5)cc4C3=O)c(C)c2)cc1C,1.08647954
*CC(*)c1ccc(C)c(C)c1,0.935056733
*CCCCCCCCCCCC(=O)N*,0.934153202
*/C=C(/*)c1ccc(-c2ccc(C#C)cc2)cc1,1.042090871
*CC(*)OC(=O)CCl,1.372301072
*CS*,1.336947333
*CCCCCCCCCCN1C(=O)C2C3C=CC(C4C(=O)N(*)C(=O)C34)C2C1=O,1.115283233
*Oc1ccc(C(c2ccc(OC(*)=O)cc2)(C(F)(F)F)C(F)(F)F)cc1,1.384457385
