SMILES,compressibility
*CC(*)(C)C(=O)OCCN(C)C,3.91e-10
*C(=O)c1ccc2c(c1)C(=O)N(c1cccc(C(=O)Nc3ccc(N4C(=O)c5ccc(*)cc5C4=O)cc3)c1)C2=O,2.25e-10
*CC(*)C(=O)Oc1ccccc1,2.85e-10
*CCOC(=O)c1ccc(-c2ccc(C(=O)O*)cc2)cc1,2.61e-10
*CC(*)C(C)C,4.5e-10
*C(F)(F)C(*)(F)F,3.18e-10
*C(=O)c1ccc2c(c1)C(=O)N(c1ccc(Oc3cc4ccccc4cc3Oc3ccc(N4C(=O)c5ccc(*)cc5C4=O)cc3)cc1)C2=O,2.83e-10
*C1Oc2ccccc2C1*,5e-10
*c1ccc(S(=O)(=O)c2ccc(N3C(=O)c4ccc(-c5ccc6c(c5)C(=O)N(*)C6=O)cc4C3=O)cc2)cc1,2.99e-10
*CC(*)c1ccc(CCCCCCCCCCCC)cc1,4.94e-10
*CC(*)OC,3.21e-10
*CC(*)c1ccc(C(=O)OC)cc1,4.13e-10
*CC(*)(CC(=O)Oc1ccc(OCCCCCCC)cc1)C(=O)Oc1ccc(OCCCCCCC)cc1,5.01e-10
*CC(*)(C)C(=O)Oc1ccc(C(=O)OC)cc1,3.14e-10
*CCCCCCNC(=O)c1ccc(C2(C)CC(C)(C)c3ccc(C(=O)N*)cc32)cc1,3.27e-10
*CCCC=C(*)c1ccc(OC)cc1,3.38e-10
*CC(=C)COCC(=C)COC(=O)O*,3.43e-10
*CCCCOC(=O)CCC(=O)O*,2.52e-10
*Oc1c(Cl)cc(C(C)(C)c2cc(Cl)c(OC(*)=O)c(Cl)c2)cc1Cl,4.29e-10
*/C=C/C1CC(*)C2C(=O)N(CCCCC)C(=O)C12,3.85e-10
*CC(*)c1ccc(C(O)CCN(C)C)cc1,3.09e-10
*c1ccc(Oc2cccc(Oc3ccc(N4C(=O)c5ccc(-c6ccc7c(c6)C(=O)N(*)C7=O)cc5C4=O)cc3)c2)cc1,2.48e-10
*c1cccc(N2C(=O)c3ccc(-c4ccc5c(c4)C(=O)N(*)C5=O)cc3C2=O)c1,3.1e-10
*CC(*)c1ccc(C(=O)OC(C)C)cc1,3.88e-10
*CC(*)c1ccccc1COC(C)C,4.58e-10
*c1ccc2c(c1)C(=O)N(c1ccc(Oc3ccc(C(c4ccc(Oc5ccc(N6C(=O)c7ccc(C(*)(C(F)(F)F)C(F)(F)F)cc7C6=O)cc5)cc4)(C(F)(F)F)C(F)(F)F)cc3)cc1)C2=O,3.81e-10
*CCCCCCOC(=O)O*,3.21e-10
*CC(*)C(=O)OCC(C)O,2.33e-10
*Oc1c(-c2ccccc2)cc(*)cc1-c1ccccc1,3.93e-10
*c1cccc(Oc2ccc(-n3c(=O)c4cc5c(=O)n(*)c(=O)c5cc4c3=O)cc2)c1,2.5e-10
*CC(*)C(=O)OC1CCCCCCCCCCC1,2.65e-10
*CC(*)c1c(Cl)cccc1Cl,5.21e-10
*CC(*)OC(F)(C(F)(F)F)C(F)(F)F,4.51e-10
*CC(*)C(=O)n1c2ccccc2c2ccccc21,4.03e-10
*CC(*)(C)C(=O)Oc1ccc(CC#N)cc1,2.7e-10
*CC(*)c1ccc(COCCCCCC)cc1,4.1e-10
*C1C2CC(C)C(C2)C1*,3.84e-10
*Oc1ccc(C(CCC)(CCC)c2ccc(OC(*)=O)cc2)cc1,4.13e-10
*c1ccc(Oc2ccc(N3C(=O)c4ccc(Oc5ccc(C6(c7ccc(Oc8ccc9c(c8)C(=O)N(*)C9=O)cc7)CCC(c7ccccc7)CC6)cc5)cc4C3=O)cc2)cc1,2.73e-10
*c1cccc(Oc2ccc(N3C(=O)c4ccc(-c5ccc6c(c5)C(=O)N(*)C6=O)cc4C3=O)cc2)c1,2.44e-10
*CC(*)n1c2ccccc2c2ccccc21,4.43e-10
*CC(*)C=C,5.74e-10
*CC(*)c1ccc(Cl)c(C)c1,6.74e-10
*C(*)C(=O)OC(C)C,5.22e-10
*Oc1cccc2c(OC(=O)Oc3ccc(OC(*)=O)cc3)cccc12,2.67e-10
*CC(*)(C)C(=O)OCc1c(Cl)cccc1Cl,3.44e-10
*CC(*)(CC(=O)OCCc1ccccc1)C(=O)OCCc1ccccc1,3.04e-10
*CC(*)SC,3.34e-10
*Oc1ccc2[nH]c(-c3ccc4c(c3)-c3cc(-c5nc6cc(*)ccc6[nH]5)ccc3S4(=O)=O)nc2c1,2.92e-10
*CC(*)(CC(=O)OCCC)C(=O)OCCC,4.35e-10
*CC(C)O*,3.37e-10
*CCOC(=O)c1ccc(C(=O)O*)c2ccccc12,2.32e-10
*Oc1ccc2c(c1)C1(CC2(C)C)CC(C)(C)c2ccc(OC(=O)c3ccc(C(*)=O)cc3)cc21,3.5e-10
*CC(*)c1cccc(-c2ccc(-c3ccccc3)cc2)c1,3.44e-10
*CC(*)(C)C(=O)Oc1c(C)cccc1C,3.66e-10
*c1ccc(Oc2ccc(Oc3ccc(-n4c(=O)c5cc6c(=O)n(*)c(=O)c6cc5c4=O)cc3)cc2C(C)(C)C)cc1,2.91e-10
*c1ccc2c(c1)C(=O)N(c1ccc(Cc3ccc(N4C(=O)c5ccc(C(*)(C(F)(F)F)C(F)(F)F)cc5C4=O)cc3)cc1)C2=O,3.86e-10
*CC(*)OCC(F)(F)F,4.23e-10
*CC(*)c1cc(Br)ccc1OC(C)C,5.54e-10
*CCCCOC(=O)NCC(F)(F)C(F)(F)C(F)(F)C(F)(F)CNC(=O)O*,2.47e-10
*Oc1ccccc1OC(=O)c1ccccc1/C=C/c1ccc(/C=C/c2ccccc2C(*)=O)cc1,3.17e-10
*CC(*)OC(=O)C1CCCC1,3.82e-10
*c1ccc(Oc2ccccc2Oc2ccc(-n3c(=O)c4cc5c(=O)n(*)c(=O)c5cc4c3=O)cc2)cc1,2.85e-10
*CC(*)(C)C(=O)OC(C)CC,4.69e-10
*CC(*)C1CCCC1,3.3e-10
*c1ccc(Cc2ccc(-n3c(=O)c4cc5c(=O)n(*)c(=O)c5cc4c3=O)c(C)c2)cc1C,2.87e-10
*c1ccc(Oc2ccc(C(c3ccc(Oc4ccc(-n5c(=O)c6cc7c(=O)n(*)c(=O)c7cc6c5=O)cc4)cc3)(C(F)(F)F)C(F)(F)F)cc2)cc1,3.17e-10
*/C=C(/*)c1cccc(C#C)c1,3.53e-10
*CC(*)CNc1ccc([N+](=O)[O-])cc1C,2.5e-10
*CC(*)OC(C)C,4.22e-10
*c1ccc(C(Cl)(Cl)C(*)Cl)cc1,3.95e-10
*C=CCC*,5.3e-10
*CC(*)(C)C(=O)Oc1ccc(C#N)cc1,3.41e-10
*CC(*)OC(=O)C(C)(C)CCC,4.55e-10
*CC(*)c1ccccc1C,3.6e-10
*CC(*)C,3.38e-10
*C(F)(F)C(*)(F)OC(F)(F)C(F)(F)F,7.27e-10
*CCCCOC(=O)NCCCCCCNC(=O)O*,2.2e-10
*CC(*)OC(=O)c1ccc(Cl)cc1,3.58e-10
*c1ccc(Cc2ccc(N3C(=O)c4ccc(Oc5ccc6c(c5)C(=O)N(*)C6=O)cc4C3=O)cc2)cc1,2.67e-10
*Oc1ccc(-c2ccc(OC(=O)CCCCCCCCCC(*)=O)cc2)cc1,2.82e-10
*c1ccc2c(c1)C(=O)N(c1ccc(C(c3ccc(N4C(=O)c5ccc(C(*)(C(F)(F)F)C(F)(F)F)cc5C4=O)cc3)(C(F)(F)F)C(F)(F)F)cc1)C2=O,4.59e-10
*c1ccc(Oc2ccc(Oc3ccc(N4C(=O)c5ccc(Oc6cccc7c6C(=O)N(*)C7=O)cc5C4=O)cc3)cc2)cc1,2.74e-10
*CC(*)C(=O)Oc1cccc(N(C)C)c1,2.58e-10
*CC(*)C(=O)Oc1ccc(C(=O)OCCCC)cc1,3.2e-10
*CC(*)C1CCCCC1,4.27e-10
*CCCCCCCCNC(=O)CCCCCCCCC(=O)N*,3.4e-10
*CC(*)OC(=O)C(C)(C)CC(C)(C)C,3.7e-10
*CCO*,4.14e-10
*CC(*)c1ccc(C(=O)OCCC)cc1,4.63e-10
*c1ccc(Oc2ccc(Oc3ccc(-n4c(=O)c5cc6c(=O)n(*)c(=O)c6cc5c4=O)cc3)cc2-c2ccccc2)cc1,3.34e-10
*CC(*)OC(C)CC,4.58e-10
*Oc1ccc(-c2ccc(OC(=O)CCCCCCCCCCCCC(*)=O)cc2)cc1,3.16e-10
*c1ccc2c(c1)C(=O)N(c1cc(C(c3ccc(O)c(N4C(=O)c5ccc(C(*)(C(F)(F)F)C(F)(F)F)cc5C4=O)c3)(C(F)(F)F)C(F)(F)F)ccc1O)C2=O,3.41e-10
*CC(*)c1cccc(Cl)c1,5.57e-10
*CC(*)OC(=O)c1ccc(CC)cc1,4.45e-10
*CCCCCCCCOC(=O)c1cccc(C(=O)O*)c1,2.84e-10
*CC(*)c1cc(C(C)(C)C)ccc1C,4.93e-10
*Oc1ccc(OC(=O)c2cc(OCCCCCCCCCCCC)c(C(*)=O)cc2OCCCCCCCCCCCC)cc1,3.42e-10
*CC(*)C(=O)c1ccccc1O,3.54e-10
*c1ccc(Sc2ccc(-n3c(=O)c4cc5c(=O)n(*)c(=O)c5cc4c3=O)cc2)cc1,2.64e-10
*c1ccc(Oc2ccc(Oc3ccc(N4C(=O)c5ccc(-c6ccc7c(c6)C(=O)N(*)C7=O)cc5C4=O)cc3)c(C(C)(C)C)c2)cc1,2.94e-10
*CC(*)N1CCNC1,2.57e-10
*CC(*)C(=O)OC(OCC)C(F)(F)F,4.52e-10
*CC(*)C(=O)OC(F)(C(F)(F)F)C(F)(F)Cl,5.79e-10
*CCCNC(=O)Cc1ccc(C(=O)N*)cc1,2e-10
*CC(*)Cc1cc(C)cc(C)c1,4.01e-10
*CC(*)C(CC)CC,4.84e-10
*CC(*)C#N,1.69e-10
*c1ccc(N2C(=O)c3ccc(-c4ccc5c(c4)C(=O)N(*)C5=O)cc3C2=O)c(C)c1,2.94e-10
*Oc1ccc(C(C)(C)c2ccc(OC(=O)c3ccc(C(=O)c4ccc(C(*)=O)cc4)cc3)cc2)cc1,2.99e-10
*/C=C/C(C(=O)OCc1ccc(Cl)cc1)C(*)C(=O)OCc1ccc(Cl)cc1,3.22e-10
*CC(*)c1ccccc1COCC,4.52e-10
*CC(*)OC(=O)C(F)(F)C(F)(F)C(F)(F)C(F)(F)C(F)(F)F,4.31e-10
*C(=O)c1ccc2c(c1)C(=O)N(c1cccc(N3C(=O)c4ccc(*)cc4C3=O)c1C)C2=O,3.63e-10
*c1cc(C(c2ccc(O)c(-n3c(=O)c4cc5c(=O)n(*)c(=O)c5cc4c3=O)c2)(C(F)(F)F)C(F)(F)F)ccc1O,3.2e-10
*CC(*)OC1CCCCC1,3.49e-10
*CCOC(=O)c1ccc2ccc(C(=O)O*)cc2c1,2.43e-10
*C(=O)c1ccc2c(c1)C(=O)N(c1c(C)c(C)c(N3C(=O)c4ccc(*)cc4C3=O)c(C)c1C)C2=O,3.95e-10
*CCCCCCCCCn1c(=O)c2cc3c(=O)n(*)c(=O)c3cc2c1=O,2.4e-10
*c1ccc(-c2ccc(N3C(=O)c4ccc(-c5cccc6c5C(=O)N(*)C6=O)cc4C3=O)c(C)c2)cc1C,4.03e-10
*CC1(*)CCCCC1,3.11e-10
*CC(*)C(C)c1ccccc1,4.85e-10
*CC(*)c1ccc(F)cc1,4.85e-10
*CC(*)C(=O)OCCO,1.99e-10
*c1ccc(C(C)(C)c2ccc(N3C(=O)c4ccc(Oc5ccc6c(c5)C(=O)N(*)C6=O)cc4C3=O)cc2)cc1,2.76e-10
*CCCCO*,4.83e-10
*CC(*)OC(=O)c1ccccc1Cl,3.03e-10
*CC(*)CC(C)CC,4.06e-10
*CC(*)c1ccc(C(=O)OCCN(C)C)cc1,3.91e-10
*C(=O)c1ccc2c(c1)C(=O)N(c1ccc(C3(c4ccc(N5C(=O)c6ccc(*)cc6C5=O)cc4)c4ccccc4-c4ccccc43)cc1)C2=O,3.46e-10
*CC(*)Cc1ccc(C)c(C)c1,3.56e-10
*CC(*)C(=O)OCC(F)(F)C(F)(F)F,4.25e-10
*c1cc(C(c2ccc(O)c(N3C(=O)c4ccc(Oc5ccc6c(c5)C(=O)N(*)C6=O)cc4C3=O)c2)(C(F)(F)F)C(F)(F)F)ccc1O,2.95e-10
*OC(C)C(*)=O,4.12e-10
*CC(*)CCCCCCCCCCCCC,4.02e-10
*C(=O)c1ccc2c(c1)C(=O)N(c1c(C)cc(Cc3cc(C)c(N4C(=O)c5ccc(*)cc5C4=O)c(C)c3)cc1C)C2=O,3.56e-10
*CCCCCCOC(=O)Nc1ccc(C)c(NC(=O)OCCCCCCOc2ccc(-c3ccc(O*)cc3)cc2)c1,2.58e-10
*c1ccc(Oc2ccc(N3C(=O)c4ccc(Oc5cccc6c5C(=O)N(*)C6=O)cc4C3=O)cc2)cc1,3.11e-10
*C1CCC(CC2CCC(N3C(=O)C4C5C=CC(C6C(=O)N(*)C(=O)C56)C4C3=O)C(C)C2)CC1C,2.84e-10
*CC(*)c1ccccc1C(=O)O,2.81e-10
*CC(*)c1cc(Br)ccc1OCCC(C)C,4.79e-10
*NC(CCC(=O)OCc1ccccc1)C(*)=O,3.04e-10
*CC(*)c1ccc(O)cc1,2.63e-10
*CC(*)c1ccc(CCCCCCCC)cc1,4.6e-10
*c1ccc(Oc2cccc(Oc3ccc(-n4c(=O)c5cc6c(=O)n(*)c(=O)c6cc5c4=O)cc3)c2)cc1,2.47e-10
*CC(*)(CC(=O)OC1CCCCC1)C(=O)OC1CCCCC1,6.41e-10
*Oc1ccc(Oc2ccc(C(=O)c3ccc(C(=O)c4ccc(*)cc4)c4ccccc34)cc2)cc1,3.56e-10
*CC(*)c1cc(C(C)C)ccc1C(C)C,5.22e-10
*CCCOC(=O)c1ccc(C(=O)O*)cc1,2.32e-10
*CC(*)(C)C(=O)OCc1cccc(Cl)c1Cl,3.56e-10
*CC(*)C(=O)Oc1ccc(Cl)cc1Cl,3.38e-10
*CCOC(=O)c1ccc(C(=O)O*)cc1,2.44e-10
*Oc1ccc(SC(=O)Oc2ccc(C(C)(C)c3ccc(OC(=O)Sc4ccc(*)cc4)cc3)cc2)cc1,2.8e-10
*CC(*)OCCCl,3.15e-10
*c1ccc(Sc2ccc3c(c2)Sc2ccc(Sc4ccc(-n5c(=O)c6cc7c(=O)n(*)c(=O)c7cc6c5=O)cc4)cc2S3)cc1,2.41e-10
*C1CC2CC1C(*)C2CCCCCC,4.65e-10
*CC(*)(C)C(=O)OCc1ccccc1Cl,3.42e-10
*CC(*)(C)c1ccc2ccccc2c1,4.55e-10
*c1ccc2sc3ccc(-c4nc5cc(-c6ccc7[nH]c(*)nc7c6)ccc5[nH]4)cc3c2c1,3.55e-10
*c1ccc(Sc2ccc(Oc3ccc(Sc4ccc(N5C(=O)c6ccc(Oc7ccc(C(C)(C)c8ccc(Oc9ccc%10c(c9)C(=O)N(*)C%10=O)cc8)cc7)cc6C5=O)cc4)cc3)cc2)cc1,2.68e-10
*CCOc1ccc(C(=O)OCCOC(=O)c2ccc(O*)cc2)cc1,2.32e-10
*CC(*)c1ccc(C(=O)CCCCC)cc1,3.87e-10
*CC(*)CCCCCCCCCCCCCCCC,4.2e-10
*c1ccc(Oc2ccc(N3C(=O)c4ccc(-c5ccc6c(c5)C(=O)N(*)C6=O)cc4C3=O)cc2)cc1,2.7e-10
*CCCCCCCCCCCCSC(=O)S*,3.14e-10
*CC(*)c1ccc(COCCOCCCC)cc1,3.56e-10
*Oc1cc(C(C)(C)C)c(Oc2ccc(C(=O)Nc3c(C)cc(Cc4cc(C)c(NC(=O)c5ccc(*)cc5)c(C(C)C)c4)cc3C(C)C)cc2)cc1C(C)(C)C,3.78e-10
*CC(*)OC(=O)c1ccc(C)cc1,4.28e-10
*CC(*)c1cc(F)ccc1F,5.82e-10
*Oc1cc(C(C)(C)C)c(Oc2ccc(C(=O)Nc3c(C)cc(C(C)(C)c4cc(C)c(NC(=O)c5ccc(*)cc5)c(C)c4)cc3C)cc2)cc1C(C)(C)C,3.64e-10
*c1ccc(Oc2ccc(-n3c(=O)c4cc5c(=O)n(*)c(=O)c5cc4c3=O)cc2)cc1,2.52e-10
*CC(*)c1ccncc1,3.15e-10
*c1ccc(-c2ccc(N3C(=O)c4ccc(-c5cccc6c5C(=O)N(*)C6=O)cc4C3=O)cc2C(F)(F)F)c(C(F)(F)F)c1,4.71e-10
*CC(*)c1cc(C)ccc1C,5.24e-10
*c1ccc(S(=O)(=O)c2ccc(-n3c(=O)c4cc5c(=O)n(*)c(=O)c5cc4c3=O)cc2)cc1,2.96e-10
*CC(*)(C)C(=O)OCc1ccc(Cl)cc1Cl,3.98e-10
*CC(*)c1ccc(COC(C)CC)cc1,5.47e-10
*C(=O)c1ccc2c(c1)C(=O)N(c1ccc(-c3ccc(N4C(=O)c5ccc(*)cc5C4=O)c(C)c3)cc1C)C2=O,3.57e-10
*C(=O)c1ccc2c(c1)C(=O)N(c1ccc(C(=O)Nc3cccc(N4C(=O)c5ccc(*)cc5C4=O)c3)cc1)C2=O,2.49e-10
*CC(*)c1cc(Br)ccc1OCC,5.17e-10
*Cc1ccc(COC(=O)O*)cc1,2.63e-10
*c1ccc(Oc2ccc(Oc3ccc(N4C(=O)C5CCC6C(=O)N(*)C(=O)C6C5C4=O)cc3)cc2)cc1,2.46e-10
*CC(*)OCC(C)(C)CC(C)C,3.77e-10
*CC(*)c1ccccc1Cl,5.45e-10
*CC(*)OC(=O)C(F)(F)C(F)(F)C(F)(F)C(F)(F)C(F)(F)C(F)(F)C(F)(F)C(F)(F)C(F)(F)F,3.57e-10
*CC(*)(C)C(=O)OCCCCCCCCCCCC,4.69e-10
*c1ccc(C(c2ccc(-c3nc4cc(-c5ccc6nc(*)[nH]c6c5)ccc4[nH]3)cc2)(C(F)(F)F)C(F)(F)F)cc1,3.24e-10
*C(F)(F)C(*)(F)Cl,2.85e-10
*C(*)C(=O)OC,4.05e-10
*c1ccc(Oc2cc(C(C)(C)C)ccc2Oc2ccc(-n3c(=O)c4cc5c(=O)n(*)c(=O)c5cc4c3=O)cc2)cc1,3.12e-10
*CC(*)OC(=O)c1ccncc1,3.02e-10
*Sc1ccc(Cc2ccc(SC(*)=O)cc2)cc1,2.93e-10
*NC1CCC(CC2CCC(NC(=O)CCCCCCCCCCCCC(*)=O)CC2)CC1,2.53e-10
*c1ccc(Oc2ccc(C(c3ccc(Oc4ccc(N5C(=O)c6ccc(Oc7ccccc7Oc7ccc8c(c7)C(=O)N(*)C8=O)cc6C5=O)cc4C(F)(F)F)cc3)(C(F)(F)F)C(F)(F)F)cc2)c(C(F)(F)F)c1,3.1e-10
*Sc1ccc(*)cc1,2.84e-10
*CCCCCCCCCCC(=O)N(*)C,3.1e-10
*CC(*)OCCOC,3.56e-10
*CC(*)c1ccccc1,4.05e-10
*C(=O)NCCCCCCNC(=O)c1ccc(N2C(=O)c3ccc(*)cc3C2=O)cc1,2.18e-10
*CCCCCCOC(=O)c1ccc2cc(C(=O)O*)ccc2c1,2.62e-10
*Oc1ccc(S(=O)(=O)c2ccc(Oc3ccc(C(c4ccc(*)cc4)(C(F)(F)F)C(F)(F)F)cc3)cc2)cc1,3.16e-10
*c1ccc(-c2nc3cc(-c4ccc5nc(-c6ccccc6)c(*)nc5c4)ccc3nc2-c2ccccc2)cc1,5.09e-10
*CC(*)OC(=O)c1ccc(C(C)(C)C)cc1,4.53e-10
*C(=O)OCCOC(=O)c1ccc(*)o1,2.87e-10
*CC(*)(CC(=O)OCCCC1CCCCC1)C(=O)OCCCC1CCCCC1,3.68e-10
*CC(*)c1ccccc1C(=O)OCCC(C)C,3.73e-10
*c1cccc(P(=O)(c2ccc(C(F)(F)F)cc2)c2cccc(-n3c(=O)c4cc5c(=O)n(*)c(=O)c5cc4c3=O)c2)c1,3.37e-10
*CC(*)c1ccc(C(=O)c2ccccc2)cc1,3.01e-10
*c1cccc(P(=O)(c2cccc(-n3c(=O)c4c(-c5ccc(C(F)(F)F)cc5)c5c(=O)n(*)c(=O)c5c(-c5ccc(C(F)(F)F)cc5)c4c3=O)c2)c2cc(C(F)(F)F)cc(C(F)(F)F)c2)c1,4.83e-10
*CC(*)C(=O)OCCCCCC,4.2e-10
*c1ccc(N2C(=O)c3ccc(Oc4ccc(C(C)(C)c5cccc(Oc6ccc7c(c6)C(=O)N(*)C7=O)c5)cc4)cc3C2=O)cc1,2.57e-10
*CCOCC(=O)O*,2.18e-10
*C(=O)c1ccc2c(c1)C(=O)N(c1cccc(C(=O)Nc3cccc(N4C(=O)c5ccc(*)cc5C4=O)c3)c1)C2=O,2.52e-10
*CC(*)OC(=O)c1ccc(Br)cc1,3.83e-10
*CC(*)C1CC=CCC1,4.53e-10
*C(=O)Oc1ccc(OC(=O)c2ccc3c(c2)C(=O)N(c2ccc(C(=O)Oc4ccc(N5C(=O)c6ccc(*)cc6C5=O)cc4)cc2)C3=O)cc1,2.73e-10
*Oc1ccc(-c2ccc(OC(=O)CCCCCCCCCCC(*)=O)cc2)cc1,3.62e-10
*Oc1cccc(S(=O)(=O)c2ccc(*)cc2)c1,2.7e-10
*CC1CC(*)C(OC(=O)CCCCCCCCCCOc2ccc(-c3ccc(C#N)cc3)cc2)C1OC(=O)CCCCCCCCCCOc1ccc(-c2ccc(C#N)cc2)cc1,3.13e-10
*c1cccc(N2C(=O)c3ccc(-c4ccc5c(c4)C(=O)N(*)C5=O)cc3C2=O)c1C,3.88e-10
*CCCCCCS(=O)(=O)c1ccc(/N=N/c2ccc(N(C)CCCCCC(=O)O*)cc2)cc1,2.63e-10
*NC(CCC(=O)OCC)C(*)=O,2.63e-10
*c1ccc(-c2ccc(-c3ccc(N4C(=O)c5ccc(-c6ccc7c(c6)C(=O)N(*)C7=O)cc5C4=O)cc3)cc2)cc1,3.52e-10
*CC(*)C1CCC1,3.65e-10
*CC(*)OCc1ccccc1,3.29e-10
*c1c(C)cc(C(c2cc(C)c(N3C(=O)c4ccc(-c5ccc6c(c5)C(=O)N(*)C6=O)cc4C3=O)c(C)c2)c2cccc3ccccc23)cc1C,4.32e-10
*CC(*)c1ccc(OCCC)cc1,5.13e-10
*CC(*)c1ccccc1F,5.48e-10
*Oc1ccc(C(C)(C)c2ccc(OC(=O)Sc3ccc(C(C)(C)c4ccc(SC(*)=O)cc4)cc3)cc2)cc1,3.39e-10
*CC(*)c1ccccn1,3.67e-10
*CC(*)C(=O)OCc1ccc(C#N)cc1,2.97e-10
*/C=C\CCC*,4.58e-10
*Oc1ccc(C(C)(c2ccccc2)c2ccc(OC(=O)c3cccc(C(*)=O)c3)cc2)cc1,3.26e-10
*CC(*)c1ccc(C(=O)N2CCCCC2)cc1,3.8e-10
*Oc1ccc(C(C)(C)c2ccc(OC(=O)SCCCCCCSC(*)=O)cc2)cc1,2.84e-10
*Oc1ccc(C(=O)CCCCCCCCC(=O)c2ccc(OC(*)=O)cc2)cc1,2.45e-10
*CC(*)OC(=O)c1cccc(Br)c1,3e-10
*CC(*)c1cccc2ccccc12,4.41e-10
*Oc1ccc(C(C)(C)c2ccc(OC(=O)c3ccccc3/C=C/c3ccc(/C=C/c4ccccc4C(*)=O)cc3)cc2)cc1,4.39e-10
*C([2H])([2H])C(*)([2H])c1c([2H])c([2H])c([2H])c([2H])c1[2H],7.12e-10
*c1ccc(Cc2ccc(N3C(=O)C4CCC5C(=O)N(*)C(=O)C5C4C3=O)c(C)c2)cc1C,2.93e-10
*CCCCCCNC(=O)NCc1ccc(CNC(=O)N*)cc1,2.37e-10
*C(=O)c1ccc2c(c1)C(=O)N(c1cccc(C(=O)N(C)c3ccc(N4C(=O)c5ccc(*)cc5C4=O)cc3)c1)C2=O,2.83e-10
*c1ccc2c(c1)C(=O)N(c1ccc(C(C)(C)c3ccc(N4C(=O)c5ccc(C(*)(C(F)(F)F)C(F)(F)F)cc5C4=O)cc3)cc1)C2=O,5.76e-10
*CC(*)OCCCCCCCCCCCCCCCCCC,4.03e-10
*CC(*)c1ccccc1COC,4.21e-10
*CC(*)P(=O)(OCC)N(C)C,3.74e-10
*c1cccc(P(=O)(c2ccccc2)c2cccc(-n3c(=O)c4c(-c5ccc(C(F)(F)F)cc5)c5c(=O)n(*)c(=O)c5c(-c5ccc(C(F)(F)F)cc5)c4c3=O)c2)c1,5.63e-10
*Oc1ccc(C(C)(C)c2ccc(OC(*)=O)c(CC)c2)cc1CC,3.6e-10
*CC(*)C(=O)c1ccc(CCC)cc1,4.3e-10
*c1ccc(Oc2ccc(C3(c4ccc(Oc5ccc(N6C(=O)c7ccc(Oc8ccc(C9(c%10ccc(Oc%11ccc%12c(c%11)C(=O)N(*)C%12=O)cc%10)CCC(C(C)(C)C)CC9)cc8)cc7C6=O)cc5)cc4)CC4CC3C3CCCC43)cc2)cc1,2.8e-10
*CC1CCC(COC(=O)CCC(=O)O*)CC1,2.56e-10
*CC(*)OC(=O)C(C)(C)C(C)(C)CC,4.06e-10
*Nc1ccc(*)cc1,2.66e-10
*CC(*)CCN(C(C)C)C(C)C,3.73e-10
*CC(*)c1ccc(Oc2ccccc2)cc1,3.43e-10
*Cc1ccc(-c2ccc(C(=O)O*)cc2)cc1,2.83e-10
*CC(*)C(=O)N1CCCCC1,3.15e-10
*C(F)(F)C(*)(F)C(F)(F)F,5.48e-10
*CC(*)c1ccc(Cl)c(F)c1,5.27e-10
*Oc1ccc(S(=O)(=O)c2ccc(Oc3ccc(C(C)(C)c4ccc(*)cc4)cc3[N+](=O)[O-])cc2)cc1,3.58e-10
*Oc1ccc(S(=O)(=O)c2ccc(Oc3c(C)cc(C(C)(C)c4cc(C)c(*)c(C)c4)cc3C)cc2C(O)(C(F)(F)F)C(F)(F)F)c(C(O)(C(F)(F)F)C(F)(F)F)c1,4.1e-10
*Oc1cc(C)c(*)c(C)c1Br,5.07e-10
*CC(*)c1cccc(CC)c1,4.78e-10
*CC(*)c1ccc(C(C)(O)CC)cc1,3.92e-10
*c1cccc2c(N3C(=O)c4ccc(-c5ccc6c(c5)C(=O)N(*)C6=O)cc4C3=O)cccc12,7.21e-10
*CCCCCCCCCCCCNC(=O)CCCCCCCCCCCCCCCCCCC(=O)N*,3.46e-10
*CC(*)c1ccc(C(=O)OCCCC)cc1,4.31e-10
*c1ccc2c(c1)C(=O)N(c1ccc(-c3ccc(Oc4ccc5c(c4)C(C)(c4ccc(Oc6ccc(-c7ccc(N8C(=O)c9ccc(C(*)(C(F)(F)F)C(F)(F)F)cc9C8=O)cc7)cc6C(F)(F)F)cc4)CC5(C)C)c(C(F)(F)F)c3)cc1)C2=O,3.68e-10
*CCOC(=O)C1CCC(C(=O)O*)CC1,2.31e-10
*CC(*)Cc1ccccc1C,3.67e-10
*CC(*)(C)c1ccc(C)cc1,4.75e-10
*CC(*)c1ccccc1COCCC,4.83e-10
*c1ccc(*)cc1,3.62e-10
*c1ccc(Oc2c(C)cc(C(c3cc(C)c(Oc4ccc(-n5c(=O)c6cc7c(=O)n(*)c(=O)c7cc6c5=O)cc4)c(C)c3)c3cccc4ccccc34)cc2C)cc1,4.29e-10
*C(O)C(*)O,1.45e-10
*CC(*)c1ccccc1CC,4.33e-10
*C(=O)c1ccc2c(c1)C(=O)N(c1ccc(Sc3ccc(N4C(=O)c5ccc(*)cc5C4=O)cc3)cc1)C2=O,2.54e-10
*CC(*)c1cc(Br)ccc1OCCCCC,8.29e-10
*c1ccc(N2C(=O)c3ccc(C(=O)c4ccc5c(c4)C(=O)N(*)C5=O)cc3C2=O)cc1,2.8e-10
*c1ccc(N2C(=O)c3ccc(C(c4ccc5c(c4)C(=O)N(*)C5=O)(C(F)(F)F)C(F)(F)F)cc3C2=O)cc1,3.63e-10
*c1ccc2c(c1)C(=O)N(c1cccc(Oc3cccc(Oc4cccc(N5C(=O)c6ccc(C(*)(C(F)(F)F)C(F)(F)F)cc6C5=O)c4)c3)c1)C2=O,4.34e-10
*CC(*)CCC,4.07e-10
*C(F)(F)C(*)(F)c1ccccc1,5.42e-10
*CCC1CCCC1*,3.26e-10
*c1cccc(Oc2ccc(S(=O)(=O)c3ccc(Oc4cccc(-n5c(=O)c6cc7c(=O)n(*)c(=O)c7cc6c5=O)c4)cc3)cc2)c1,2.85e-10
*c1ccc2c(c1)-c1nc3cc(Oc4ccc5c(c4)nc4n5C(=O)c5cc(C(*)(C(F)(F)F)C(F)(F)F)ccc5-4)ccc3n1C2=O,3.46e-10
*CC(*)C(=O)OC(F)(C(F)(F)Cl)C(F)(F)Cl,4.39e-10
*c1ccc2c(c1)Cc1cc(-n3c(=O)c4cc5c(=O)n(*)c(=O)c5cc4c3=O)ccc1-2,2.96e-10
*Oc1ccc2c(c1)nc1n2C(=O)c2ccc(-c3ccc4c(c3)C(=O)n3c-4nc4ccc(*)cc43)cc2-1,2.84e-10
*CCCCCCS(*)(=O)=O,2.42e-10
*OC1C(CO)OC(*)C(O)C1O,1.87e-10
*CCCCCCOC(=O)Nc1ccc(NC(=O)O*)cc1,2.41e-10
*Oc1ccc2ccc(OC(=O)c3ccccc3/C=C/c3ccc(/C=C/c4ccccc4C(*)=O)cc3)cc2c1,3.42e-10
*Oc1ccc(NC(=O)c2cc(C(c3ccc(C(=O)O)c(C(=O)Nc4ccc(Oc5ccc(C(c6ccc(*)cc6)(C(F)(F)F)C(F)(F)F)cc5)cc4)c3)(C(F)(F)F)C(F)(F)F)ccc2C(=O)O)cc1,3.6e-10
*CCCCCCOC(=O)CCCCCNC(=O)CCCCC(=O)NCCCCCC(=O)O*,2.57e-10
*CC(*)c1ccccc1COCCCCC,4.57e-10
*Oc1c(C)cc(*)cc1C,3.99e-10
*C(*)C(=O)OCCC,4.84e-10
*Nc1cccc(C(O)Cc2ccc(NC(=O)c3ccc(C(*)=O)cc3)cc2)c1,2.08e-10
*CC(*)C(=O)N(C)C,3.26e-10
*CC(*)CCc1ccc(C)cc1,3.26e-10
*CC(*)OC(=O)c1ccccc1OC(C)=O,3.17e-10
*CC(*)CNc1ccc([N+](=O)[O-])c(C(F)(F)F)c1,2.33e-10
*CC(*)c1cccc(F)c1,4.83e-10
*CC(*)(CC(=O)OCc1ccccc1)C(=O)OCc1ccccc1,3.55e-10
*Oc1cccc(CCCCCCCCCCc2cccc(OC(*)=O)c2)c1,3.03e-10
*c1cccc(P(=O)(c2ccc(C(F)(F)F)cc2)c2cccc(-n3c(=O)c4c(-c5cc(C(F)(F)F)cc(C(F)(F)F)c5)c5c(=O)n(*)c(=O)c5c(-c5cc(C(F)(F)F)cc(C(F)(F)F)c5)c4c3=O)c2)c1,7.57e-10
*c1ccc(Sc2ccc(N3C(=O)c4ccc(-c5ccc6c(c5)C(=O)N(*)C6=O)cc4C3=O)cc2)cc1,2.65e-10
*c1ccc(Oc2ccc(Oc3ccc(N4C(=O)c5ccc(-c6ccc7c(c6)C(=O)N(*)C7=O)cc5C4=O)cc3)cc2)cc1,2.99e-10
*OC1C(COC(C)=O)OC(*)C(OC(C)=O)C1OC(C)=O,4.3e-10
*CCCCCCCCCC(=O)N*,2.65e-10
*CCC1CC2C(CC(*)C2OC(=O)CCCCCCCCCCOc2ccc(-c3ccc(C#N)cc3)cc2)C1OC(=O)CCCCCCCCCCOc1ccc(-c2ccc(C#N)cc2)cc1,2.72e-10
*CC(*)CCCN(C(C)C)C(C)C,3.86e-10
*CC(*)OC(=O)c1ccc(OCC)cc1,3.8e-10
*/C=C/CC*,5.15e-10
*c1ccc(-c2ccc(-n3c(=O)c4cc5c(=O)n(*)c(=O)c5cc4c3=O)c(C)c2)cc1C,6.28e-10
*Oc1ccc(OC(=O)c2ccc(-c3ccc(C(*)=O)cc3)cc2)cc1C,2.89e-10
*CC(*)CCc1ccccc1C,3.16e-10
*CC(*)OC(=O)C1(F)C(F)(F)C(F)(F)C(F)(F)C(F)(F)C1(F)F,4.39e-10
*CC(*)c1ccc(COC)cc1,4.62e-10
*CC(*)c1ccc(C)nc1,4.57e-10
*c1cccc(-n2c(=O)c3cc4c(=O)n(*)c(=O)c4cc3c2=O)c1,2.78e-10
*NC(CCC(=O)OCCCCC)C(*)=O,2.84e-10
*CC(*)c1cccc(C)n1,3.96e-10
*c1cccc(N2C(=O)c3ccc(Oc4ccc(C(C)(C)c5ccc(Oc6ccc7c(c6)C(=O)N(*)C7=O)cc5)cc4)cc3C2=O)c1,2.72e-10
*c1c(C)c(C)c(-n2c(=O)c3cc4c(=O)n(*)c(=O)c4cc3c2=O)c(C)c1C,4.81e-10
*CC(*)c1ccc(C(=O)CC)cc1,4.25e-10
*CC(*)OC(=O)CC(C)(C)c1ccccc1,3.21e-10
*CC(*)OC(=O)CCCCC,4.98e-10
*CC(*)c1ccc(CCCCCCCCCCCCCC)cc1,4.17e-10
*CC(*)c1cc(Br)ccc1OC,5.67e-10
*CC(*)OCC,4.43e-10
*CC(*)(C)C,2.45e-10
*CC(*)C(=O)OCCCC,4.61e-10
*CC(*)N1Cc2ccccc2N1,3.34e-10
*CC(*)C(=O)OCC(F)(F)C(F)(F)C(F)(F)F,4.67e-10
*CCCCCCNC(=O)c1ccc(C(C)(C)c2ccc(C(=O)N*)cc2)cc1,2.83e-10
*CC(*)c1ccc(OCCCC)cc1,5.39e-10
*c1ccc(Cc2ccc(N3C(=O)c4ccc(Oc5ccc(C6(c7ccc(Oc8ccc9c(c8)C(=O)N(*)C9=O)cc7)CCCCCCCCCCC6)cc5)cc4C3=O)cc2)cc1,2.56e-10
*C(F)(F)C(F)(F)C1(F)C(*)(F)OC(F)(F)C1(F)F,3.88e-10
*C(=O)Nc1cccc(NC(=O)c2ccc(N3C(=O)c4ccc(*)cc4C3=O)cc2)c1,3.07e-10
*CC(*)(CCC(C)C(=O)OC)C(=O)OC,3.84e-10
*Oc1ccc(SC(=O)Sc2ccc(*)cc2)cc1,3.07e-10
*Oc1ccc(-c2ccc(OC(=O)CCCCCCC(*)=O)cc2)cc1,2.58e-10
*CC(*)C(=O)OC(C)(C)C,4.48e-10
*CC(*)(C)C(=O)OCC(=O)c1ccccc1,2.76e-10
*CC(*)c1ccccc1OC,4.33e-10
*CC(*)CCCCC,4.58e-10
*C(F)C(*)(F)F,2.32e-10
*CC(*)c1ccccc1COCCc1ccccc1,3.88e-10
*CC(*)OC(C)=O,3.64e-10
*CC(*)(F)C(C)=O,2.68e-10
*C(C)C(*)O,2.66e-10
*CC(*)C(=O)Oc1c(Cl)c(Cl)c(Cl)c(Cl)c1Cl,4.19e-10
*/C=C\CCCC*,4.52e-10
*C(OC(F)(F)F)C(*)(F)F,4.31e-10
*CC(*)c1cc(C)ccc1F,4.35e-10
*CC(*)c1ccc(C(F)(F)C(F)(F)C(F)(F)C(F)(F)C(F)(F)C(F)(F)C(F)(F)F)cc1,5.25e-10
*CC(*)CCC(C)CC,4.14e-10
*/C=C\CCCCC*,4.44e-10
*CCCOC(=O)c1ccc2cc(C(=O)O*)ccc2c1,2.52e-10
*CC(*)OCC(C)(C)C,5.01e-10
*CC/C=C(\*)Cl,3.12e-10
*c1cccc(S(=O)(=O)c2cccc(N3C(=O)c4ccc(Oc5ccc(S(=O)(=O)c6ccc(Oc7ccc8c(c7)C(=O)N(*)C8=O)cc6)cc5)cc4C3=O)c2)c1,2.8e-10
*Oc1ccc(C(=O)c2ccc(*)cc2)cc1,2.8e-10
*c1ccc(Oc2ccc(C(C)(C)c3ccc(Oc4ccc(N5C(=O)c6ccc(-c7ccc8c(c7)C(=O)N(*)C8=O)cc6C5=O)cc4)cc3)cc2)cc1,2.86e-10
*CC(*)C(C)=O,2.55e-10
*Oc1ccc(Sc2ccc(OC(*)=O)cc2)cc1,2.77e-10
*CC(*)OCCCCCCCCCCCC,4e-10
*CC(*)(C)C(=O)OCCBr,3.76e-10
*CC(=O)N*,1.37e-10
*CC*,3.74e-10
*CC(*)c1ccc(C(=O)O)c(C(=O)O)c1,1.54e-10
*/C=C/CCC*,5.74e-10
*CC(*)C(=O)OCCC#N,1.97e-10
*NC(CCC(=O)OCCC)C(*)=O,2.73e-10
*CC1CC(*)OC(CCC)O1,3.89e-10
*Oc1ccc(C(C)(C)c2ccc(OC(=O)c3ccccc3/C=C/c3ccc(/C=C/c4ccccc4C(*)=O)cc3)c(C)c2)cc1C,3.36e-10
*C1Cc2ccccc2C1*,4.88e-10
*CC(*)Cl,2.64e-10
*CC(*)C(=O)OCCCCCCC,4.16e-10
*CC(*)OCCC,4.34e-10
*C(=O)c1ccc2c(c1)C(=O)N(c1cccc(OCCOCCOc3cccc(N4C(=O)c5ccc(*)cc5C4=O)c3)c1)C2=O,2.24e-10
*c1ccc(Oc2cccc(N3C(=O)c4ccc(-c5cccc6c5C(=O)N(*)C6=O)cc4C3=O)c2)cc1,3.08e-10
*c1ccc(Oc2ccc(Oc3ccc(N4C(=O)c5ccc(Oc6ccc7c(c6)C(=O)N(*)C7=O)cc5C4=O)cc3)cc2)cc1,2.59e-10
*c1ccc2c(c1)C(=O)N(c1ccc(Sc3ccc(Oc4ccc(Sc5ccc(N6C(=O)c7ccc(C(*)(C(F)(F)F)C(F)(F)F)cc7C6=O)cc5)cc4)cc3)cc1)C2=O,3.51e-10
*CC(*)OC(=O)CCCCCCCCC,4.46e-10
*CC(*)c1cc(Br)ccc1OCCCC,6.3e-10
*CC(*)CCC1CCCCC1,3.03e-10
*c1ccc2c(c1)C(=O)N(c1ccc(Cc3ccc(N4C(=O)c5ccc(C(F)(F)C(F)(F)C(*)(F)F)cc5C4=O)cc3)cc1)C2=O,2.93e-10
*C(=O)c1ccc2c(c1)C(=O)N(c1ccc(Oc3ccc(C(=O)c4cccc(C(=O)c5ccc(Oc6ccc(N7C(=O)c8ccc(*)cc8C7=O)cc6)cc5)c4)cc3)cc1)C2=O,2.88e-10
*Oc1ccc(S(=O)(=O)c2ccc(Oc3ccc(C(=O)c4cccc(C(=O)c5ccc(*)cc5)c4)cc3)cc2)cc1,2.99e-10
*CC(*)(C)c1ccccc1,4.04e-10
*C(=O)c1ccc2c(c1)C(=O)N(c1cccc(C(=O)c3cccc(N4C(=O)c5ccc(*)cc5C4=O)c3)c1)C2=O,2.46e-10
*CC(*)c1ccc(COCCOCC)cc1,3.82e-10
*CC(*)c1ccc(-c2ccccc2)cc1,4.16e-10
*c1ccc2c(c1)C(=O)N(c1cccc(S(=O)(=O)c3cccc(N4C(=O)c5ccc(C(*)(C(F)(F)F)C(F)(F)F)cc5C4=O)c3)c1)C2=O,3.43e-10
*c1ccc2c(c1)C(=O)N(c1c(C)c(C)c(N3C(=O)c4ccc(C(*)(C(F)(F)F)C(F)(F)F)cc4C3=O)c(C)c1C)C2=O,5.39e-10
*Oc1ccc(C(C)(C)c2ccc(OC(=O)CCCCC(*)=O)cc2)cc1,2.34e-10
*Oc1ccc(S(=O)(=O)c2ccc(Oc3ccc(C(=O)c4cc(I)cc(C(=O)c5ccc(*)cc5)c4)cc3)cc2)cc1,2.72e-10
*c1ccc(OC(=O)c2ccccc2/C=C/c2ccc(/C=C/c3ccccc3C(=O)Oc3ccc(C4(*)OC(=O)c5ccccc54)cc3)cc2)cc1,3.18e-10
*Oc1ccc(C(c2ccccc2)(c2ccccc2)c2ccc(OC(=O)c3cccc(C(*)=O)c3)cc2)cc1,3.63e-10
*CC(*)c1ccccc1COCc1ccccc1,4e-10
*CC(*)CCc1ccccc1,3.11e-10
*c1cccc(N2C(=O)c3ccc(C(=O)c4ccc5c(c4)C(=O)N(*)C5=O)cc3C2=O)c1,2.62e-10
*CC(*)(C)C(=O)OCc1ccc(Cl)c(Cl)c1,3.6e-10
*CC(*)c1ccccc1C(=O)NC,4.82e-10
*CCc1ccc(*)c(C)c1,2.79e-10
*CC(*)c1ccccc1C(=O)OCCN(C)C,3.62e-10
*Oc1cc(C(C)(C)C)c(Oc2ccc(C(=O)Nc3ccc(C(c4ccc(NC(=O)c5ccc(*)cc5)cc4)(C(F)(F)F)C(F)(F)F)cc3)cc2)cc1C(C)(C)C,5.23e-10
*CCOC(=O)NCC1(C)CC(NC(=O)O*)CC(C)(C)C1,3.16e-10
*Nc1ccc(NC(=O)c2cc(C(*)=O)c(C(=O)OCC)cc2C(=O)OCC)cc1,2.83e-10
*c1cccc(N2C(=O)c3ccc(Oc4ccc5c(c4)C(=O)N(*)C5=O)cc3C2=O)c1,3.08e-10
*c1ccc(-c2ccc(N3C(=O)c4ccc(-c5ccc6c(c5)C(=O)N(*)C6=O)cc4C3=O)cc2C(F)(F)F)c(C(F)(F)F)c1,4.97e-10
*CCCCCCCCCCCNC(=O)CCCCC(=O)N*,2.51e-10
*Cc1cc(C(C)(C)c2ccc3c(c2)CN(C)CO3)cc(CN(*)C)c1O,2.97e-10
*c1cccc(-c2nc3cc(-c4ccc5nc(*)c(-c6ccccc6)nc5c4)ccc3nc2-c2ccccc2)c1,4.51e-10
*CC(*)CCCCCC,4.58e-10
*NC(=O)c1cccc(C(=O)Nc2ccc(-c3ccc(*)cc3)cc2)c1,2.49e-10
*CC(F)(F)C(F)(F)C(F)(F)C(F)(F)COC(=O)O*,2.77e-10
*CC(*)c1ccc(C(=O)C(F)(F)F)cc1,4.61e-10
*CC(*)c1ccccc1C(=O)OCCCCCC,4.48e-10
*CC(CCl)O*,2.82e-10
*/C=C/C(C*)C(C)CC,4.05e-10
*CC(*)C(=O)C(C)C,3.9e-10
*c1ccc(Oc2ccc(C(c3ccc(Oc4ccc(N5C(=O)c6ccc(Oc7ccc8c(c7)C(=O)N(*)C8=O)cc6C5=O)cc4)cc3)(C(F)(F)F)C(F)(F)F)cc2)cc1,3.04e-10
*c1ccc2c(c1)C(=O)N(c1ccc(Oc3cccc(Oc4ccc(N5C(=O)c6ccc(C(*)(C(F)(F)F)C(F)(F)F)cc6C5=O)cc4)c3)cc1)C2=O,3.26e-10
*c1cccc(-n2c(=O)c3cc4c(=O)n(*)c(=O)c4cc3c2=O)c1C,4.19e-10
*CC(*)c1cc(Br)ccc1OCCC,6.37e-10
*c1cccc(Oc2ccc(S(=O)(=O)c3ccc(Oc4cccc(N5C(=O)c6ccc(-c7ccc8c(c7)C(=O)N(*)C8=O)cc6C5=O)c4)cc3)cc2)c1,2.55e-10
*CC(*)C(=O)OCC(C)C,3.58e-10
*c1ccc(Oc2ccc(C(C)(C)c3ccc(Oc4ccc(N5C(=O)C6CCC7C(=O)N(*)C(=O)C7C6C5=O)cc4)cc3)cc2)cc1,2.57e-10
*CC(OC)C1C(=O)OC(=O)C1*,2.59e-10
*CC(*)(CC(=O)OC)C(=O)OC,3.56e-10
*c1ccc(NC(=O)CCCCC(=O)Nc2ccc(S(*)(=O)=O)cc2)cc1,2.23e-10
*Oc1ccc(S(=O)(=O)c2ccc(Oc3ccc(C(C)(C)c4ccc(*)c(C(OC)(C(F)(F)F)C(F)(F)F)c4)cc3C(OC)(C(F)(F)F)C(F)(F)F)cc2)cc1,4.07e-10
*CC(*)c1ccccc1COCCC(C)C,3.75e-10
*NC(=O)c1ccc(C(=O)Nc2ccc(-c3ccc(*)cc3)cc2)cc1,2.05e-10
*Oc1ccc(C(=C(Cl)Cl)c2ccc(OC(*)=O)cc2)cc1,3.35e-10
*CC(*)c1ccc(C(=O)N2CCOCC2)cc1,3.01e-10
*CC(*)OC(=O)C(F)(F)C(F)(F)C(F)(F)F,4.65e-10
*CC(*)(CC(=O)OCCCc1ccccc1)C(=O)OCCCc1ccccc1,3.62e-10
*CCC1CC(OC(=O)CCCCCCCCCCOc2ccc(-c3ccc(C#N)cc3)cc2)CC1*,2.79e-10
*C(=O)Oc1ccc(OC(=O)c2ccc3c(c2)C(=O)N(c2ccc(C(=O)Nc4ccc(N5C(=O)c6ccc(*)cc6C5=O)cc4)cc2)C3=O)cc1,2.45e-10
*Oc1ccc(Oc2ccc(C(=O)c3ccc(*)cc3)cc2)cc1,2.91e-10
*CCCCCOC(=O)c1ccc2cc(C(=O)O*)ccc2c1,2.64e-10
*C(=O)Oc1ccc(OC(=O)c2ccc3c(c2)C(=O)N(C2CCC(N4C(=O)c5ccc(*)cc5C4=O)CC2)C3=O)cc1,2.64e-10
*CC(*)c1cccs1,3.58e-10
*CC(*)c1ccc(C(C)C)cc1,4.97e-10
*c1ccc2c(c1)C(=O)N(c1ccc(C(c3ccc(C)c(N4C(=O)c5ccc(C(*)(C(F)(F)F)C(F)(F)F)cc5C4=O)c3)(C(F)(F)F)C(F)(F)F)cc1C)C2=O,6.64e-10
*CC(*)SCC,4.04e-10
*CC(*)(C)C(=O)OC(OCC)C(F)(F)F,5.43e-10
*Oc1ccc(C2(c3ccc(OC(*)=O)cc3)c3ccccc3-c3ccccc32)cc1,3.75e-10
*CC1(C)CC(*)(C)C(=O)OC1=O,2.54e-10
*CC(*)C(=O)Oc1ccc(-c2ccccc2)cc1,2.78e-10
*CCCCCCOC(=O)CCCCCCCC(=O)O*,2.96e-10
*CC(*)CCCC1CCCCC1,3.16e-10
*C(C)C(*)OCC,5.09e-10
*CC(*)OC(C)(C)C,4.14e-10
*CCCCCCCC(*)C,4.15e-10
*CCCCCCCCCCOC(=O)c1ccc(C(=O)NCCNC(=O)c2ccc(C(=O)O*)cc2)cc1,2.58e-10
*c1ccc(-c2ccc(-n3c(=O)c4cc5c(=O)n(*)c(=O)c5cc4c3=O)cc2C(F)(F)F)c(C(F)(F)F)c1,4.63e-10
*CC/C=C(/*)C,3.91e-10
*c1ccc(Oc2cccc3c(Oc4ccc(-n5c(=O)c6cc7c(=O)n(*)c(=O)c7cc6c5=O)cc4)cccc23)cc1,2.82e-10
*CC(*)C(=O)c1ccccc1,3.26e-10
*CCCS(=O)(=O)c1ccc(/N=N/c2ccc(N(CCCC)CC(=O)O*)cc2)cc1,2.7e-10
*c1cccc(Oc2ccc(N3C(=O)c4ccc(Oc5ccc6c(c5)C(=O)N(*)C6=O)cc4C3=O)cc2)c1,2.52e-10
*CC(*)P(=O)(c1ccccc1)c1ccccc1,5.33e-10
*Oc1ccc(C(c2ccc(Oc3ccc(C(=O)c4cccc(C(=O)c5ccc(*)cc5)c4)cc3)cc2)(C(F)(F)F)C(F)(F)F)cc1,2.64e-10
*CC(*)C(=O)c1ccc(C)cc1,3.48e-10
*C(=O)c1ccc2c(c1)C(=O)N(c1ccc(Cc3ccc(N4C(=O)c5ccc(*)cc5C4=O)c(C)c3)cc1C)C2=O,2.93e-10
*CC/C=C(\*)C(C)(C)C,3.41e-10
*CC(*)OC(=O)CC,4.24e-10
*Oc1ccc(C(C)(CCC#N)c2ccc(OC(*)=O)cc2)cc1,2.71e-10
*CC(*)C(=O)OC(C)C,4.26e-10
*CC(*)(CC(=O)OCCCCCCCCC)C(=O)OCCCCCCCCC,4.17e-10
*CC(C)(C)COC(=O)CCC(=O)O*,2.63e-10
*CC(*)c1ccc(C(C)=NO)cc1,3.25e-10
*c1ccc2c(c1)C(=O)N(c1ccc(Oc3ccc(N4C(=O)c5ccc(C(C)(C)CCCCCCCCC(*)(C)C)cc5C4=O)cc3)cc1)C2=O,2.58e-10
*CC(*)O,1.74e-10
*CC(*)c1ccc(Br)cc1,4.23e-10
*CC(*)c1ccccc1C(=O)N(C)C,6.29e-10
*CC(*)CC(C)(C)C,4.07e-10
*CC(*)(C)C(=O)OCCO[N+](=O)[O-],2.39e-10
*CC(*)c1cc(C)c(C)cc1C,4.02e-10
*CCCCCCNC(=O)CCCCC(=O)N(*)C,3.01e-10
*C#C/C(COS(=O)(=O)c1ccc(C)cc1)=C(/*)COS(=O)(=O)c1ccc(C)cc1,2.74e-10
*c1ccc(Oc2ccc(-c3ccc(Oc4ccc(-n5c(=O)c6cc7c(=O)n(*)c(=O)c7cc6c5=O)cc4)cc3)cc2)cc1,2.68e-10
*c1ccc(Oc2ccc(NC(=O)CN3C(=O)c4ccc(C(c5ccc6c(c5)C(=O)N(CC(=O)Nc5ccc(Oc7ccc(-c8nnc(*)o8)cc7)cc5)C6=O)(C(F)(F)F)C(F)(F)F)cc4C3=O)cc2)cc1,3.12e-10
*CC(*)CCCCCCCCCCC,4.52e-10
*c1ccc(Oc2ccc(Oc3ccc(N4C(=O)c5ccc(C(c6ccc7c(c6)C(=O)N(*)C7=O)(C(F)(F)F)C(F)(F)F)cc5C4=O)cc3)cc2)cc1,3.01e-10
*c1ccc(-c2ccc(N3C(=O)c4ccc(Oc5ccc6c(c5)C(=O)N(*)C6=O)cc4C3=O)cc2)cc1,3.06e-10
*c1ccc(Oc2ccc(S(=O)(=O)c3ccc(Oc4ccc(N5C(=O)c6ccc(C(=O)c7ccc8c(c7)C(=O)N(*)C8=O)cc6C5=O)cc4)cc3)cc2)cc1,2.59e-10
*Oc1ccc(C(C)(CCC)c2ccc(OC(*)=O)cc2)cc1,3.11e-10
*CC(*)(Cl)Cl,2.36e-10
*c1ccc(Oc2c(C)cc(Cc3cc(C)c(Oc4ccc(-n5c(=O)c6cc7c(=O)n(*)c(=O)c7cc6c5=O)cc4)c(C)c3)cc2C)cc1,4.66e-10
*C=CCCCCCCCCCC*,4.15e-10
*c1ccc(-c2ccc(N3C(=O)c4cc5c(cc4C3=O)C(C(F)(F)F)(C(F)(F)F)c3cc4c(cc3O5)C(=O)N(*)C4=O)cc2C(F)(F)F)c(C(F)(F)F)c1,5.07e-10
*c1ccc(Oc2cc(C(C)(C)C)ccc2Oc2ccc(N3C(=O)c4ccc(-c5ccc6c(c5)C(=O)N(*)C6=O)cc4C3=O)cc2)cc1,3.43e-10
*CC(*)(CC(=O)OCC)C(=O)OCC,3.79e-10
*C=CCCCCCCCC*,4.89e-10
*CCCCCCN1C(=O)c2ccc(Oc3ccc4c(c3)C(=O)N(*)C4=O)cc2C1=O,2.31e-10
*CC(*)c1ccc(CCCC)cc1,4.91e-10
*CC(*)(CC(=O)OCC1CCCCC1)C(=O)OCC1CCCCC1,3.99e-10
*C(C)C(*)OCCC,5.71e-10
*C(=O)Nc1ccc(Cc2ccc(NC(=O)c3ccc(N4C(=O)c5ccc(*)cc5C4=O)cc3)cc2)cc1,2.77e-10
*c1ccc2c(c1)Cc1cc(N3C(=O)c4ccc(-c5ccc6c(c5)C(=O)N(*)C6=O)cc4C3=O)ccc1-2,2.54e-10
*C1CCC(CC2CCC(N3C(=O)C4C5C=CC(C6C(=O)N(*)C(=O)C56)C4C3=O)CC2)CC1,2.53e-10
*CC(*)SCCCC,4.67e-10
*Oc1ccc(S(=O)(=O)c2ccc(OC(=O)c3ccc(C(*)=O)cc3)cc2)cc1,2.63e-10
*CC(*)C(=O)OCCCCCCCCCCCCCCCCCCCCCC,3.87e-10
*C(=O)c1ccc2c(c1)C(=O)N(c1ccc3c(c1)Cc1cc(N4C(=O)c5ccc(*)cc5C4=O)ccc1-3)C2=O,2.5e-10
*c1ccc(Cc2ccc(N(*)Cc3ccccc3)cc2)cc1,2.92e-10
*CC(*)c1ccc(COCCO)cc1,3.11e-10
*CCOC(=O)CCCCCCCCC(=O)O*,2.82e-10
*CC(*)c1ccc(C(=O)CCN2CCCCC2)cc1,2.76e-10
*CC(*)c1ccc(COCCC)cc1,3.98e-10
*/C=C(/*)c1ccc(C#C)cc1,4.78e-10
*CC(*)(C)C(=O)OCCOC,3.61e-10
*c1ccc(Oc2c(C)cc(C(C)(C)c3cc(C)c(Oc4ccc(N5C(=O)c6ccc(Oc7ccc(C8(c9ccc(Oc%10ccc%11c(c%10)C(=O)N(*)C%11=O)cc9)CCC(c9ccccc9)CC8)cc7)cc6C5=O)cc4)c(C)c3)cc2C)cc1,3.52e-10
*c1cccc(P(=O)(c2cccc(-n3c(=O)c4c(-c5ccccc5)c5c(=O)n(*)c(=O)c5c(-c5ccccc5)c4c3=O)c2)c2cc(C(F)(F)F)cc(C(F)(F)F)c2)c1,7.46e-10
*CC(*)(C)CCC,3.91e-10
*Oc1ccc(S(=O)(=O)c2ccc(Oc3ccc(-c4ccc(*)cc4)cc3)cc2)cc1,2.79e-10
*CCCCOC(=O)c1ccc(C(=O)O*)cc1,2.58e-10
*CC(*)C(=O)Oc1ccc(OC)cc1,3.66e-10
*CCCCCCCCC(=O)N*,2.92e-10
*Oc1ccc(S(=O)(=O)c2ccc(Oc3ccc(C(C)(C)c4ccc(*)cc4)cc3)cc2)cc1,2.93e-10
*CCC(c1ccccc1)C(*)c1ccccc1,4.04e-10
*CC(*)OC(=O)C1(C)CCCCC1,3.84e-10
*C(=O)Oc1ccc(OC(=O)c2ccc3c(c2)C(=O)N(c2ccc(-c4ccc(N5C(=O)c6ccc(*)cc6C5=O)cc4C(F)(F)F)c(C(F)(F)F)c2)C3=O)cc1,3.15e-10
*C(=O)NCCNC(=O)c1ccc(N2C(=O)c3ccc(*)cc3C2=O)cc1,2.06e-10
*C1C(*)C2CC1C1C=CCC12,3.9e-10
*/C=C/CCCCCCCCCC*,4.3e-10
*C(=O)CCCCCCCCC(=O)N1CCN(*)CC1,2.3e-10
*c1cccc(N2C(=O)c3ccc(C(c4ccc5c(c4)C(=O)N(*)C5=O)(C(F)(F)F)C(F)(F)F)cc3C2=O)c1,3.73e-10
*CC(*)C(=O)OC(F)(C(F)(F)F)C(F)(F)F,4.98e-10
*c1cccc(Oc2ccc(N3C(=O)c4ccc(C(=O)c5ccc6c(c5)C(=O)N(*)C6=O)cc4C3=O)cc2)c1,2.68e-10
*Oc1ccc(C(C#N)(c2ccccc2)c2ccc(OC(*)=O)cc2)cc1,3.03e-10
*CC(*)O[N+](=O)[O-],2.29e-10
*CCOCCOC(=O)c1cccc(C(=O)O*)c1,2.34e-10
*c1ccc(C(c2ccc(-c3nc4ccc(-c5ccc6nc(*)[nH]c6c5)cc4[nH]3)cc2)(C(F)(F)F)C(F)(F)F)cc1,3.78e-10
*Oc1ccc2c(c1)C1(CC2(C)C)CC(C)(C)c2ccc(OC(=O)c3cccc(C(*)=O)c3)cc21,3.24e-10
*CC(*)c1ccc(CCCCCCCCCCCCCCCC)cc1,4e-10
*CC(*)c1ccc(C(=O)N(CC)CC)cc1,3.93e-10
*CCCC=C(*)c1ccc(Cl)cc1,3.32e-10
*C=CC(C*)OC,3.88e-10
*c1ccc(Oc2ccc(Oc3ccc(N4C(=O)c5ccc(-c6cccc7c6C(=O)N(*)C7=O)cc5C4=O)cc3)cc2)cc1,2.74e-10
*CCOC(=O)c1ccc2cc(C(=O)O*)ccc2c1,2.67e-10
*CC(*)C(=O)C1CCCCC1,4e-10
*c1ccc(Oc2ccc(C(c3ccc(Oc4ccc(N5C(=O)c6ccc(-c7ccc8c(c7)C(=O)N(*)C8=O)cc6C5=O)cc4)cc3)(C(F)(F)F)C(F)(F)F)cc2)cc1,2.81e-10
*C(*)C(=O)OCC,4.58e-10
*OS(=O)(=O)c1ccc(*)cc1,2.17e-10
*CC(*)CC1CCCCC1,3.49e-10
*CC(*)OC(=O)C(F)(F)C(F)(F)F,4.33e-10
*CC(*)OC(=O)C(C)(C(C)C)C(C)C,4.42e-10
*CC(*)(C)CC,3.13e-10
*CC(*)OC(=O)c1ccc(C#N)cc1,3.13e-10
*/C=C/C1CC(*)C2C(=O)N(CCCCCC)C(=O)C12,3.85e-10
*c1ccc(-c2sc(-c3ccc(-n4c(=O)c5cc6c(=O)n(*)c(=O)c6cc5c4=O)cc3)c(-c3ccccc3)c2-c2ccccc2)cc1,4.29e-10
*CC(*)CCCCCCCCCCCCCC,4.03e-10
*c1ccc(-c2ccc(N3C(=O)c4ccc(-c5cccc6c5C(=O)N(*)C6=O)cc4C3=O)cc2C)c(C)c1,4.18e-10
*/C=C(/*)c1ccc(-c2ccc(C#C)cc2)cc1,3.95e-10
*CC(*)c1ccc(CCC)cc1,4.86e-10
*CCCCCCNC(=O)N*,2.72e-10
*CC(*)c1ccc(C(C)(C)O)cc1,3.23e-10
*Oc1ccc(C2(c3ccc(OC(*)=O)cc3)CCCCC2)cc1,2.84e-10
*CC(*)C(=O)N1CCOCC1,2.82e-10
*CC(*)(C)C(=O)OCCCC,5.12e-10
*CC(*)C(=O)O,1.29e-10
*OC(C)CC(*)=O,3.54e-10
*CC(*)c1ccc(C(=O)CCC)cc1,4.09e-10
*CC(*)(C)C(=O)OCc1cc(Cl)ccc1Cl,3.53e-10
*CC(*)c1cc(C)cc(C)c1,4.05e-10
*CC(*)c1ccc(C(C)(O)CCC)cc1,3.53e-10
*CC(*)c1ccc(C(=O)Cc2ccccc2)cc1,2.8e-10
*c1ccc2c(c1)-c1nc3cc(Oc4ccc5nc6n(c5c4)C(=O)c4cc(C(*)(C(F)(F)F)C(F)(F)F)ccc4-6)ccc3n1C2=O,3.05e-10
*CC(*)c1c(C)cc(C)cc1C,4.31e-10
*CC(*)c1ccc2ccccc2c1,4.37e-10
*CCCCCCCCCCCC(=O)N*,3.05e-10
*CC(*)c1ccc(-c2ccc(-c3ccccc3)cc2)cc1,3.83e-10
*CCCCOC(=O)CCCCC(=O)O*,2.59e-10
*CC1CCC(COC(=O)CCCCCCCCC(=O)O*)CC1,2.67e-10
*CC(*)(C(=O)OC)c1ccccc1,4.64e-10
*c1ccc(Oc2cccc(Oc3ccc(N4C(=O)c5ccc(C(=O)c6ccc7c(c6)C(=O)N(*)C7=O)cc5C4=O)cc3)c2)cc1,2.42e-10
*CC(*)CCCCCCCCCO,2.9e-10
*CCOC(=O)c1cccc2c(C(=O)O*)cccc12,2.15e-10
*CC(*)OC(=O)CCl,3.45e-10
*CC(*)c1cc(Cl)ccc1Cl,5.06e-10
*Oc1cccc(Oc2cccc(*)c2)c1C#N,3.03e-10
*Oc1ccc(-c2ccc(OC(=O)CCCCCC(*)=O)cc2)cc1,2.29e-10
*c1ccc2c(c1)C(=O)N(c1cccc(Oc3ccc(S(=O)(=O)c4ccc(Oc5cccc(N6C(=O)c7ccc(C(*)(C(F)(F)F)C(F)(F)F)cc7C6=O)c5)cc4)cc3)c1)C2=O,3.36e-10
*CC(*)OC(=O)C(F)(F)C(F)(F)C(F)(F)C(F)(F)C(F)(F)C(F)(F)C(F)(F)F,4.14e-10
*/C=C(/*)C(C)(C)C,8.3e-10
*CC(C)(CCC)C(=O)O*,3.98e-10
*CC(*)c1ccc(OC(C)=O)cc1,3.76e-10
*Oc1ccc(C(CCC)(CCC)c2ccc(OC(*)=O)c(C)c2)cc1C,5.09e-10
*CC(*)C(=O)OCCCCCCCCCCCCCCCC,4.16e-10
*CC(*)C(=O)Oc1cccc(C(=O)OC)c1,2.66e-10
*CC(*)c1ccc(CCCCCCCCCCCCCCCCCC)cc1,3.75e-10
*CC(*)CCCCCCCCC,4.51e-10
*CC(*)OC(=O)c1cccc(Cl)c1,3.59e-10
*CC(*)C(=O)c1ccc(C(C)C)cc1,4.22e-10
*C(=O)Nc1cccc(C#Cc2cccc(N3C(=O)c4ccc(*)cc4C3=O)c2)c1,3.44e-10
*c1ccc(Oc2ccc3ccc(Oc4ccc(-n5c(=O)c6cc7c(=O)n(*)c(=O)c7cc6c5=O)cc4)cc3c2)cc1,2.86e-10
*CC(*)C(=O)OCC=C,3.89e-10
*c1ccc(Oc2ccccc2Oc2ccc(N3C(=O)c4ccc(-c5ccc6c(c5)C(=O)N(*)C6=O)cc4C3=O)cc2)cc1,2.66e-10
*c1ccc2c(c1)C(=O)N(c1c(C)cc(C(c3cc(C)c(N4C(=O)c5ccc(C(*)(C(F)(F)F)C(F)(F)F)cc5C4=O)c(C)c3)c3cccc4ccccc34)cc1C)C2=O,4.57e-10
*C(C)C(*)OC(C)(C)C,4.7e-10
*CC(*)N1CCCC1=O,3.42e-10
*CC(*)C(N)=O,1.42e-10
*CCOC(=O)Nc1cccc(NC(=O)O*)c1,2.19e-10
*CC(*)OCC(CC)CCCC,4.41e-10
*CC(*)CNc1ccc([N+](=O)[O-])cc1,2.05e-10
*CCCCCC(=O)N*,2.13e-10
*c1ccc2c(c1)C(=O)N(c1ccc(Oc3c(C)cc(Cc4cc(C)c(Oc5ccc(N6C(=O)c7ccc(C(*)(C(F)(F)F)C(F)(F)F)cc7C6=O)cc5)c(C)c4)cc3C)cc1)C2=O,3.73e-10
*CC(*)C(=O)NC(C)C,4.21e-10
*CC(*)C1CCCC(C)C1,3.53e-10
*CCC=C(*)Cl,3.24e-10
*CC(*)c1ccc(C)cc1,4.98e-10
*CCCCCCNC(=O)c1cccc(C(=O)N*)c1,2.31e-10
*CC(*)c1ccc(Cl)cc1C,4.74e-10
*C(=O)Oc1ccc(C(C)(C)c2ccc(OC(=O)c3ccc4c(c3)C(=O)N(c3ccc(Oc5ccc(N6C(=O)c7ccc(*)cc7C6=O)cc5)cc3)C4=O)cc2)cc1,2.34e-10
*CC(*)(C)C(=O)OCCCCCCN(C)c1ccc(/N=N/c2ccc(S(C)(=O)=O)cc2)cc1,2.45e-10
*c1ccc(-c2ccc(-c3ccc(-n4c(=O)c5cc6c(=O)n(*)c(=O)c6cc5c4=O)cc3)cc2)cc1,3.67e-10
*c1ccc2c(c1)C(=O)N(c1ccc(Oc3ccc(N4C(=O)c5ccc(C(F)(F)C(F)(F)C(*)(F)F)cc5C4=O)cc3)cc1)C2=O,3.12e-10
*Oc1c(Br)cc(C(C)(C)c2cc(Br)c(OC(*)=O)c(Br)c2)cc1Br,3.71e-10
*OC1C(CO)OC(*)C(N)C1O,1.74e-10
*CCCC=C(*)c1ccccc1,3.06e-10
*CC(*)c1ccc(C)cc1C,4.5e-10
*Oc1ccc(C2(c3ccc(OC(*)=O)cc3)CCCC2)cc1,3.14e-10
*c1ccc(Oc2ccc(S(=O)(=O)c3ccc(Oc4ccc(N5C(=O)c6ccc(C(c7ccc8c(c7)C(=O)N(*)C8=O)(C(F)(F)F)C(F)(F)F)cc6C5=O)cc4)cc3)cc2)cc1,2.78e-10
*CC(*)C(=O)OCCC,4.71e-10
*CC(*)(C)C(=O)OCCC,4.65e-10
*Oc1ccc(C(C)(C)c2ccc(OC(*)=O)c(C(C)C)c2)cc1C(C)C,3.48e-10
*c1ccc(-c2ccc(-n3c(=O)c4cc5c(=O)n(*)c(=O)c5cc4c3=O)c(OC)c2)cc1OC,4.89e-10
*c1ccc2c(c1)-c1nc3cc(-c4ccc5nc6n(c5c4)C(=O)c4cc(C(*)(C(F)(F)F)C(F)(F)F)ccc4-6)ccc3n1C2=O,4.73e-10
*C(=O)c1ccc2c(c1)C(=O)N(c1c(C)cc(C(c3cc(C)c(N4C(=O)c5ccc(*)cc5C4=O)c(C)c3)c3cccc4ccccc34)cc1C)C2=O,4.81e-10
*NC(=O)c1ccc(C(=O)Nc2ccc(*)cc2)cc1,1.99e-10
*CC(*)(C)C(=O)OCc1cccc(Cl)c1,3.63e-10
*CC(*)C(=O)OCCCCCCCC,4.32e-10
*CC(*)c1ccc(C(=O)CCN2CCOCC2)cc1,2.75e-10
*c1ccc(Oc2cccc(Oc3ccc(N4C(=O)c5ccc(-c6cccc7c6C(=O)N(*)C7=O)cc5C4=O)cc3)c2)cc1,2.58e-10
*C(=O)Oc1ccc(C(C)(C)c2ccc(OC(=O)c3ccc4c(c3)C(=O)N(c3ccc(-c5ccc(N6C(=O)c7ccc(*)cc7C6=O)cc5)cc3)C4=O)cc2)cc1,2.44e-10
*CC(*)c1ccc(OC)cc1,3.85e-10
*CC(*)c1ccc(Cl)cc1,4.23e-10
*Oc1ccc(S(=O)(=O)c2ccc(Oc3c(C)cc(C(c4cc(C)c(*)c(C)c4)(C(F)(F)F)C(F)(F)F)cc3C)cc2)cc1,3.89e-10
*Oc1ccc(C(C)(C)c2ccc(C(C)(C)c3ccc(OC(*)=O)c(C)c3)cc2)cc1C,3.31e-10
*C1CCC(*)C1,3.14e-10
*c1ccc(-c2ccc(-n3c(=O)c4cc5c(=O)n(*)c(=O)c5cc4c3=O)cc2)cc1,3.81e-10
*CC(*)OC(=O)C(C)(C)C(C)C(C)C,4.55e-10
*Oc1ccc(S(=O)(=O)c2ccc(*)cc2)cc1,2.89e-10
*c1cccc(N2C(=O)c3ccc(Oc4ccc(S(=O)(=O)c5ccc(Oc6ccc7c(c6)C(=O)N(*)C7=O)cc5)cc4)cc3C2=O)c1,2.53e-10
*CC(*)C(=O)Oc1ccc(C(=O)OCC)cc1,3.43e-10
*C(=O)c1ccc2c(c1)C(=O)N(c1ccc(N3C(=O)c4ccc(*)cc4C3=O)nc1)C2=O,2.86e-10
*CC(*)(C)C(=O)OC(C)(C)C,6.13e-10
*CC(*)OC(=O)c1cccc(C)c1,3.09e-10
*CC(*)(C)C(=O)OC(C)C,4.71e-10
*Oc1ccc2c(c1)nc1c3cc4c(=O)n5c6cc(*)ccc6nc5c4cc3c(=O)n21,2.93e-10
*C(F)C(*)(F)OC(F)(F)F,4.11e-10
*CC(*)CCCC(C)(C)C,4e-10
*c1cccc(N2C(=O)c3ccc(-c4cccc5c4C(=O)N(*)C5=O)cc3C2=O)c1,2.79e-10
*Oc1ccc(C(=O)Nc2cccc(C(O)Cc3ccc(NC(=O)c4ccc(*)cc4)cc3)c2)cc1,2.2e-10
*CCCCCCCC(=O)N*,2.58e-10
*c1ccc(Oc2ccc(Oc3ccc(N4C(=O)c5cccc(Oc6cccc7c6C(=O)N(*)C7=O)c5C4=O)cc3)cc2)cc1,2.43e-10
*c1ccc(Oc2ccc(C(c3ccc(Oc4ccc(N5C(=O)c6ccc(Oc7ccc(C8(c9ccc(Oc%10ccc%11c(c%10)C(=O)N(*)C%11=O)cc9)CCC(C(C)(C)C)CC8)cc7)cc6C5=O)cc4)cc3)(C(F)(F)F)C(F)(F)F)cc2)cc1,3.31e-10
*c1ccc(N2C(=O)c3ccc(Oc4ccc5c(c4)C(=O)N(*)C5=O)cc3C2=O)cc1,2.64e-10
*C(C)C(*)OC,4.31e-10
*Cc1ccc2[nH]c(-c3ccc4sc5ccc(-c6nc7cc(*)ccc7[nH]6)cc5c4c3)nc2c1,2.99e-10
*CC(*)OC(=O)c1ccc(OC(C)=O)cc1,3.68e-10
*c1ccc(-c2ccc(N3C(=O)c4ccc(-c5ccc6c(c5)C(=O)N(*)C6=O)cc4C3=O)c(C)c2)cc1C,3.95e-10
*Oc1ccc(S(=O)(=O)c2ccc(Oc3ccc(C(C)(C)c4ccc(*)c(C(O)(C(F)(F)F)C(F)(F)F)c4)cc3C(O)(C(F)(F)F)C(F)(F)F)cc2)cc1,3.73e-10
*CC(*)(C)C(=O)OC1CCCCC1,3.82e-10
*c1ccc(Oc2ccc(N3C(=O)c4ccc(Oc5ccc6c(c5)C(=O)N(*)C6=O)cc4C3=O)cc2)cc1,2.29e-10
*CCOC(=O)Nc1ccc(-c2ccc(NC(=O)O*)cc2)cc1,2.3e-10
*CC(*)(C)C(=O)Oc1c(C(C)C)cccc1C(C)C,4.96e-10
*C(=O)Nc1ccc(NC(=O)c2ccc(N3C(=O)c4ccc(*)cc4C3=O)cc2)cc1,2.3e-10
*CC(*)(C)C(=O)OCCCCCCCC,3.9e-10
*c1ccc(Oc2ccc(-c3ccc(Oc4ccc(N5C(=O)c6ccc(Oc7cccc(Oc8ccc9c(c8)C(=O)N(*)C9=O)c7)cc6C5=O)cc4)cc3)cc2)cc1,2.65e-10
*Oc1ccc(NC(=O)c2cccc(C(=O)Nc3ccc(*)cc3)c2)cc1,2.48e-10
*CC(*)c1ccc(C(=O)OCC)cc1,5.16e-10
*CCc1cc(C)c(*)cc1C,3.21e-10
*CC(*)c1ccccc1C(=O)OCC(C)C,3.98e-10
*CC(*)(C)C(=O)OCCO,2.71e-10
*CC(*)c1ccc(C(C)CC)cc1,4.9e-10
*c1ccc2c(c1)C(=O)N(c1c(CC)cc(Cc3cc(CC)c(N4C(=O)c5ccc(C(*)(C(F)(F)F)C(F)(F)F)cc5C4=O)c(CC)c3)cc1CC)C2=O,4.91e-10
*CC(*)(C)C(=O)OCCC#N,2.5e-10
*CCCC(=O)N*,1.83e-10
*CC(*)C(=O)c1ccc(Br)cc1,3.8e-10
*Oc1ccc2c(c1)C1(CC2(C)C)CC(C)(C)c2ccc(OC(*)=O)cc21,4.18e-10
*CC(*)(C)C(=O)OC,3.67e-10
*Oc1ccc(-c2ccc(OC(=O)CCCCCCCCC(*)=O)cc2)cc1,2.85e-10
*CC(*)CC1CCCC1,3.69e-10
*c1ccc(Oc2ccc(-c3ccc(Oc4ccc(N5C(=O)c6ccc(Oc7ccc(C8(c9ccc(Oc%10ccc%11c(c%10)C(=O)N(*)C%11=O)cc9)CCC(c9ccccc9)CC8)cc7)cc6C5=O)cc4)cc3C)c(C)c2)cc1,3.31e-10
*CC(*)(CC(=O)Oc1ccccc1)C(=O)Oc1ccccc1,4.81e-10
*CC(*)C(=O)Oc1ccccc1C(=O)OC,2.85e-10
*c1ccc(Oc2ccc(Oc3ccc(N4C(=O)c5ccc(Oc6ccccc6Oc6ccc7c(c6)C(=O)N(*)C7=O)cc5C4=O)cc3C(F)(F)F)cc2)c(C(F)(F)F)c1,3.44e-10
*/C=C\*,3.57e-10
*c1ccc2c(c1)C(=O)N(c1c(C)cc(C)c(N3C(=O)c4ccc(C(*)(C(F)(F)F)C(F)(F)F)cc4C3=O)c1C)C2=O,5.49e-10
*Oc1cc(C(C)(C)C)c(Oc2ccc(C(=O)Nc3ccc(C(C)(C)c4ccc(NC(=O)c5ccc(*)cc5)cc4)cc3)cc2)cc1C(C)(C)C,4.42e-10
*CC(*)CNc1ccc([N+](=O)[O-])cc1[N+](=O)[O-],2.06e-10
*c1ccc2c(c1)C(=O)N(c1ccc(Oc3c(C)cc(C(c4cc(C)c(Oc5ccc(N6C(=O)c7ccc(C(*)(C(F)(F)F)C(F)(F)F)cc7C6=O)cc5)c(C)c4)c4cccc5ccccc45)cc3C)cc1)C2=O,4.3e-10
*c1ccc2c(c1)C(=O)N(c1c(C)cc(Cc3cc(C)c(N4C(=O)c5ccc(C(*)(C(F)(F)F)C(F)(F)F)cc5C4=O)c(C)c3)cc1C)C2=O,4.66e-10
*c1ccc(C(=O)Oc2ccc(N3C(=O)c4ccc(-c5ccc6c(c5)C(=O)N(*)C6=O)cc4C3=O)cc2)cc1,2.41e-10
*CCC=C(*)C(C)C,4.13e-10
*CC(*)C(=O)Oc1ccc(C(=O)OC)cc1,3.03e-10
*CCOC(=O)c1cccc(C(=O)O*)c1,2.41e-10
*CC(*)(C)C(=O)OCc1ccccc1,3.12e-10
*NC(CCC(=O)OC)C(*)=O,2.08e-10
*CCCCN(C)C(=O)c1ccc(C(=O)N(*)C)cc1,2.7e-10
*C(=O)Oc1ccc(C(C)(C)c2ccc(OC(=O)c3ccc4c(c3)C(=O)n3c-4nc4ccc(Oc5ccc6c(c5)nc5n6C(=O)c6ccc(*)cc6-5)cc43)cc2)cc1,2.64e-10
*c1cccc(P(=O)(c2ccc(C(F)(F)F)cc2)c2cccc(-n3c(=O)c4c(-c5ccccc5)c5c(=O)n(*)c(=O)c5c(-c5ccccc5)c4c3=O)c2)c1,4.1e-10
*CC(*)c1ccc(C(O)CCN2CCOCC2)cc1,2.46e-10
*c1ccc(Oc2ccc(Oc3ccc(N4C(=O)c5ccc(-c6ccc7c(c6)C(=O)N(*)C7=O)cc5C4=O)cc3)c(-c3ccccc3)c2)cc1,2.96e-10
*c1ccc(-c2ccc(-n3c(=O)c4cc5c(=O)n(*)c(=O)c5cc4c3=O)cc2OC(F)(F)F)c(OC(F)(F)F)c1,3.56e-10
*CC(*)c1ccc(C(=O)OCC(C)C)cc1,3.75e-10
*C(=O)c1ccc2c(c1)C(=O)N(c1ccc(-c3ccc(-c4ccc(N5C(=O)c6ccc(*)cc6C5=O)cc4)cc3)cc1)C2=O,2.6e-10
*CC(*)OC(=O)C(F)(F)F,3.76e-10
*CC(*)c1ccc(CC)cc1,5.4e-10
*Oc1ccc(C(C)(C)c2ccc(OC(*)=O)cc2)cc1,2.84e-10
*c1cccc(P(=O)(c2cccc(-n3c(=O)c4cc5c(=O)n(*)c(=O)c5cc4c3=O)c2)c2cc(C(F)(F)F)cc(C(F)(F)F)c2)c1,5.64e-10
*CCCCOc1ccc(C(=O)OCCOC(=O)c2ccc(O*)cc2)cc1,2.3e-10
*c1ccc(Oc2ccc(S(=O)(=O)c3ccc(Oc4ccc(N5C(=O)c6ccc(Oc7ccc8c(c7)C(=O)N(*)C8=O)cc6C5=O)cc4)cc3)cc2)cc1,2.37e-10
*c1ccc(Oc2ccc(N3C(=O)c4ccc(-c5cccc6c5C(=O)N(*)C6=O)cc4C3=O)cc2)cc1,3.24e-10
*Oc1ccc(S(=O)(=O)c2ccc(Oc3ccc(C(=O)c4cc(Br)cc(C(=O)c5ccc(*)cc5)c4)cc3)cc2)cc1,3.22e-10
*CC(*)C(C)CC,4.9e-10
*c1cccc(N2C(=O)c3ccc(Oc4ccc5c(c4)C4(CC(C)(C)c6ccc(Oc7ccc8c(c7)C(=O)N(*)C8=O)cc64)CC5(C)C)cc3C2=O)c1,5.1e-10
*c1cccc(Oc2ccc(N3C(=O)c4ccc(C(c5ccc6c(c5)C(=O)N(*)C6=O)(C(F)(F)F)C(F)(F)F)cc4C3=O)cc2)c1,3.12e-10
*Oc1ccc(C2(c3ccc(OC(*)=O)c(C)c3)CCCCC2)cc1C,3.81e-10
*c1ccc(Oc2cc3ccccc3cc2Oc2ccc(N3C(=O)c4ccc(Oc5ccc6c(c5)C(=O)N(*)C6=O)cc4C3=O)cc2)cc1,2.63e-10
*CC(*)OC(=O)c1ccc(OC(=O)CCC)cc1,4.38e-10
*c1ccc(Oc2ccc(C(=O)c3ccc(Oc4ccc(C5(*)OC(=O)c6ccccc65)cc4)cc3)cc2)cc1,2.69e-10
*CCOCCOC(=O)c1ccc(-c2ccc(C(=O)O*)cc2)cc1,2.43e-10
*C(=O)Nc1cccc(/C=C/C(=O)/C=C/c2cccc(NC(=O)c3ccc(N4C(=O)c5ccc(*)cc5C4=O)cc3)c2)c1,2.77e-10
*CC(*)c1ccc(COCCCCO)cc1,2.69e-10
*CC(*)C(=O)C(C)(C)C,3.82e-10
*CC(*)C(C)(C)C,3.94e-10
*CC(*)C(=O)c1ccc(C)c(C)c1,3.32e-10
*CC(*)CCCCCCCCCCCCCCCCCCCC,4.06e-10
*Cc1cccc(CNC(=O)CCCCC(=O)N*)c1,1.95e-10
*c1ccc(Oc2ccc(Oc3ccc(N4C(=O)c5ccc(Oc6ccc(C7(c8ccc(Oc9ccc%10c(c9)C(=O)N(*)C%10=O)cc8)CCC(c8ccccc8)CC7)cc6)cc5C4=O)cc3)c(C(C)(C)C)c2)cc1,2.97e-10
*CC(C)C(*)(C)C,3.49e-10
*c1ccc(C(C)(C)c2ccc(C(C)(C)c3ccc(N4C(=O)c5ccc(Oc6ccc7c(c6)C(=O)N(*)C7=O)cc5C4=O)cc3)cc2)cc1,3.04e-10
*CC(*)c1ccc(N(C)C)cc1,3.72e-10
*c1ccc(Oc2c(C)cc(C(c3cc(C)c(Oc4ccc(N5C(=O)c6ccc(-c7ccc8c(c7)C(=O)N(*)C8=O)cc6C5=O)cc4)c(C)c3)c3cccc4ccccc34)cc2C)cc1,3.77e-10
*CC(c1ccccn1)C(c1ccccc1)C(*)c1ccccn1,4.53e-10
*CC(*)c1ccc(CCCCCC)cc1,4.65e-10
*C(=O)c1ccc2c(c1)C(=O)N(c1c(CC)cc(Cc3cc(CC)c(N4C(=O)c5ccc(*)cc5C4=O)c(CC)c3)cc1CC)C2=O,4.16e-10
*CCCCCCN1C(=O)c2ccc(C(c3ccc4c(c3)C(=O)N(*)C4=O)(C(F)(F)F)C(F)(F)F)cc2C1=O,4.1e-10
*C=CC(C)CCCCC*,4.68e-10
*CC(*)C(=O)c1ccc(Cl)cc1,4.31e-10
*CC(*)CNc1ccc([N+](=O)[O-])cn1,2.42e-10
*c1ccc2c(c1)C(=O)N(c1cc(N3C(=O)c4ccc(C(*)(C(F)(F)F)C(F)(F)F)cc4C3=O)ccc1C)C2=O,4.44e-10
*CC(*)CCCCCCCCCC,4.28e-10
*CC(*)c1ccc(C(C)C)cc1C(C)C,5.33e-10
*CCCCNC(=O)CCCCCCC(=O)N*,2.18e-10
*CC(*)c1ccc(I)cc1,5.04e-10
*Oc1ccc(C(CCCC)(CCCC)c2ccc(OC(*)=O)cc2)cc1,4.32e-10
*C(=O)Nc1ccc(Oc2ccc(N3C(=O)c4ccc(*)cc4C3=O)cc2)cc1,2.43e-10
*OC(C)COC(*)=O,2.82e-10
*CC(*)(CC(=O)OCCCCCCC)C(=O)OCCCCCCC,4.2e-10
*CCCCCCCCCCN1C(=O)C2C3C=CC(C4C(=O)N(*)C(=O)C34)C2C1=O,2.51e-10
*CCCC(*)(C)C,3.01e-10
*CC(*)(C)C(=O)OCc1ccc(Cl)cc1,3.42e-10
*c1ccc(Oc2ccc(C3(c4ccc(Oc5ccc(N6C(=O)c7ccc(Oc8ccccc8Oc8ccc9c(c8)C(=O)N(*)C9=O)cc7C6=O)cc5C(F)(F)F)cc4)c4ccccc4-c4ccccc43)cc2)c(C(F)(F)F)c1,3.88e-10
*CC(*)c1ccc(Cl)cc1Cl,5.53e-10
*c1ccc2c(c1)C(=O)N(c1ccc(Oc3ccc(-c4ccc(Oc5ccc(N6C(=O)c7ccc(C(*)(C(F)(F)F)C(F)(F)F)cc7C6=O)cc5)cc4)cc3)cc1)C2=O,2.82e-10
*NC1CC(C)(C)CC(C)(CNC(=O)CCCCC(*)=O)C1,2.49e-10
*CC(*)c1ccc(C(F)(F)C(F)(F)C(F)(F)C(F)(F)C(F)(F)C(F)F)cc1,5.52e-10
*c1ccc(N2C(=O)c3ccc(-c4cccc5c4C(=O)N(*)C5=O)cc3C2=O)cc1,3.15e-10
*CCCCCCOC(=O)c1ccc(-c2ccc(C(=O)O*)cc2)cc1,3.12e-10
*CCC=C(*)C,3.95e-10
*CC(*)OC(=O)CCCCCCC,4.23e-10
*CCS*,3.53e-10
*CC(*)(CC)C(=O)OCC,4.99e-10
*Oc1ccc(C(C)(c2ccccc2)c2ccc(OC(*)=O)cc2)cc1,3.12e-10
*CC(*)OC(=O)c1ccc(C(C)C)cc1,4.65e-10
*CC(*)c1ccc(C(=O)c2ccc(OC)cc2)cc1,3.2e-10
*c1ccc(Oc2ccc(C3(c4ccc(Oc5ccc(N6C(=O)c7ccc(Oc8ccc(C9(c%10ccc(Oc%11ccc%12c(c%11)C(=O)N(*)C%12=O)cc%10)CCC(c%10ccccc%10)CC9)cc8)cc7C6=O)cc5)cc4)CC4CC3C3CCCC43)cc2)cc1,3.09e-10
*c1ccc(C(c2ccccc2)(c2ccc(-n3c(=O)c4cc5c(=O)n(*)c(=O)c5cc4c3=O)cc2)C(F)(F)F)cc1,4.45e-10
*c1cccc(P(=O)(c2cccc(-n3c(=O)c4c(-c5cc(C(F)(F)F)cc(C(F)(F)F)c5)c5c(=O)n(*)c(=O)c5c(-c5cc(C(F)(F)F)cc(C(F)(F)F)c5)c4c3=O)c2)c2cc(C(F)(F)F)cc(C(F)(F)F)c2)c1,6.3e-10
*c1ccc(C(c2ccc(N3C(=O)c4cc5c(cc4C3=O)C(C(F)(F)F)(C(F)(F)F)c3cc4c(cc3O5)C(=O)N(*)C4=O)cc2)(C(F)(F)F)C(F)(F)F)cc1,4.56e-10
*c1ccc(S(=O)(=O)c2ccc(N3C(=O)c4ccc(C(c5ccc6c(c5)C(=O)N(*)C6=O)(C(F)(F)F)C(F)(F)F)cc4C3=O)cc2)cc1,4.23e-10
*C(=O)c1ccc2c(c1)C(=O)N(c1ccc(C(=O)Nc3ccc(N4C(=O)c5ccc(*)cc5C4=O)cc3)cc1)C2=O,2.46e-10
*CC(*)c1ccc(Cl)c(Cl)c1,7.11e-10
*c1ccc(Oc2c(C)cc(Cc3cc(C)c(Oc4ccc(N5C(=O)c6ccc(-c7ccc8c(c7)C(=O)N(*)C8=O)cc6C5=O)cc4)c(C)c3)cc2C)cc1,3.25e-10
*CC(*)C(=O)OCCCCCCCCCCCC,4.05e-10
*Oc1ccc(C(C)(C)c2ccc(OC(*)=O)c(C)c2)cc1C,3.17e-10
*C(c1ccccc1)C(*)[N+](=O)[O-],1.07e-09
*c1ccc(*)s1,5.22e-10
*C(C)C(*)OCC(C)C,4.99e-10
*C1CC2CC1C(*)C2CCCC,5.22e-10
*CC(*)(C)C(=O)OCCS(=O)CC,3.05e-10
*c1ccc(Oc2cc3ccccc3cc2Oc2ccc(N3C(=O)c4ccc(S(=O)(=O)c5ccc6c(c5)C(=O)N(*)C6=O)cc4C3=O)cc2)cc1,3.09e-10
*c1ccc(Oc2ccc(C3(c4ccc(Oc5ccc(N6C(=O)c7ccc(Oc8ccc(C9(c%10ccc(Oc%11ccc%12c(c%11)C(=O)N(*)C%12=O)cc%10)CCCCCCCCCCC9)cc8)cc7C6=O)cc5)cc4)C4CC5CC(C4)CC3C5)cc2)cc1,3.44e-10
*CC(*)OC(=O)c1ccccc1,3.81e-10
*CC(*)CC(CC)CC,4.15e-10
*CC(*)c1ccc(C(=O)OCCCCCC)cc1,4.44e-10
*c1ccc(Oc2ccccc2Oc2ccc(N3C(=O)c4ccc(Oc5ccccc5Oc5ccc6c(c5)C(=O)N(*)C6=O)cc4C3=O)cc2C(F)(F)F)c(C(F)(F)F)c1,3.17e-10
*c1cccc(P(=O)(c2ccccc2)c2cccc(-n3c(=O)c4c(-c5ccccc5)c5c(=O)n(*)c(=O)c5c(-c5ccccc5)c4c3=O)c2)c1,4.85e-10
*CC(*)c1ccc(CCCCCCCCC)cc1,4.47e-10
*CC1(*)CCC(C)CC1,3.35e-10
*CC(*)c1c(F)c(F)c(F)c(F)c1F,4.37e-10
*CC(*)c1ccc(OCC)cc1,4.27e-10
*CC(O)COc1ccc(C(C)(C)c2ccc(O*)cc2)cc1,2.74e-10
*CC(*)C(=O)Oc1cccc(C(=O)OCC)c1,3.55e-10
*CCOC(=O)Nc1cccc2c(NC(=O)O*)cccc12,2.63e-10
*C(=O)Nc1ccc(NC(=O)c2ccc3c(c2)C(=O)N(c2ccc(S(=O)(=O)c4ccc(N5C(=O)c6ccc(*)cc6C5=O)cc4)cc2)C3=O)cc1,2.28e-10
*CC(*)OC(=O)c1cccc([N+](=O)[O-])c1,2.66e-10
*CCCCCCCCCCC(=O)N*,2.88e-10
*/C(C)=C(/*)C(C)C,1.3e-09
*CC(*)CCCN(CC(C)C)CC(C)C,3.72e-10
*CC(*)(C)C(C)=O,3.51e-10
*C(C)C(*)C,4.05e-10
*c1ccc(-n2c(=O)c3cc4c(=O)n(*)c(=O)c4cc3c2=O)cc1,2.76e-10
*CC(*)c1ccc(COCCCC)cc1,4.21e-10
*Oc1ccc(C(c2ccc(OC(*)=O)cc2)(C(F)(F)F)C(F)(F)F)cc1,3.84e-10
*C(=O)c1ccc2c(c1)C(=O)N(c1ccc(Oc3cccc4c(Oc5ccc(N6C(=O)c7ccc(*)cc7C6=O)cc5)cccc34)cc1)C2=O,2.91e-10
*CC(*)CCCCCCCCCCCC,4.16e-10
*c1ccc2c(c1)C(=O)N(c1ccc(Oc3ccc4ccc(Oc5ccc(N6C(=O)c7ccc(C(*)(C(F)(F)F)C(F)(F)F)cc7C6=O)cc5)cc4c3)cc1)C2=O,3.22e-10
*c1ccc(-c2ccc(Oc3ccc(C4(C)CC(C)(C)c5ccc(Oc6ccc(-c7ccc(N8C(=O)c9ccc(Oc%10ccc%11c(c%10)C(=O)N(*)C%11=O)cc9C8=O)cc7)cc6C(F)(F)F)cc54)cc3)c(C(F)(F)F)c2)cc1,3.41e-10
*c1ccc(-c2nc3cc4nc(*)oc4cc3o2)cc1,3.72e-10
*CCCCCCC(=O)N*,2.38e-10
*C(CC)C(*)CC,4.53e-10
*c1ccc(Cc2ccc(N3C(=O)c4ccc(-c5ccc6c(c5)C(=O)N(*)C6=O)cc4C3=O)cc2)cc1,2.46e-10
*CC(*)c1ccc(COCC(CC)CCCC)cc1,4.02e-10
*CC(*)OC(=O)CC1CCCCC1,3.87e-10
*Oc1ccc2ccc(OC(=O)Oc3ccc(OC(*)=O)cc3)cc2c1,3.07e-10
*c1ccc(-c2ccc(N3C(=O)c4ccc(-c5ccc6c(c5)C(=O)N(*)C6=O)cc4C3=O)c(OC)c2)cc1OC,4.09e-10
*c1ccc(S(=O)(=O)c2ccc(N3C(=O)c4ccc(C(=O)c5ccc6c(c5)C(=O)N(*)C6=O)cc4C3=O)cc2)cc1,3.01e-10
*CC(*)CC,4.04e-10
*CCCCCCCCCCCCNC(=O)CCCCCCCCCCC(=O)N*,2.94e-10
*/C=C/*,4.87e-10
*CC(*)C(=O)OC1CC2CCC1(C)C2(C)C,3.7e-10
*Oc1c(OC)cc(*)cc1OC,3.3e-10
*Cc1ccc2[nH]c(-c3ccc4c(c3)-c3cc(-c5nc6cc(*)ccc6[nH]5)ccc3S4(=O)=O)nc2c1,3.12e-10
*CC(*)(CC(=O)OCCC1CCCCC1)C(=O)OCCC1CCCCC1,3.46e-10
*CC(*)C(=O)c1ccc(CC)cc1,3.96e-10
*CC(C)CNC(=O)O*,2.3e-10
*C=CCCCCCC*,4.39e-10
*c1ccc(N2C(=O)c3ccc(-c4ccc5c(c4)C(=O)N(*)C5=O)cc3C2=O)nc1,2.97e-10
*CC(*)Cc1cc(C)ccc1C,4.03e-10
*Oc1ccc(C(C)(C)c2ccc(OC(=O)c3ccc(C(*)=O)cc3)cc2)cc1,2.88e-10
*C(=O)c1ccc2c(c1)C(=O)N(c1ccc(Cc3ccc(N4C(=O)c5ccc(*)cc5C4=O)cc3)cc1)C2=O,2.72e-10
*c1cccc(Oc2cccc(Oc3cccc(N4C(=O)c5ccc(-c6cccc7c6C(=O)N(*)C7=O)cc5C4=O)c3)c2)c1,3.9e-10
*CC(*)c1ccc(C)c(C)c1,4.57e-10
*CCCCCCNC(=O)CCCCC(=O)N*,2.3e-10
*CC(*)CCCC,4.32e-10
*CC(*)OC(=O)CCCC1CCCCC1,2.8e-10
*C([2H])([2H])C(*)(C(=O)OC([2H])([2H])[2H])C([2H])([2H])[2H],4.64e-10
*CC(*)c1ccc(C(=O)c2ccc(C)cc2)cc1,3.41e-10
*CC(*)C(=O)OCC(C)(C)C,3.73e-10
*CCC(C)C(*)C,3.36e-10
*CC(*)(CC(=O)OCCCCCCCC)C(=O)OCCCCCCCC,4.41e-10
*c1ccc(Cc2ccc(N3C(=O)c4ccc(-c5ccc6c(c5)C(=O)N(*)C6=O)cc4C3=O)c(C)c2)cc1C,3.22e-10
*c1ccc(C(=O)Nc2ccc(-n3c(=O)c4cc5c(=O)n(*)c(=O)c5cc4c3=O)cc2)cc1,2.1e-10
*Cc1cc(*)c(O)cc1C,3.02e-10
*C(C)C(*)OCCCC,4.82e-10
*CCCCCCOC(=O)CCCCCCCCC(=O)O*,2.73e-10
*CC1CC(*)C(OC(=O)CCCCCCCCCCOc2ccc(-c3ccc(C#N)cc3)cc2)C1,2.7e-10
*c1ccc(Oc2ccc(N3C(=O)c4ccc(C(c5ccc6c(c5)C(=O)N(*)C6=O)(C(F)(F)F)C(F)(F)F)cc4C3=O)cc2)cc1,3.26e-10
*CC(*)C(=O)Oc1ccc(C#N)cc1,2.37e-10
*CC(*)OC(=O)c1cccnc1,3.06e-10
*CC(*)C(=O)OC(C(F)(F)F)C(F)(F)F,4.45e-10
*CC(*)(C)C(=O)Oc1ccccc1,3.62e-10
*c1cccc(P(=O)(c2ccccc2)c2cccc(-n3c(=O)c4c(-c5cc(C(F)(F)F)cc(C(F)(F)F)c5)c5c(=O)n(*)c(=O)c5c(-c5cc(C(F)(F)F)cc(C(F)(F)F)c5)c4c3=O)c2)c1,6.82e-10
*CC(*)C(=O)OCC(F)(F)C(F)C(F)(F)F,3.44e-10
*Oc1ccc(S(=O)(=O)c2ccc(Oc3ccc(C(C)(C)c4ccc(*)cc4)cc3)c([N+](=O)[O-])c2)cc1[N+](=O)[O-],2.96e-10
*N=P(*)(OCC(F)(F)F)OCC(F)(F)F,5.97e-10
*CC(*)(C)OC,3.86e-10
*NC(=O)NCCCCCCNC(=O)Nc1ccc(Cc2ccc(*)cc2)cc1,2.59e-10
*CCCCCCOC(=O)Nc1ccc(Cc2ccc(NC(=O)O*)cc2)cc1,2.4e-10
*c1ccc2c(c1)C(=O)N(c1ccc3c(c1)-c1cc(N4C(=O)c5ccc(C(*)(C(F)(F)F)C(F)(F)F)cc5C4=O)ccc1C3)C2=O,3.96e-10
*c1ccc(C(=O)Oc2ccc(-n3c(=O)c4cc5c(=O)n(*)c(=O)c5cc4c3=O)cc2)cc1,1.94e-10
*Oc1ccc(C(C)(C)c2ccc(OC(=O)c3cccc(C(*)=O)c3)cc2)cc1,2.91e-10
*c1cccc(P(=O)(c2ccccc2)c2cccc(-n3c(=O)c4cc5c(=O)n(*)c(=O)c5cc4c3=O)c2)c1,3.3e-10
*CC(*)c1ccccc1C(=O)Oc1ccccc1,3.88e-10
*CC(*)c1ccc(C(=O)CCCC)cc1,3.91e-10
*CC(*)(C)C(=O)OCC(C)C,4.09e-10
*CC(*)c1ccccc1C(=O)OCCCCC,4.49e-10
*CC(*)c1ccccc1C(=O)OCCC,4.65e-10
*CC(*)c1ccc(C#N)cc1,3.64e-10
*C=CCC(C)(CC*)C(=O)OC,3.46e-10
*C(=O)Nc1cccc(NC(=O)/C=C/c2cccc(N3C(=O)c4ccc(*)cc4C3=O)c2)c1,2.84e-10
*Oc1ccc(C(C)(C)c2ccc(OC(=O)SCCCSC(*)=O)cc2)cc1,3.31e-10
*C1CCC1*,4.92e-10
*CC(*)(C)C(=O)OCC,4.32e-10
*CCC=C(*)CCC,4.6e-10
*CC(*)c1ccc(C(C)(C)C)cc1,4.74e-10
*c1ccc2c(c1)C(=O)N(c1c(C(C)C)cc(Cc3cc(C(C)C)c(N4C(=O)c5ccc(C(*)(C(F)(F)F)C(F)(F)F)cc5C4=O)c(C(C)C)c3)cc1C(C)C)C2=O,4.64e-10
*CC/C=C(/*)Cl,3.11e-10
*C(=O)c1ccc2c(c1)C(=O)N(c1ccc(-c3ccc(N4C(=O)c5ccc(*)cc5C4=O)cc3)cc1)C2=O,2.72e-10
*CC(*)C(=O)OC1CCCCC1,3.26e-10
*Oc1ccc(-c2ccc(OC(=O)CCCCCCCCCCCC(*)=O)cc2)cc1,3.36e-10
*CC(*)NC(=O)OC(C)(C)C,4.86e-10
*CC(*)Cc1ccc(C)cc1,3.61e-10
*CCOC(=O)CCC(=O)O*,2.01e-10
*/C=C/C(C*)OC,4.21e-10
*c1ccc(Oc2ccc(N3C(=O)c4ccc(Oc5ccc(S(=O)(=O)c6ccc(Oc7ccc8c(c7)C(=O)N(*)C8=O)cc6)cc5)cc4C3=O)cc2)cc1,2.54e-10
*Oc1cccc(OC(=O)c2ccccc2/C=C/c2ccc(/C=C/c3ccccc3C(*)=O)cc2)c1,3.95e-10
*C1CCC(N2C(=O)c3ccc(-c4ccc5c(c4)C(=O)N(*)C5=O)cc3C2=O)CC1,2.31e-10
*c1ccc(Oc2ccc(Oc3ccc(N4C(=O)c5ccc(Oc6ccc(C7(c8ccc(Oc9ccc%10c(c9)C(=O)N(*)C%10=O)cc8)CCC(C(C)(C)C)CC7)cc6)cc5C4=O)cc3)c(C(C)(C)C)c2)cc1,2.91e-10
*c1ccc(Oc2ccc(S(=O)(=O)c3ccc(Oc4ccc(-n5c(=O)c6cc7c(=O)n(*)c(=O)c7cc6c5=O)cc4)cc3)cc2)cc1,3.23e-10
*CC(*)OC(=O)C(F)(F)C(F)(F)C(F)(F)C(F)(F)F,5.39e-10
*CC(*)OC(=O)c1ccccc1C,2.95e-10
*CC(*)c1cccc(C)c1,4.18e-10
*CC(*)c1ccc(COCCCCCCOc2ccc(-c3ccc(OC)cc3)cc2)cc1,2.85e-10
*CC(*)c1ccc(C(=O)CCCCCCC)cc1,3.9e-10
*c1ccc(Oc2cc3ccccc3cc2Oc2ccc(N3C(=O)c4ccc(-c5ccc6c(c5)C(=O)N(*)C6=O)cc4C3=O)cc2)cc1,2.8e-10
*c1ccc(Oc2ccc(N3C(=O)c4cccc(Oc5cccc6c5C(=O)N(*)C6=O)c4C3=O)cc2)cc1,2.45e-10
*CCC(*)(C)C,2.76e-10
*CC(*)C(=O)OCC,3.56e-10
*c1ccc(Oc2c(C)cc(-c3cc(C)c(Oc4ccc(N5C(=O)c6ccc(Oc7ccccc7Oc7ccc8c(c7)C(=O)N(*)C8=O)cc6C5=O)cc4C(F)(F)F)c(C)c3)cc2C)c(C(F)(F)F)c1,3.39e-10
*CC(*)OC(=O)C1CCCCC1,3.83e-10
*CC(*)c1ccc(S(=O)(=O)OCCC)cc1,3.68e-10
*CC(*)C(=O)OCCc1ccccc1,3.05e-10
*CC(*)CC(C)C,4.22e-10
*CC(*)c1ccccc1COCCCC,4.16e-10
*c1ccc(Oc2ccc(C(C)(C)c3ccc(Oc4ccc(-n5c(=O)c6cc7c(=O)n(*)c(=O)c7cc6c5=O)cc4)cc3)cc2)cc1,2.43e-10
*CC(*)(C)c1ccc(C(C)C)cc1,4.86e-10
*c1ccc(-c2nc3cc(-c4ccc5nc(*)c(-c6ccccc6)nc5c4)ccc3nc2-c2ccccc2)cc1,4.69e-10
*Oc1ccc(C2(c3ccc(OC(=O)c4cccc(C(*)=O)c4)cc3)c3ccccc3-c3ccccc32)cc1,3.33e-10
*CCCCOC(=O)c1ccc2cc(C(=O)O*)ccc2c1,2.57e-10
*Oc1ccc(S(=O)(=O)c2ccc(OC(=O)c3ccccc3/C=C/c3ccc(/C=C/c4ccccc4C(*)=O)cc3)cc2)cc1,2.83e-10
*CC(*)Cc1cccc(C)c1,3.55e-10
*CCCCNC(=O)CCCCCCCCC(=O)N*,2.65e-10
*CCCCNC(=O)CCCCC(=O)N*,1.91e-10
*/C=C\CC*,4.5e-10
*CC(*)OC(=O)CCCC(=O)c1ccccc1,2.64e-10
*CS*,2.88e-10
*CC(*)OC(=O)CCCCCCCCCCC,3.87e-10
*CCC=C(*)c1ccccc1,3.79e-10
*CC(*)c1nc(C)nc(C)n1,3.72e-10
*c1cccc(-c2nc3cc(-c4ccc5nc(*)c(-c6ccc7ccccc7c6)nc5c4)ccc3nc2-c2ccc3ccccc3c2)c1,6.46e-10
*CC(*)c1ccc(C(C)=O)cc1,4.61e-10
*CCCCCCCCCCCCC(=O)N*,2.83e-10
*CC(*)c1ccc(C(C)(O)CCCC)cc1,3.75e-10
*CC(*)C=O,1.82e-10
*CC(*)c1ccc(C(=O)N(C)C)cc1,3.28e-10
*CC(*)C(=O)c1ccc(OC)cc1,3.3e-10
*c1ccc(S(*)(=O)=O)cc1,2.91e-10
*CCCCCCNC(=O)CCCCCCCCC(=O)N*,2.47e-10
*CC(*)(C)C#N,1.88e-10
*C(F)(F)C(*)(OC(F)(F)F)OC(F)(F)F,6.76e-10
*CC(*)(C)C(=O)OCCCCCC,3.92e-10
*CCCCCNC(=O)O*,2.29e-10
*CCCCCCCCCNC(=O)c1ccc(C(=O)N*)cc1,2.46e-10
*CC(*)CCCCCCCC,4.36e-10
*Cc1cccc(COC(=O)Nc2ccc(Cc3ccc(NC(=O)O*)cc3)cc2)c1,2.68e-10
*CC/C=C(\*)C,3.97e-10
*c1ccc(Oc2ccc(-c3ccc(Oc4ccc(N5C(=O)c6ccc(-c7ccc8c(c7)C(=O)N(*)C8=O)cc6C5=O)cc4)cc3)cc2)cc1,2.64e-10
*c1ccc(Oc2ccc(-c3ccc(Oc4ccc(N5C(=O)c6ccc(Oc7ccc(C8(c9ccc(Oc%10ccc%11c(c%10)C(=O)N(*)C%11=O)cc9)CCCCCCCCCCC8)cc7)cc6C5=O)cc4)cc3C)c(C)c2)cc1,3.19e-10
*Oc1ccc(S(=O)(=O)c2ccc(Oc3c(C)cc(C(C)(C)c4cc(C)c(*)c(C)c4)cc3C)cc2)cc1,3.98e-10
*Oc1ccc(S(=O)(=O)c2ccc(Oc3ccc(Cc4ccc(*)cc4)cc3)cc2)cc1,2.7e-10
*NC(=O)NCCCCCCNC(=O)NCCCCC(*)C(=O)OC,2.58e-10
*Oc1ccc(C(c2ccccc2)(c2ccccc2)c2ccc(OC(*)=O)cc2)cc1,3.83e-10
*CC(*)OC(=O)c1ccccc1OC,3.23e-10
*CCCCCCNC(=O)c1ccc(-c2ccc(C(=O)N*)cc2)cc1,2.38e-10
*C(=O)Nc1ccc(Oc2ccc(NC(=O)c3ccc4c(c3)C(=O)N(c3ccc(S(=O)(=O)c5ccc(N6C(=O)c7ccc(*)cc7C6=O)cc5)cc3)C4=O)cc2)cc1,2.46e-10
*c1ccc2c(c1)-c1cc(-c3nc4cc(-c5ccc6[nH]c(*)nc6c5)ccc4[nH]3)ccc1S2(=O)=O,2.96e-10
*CC(CC(*)(C#N)C(=O)OC)c1ccccc1,3.54e-10
*CC(*)C(=O)OCCCCCCCCCCCCCC,4.11e-10
*CCC(C)CO*,3.71e-10
*CC(*)c1ccc(CCCCCCCCCC)cc1,4.08e-10
*Oc1cccc2c(OC(=O)c3ccccc3/C=C/c3ccc(/C=C/c4ccccc4C(*)=O)cc3)cccc12,3.06e-10
*c1ccc(C)c(N2C(=O)c3ccc(-c4ccc5c(c4)C(=O)N(*)C5=O)cc3C2=O)c1,3.67e-10
*c1ccc(Oc2ccc(C3(c4ccc(Oc5ccc(N6C(=O)c7ccc(Oc8ccc(C9(c%10ccc(Oc%11ccc%12c(c%11)C(=O)N(*)C%12=O)cc%10)CCCCCCCCCCC9)cc8)cc7C6=O)cc5)cc4)CCC(C(C)(C)C)CC3)cc2)cc1,3.26e-10
*CCCCCCNC(=O)Cc1ccc(C(=O)N*)cc1,2.3e-10
*C(=O)Nc1ccccc1NC(=O)c1ccc(N2C(=O)c3ccc(*)cc3C2=O)cc1,2.63e-10
*CC(*)OC(=O)c1cccc(OC)c1,3.32e-10
*c1cc(C(c2ccc(O)c(N3C(=O)c4ccc(-c5ccc6c(c5)C(=O)N(*)C6=O)cc4C3=O)c2)(C(F)(F)F)C(F)(F)F)ccc1O,3.34e-10
*C(=O)Oc1ccc(C(C)(C)c2ccc(OC(=O)c3ccc4c(c3)C(=O)N(c3ccc(-c5ccc(N6C(=O)c7ccc(*)cc7C6=O)c(C)c5)cc3C)C4=O)cc2)cc1,3.4e-10
*CC(*)C(=O)OCC(F)(F)F,3.16e-10
*CC(*)OCC(C)(C)CC,4.39e-10
*C(=O)c1ccc2c(c1)C(=O)N(c1ccc(-c3ccc(N4C(=O)c5ccc(*)cc5C4=O)c(OC)c3)cc1OC)C2=O,3.29e-10
*C(F)(F)C(*)(F)c1c(F)c(F)c(F)c(F)c1F,6.38e-10
*Oc1ccc(C(C)(CCC#N)c2ccc(OC(*)=O)c(C)c2)cc1C,3.43e-10
*c1ccc(S(=O)(=O)c2ccc(N3C(=O)c4ccc(Oc5ccc6c(c5)C(=O)N(*)C6=O)cc4C3=O)cc2)cc1,2.59e-10
*CCCCCCOC(=O)c1ccc(C(=O)O*)cc1,3.19e-10
*C(=O)c1ccc2c(c1)C(=O)N(c1ccc(Oc3c(C)cc(Cc4cc(C)c(Oc5ccc(N6C(=O)c7ccc(*)cc7C6=O)cc5)c(C)c4)cc3C)cc1)C2=O,2.98e-10
*C=CC1CCC(*)C1,4.51e-10
*C(F)(F)C(*)(F)OC(F)(F)F,4.83e-10
*CCCSS*,3.66e-10
*CC(*)c1ccccc1C(=O)OC(C)C,4.51e-10
*Oc1ccc(OC(=O)Oc2ccc(-c3ccc(OC(*)=O)cc3)cc2)cc1,2.64e-10
*OC(F)(F)C(F)(F)C(*)(F)F,4.02e-10
*c1ccc(-c2ccc(N3C(=O)c4ccc(-c5ccc6c(c5)C(=O)N(*)C6=O)cc4C3=O)cc2)cc1,2.55e-10
*CC(*)c1ccc(OCCC(C)C)cc1,4.02e-10
*c1ccc(-n2c(=O)c3cc4c(=O)n(*)c(=O)c4cc3c2=O)c(C)c1,3.25e-10
*c1ccc(Oc2ccc(Oc3ccc(N4C(=O)c5ccc(Oc6ccc(C7(c8ccc(Oc9ccc%10c(c9)C(=O)N(*)C%10=O)cc8)CCCCCCCCCCC7)cc6)cc5C4=O)cc3)c(C(C)(C)C)c2)cc1,3.45e-10
*CC(*)C1CCC(C)CC1,4.08e-10
*CC(*)(C)C(=O)OCC(C)O,2.74e-10
*c1ccc2c(c1)C(=O)N(c1ccc(Oc3ccc(N4C(=O)c5ccc(C(C)(C)CCCCC(*)(C)C)cc5C4=O)cc3)cc1)C2=O,2.41e-10
*CC(*)(F)F,2.63e-10
*CC(*)(CC(=O)OCCCC)C(=O)OCCCC,4.28e-10
*C(=O)c1ccc2c(c1)C(=O)N(c1c(C(C)C)cc(Cc3cc(C(C)C)c(N4C(=O)c5ccc(*)cc5C4=O)c(C(C)C)c3)cc1C(C)C)C2=O,4.2e-10
*C(=O)c1ccc2c(c1)C(=O)N(c1cc(C(c3ccc(O)c(N4C(=O)c5ccc(*)cc5C4=O)c3)(C(F)(F)F)C(F)(F)F)ccc1O)C2=O,3.28e-10
*CC(*)CC(C)(C)CC,3.35e-10
*CC(*)CCC(C)(C)C,4.24e-10
*CC(*)OC=O,2.36e-10
*CC(*)C(=O)c1ccc(C(C)(C)C)cc1,3.74e-10
*Oc1ccc(NC(=O)c2ccc(C(c3ccc(C(=O)O)c(C(=O)Nc4cc(*)ccc4N)c3)(C(F)(F)F)C(F)(F)F)cc2C(=O)O)c(N)c1,2.6e-10
*c1ccc(Oc2ccc(N3C(=O)c4ccc(C(=O)c5ccc6c(c5)C(=O)N(*)C6=O)cc4C3=O)cc2)cc1,2.72e-10
*CC(*)OC(=O)CC1CCCC1,3.67e-10
*Oc1c(C)cc(C(C)(C)c2cc(C)c(OC(*)=O)c(C)c2)cc1C,5.28e-10
*CC(*)c1ccc(F)cc1C,4.36e-10
*CC(*)c1ccccc1C(=O)OCCCC,5.03e-10
*c1ccc(Sc2ccc(Sc3ccc(Sc4ccc(-n5c(=O)c6cc7c(=O)n(*)c(=O)c7cc6c5=O)cc4)cc3)cc2)cc1,2.48e-10
*/C(Cl)=C(/*)c1ccccc1,7.87e-10
*CC(*)c1ccc(C(C)(O)CCCCC)cc1,4.33e-10
*CC(*)OC(=O)c1ccc(OC)cc1,3.65e-10
*CC(*)CCCCCCC,4.45e-10
*C(C)C(*)OC(C)C,5.1e-10
*C(F)(F)C(*)(F)OC(F)C(F)F,4.87e-10
*CCCCCCN(C)C(=O)CCCCC(=O)N(*)C,2.58e-10
*Oc1ccc(Oc2ccc(Oc3ccc(S(=O)(=O)c4ccc(*)cc4)cc3)cc2)cc1,3.2e-10
*CCC=C(*)CCCCCCC,4.41e-10
*CCCCCCNC(=O)c1ccc(C(=O)N*)cc1,2.6e-10
*CC(*)Cc1ccccc1,3.01e-10
*C(F)(F)C(*)(F)OC(F)(F)C(F)(F)C(F)(F)C(F)(F)F,6.85e-10
*NC(C)C(*)=O,2.39e-10
*C(=O)Oc1ccc(OC(=O)c2ccc3c(c2)C(=O)N(c2ccc(Oc4ccc(N5C(=O)c6ccc(*)cc6C5=O)cc4)cc2)C3=O)cc1,2.24e-10
*Oc1ccc(S(=O)(=O)c2ccc(Oc3ccc(C(=O)c4cc(C(=O)c5ccc(*)cc5)cc(C(C)(C)C)c4)cc3)cc2)cc1,3.14e-10
*CC(OC)C(C(=O)O)C(*)C(=O)O,1.71e-10
*CCCCCCCCCSC(=O)S*,3.02e-10
*c1ccc(Oc2ccc(N3C(=O)c4ccc(Oc5ccc(C(c6ccc(Oc7ccc8c(c7)C(=O)N(*)C8=O)cc6)(C(F)(F)F)C(F)(F)F)cc5)cc4C3=O)cc2)cc1,3.01e-10
*Oc1ccc2[nH]c(-c3ccc4sc5ccc(-c6nc7cc(*)ccc7[nH]6)cc5c4c3)nc2c1,2.77e-10
*c1cccc(Oc2cccc(Oc3cccc(-n4c(=O)c5cc6c(=O)n(*)c(=O)c6cc5c4=O)c3)c2)c1,2.43e-10
*CC1CCC(*)C1,2.81e-10
*c1ccc(-c2nc3cc(-c4ccc5nc(*)c(-c6ccc7ccccc7c6)nc5c4)ccc3nc2-c2ccc3ccccc3c2)cc1,4.29e-10
*CC(*)c1ccc(COCCOCCCCCCCC)cc1,4.91e-10
*CC(*)C(=O)Oc1ccccc1C(=O)OCC,3.09e-10
*CC(*)C(=O)OC(CC)CC,4.68e-10
*c1cccc(P(=O)(c2ccc(C(F)(F)F)cc2)c2cccc(-n3c(=O)c4c(-c5ccc(C(F)(F)F)cc5)c5c(=O)n(*)c(=O)c5c(-c5ccc(C(F)(F)F)cc5)c4c3=O)c2)c1,4.89e-10
*CC(*)c1ccccc1C(=O)OC,4.81e-10
*c1cc(CCCC)c(*)s1,4.45e-10
*c1ccc(Oc2cccc(Oc3ccc(N4C(=O)c5ccc(Oc6ccc7c(c6)C(=O)N(*)C7=O)cc5C4=O)cc3)c2)cc1,2.7e-10
*c1ccc(Oc2ccc(C(C)(C)c3ccc(Oc4ccc(N5C(=O)c6ccc(C(=O)c7ccc8c(c7)C(=O)N(*)C8=O)cc6C5=O)cc4)cc3)cc2)cc1,2.49e-10
*Oc1cccc2ccc(OC(=O)c3ccccc3/C=C/c3ccc(/C=C/c4ccccc4C(*)=O)cc3)cc12,3.34e-10
*CC(*)c1ccccc1C(=O)OCC,5.25e-10
*C(=O)c1ccc2c(c1)C(=O)N(c1ccc(Oc3ccc(-c4ccc(Oc5ccc(N6C(=O)c7ccc(*)cc7C6=O)cc5)cc4)cc3)cc1)C2=O,3.14e-10
*C(=O)C1CCCN1*,3.22e-10
*NC(CCC(=O)OCCCCCC)C(*)=O,3.89e-10
*c1ccc(-c2ccc(N3C(=O)c4cc5c(cc4C3=O)C(C(F)(F)F)(C(F)(F)F)c3cc4c(cc3O5)C(=O)N(*)C4=O)cc2OC(F)(F)F)c(OC(F)(F)F)c1,5.02e-10
*c1ccc(N2C(=O)c3ccc(-c4ccc5c(c4)C(=O)N(*)C5=O)cc3C2=O)cc1,3.03e-10
*C(=O)Nc1ccc(C2(c3ccc(NC(=O)c4ccc5c(c4)C(=O)N(c4ccc(Sc6ccc(Oc7ccc(Sc8ccc(N9C(=O)c%10ccc(*)cc%10C9=O)cc8)cc7)cc6)cc4)C5=O)cc3)c3ccccc3-c3ccccc32)cc1,2.86e-10
*CC(*)C(=O)OCc1ccccc1,3.01e-10
*CC(*)P(=O)(Oc1ccccc1)N(C)C,4.29e-10
*Oc1ccc(S(=O)(=O)c2ccc(OC(*)=O)cc2)cc1,3.21e-10
*NC(=O)Nc1ccc(Cc2ccc(*)cc2)cc1,2.66e-10
*CC(*)C1CC1,4.26e-10
*C(=O)c1ccc2c(c1)C(=O)N(c1ccc(C)c(N3C(=O)c4ccc(*)cc4C3=O)c1)C2=O,3.2e-10
*c1cccc(S(=O)(=O)NCCCCCCNS(*)(=O)=O)c1,1.94e-10
*Oc1c(C)cc(C(C)(C)c2cc(C)c(ON3C(=O)c4ccc(Oc5ccc(C6(c7ccc(Oc8ccc9c(c8)C(=O)N(*)C9=O)cc7)CCC(C(C)(C)C)CC6)cc5)cc4C3=O)c(C)c2)cc1C,3.61e-10
*c1ccc(Oc2ccc(Oc3ccc(-n4c(=O)c5cc6c(=O)n(*)c(=O)c6cc5c4=O)cc3)cc2)cc1,2.54e-10
*C(=O)NC1CCC(CC2CCC(NC(=O)c3ccc(N4C(=O)c5ccc(*)cc5C4=O)cc3)CC2)CC1,2.59e-10
*CC(*)C(=O)OC,3.09e-10
*CC(*)c1ccc(C(O)CCN2CCCCC2)cc1,3.3e-10
*c1cc(Br)c(OC(=O)c2ccc(C(=O)Oc3c(Br)cc(C4(*)OC(=O)c5ccccc54)cc3Br)cc2)c(Br)c1,4.45e-10
*CC(*)C(=O)OCCCCCCCCCCCCCCCCCC,4.01e-10
*Oc1ccc(OC(=O)c2ccccc2/C=C/c2ccc(/C=C/c3ccccc3C(*)=O)cc2)cc1,2.87e-10
*Oc1cc(C(C)(C)C)c(Oc2ccc(C(=O)Nc3ccc(C(C)(C)c4ccc(NC(=O)c5ccc(*)cc5)c(C)c4)cc3C)cc2)cc1C(C)(C)C,3.55e-10
*C1CCC(*)N1,3.03e-10
*CC(*)(C)C(=O)OCc1cc(Cl)cc(Cl)c1,3.5e-10
*C(=O)c1ccc2c(c1)C(=O)N(c1ccc(N3C(=O)c4ccc(*)cc4C3=O)c(C)c1)C2=O,2.8e-10
*C=CC(C)C(*)C(=O)OC,3.74e-10
*c1ccc(Oc2ccc(N3C(=O)C4CCC5C(=O)N(*)C(=O)C5C4C3=O)cc2)cc1,2.36e-10
*CCCCCC(=O)O*,3.03e-10
*c1ccc(Oc2cccc3c(Oc4ccc(N5C(=O)c6ccc(Oc7ccc8c(c7)C(=O)N(*)C8=O)cc6C5=O)cc4)cccc23)cc1,2.54e-10
*CCOC(=O)Nc1ccc(NC(=O)O*)cc1,2.49e-10
*CCCC(*)(C)CC,3.22e-10
*Oc1ccc(-c2ccc(OC(=O)CCCCCCCC(*)=O)cc2)cc1,2.53e-10
*CCc1ccc(*)c(Cl)c1,3.13e-10
*CC(*)c1ccccc1C(=O)Nc1ccccc1,4.36e-10
*CC(*)C(=O)c1ccc(Br)c(OC)c1,3.76e-10
