SMILES,Experiment Tg (K)
*CC(*)c1cccc(Cl)c1,363.0
*OC(=O)Oc1ccc(C2(c3ccc(*)cc3)CCCC2)cc1,440.0
*CC(*)OCC(C)C,251.0
*Oc1c(-c2ccccc2)cc(*)cc1-c1ccccc1,493.0
*O[Si](O[Si](C)(C)c1ccc([Si](*)(C)C)cc1)(c1ccccc1)c1ccccc1,273.0
*CC(*)Cc1ccccc1,333.0
*c1ccc(C(=O)c2ccccc2N2C(=O)c3ccc(Oc4ccc(Sc5ccc(Oc6ccc7c(c6)C(=O)N(*)C7=O)cc5)cc4)cc3C2=O)cc1,485.0
*c1ccc(Oc2ccc(-c3cc(-c4ccc(Oc5ccc(-c6cc(*)nc7ccccc67)cc5)cc4)c4ccccc4n3)cc2)cc1,599.0
*CC(*)(Cl)C(=O)OC(C)C,363.0
*c1cccc(-c2nc3ccccc3c(-c3ccc(Oc4ccc(-c5c(-c6ccccc6)c(*)nc6ccccc56)cc4)cc3)c2-c2ccccc2)c1,546.0
*CC(*)(C)c1ccccc1,409.0
*Oc1cccc(OC(=O)c2cccc(C(*)=O)c2)c1,411.0
*CC(COCCCCCC)O*,188.0
*NCCCCCCCC(*)=O,324.0
*Oc1cccc(Oc2cccc(-n3c(=O)c4cc5c(=O)n(-c6cccc(*)c6)c(=O)c5cc4c3=O)c2)c1,494.0
*NCCCCCCCCCCCC(*)=O,310.0
*CO*,218.0
*CC(*)(C)C(=O)OCC,324.0
*Oc1ccc(Oc2ccc(C(=O)c3ccc(*)cc3)cc2)cc1,419.0
*CC(*)c1cc(F)ccc1F,374.0
*Oc1ccc(C(C)(C)c2ccc(Oc3ccc4c(c3)C(=O)N(c3cccc(N5C(=O)c6ccc(*)cc6C5=O)c3)C4=O)cc2)cc1,493.0
*CC(*)Cl,348.0
*Oc1ccc(-c2ccc(Oc3ccc4c(c3)C(=O)N(c3cccc(N5C(=O)c6ccc(*)cc6C5=O)c3)C4=O)cc2)cc1,520.0
*CC(*)(C)C(=O)OCCCCCCCCCCCC,218.0
*OCC(O)COc1ccc(C(C)(C)c2ccc(*)cc2)cc1,373.0
*CC(*)(Cl)C(=O)OCC,366.0
*c1ccc(-c2cnc3ccc(C(=O)c4ccc5ncc(*)nc5c4)cc3n2)cc1,591.0
*CC(*)(C)C(=O)OCCCCCC,268.0
*c1ccc(Oc2ccc(-c3nc4ccc(Oc5ccc6nc(*)c(-c7ccccc7)c(-c7ccccc7)c6c5)cc4c(-c4ccccc4)c3-c3ccccc3)cc2)cc1,578.0
*CC(*)c1ccc(OC)cc1,362.0
*CC(COCCCC)O*,194.0
*CC(*)(C)C(=O)OC1CCCCC1,377.0
*CC=C(Cl)C*,225.0
*CC(*)OC=O,304.0
*CCCCOC(=O)CCCCC(=O)O*,205.0
*CC(*)OC(C)=O,328.0
*CC(*)C(F)(F)C(F)(F)C(F)(F)F,331.0
*CC(*)c1ccccc1,373.0
*CCOC(=O)c1cccc(C(=O)O*)c1,324.0
*CC(C)S*,226.0
*CCC[Si](*)(C)c1ccc(N(C)C)cc1,267.0
*CCOC(=O)CCCCCCCCC(=O)O*,243.0
*CC(*)SC,272.0
*CCCCCCCCCCOC(=O)CCCCC(=O)O*,217.0
*CC(*)OCCCCCCCCCC,197.0
*OC(=O)Oc1ccc(C(C)(C)c2ccc(*)c(C)c2)cc1Cl,411.0
*CC(*)CC,228.0
*CC(*)c1cccc2ccccc12,432.0
*Oc1ccc(C(C)(C)c2ccc(OC(*)=O)cc2)cc1,423.0
*CC(*)CC1CCCCC1,348.0
*CCC(C)CCC(=O)O*,220.0
*OC(=O)Oc1ccc(C2(c3ccc(*)cc3)CCCCC2)cc1,444.0
*CC(*)c1ccccc1Cl,392.0
*Nc1cccc(NC(=O)c2cccc(C(*)=O)c2)c1,545.0
*c1cccc(C(=O)c2cccc(N3C(=O)c4ccc(C(c5ccc6c(c5)C(=O)N(*)C6=O)(C(F)(F)F)C(F)(F)F)cc4C3=O)c2)c1,533.0
*Cc1ccc(C*)c(Br)c1,353.0
*CC(CCl)(CCl)CO*,265.0
*CC(*)c1ccc(C)cc1C,385.0
*CC(*)(C)C(=O)OCCCC,293.0
*C(=O)Oc1ccc(C2(c3ccc(OC(=O)c4ccc(C5(c6ccc(*)cc6)OC(=O)c6ccccc65)cc4)cc3)OC(=O)c3ccccc32)cc1,583.0
*NCCCCCCC(*)=O,330.0
*CC(COC)O*,211.0
*CC(*)C(=O)OCCC,229.0
*CC(*)c1ccc(OCC)cc1,359.0
*CCOC(=O)c1ccc(C(=O)O*)cc1,345.0
*Oc1c(C)cc(*)cc1C,482.0
*CC(*)(C)C(=O)Oc1ccccc1,393.0
*CC(*)c1ccc(Cl)c(F)c1,395.0
*CC(*)OCC(CC)CCCC,207.0
*[Si](*)(C)C1CCCCC1,366.0
*CC(*)C(=O)OCC,251.0
*Cc1cc(C)c(C*)cc1C,373.0
*Oc1ccc(Sc2ccc(Oc3ccc4c(c3)C(=O)N(c3cccc(N5C(=O)c6ccc(*)cc6C5=O)c3)C4=O)cc2)cc1,482.0
*CC(*)c1ccc(F)cc1,379.0
*CC=C(C*)CCC,196.0
*NCCCCCCCCC(*)=O,324.0
*OC(=O)Oc1ccc(C(C)(c2ccccc2)c2ccc(*)cc2)cc1,449.0
*OC(=O)Oc1ccc(C(CCC)c2ccc(*)cc2)cc1,396.0
*c1ccc(-c2ccc(-c3ccc(-c4cnc5ccc(-c6ccc7ncc(*)nc7c6)cc5n4)cc3)cc2)cc1,578.0
*OC(=O)c1ccc(C(=O)Oc2ccc(C(C)(C)c3ccc(*)c(C)c3)cc2C)cc1,444.0
*CC(*)c1ccc(Cl)cc1Cl,406.0
*CC(*)(Cl)C(=O)OCCCC,330.0
*CC(*)c1cc(C)ccc1F,384.0
*Cc1ccc(C*)c(Cl)c1,353.0
*OC(=O)Oc1cc(C)c(C(C)(C)c2c(C)cc(*)cc2C)c(C)c1,473.0
*NCCCCCC(*)=O,335.0
*c1ccc(-c2ccc(-c3cc(-c4ccccc4)c4cc(Oc5ccc6nc(*)cc(-c7ccccc7)c6c5)ccc4n3)cc2)cc1,581.0
*CC(*)c1ccc(Cl)cc1,389.0
*CC(*)(C)C,199.0
*CC(C)O*,206.0
*CC(*)c1c(F)c(F)c(F)c(F)c1F,378.0
*Oc1ccc(C(=O)c2ccc(Oc3ccc4c(c3)C(=O)N(c3cccc(N5C(=O)c6ccc(*)cc6C5=O)c3)C4=O)cc2)cc1,512.0
*CC(*)C(=O)OC(C)CCCCC,235.0
*C(=O)Nc1ccc(Oc2ccc(NC(=O)c3ccc(C4(c5ccc(*)cc5)OC(=O)c5ccccc54)cc3)cc2)cc1,593.0
*CC(*)c1ccncc1,415.0
*CC(*)C(=O)OCC(C)C,249.0
*CC(*)(C)C(=O)OCC(CC)CC,284.0
*CC(*)c1ccc(C(C)(C)C)cc1,402.0
*OC(=O)Oc1ccc(C(c2ccc(*)cc2)(C(F)(F)Cl)C(F)(F)Cl)cc1,457.0
*OC(=O)Oc1ccc(Sc2ccc(*)cc2)cc1,388.0
*CC(*)(C)C(=O)OC(C)CC,330.0
*CCC[Si](*)(c1ccccc1)c1ccc(N(C)C)cc1,325.0
*CC(*)OCCCCCCCC,194.0
*CC(*)c1cccc(C)c1,370.0
*CC(*)(C)C(=O)OCC(C)C,321.0
*CC=C(Br)C*,241.0
*CC(*)(C)C(=O)OCC(C)O,349.0
*CC(*)(C)C(=O)OCCC,308.0
*c1ccc(Oc2ccc(-c3cnc4cc5ncc(*)nc5cc4n3)cc2)cc1,626.0
*c1cccc(-c2nc3cc4nc(*)c(-c5ccccc5)nc4cc3nc2-c2ccccc2)c1,668.0
*CC(*)OC(C)CC,253.0
*CC(*)OC(=O)CC,283.0
*CC(*)C,233.0
*c1cccc(-c2cc(-c3ccc(Oc4ccc(-c5cc(*)nc6ccccc56)cc4)cc3)c3ccccc3n2)c1,541.0
*CCOC(=O)c1ccc(C(=O)O*)c2ccccc12,337.0
*OC(=O)Oc1ccc(C(c2ccc(*)cc2)(C(F)(F)F)C(F)(F)F)cc1,449.0
*c1ccc(Oc2ccc(-c3nc4ccccc4c(-c4ccc(Oc5ccc(-c6c(-c7ccccc7)c(*)nc7ccccc67)cc5)cc4)c3-c3ccccc3)cc2)cc1,618.0
*CC(*)c1ccc(OCCC(C)C)cc1,330.0
*CC(*)C1CCCCC1,363.0
*c1nc(C(F)(F)F)nc(C(F)(OC(F)(F)C(F)(F)C(F)(F)C(F)(F)C(F)(F)C(F)(F)OC(*)(F)C(F)(F)F)C(F)(F)F)n1,260.0
*CC(*)c1cc(Cl)ccc1Cl,393.0
*c1ccc(N2C(=O)c3ccc(C(=O)c4ccc5c(c4)C(=O)N(*)C5=O)cc3C2=O)cc1,606.0
*CC(*)c1ccc(C(C)CC)cc1,359.0
*CC(*)c1ccc(COCCCCCC)cc1,278.0
*CC(*)c1ccc(-c2ccccc2)cc1,411.0
*CC(*)c1ccc(Cl)c(Cl)c1,401.0
*CCCCCCCCO*,203.0
*CCO*,206.0
*CC(*)C(=O)OC(C)(C)C,315.0
*CC(*)c1ccc(COC)cc1,350.0
*c1ccc(-c2cnc3ccc(-c4ccc5ncc(*)nc5c4)cc3n2)cc1,649.0
*CC(*)c1ccc(OCCC)cc1,343.0
*CC(COc1ccccc1)O*,315.0
*CC(*)c1ccccn1,377.0
*NC(=O)c1ccc2c(c1)C(=O)N(c1ccc(Cc3ccc(*)cc3)cc1)C2=O,550.0
*CC(*)c1cc(C)ccc1C,416.0
*Oc1ccc(S(=O)(=O)c2ccc(Oc3ccc(S(=O)(=O)c4ccc(*)cc4)cc3)cc2)cc1,493.0
*c1ccc(-c2cnc3ccc(S(=O)c4ccc5ncc(*)nc5c4)cc3n2)cc1,615.0
*CC(*)(F)C(F)(F)F,315.0
*CC(*)OC(=O)CCC,278.0
*NCCCCCCNC(=O)CCCCCCCCC(*)=O,313.0
*NCCCCCCNC(=O)CCCCC(*)=O,330.0
*CC(*)c1ccc(C)c(C)c1,384.0
*c1ccc(-c2cnc3ccc(Oc4ccc5ncc(*)nc5c4)cc3n2)cc1,579.0
*NCc1ccc(CNC(=O)CCCCCCCCC(*)=O)cc1,388.0
*c1ccc(Oc2ccc(-c3cc(-c4ccccc4)c4cc(Oc5ccc6nc(*)cc(-c7ccccc7)c6c5)ccc4n3)cc2)cc1,539.0
*C/C=C\C*,171.0
*c1ccc(-c2nc3cc4nc(*)c(-c5ccccc5)nc4cc3nc2-c2ccccc2)cc1,668.0
*c1ccc(C(=O)c2ccc(N3C(=O)c4ccc(C(c5ccc6c(c5)C(=O)N(*)C6=O)(C(F)(F)F)C(F)(F)F)cc4C3=O)cc2)cc1,584.0
*C[Si](*)(C)C,173.0
*CC(*)(C)C#N,393.0
*CC(*)(C)C(=O)OCCO,359.0
*CC(*)c1ccc(C)cc1,374.0
*c1ccc(-c2cc(-c3ccccc3)c3cc(Oc4ccc5nc(*)cc(-c6ccccc6)c5c4)ccc3n2)cc1,573.0
*CC(*)C(=O)C(C)C,329.0
*CC(*)C(C)C=O,345.0
*OCCOC(=O)CCC(*)=O,272.0
*CC(*)(Cl)Cl,256.0
*[Si](*)(C)c1ccccc1,390.0
*CC(*)c1ccccc1CC,376.0
*Nc1ccc(NC(=O)c2ccc(C(*)=O)cc2)cc1,600.0
*c1ccc(C(=O)c2ccc(N3C(=O)c4ccc(Oc5ccc(Sc6ccc(Oc7ccc8c(c7)C(=O)N(*)C8=O)cc6)cc5)cc4C3=O)cc2)cc1,494.0
*CC(*)(C)C(=O)OC,378.0
*CC(*)C(=O)O,379.0
*CC(*)OCCCCCC,209.0
*CC(*)OC(=O)CCl,304.0
*CC(*)C(=O)OCCCCCCC,213.0
*CCCCO*,190.0
*O[Si](c1ccccc1)(c1ccccc1)c1cccc(*)c1,331.0
*Oc1cccc(*)c1,318.0
*CC(*)(Cl)C(=O)OCCC,344.0
*N[Si](*)(C)C,191.0
*CC(*)(C)C(=O)OCCOC,293.0
*C(F)(F)c1ccc(C(*)(F)F)cc1,363.0
*c1ccc(-c2nc3cc(-c4ccc5nc(-c6ccccc6)c(*)nc5c4)ccc3nc2-c2ccccc2)cc1,645.0
*C(=O)Oc1ccc(-c2ccc(OC(=O)c3ccc(C4(c5ccc(*)cc5)OC(=O)c5ccccc54)cc3)cc2)cc1,580.0
*c1ccc(-c2ccc(-c3nc4ccc(Oc5ccc6nc(*)c(-c7ccccc7)c(-c7ccccc7)c6c5)cc4c(-c4ccccc4)c3-c3ccccc3)cc2)cc1,624.0
*CC(*)C(C)C,323.0
*CC(*)c1ccccc1C,409.0
*CC(*)C(=O)OC(C)CC,253.0
*CC(*)c1ccccc1F,378.0
*CC1CC(*)OCO1,378.0
*CC(*)C(=O)OCCCCCCCCC,215.0
*NCc1cccc(CNC(=O)CCCCC(*)=O)c1,363.0
*OC(=O)Oc1ccc(C(C)(CC)c2ccc(*)cc2Cl)c(Cl)c1,415.0
*CCC[Si](*)(C)c1ccccc1,243.0
*CC(*)CC(C)C,302.0
*CC(*)CCCC,223.0
*CC(*)c1ccc(Cl)cc1C,418.0
*CC(*)c1ccc(CCCC)cc1,279.0
*CC(*)O,358.0
*CC(*)(F)F,233.0
*OC(=O)Oc1ccc(C2(c3ccc(*)cc3)CC3CCC2C3)cc1,505.0
*C(F)(F)C1(F)C(F)(F)C(*)(F)C(F)(F)C1(F)F,390.0
*CC(*)C(=O)OC(C)CCCCCC,228.0
*CC(*)c1ccc(CO)cc1,413.0
*O[Si](*)(C)CCC(F)(F)F,199.0
*OC(=O)c1ccc(C(=O)Oc2ccc(C(C)(C)c3ccc(*)cc3)cc2)cc1,478.0
*CC(*)(C)C(=O)OCCCl,365.0
*Sc1ccc(*)cc1,360.0
*c1ccc(C(=O)c2cccc(N3C(=O)c4ccc(Oc5ccc(Sc6ccc(Oc7ccc8c(c7)C(=O)N(*)C8=O)cc6)cc5)cc4C3=O)c2)cc1,486.0
*CC(*)(Cl)C(=O)OC1CCCCC1,387.0
*CCOC(=O)c1cccc2c(C(=O)O*)cccc12,344.0
*OC(=O)Oc1c(Br)cc(C(C)(C)c2cc(Br)c(*)c(Br)c2)cc1Br,523.0
*CC(*)N1CCCC1=O,418.0
*OC(=O)Oc1ccc(Cc2ccc(*)cc2)cc1,420.0
*OC(=O)Oc1ccc(C(C)(C)c2ccc(*)cc2)cc1Cl,419.0
*CC(*)C(=O)OCCCCCC,216.0
*CC*,195.0
*C(F)(F)C(*)(F)Cl,373.0
*CC(*)C(F)(F)C(F)(F)F,314.0
*CC=C(C)C*,203.0
*CC(*)c1cccc(CO)c1,398.0
*CC(*)C(=O)OC(CC)CC,257.0
*CC(*)C(=O)OCCCC,219.0
*CC=C(C*)C(C)(C)C,293.0
*OCCCCCC(*)=O,213.0
*OC(=O)Oc1ccc(C(=C(Cl)Cl)c2ccc(*)cc2)cc1,430.0
*CC(*)C1CCCC1,348.0
*OC(=O)Oc1ccc(C(c2ccc(*)cc2)C(C)C)cc1,422.0
*CC(*)c1ccc(Br)cc1,417.0
*NCCCCCCCCCC(*)=O,316.0
*OC(=O)Oc1ccc(C(C)c2ccc(*)cc2)cc1,403.0
*CC(*)c1ccc(C(=O)OC)cc1,386.0
*CC(*)n1c2ccccc2c2ccccc21,423.0
*C(F)(F)C(*)(F)c1c(F)c(F)c(F)c(F)c1F,467.0
*OC(=O)Oc1ccc(C(C)(CCC)c2ccc(*)cc2)cc1,410.0
*Oc1ccc(*)cc1,358.0
*CC(*)c1ccc2ccccc2c1,424.0
*CC(*)OCCCC,221.0
*CC(*)c1ccc(OCCCC)cc1,320.0
*CC(*)(C)C(=O)OCCCCCCCC,253.0
*C(=O)c1ccc(-n2c(=O)c3cc4c(=O)n(-c5ccc(*)cc5)c(=O)c4cc3c2=O)cc1,685.0
*CCC[Si](*)(C)C,203.0
*CC(*)c1cc(C(C)(C)C)ccc1C,360.0
*CC(*)c1ccccc1CO,433.0
*CCOC(=O)CCCCCCCC(=O)O*,228.0
*CC(*)C(F)(F)F,300.0
*CC(*)C(=O)NCCCC,319.0
*c1ccc(-c2nc3ccc(Oc4ccc5nc(*)c(-c6ccccc6)c(-c6ccccc6)c5c4)cc3c(-c3ccccc3)c2-c2ccccc2)cc1,618.0
*CC(*)CCCC(C)C,239.0
*CC(*)C=CC,213.0
*CC(*)c1ccc(OC)cc1C,363.0
*OCCOC(=O)c1ccc2cc(C(*)=O)ccc2c1,397.0
*c1cccc(C(=O)c2cccc(N3C(=O)c4ccc(C(=O)c5ccc6c(c5)C(=O)N(*)C6=O)cc4C3=O)c2)c1,513.0
*CC(*)OCCCCC,207.0
*OC(=O)Oc1ccc(C(CCC)(CCC)c2ccc(*)cc2)cc1,421.0
*Oc1ccc(S(=O)(=O)c2ccc(Oc3ccc(C(C)(C)c4ccc(*)cc4)cc3)cc2)cc1,458.0
*OC(=O)Oc1c(Cl)cc(C(C)(C)c2ccc(*)cc2)cc1Cl,459.0
*Oc1ccc(-n2c(=O)c3cc4c(=O)n(-c5ccc(*)cc5)c(=O)c4cc3c2=O)cc1,672.0
*CC(*)c1ccc(Cl)c(C)c1,387.0
*CCOC(=O)CCCCC(=O)O*,233.0
*Oc1ccc(Oc2ccc(Oc3ccc4c(c3)C(=O)N(CCCCCCN3C(=O)c5ccc(*)cc5C3=O)C4=O)cc2)cc1,401.0
*O[Si](*)(C)c1ccccc1,187.0
*CC(*)(C)c1ccc(C)cc1,394.0
*CC(*)C=C,269.0
*CC(*)OCC,254.0
*CC(*)c1ccc(C(C)C)cc1,360.0
*CC(*)OC(C)C,270.0
*CCCCCCO*,204.0
*NCCCCCCNC(=O)c1cccc(C(*)=O)c1,403.0
*CC(*)C#N,378.0
*CC(*)CCC(C)C,259.0
*CC=C(C*)CCCC,192.0
*Cc1ccc(C*)cc1,333.0
*OC(=O)Oc1ccc(C(C)(CC)c2ccc(*)cc2)cc1,407.0
*CCC[Si](*)(c1ccc(C)cc1)c1ccc(C)cc1,311.0
*OCC1CCC(COC(=O)c2ccc(C(*)=O)cc2)CC1,368.0
*O[Si](*)(CC)CC,130.0
*c1ccc(C(=O)c2ccccc2N2C(=O)c3ccc(C(c4ccc5c(c4)C(=O)N(*)C5=O)(C(F)(F)F)C(F)(F)F)cc3C2=O)cc1,562.0
*c1ccc(-c2nnc(-c3cccc(-c4nnc(*)n4-c4ccccc4)c3)n2-c2ccccc2)cc1,543.0
*OC(=O)Oc1ccc(C2(c3ccc(*)cc3)CC3CC2C2CCCC32)cc1,520.0
*C(F)(F)C(*)(F)c1ccccc1,475.0
*CC(*)c1ccc(COCCC)cc1,295.0
*NCCCCCCCCCCC(*)=O,315.0
*CC(*)CC1CCCC1,333.0
*Cc1ccc(C*)c(CC)c1,298.0
*CC(*)CCCCC,220.0
*c1ccc(C(=O)c2cccc(N3C(=O)c4ccc(C(c5ccc6c(c5)C(=O)N(*)C6=O)(C(F)(F)F)C(F)(F)F)cc4C3=O)c2)cc1,561.0
*CC(*)(C)C(=O)OCCC(C)(C)C,318.0
*Oc1ccc(-c2ccc(Oc3ccc(S(=O)(=O)c4ccc(*)cc4)cc3)cc2)cc1,493.0
*C(=O)Nc1ccc(C2(c3ccc(NC(=O)c4ccc(C5(c6ccc(*)cc6)OC(=O)c6ccccc65)cc4)cc3)OC(=O)c3ccccc32)cc1,658.0
*C(F)(F)C(*)(F)C(F)(F)F,425.0
*CC(*)c1cc(C)cc(C)c1,377.0
*OCC(O)COc1cccc(NC(=O)CCCC(=O)Nc2cccc(*)c2)c1,384.0
*CC(*)CCC1CCCCC1,313.0
*CC(*)(C)C(=O)OC(C)C,327.0
*CC(*)(C#N)C(=O)OC,433.0
*CC(*)OC(=O)C(F)(F)F,319.0
*c1ccc(N2C(=O)c3ccc(Oc4ccc5c(c4)C(=O)N(*)C5=O)cc3C2=O)cc1,615.0
*CC(*)C(=O)OCCCCCCCC,208.0
*CC(*)c1ccccc1OCCCCCCCC,286.0
*CC=C(C*)CC,197.0
*NCCCCCCCCCCNC(=O)CCCCCCCCC(*)=O,319.0
*Cc1ccc(C*)c(C#N)c1,363.0
*O[Si](*)(C)C,152.0
*C(=O)Nc1ccc(C2(c3ccc(NC(=O)c4ccc(C5(c6ccc(*)cc6)OC(=O)c6ccccc65)cc4)cc3)NC(=O)c3ccccc32)cc1,673.0
*CC=C(C*)C(C)C,221.0
*CC1CC(*)OC(CCC)O1,324.0
*OC(=O)Oc1c(Cl)cc(C(C)(C)c2cc(Cl)c(*)c(Cl)c2)cc1Cl,503.0
*CC(*)(C)C(=O)OC(C)(C)C,380.0
*OC(=O)Oc1ccc(C(C)(CC)c2ccc(*)cc2C)c(C)c1,392.0
*CC(*)(Cl)C(=O)OC(C)CC,347.0
*CC(*)(C)C(=O)OCC(C)(C)C,306.0
*CCOC(=O)c1ccc(O*)cc1,355.0
*Cc1ccc(C*)c(C)c1,328.0
*CCCO*,195.0
*OC(=O)Oc1ccc(C(C)(C)c2ccc(*)cc2Cl)c(Cl)c1,419.0
*c1nc(C(F)(F)C(F)(F)OC(F)(F)F)nc(C(F)(F)C(F)(F)C(F)(F)C(*)(F)F)n1,255.0
*c1cccc(C(=O)c2cccc(N3C(=O)c4ccc(Oc5ccc(Sc6ccc(Oc7ccc8c(c7)C(=O)N(*)C8=O)cc6)cc5)cc4C3=O)c2)c1,473.0
*Oc1ccc(C(*)=O)cc1,420.0
*CC(*)C(=O)OC,281.0
*Oc1ccc(Oc2ccc(Oc3ccc4c(c3)C(=O)N(c3cccc(N5C(=O)c6ccc(*)cc6C5=O)c3)C4=O)cc2)cc1,500.0
*CC(*)CCC,223.0
