SMILES,Ei
*CCNC(*)=S,5.3628
*OC(F)(F)c1ccc(C(*)(F)F)cc1,7.7355
*C(=O)Oc1ccc(C(*)=S)s1,6.6347
*CNCO*,6.4057
*C(=O)C(F)(F)NC(*)(F)F,8.5584
*CCCCCOCO*,6.9158
*CCOC(=O)CCCCCCC(=O)O*,7.7636
*Oc1ccc(Cc2ccc(*)cc2)cc1,6.1428
*NOC(F)(F)C(*)(F)F,9.0368
*NC(=O)C(=S)c1ccc(*)cc1,6.5245
*C(=S)c1ccc(C(F)(F)C(*)(F)F)s1,6.7085
*Nc1ccc(NC(*)=S)s1,5.1241
*NCNC(=O)OC(=O)NC(*)=O,8.0251
*CC(=O)CC(*)=S,5.8877
*Cc1ccc(NC(*)=S)s1,5.7769
*NC(=O)c1ccc(-c2ccc(*)cc2)s1,5.5458
*Cc1ccc(Oc2ccc(*)s2)cc1,5.631
*NC(=O)OC(*)=O,8.2121
*Cc1ccc(C(=S)c2ccc(*)cc2)cc1,5.6687
*C(=O)C(F)(F)CC(*)(F)F,8.1829
*CCCc1ccc(*)cc1,5.9933
*C(=O)c1ccc(Oc2ccc(*)s2)cc1,6.1761
*Nc1ccc(-c2ccc(-c3ccc(*)s3)s2)s1,4.3058
*Oc1ccc(C(=S)c2ccc(*)cc2)s1,5.8629
*NC(=O)OC(*)=S,7.661
*CC(=O)c1ccc(-c2ccc(*)cc2)s1,6.0852
*Cc1ccc(-c2ccc(-c3ccc(*)s3)cc2)s1,5.2326
*OC(F)(F)NC(*)(F)F,9.067
*C(=O)c1ccc(OC(*)=S)s1,6.8199
*Nc1ccc(Nc2ccc(*)s2)s1,4.0261
*C(=S)c1ccc(C(=S)c2ccc(*)cc2)cc1,5.6051
*CCc1ccc(C(*)=S)s1,5.9475
*CNC(=S)c1ccc(*)cc1,5.75
*Oc1ccc(-c2ccc(C(*)=O)cc2)cc1,6.2671
*CC(=O)c1ccc(O*)s1,6.261
*C(=O)c1ccc(-c2ccc(C(*)=S)cc2)cc1,6.1599
*C(=S)C(F)(F)c1ccc(C(*)(F)F)cc1,6.9546
*CC(=O)N*,7.2525
*NC(=S)Nc1ccc(Cc2ccc(*)cc2)cc1,5.378
*Cc1ccc(C(=O)C(*)=S)s1,6.4325
*Oc1ccc(Oc2ccc(*)cc2)s1,5.9034
*Nc1ccc(C(=O)O*)s1,6.0364
*Cc1ccc(C(=O)c2ccc(*)cc2)cc1,6.6326
*NCC(F)(F)C(*)(F)F,8.2676
*CCC(O*)(C(F)(F)F)C(F)(F)F,8.3643
*Nc1ccc(Oc2ccc(*)s2)s1,5.4925
*CC(=O)OC(*)=S,6.7464
*OC(F)(F)CC(*)(F)F,9.6085
*c1cccc(*)n1,6.0452
*CCNc1ccc(*)cc1,4.8208
*Oc1ccc(C(=S)c2ccc(*)cc2)cc1,5.7685
*CNc1ccc(O*)cc1,5.1109
*C(=O)c1ccc(C(=S)c2ccc(*)s2)s1,6.205
*OCCCCONC(*)=O,6.4266
*C(=S)Oc1ccc(-c2ccc(*)s2)s1,5.7571
*C(=S)c1ccc(C(F)(F)C(*)(F)F)cc1,6.6143
*C(=O)c1ccc(C(=O)c2ccc(*)cc2)cc1,6.4709
*c1ccc(C(=O)C(F)(F)C(*)(F)F)cc1,7.7091
*NC(=O)NC(*)=S,7.159
*CCCCCCC(=O)N*,6.5849
*c1ccc(C(F)(F)CC(*)(F)F)cc1,7.0413
*CC(=O)NC(*)=O,5.8547
*NOC(=O)O*,7.9654
*Cc1ccc(C(=O)c2ccc(*)s2)s1,6.3555
*Cc1ccc(Nc2ccc(*)cc2)cc1,5.3392
*CC(=O)O*,8.2018
*OC(=S)c1ccc(C(*)=O)cc1,6.7625
*CC(=S)CO*,5.5936
*OC(=S)Oc1ccc(*)cc1,6.6287
*Cc1ccc(Nc2ccc(*)s2)cc1,5.4067
*Nc1ccc(*)cc1,4.9916
*CCC(=O)C(*)=S,6.4199
*C(=O)c1ccc(C(=O)C(*)=S)cc1,6.7765
*C(=S)OC(=S)c1ccc(*)cc1,6.5598
*c1ccc(-c2nc3cc4nc(*)oc4cc3o2)cc1,5.6689
*Nc1ccc(-c2ccc(-c3ccc(*)cc3)cc2)cc1,4.7817
*c1ccc(C(F)(F)c2ccc(C(*)(F)F)cc2)cc1,6.6407
*c1ccc(C(F)(F)c2ccc(C(*)(F)F)s2)s1,6.7826
*Cc1ccc(-c2ccc(-c3ccc(*)cc3)s2)cc1,5.3092
*Nc1ccc(C(=S)c2ccc(*)s2)s1,5.2424
*CCOC(=O)NCCOCCOCCNC(=O)O*,7.1012
*OC(=O)c1ccc(C(*)=O)s1,7.3658
*Cc1ccc(-c2ccc(-c3ccc(*)s3)s2)cc1,5.1679
*CCCC(*)=O,6.6298
*Cc1ccc(NO*)cc1,5.6115
*CCCc1ccc(*)s1,5.6976
*CNCc1ccc(*)cc1,6.259
*Oc1ccc(-c2ccc(-c3ccc(*)cc3)s2)cc1,5.1678
*C(=O)c1ccc(-c2ccc(-c3ccc(*)s3)s2)s1,5.3929
*CCC(=O)OC(=O)Cc1ccc(-c2ccc(*)cc2)cc1,6.1951
*COC(=O)O*,8.8314
*CC(=O)OC(*)=O,8.5901
*C(=S)c1ccc(-c2ccc(-c3ccc(*)cc3)s2)cc1,5.6674
*Oc1ccc(-c2ccc(C(*)=O)cc2)s1,6.028
*CCOC(=O)CCCCC(=O)O*,7.8277
*Oc1ccc(-c2ccc(-c3ccc(*)cc3)s2)s1,5.6406
*OCC(=S)c1ccc(C(=S)Cc2ccc(-c3ccc(*)cc3)cc2)s1,5.9175
*CNc1ccc(C(*)=O)s1,5.431
*CC(=S)C(=O)O*,6.5803
*CC(*)(F)F,8.1531
*c1ccc(-c2ccc(Oc3ccc(*)s3)s2)cc1,4.9968
*NC(=O)c1ccc(O*)cc1,6.7472
*c1ccc(-c2ccc(-c3ccc(-c4ccc(*)s4)s3)cc2)cc1,4.852
*CCc1ccc(O*)s1,5.5608
*Nc1ccc(-c2ccc(-c3ccc(*)s3)cc2)s1,4.3893
*Nc1ccc(OC(*)=S)cc1,5.9088
*Nc1ccc(-c2ccc(-c3ccc(*)s3)cc2)cc1,4.5131
*CCCCCC(=O)O*,7.458
*CC(=S)c1ccc(N*)cc1,5.6636
*Oc1ccc(-c2ccc(-c3ccc(*)cc3)cc2)s1,5.1012
*CCCO*,6.904
*CNON*,6.3414
*CC(=O)c1ccc(-c2ccc(*)cc2)cc1,6.2808
*CCOC(=S)NC(=S)c1ccc(N*)cc1,5.413
*CNc1ccc(-c2ccc(*)cc2)s1,5.4046
*CNc1ccc(N*)s1,4.8739
*CCc1ccc(-c2ccc(*)s2)s1,5.1709
*Cc1ccc(C(=O)O*)s1,6.8862
*C(=S)C(F)(F)NC(*)(F)F,7.8892
*NC(=O)c1ccc(-c2ccc(*)s2)cc1,6.1434
*CNCc1ccc(*)s1,5.8087
*c1ccc(C(F)(F)NC(*)(F)F)s1,7.3853
*NC(=S)Nc1ccc(NC(=S)Nc2ccc(Oc3ccc(*)cc3)cc2)cc1,5.9845
*CC(=O)Nc1ccc(*)cc1,5.8783
*C(=O)c1ccc(-c2ccc(C(*)=S)cc2)s1,6.0589
*Cc1ccc(Cc2ccc(*)cc2)cc1,6.2368
*Nc1ccc(C(=S)c2ccc(*)cc2)cc1,5.3904
*COc1ccc(-c2ccc(*)cc2)s1,5.3253
*CCc1ccc(C(*)=S)cc1,5.8549
*C(=S)CC(F)(F)C(*)(F)F,6.438
*NC(=S)c1ccc(O*)s1,6.1012
*Nc1ccc(Oc2ccc(*)cc2)cc1,4.8032
*CC(=O)C(=S)C(*)=O,6.8667
*CCON*,4.8207
*Cc1ccc(CC(*)=S)s1,5.8858
*CCCC(*)=S,5.7881
*CCC(F)(F)C(*)(F)F,9.0178
*c1ccc(-c2ccc(C(F)(F)C(*)(F)F)cc2)cc1,6.3228
*CCC(=O)c1ccc(*)s1,6.6564
*OC(=S)c1ccc(C(*)=O)s1,6.7886
*Cc1ccc(C(=S)c2ccc(*)s2)cc1,5.8109
*CC(=O)CO*,6.97
*Nc1ccc(-c2ccc(C(*)=S)s2)s1,5.3242
*C(F)C(*)(F)F,8.5986
*C(=O)c1ccc(-c2ccc(C(*)=S)s2)cc1,6.162
*Cc1ccc(Cc2ccc(*)s2)s1,5.797
*NC(=O)c1ccc(C(*)=S)s1,6.1268
*Cc1ccc(CO*)cc1,6.5689
*Nc1ccc(C(=S)c2ccc(*)cc2)s1,5.2303
*Nc1ccc(C(=O)c2ccc(*)s2)s1,5.2456
*Oc1ccc(-c2ccc(-c3ccc(*)cc3)cc2)cc1,5.5837
*CC(=O)c1ccc(-c2ccc(*)s2)cc1,5.9294
*Nc1ccc(-c2ccc(-c3ccc(*)s3)s2)cc1,4.896
*NC(=S)C(=O)O*,6.5527
*Cc1ccc(-c2ccc(O*)cc2)s1,5.4992
*Cc1ccc(C(=O)O*)cc1,7.179
*CCc1ccc(-c2ccc(*)s2)cc1,5.4079
*CONC(*)=O,7.3554
*CC(=S)c1ccc(C(*)=S)cc1,4.2727
*NC(=O)c1ccc(C(*)=O)s1,7.093
*OC(=S)C(F)(F)C(*)(F)F,7.093
*C(=S)C(F)(F)c1ccc(C(*)(F)F)s1,6.9673
*CC(*)C,6.185
*Oc1ccc(C(=O)c2ccc(*)cc2)cc1,6.383
*Nc1ccc(-c2ccc(C(*)=S)cc2)cc1,5.3872
*OC(=S)OC(*)=O,7.3548
*c1ccc2oc(-c3ccc4nc(*)oc4c3)nc2c1,5.6338
*CC(=O)NC(*)=S,5.8386
*Nc1ccc(-c2ccc(C(*)=O)s2)s1,5.182
*c1ccc(CC(F)(F)C(*)(F)F)s1,6.8904
*NC(=O)C(=S)C(*)=O,6.114
*NCCCNC(=O)NC(*)=O,6.8266
*CC(=O)c1ccc(O*)cc1,6.5457
*C(=S)Oc1ccc(-c2ccc(*)cc2)s1,5.9399
*CNOc1ccc(*)s1,5.578
*CC(=O)c1ccc(C(*)=O)s1,7.202
*NC(=O)c1ccc(C(*)=S)cc1,6.3279
*CCCCCOC(=O)Nc1ccc(C)c(NC(=O)O*)c1,5.1674
*COc1ccc(O*)cc1,5.8209
*c1ccc(-c2ccc(*)s2)s1,4.5257
*Cc1ccc(C(=O)C(*)=S)cc1,6.2998
*Cc1ccc(OC(*)=S)s1,6.155
*Cc1ccc(C*)cc1,6.2134
*Oc1ccc(C(F)(F)C(*)(F)F)cc1,6.9837
*OC(F)(F)C(=O)C(*)(F)F,8.7917
*C(=S)c1ccc(-c2ccc(-c3ccc(*)cc3)cc2)cc1,5.6338
*NC(=O)C(=S)c1ccc(*)s1,6.6147
*Nc1ccc(OC(*)=S)s1,5.6596
*C(=O)c1ccc(C(=O)C(*)=S)s1,6.8471
*CNOC(*)=S,6.7958
*C(=S)c1ccc(C(=S)c2ccc(*)cc2)s1,6.2119
*Oc1ccc(C(=O)c2ccc(C(=O)NOC(*)=O)s2)cc1,7.1656
*Oc1ccc(OC(*)=O)cc1,6.5915
*Cc1ccc(C(=O)N*)cc1,6.8713
*c1ccc(C(F)(F)CC(*)(F)F)s1,7.1393
*c1ccc(NC(F)(F)C(*)(F)F)cc1,6.1304
*C(=O)c1ccc(-c2ccc(-c3ccc(*)cc3)s2)cc1,5.8483
*CNc1ccc(N*)cc1,4.6919
*Cc1ccc(OC(*)=S)cc1,6.2998
*OC1C(CO)OC(*)C(O)C1O,6.8689
*CONO*,7.0389
*C(=O)c1ccc(-c2ccc(-c3ccc(*)cc3)cc2)cc1,5.9803
*Cc1ccc(C(=S)O*)cc1,6.2737
*Cc1ccc(CC(*)=S)cc1,5.9697
*CC(=O)C(=S)O*,6.719
*CC(=O)C(=S)c1ccc(*)cc1,6.263
*Cc1ccc(-c2ccc(N*)cc2)cc1,5.1363
*CNCC(*)=S,6.0922
*Cc1ccc(-c2ccc(N*)s2)s1,4.9311
*CCC(=S)O*,6.2041
*CCCCCOC(=O)O*,7.4318
*CC(=S)NO*,5.6761
*OC(=S)Oc1ccc(*)s1,6.1007
*c1ccc(-c2ccc(-c3ccc(-c4ccc(*)s4)cc3)cc2)cc1,5.1853
*Oc1ccc(Oc2ccc(*)s2)s1,5.0541
*Nc1ccc(NC(=O)NC(=O)NC(*)=O)s1,5.7225
*Cc1ccc(-c2ccc(C(*)=S)cc2)cc1,5.6651
*COCOCCCO*,7.1508
*C(=O)c1ccc(-c2ccc(-c3ccc(*)s3)cc2)cc1,5.9085
*c1ccc(-c2ccc(-c3ccc(-c4ccc(*)s4)s3)s2)cc1,4.7302
*c1ccc(*)cc1,5.0935
*c1ccc(NC(F)(F)C(*)(F)F)s1,5.871
*OC(F)(F)c1ccc(C(*)(F)F)s1,7.2935
*c1ccc(-c2ccc(C(=S)c3ccc(*)s3)s2)cc1,5.7103
*CNC(=S)O*,6.2178
*C(=O)C(F)(F)C(=O)C(*)(F)F,7.3587
*NC(=O)c1ccc(O*)s1,6.5697
*c1ccc(CC(F)(F)C(*)(F)F)cc1,7.001
*CNC(=O)NCOCO*,7.215
*NC(=O)NO*,7.4857
*OCC(F)(F)C(*)(F)F,9.8385
*Cc1ccc(NC(*)=S)cc1,5.8355
*Cc1ccc(-c2ccc(-c3ccc(*)cc3)cc2)cc1,5.528
*C(=S)C(=O)C(F)(F)C(*)(F)F,7.0732
*NC(=S)OC(*)=S,6.6502
*CCC(=O)c1ccc(*)cc1,6.8635
*CNC(=O)ONC(=O)NO*,7.4526
*c1ccc(-c2ccc(-c3ccc(-c4ccc(*)s4)cc3)s2)cc1,5.1637
*OC(F)(F)C(=S)C(*)(F)F,7.385
*CC(=O)Nc1ccc(*)s1,5.8021
*CNCCNC(=O)OC*,6.3844
*CC(=O)CC(*)=O,5.6663
*c1ccc(C(F)(F)c2ccc(C(*)(F)F)cc2)s1,6.4074
*Cc1ccc(-c2ccc(O*)s2)s1,5.2494
*Cc1ccc(CO*)s1,6.0202
*c1ccc(*)s1,4.5257
*Cc1ccc(C(=O)c2ccc(*)s2)cc1,6.578
*C(=S)C(=O)CCNc1ccc(C(=S)c2ccc(*)cc2)cc1,5.8838
*NC(=S)NC(*)=S,7.0636
*Sc1ccc(*)cc1,6.1739
*C(=O)c1ccc(OC(*)=S)cc1,6.7719
*OC(=O)c1ccc(C(*)=O)cc1,7.8184
*CNCN*,6.0806
*CC(=O)C(=S)c1ccc(*)s1,6.3305
*CNC(=S)c1ccc(*)s1,5.8964
*CC(CC(CC(CC(*)c1ccccc1)c1ccccc1)c1ccccc1)c1ccccc1,3.5577
*OC(=O)C(F)(F)C(*)(F)F,9.0985
*CCC(=O)O*,7.7853
*C(=O)c1ccc(C(=S)c2ccc(*)s2)cc1,6.3469
*OCCC(=O)CC(=O)Oc1ccc(*)cc1,6.7464
*Nc1cccc(C(*)=O)c1,6.1179
*COc1ccc(O*)s1,5.7358
*Nc1ccc(Nc2ccc(*)s2)cc1,4.9639
*Cc1ccc(-c2ccc(C(*)=S)cc2)s1,5.6896
*CC(CC(CC(*)c1ccccn1)c1ccccn1)c1ccccn1,6.2005
*C(=S)c1ccc(-c2ccc(-c3ccc(*)cc3)cc2)s1,5.7249
*CCOCCOC(=O)O*,7.5966
*Cc1ccc(-c2ccc(-c3ccc(*)s3)cc2)cc1,5.3793
*Nc1ccc(C(=O)O*)cc1,6.8988
*CC(O*)C(F)(F)F,7.9431
*Cc1ccc(Nc2ccc(*)s2)s1,5.2507
*CNCCCOCO*,6.3776
*CC(=S)c1ccc(O*)cc1,5.926
*Oc1ccc(C(=S)c2ccc(*)s2)s1,6.0778
*C(=O)c1ccc(-c2ccc(-c3ccc(*)s3)s2)cc1,5.5122
*Oc1ccc(-c2ccc(C(*)=O)s2)s1,5.5977
*c1ccc(C(=S)c2ccc(-c3ccc(*)s3)s2)cc1,5.643
*CCCCOC(=O)c1ccc(C(=O)O*)cc1,7.6583
*Nc1ccc(-c2ccc(C(*)=S)s2)cc1,5.6224
*C(=S)NC(F)(F)C(*)(F)F,6.3593
*CC(=O)c1ccc(C(*)=S)cc1,6.4748
*CNC(=S)N*,5.6855
*C(=O)Oc1ccc(C(*)=S)cc1,6.6755
*C(=O)c1ccc(C(=O)c2ccc(*)s2)s1,7.0438
*NC(=O)NC(*)=O,5.9087
*NC(=O)c1ccc(-c2ccc(*)cc2)cc1,5.7787
*c1ccc(C(=S)c2ccc(C(=S)C(=O)Nc3ccc(-c4ccc(*)s4)cc3)s2)s1,5.6233
*CNc1ccc(O*)s1,5.3042
*C(=O)CC(F)(F)C(*)(F)F,7.9225
*NC(=S)c1ccc(O*)cc1,5.884
*C(=O)c1ccc(NC(=S)Oc2ccc(Nc3ccc(*)s3)s2)s1,5.4902
*CCOC(=O)c1ccc(C(=O)O*)cc1,7.1539
*CC(=O)c1ccc(C(*)=O)cc1,7.293
*C(=S)c1ccc(-c2ccc(-c3ccc(*)s3)s2)s1,5.4248
*Nc1ccc(NC(=O)NONC(*)=O)s1,5.6948
*c1ccc(-c2ccc(C(F)(F)C(*)(F)F)cc2)s1,6.0965
*CCc1ccc(-c2ccc(*)cc2)cc1,5.6867
*Cc1ccc(Cc2ccc(*)s2)cc1,5.5737
*NC(F)(F)CC(*)(F)F,8.5515
*C(=O)NC(F)(F)C(*)(F)F,8.3456
*c1ccc(C(=O)C(F)(F)C(*)(F)F)s1,7.5565
*CC(=O)Cc1ccc(*)cc1,6.2518
*NC(=O)C(=S)O*,7.7235
*NC(=S)Nc1ccc(*)cc1,5.5113
*Cc1ccc(NO*)s1,5.1816
*NC(=O)Nc1ccc(*)s1,4.8361
*Cc1ccc(-c2ccc(C(*)=S)s2)cc1,5.8475
*CCC(=O)N*,6.8452
*CNCC(*)=O,6.367
*C(=O)c1ccc(C(=S)c2ccc(*)cc2)cc1,5.8604
*Oc1ccc(OC(*)=O)s1,5.9838
*NC(F)(F)NC(*)(F)F,8.5631
*Cc1ccc(-c2ccc(C(*)=S)s2)s1,5.7652
*CNCNC(=O)NC(=O)N*,6.2252
*Cc1ccc(-c2ccc(-c3ccc(*)s3)s2)s1,5.1385
*CC(=O)c1ccc(C(*)=S)s1,6.3101
*OC(=S)c1ccc(-c2ccc(*)cc2)cc1,5.9851
*CCCCCS*,5.7733
*CNC(=S)C(*)=O,6.3386
*CCc1ccc(O*)cc1,5.6727
*CC(=O)Oc1ccc(*)s1,6.077
*Nc1ccc(-c2ccc(-c3ccc(*)cc3)s2)cc1,4.4871
*CO*,7.5826
*NOC(=S)O*,7.5682
*CC(=S)c1ccc(O*)s1,5.946
*Cc1ccc(C(=S)O*)s1,6.4155
*CNc1ccc(C(*)=S)s1,5.3497
*Nc1ccc(-c2ccc(C(*)=S)cc2)s1,5.6909
*C(=O)c1ccc(Oc2ccc(*)s2)s1,6.3539
*Oc1ccc(CC(*)=O)cc1,6.3961
*Nc1ccc(C(=O)C(*)=S)cc1,6.3689
*Cc1ccc(C(=S)c2ccc(*)s2)s1,5.9541
*CCCOC(=O)CCCCCCCCOC(=O)CCCOC(=O)CCCCCCCCOC(*)=O,7.4162
*CC(=S)c1ccc(C(*)=S)s1,4.932
*CNC(=O)C(*)=S,7.0203
*CC(*)F,7.6332
*C(=S)C(F)(F)CC(*)(F)F,7.4545
*CNOc1ccc(*)cc1,5.7444
*c1ccc(-c2ccc(C(F)(F)C(*)(F)F)s2)s1,5.8176
*C(=O)c1ccc(-c2ccc(-c3ccc(*)s3)cc2)s1,5.7571
*CCCCCCNC(=S)Nc1ccc(NC(=S)N*)cc1,5.4552
*Nc1ccc(C(=O)c2ccc(*)s2)cc1,5.4547
*NOC(=O)NCC(=O)NC(*)=O,8.0693
*C(=S)OC(=S)c1ccc(*)s1,6.3892
*Oc1ccc(-c2ccc(C(*)=O)s2)cc1,5.7839
*CC(=O)Cc1ccc(*)s1,6.0343
*OC(=O)C(=S)C(*)=O,7.4364
*CCOCCOC(=O)Nc1ccc(C)c(NC(=O)O*)c1,5.1123
*CC(=O)c1ccc(-c2ccc(*)s2)s1,5.6786
*C(=O)c1ccc(-c2ccc(C(*)=S)s2)s1,6.113
*COC(=S)O*,6.8707
*CNC(=O)c1ccc(*)s1,6.3237
*c1ccc(C(F)(F)NC(*)(F)F)cc1,7.2657
*Nc1ccc(C(=O)C(*)=S)s1,6.311
*NC(=S)NO*,5.7438
*Nc1ccc(Oc2ccc(*)s2)cc1,5.3817
*OC(=O)OC(*)=O,7.4502
*CCO*,7.0344
*NC(=O)Oc1ccc(*)cc1,5.9392
*CCNc1ccc(*)s1,4.6632
*NC(=O)NC(=O)c1ccc(C(=S)c2ccc(-c3ccc(*)s3)s2)s1,5.1795
*CCCN*,5.8246
*Oc1ccc(C(F)(F)C(*)(F)F)s1,6.8728
*CNc1ccc(-c2ccc(*)s2)cc1,5.0179
*NC(=O)Oc1ccc(*)s1,5.369
*Oc1ccc(-c2ccc(-c3ccc(*)s3)s2)s1,4.7769
*NC(=O)c1ccc(NC(=S)c2ccc(Nc3ccc(*)cc3)cc2)s1,5.2813
*C(=O)c1ccc(C(=O)c2ccc(*)s2)cc1,7.268
*Cc1ccc(Oc2ccc(*)s2)s1,5.8606
*c1ccc(OC(=S)c2ccc(*)s2)cc1,5.9615
