PEGA,HEA,TFEA,MSEA,HexaFOEA,NonaFOEA,%PEGA,%HEA,%TFEA,%MSEA,%HexaFOEA,%NonaFOEA,Weight % Fluorine,19F NMR Signal-to-Noise Ratioa
C=CC(=O)OCCOCCOCCOCCOCCOCCOCCOCCOCCOC,C=CC(=O)OCCO,C=CC(=O)OCC(F)(F)F,C=CC(=O)OCC[S@](C)=O,C=CC(=O)OCCOC(C(F)(F)F)C(F)(F)F,C=CC(=O)OCCOC(C(F)(F)F)(C(F)(F)F)C(F)(F)F,0.4,0.1,0.0,0.0,0.2,0.3,0.2074590051486789,74.0
C=CC(=O)OCCOCCOCCOCCOCCOCCOCCOCCOCCOC,C=CC(=O)OCCO,C=CC(=O)OCC(F)(F)F,C=CC(=O)OCC[S@](C)=O,C=CC(=O)OCCOC(C(F)(F)F)C(F)(F)F,C=CC(=O)OCCOC(C(F)(F)F)(C(F)(F)F)C(F)(F)F,0.25,0.15,0.1,0.15,0.0,0.35,0.2228451082014139,88.0
C=CC(=O)OCCOCCOCCOCCOCCOCCOCCOCCOCCOC,C=CC(=O)OCCO,C=CC(=O)OCC(F)(F)F,C=CC(=O)OCC[S@](C)=O,C=CC(=O)OCCOC(C(F)(F)F)C(F)(F)F,C=CC(=O)OCCOC(C(F)(F)F)(C(F)(F)F)C(F)(F)F,0.3,0.1,0.0,0.1,0.2,0.3,0.2277316270364462,74.0
C=CC(=O)OCCOCCOCCOCCOCCOCCOCCOCCOCCOC,C=CC(=O)OCCO,C=CC(=O)OCC(F)(F)F,C=CC(=O)OCC[S@](C)=O,C=CC(=O)OCCOC(C(F)(F)F)C(F)(F)F,C=CC(=O)OCCOC(C(F)(F)F)(C(F)(F)F)C(F)(F)F,0.5,0.1,0.0,0.0,0.4,0.0,0.1273234434290213,81.0
C=CC(=O)OCCOCCOCCOCCOCCOCCOCCOCCOCCOC,C=CC(=O)OCCO,C=CC(=O)OCC(F)(F)F,C=CC(=O)OCC[S@](C)=O,C=CC(=O)OCCOC(C(F)(F)F)C(F)(F)F,C=CC(=O)OCCOC(C(F)(F)F)(C(F)(F)F)C(F)(F)F,0.3,0.0,0.1,0.25,0.0,0.35,0.2068227855290309,79.0
C=CC(=O)OCCOCCOCCOCCOCCOCCOCCOCCOCCOC,C=CC(=O)OCCO,C=CC(=O)OCC(F)(F)F,C=CC(=O)OCC[S@](C)=O,C=CC(=O)OCCOC(C(F)(F)F)C(F)(F)F,C=CC(=O)OCCOC(C(F)(F)F)(C(F)(F)F)C(F)(F)F,0.2,0.1,0.1,0.3,0.1,0.2,0.1934877966907175,64.0
C=CC(=O)OCCOCCOCCOCCOCCOCCOCCOCCOCCOC,C=CC(=O)OCCO,C=CC(=O)OCC(F)(F)F,C=CC(=O)OCC[S@](C)=O,C=CC(=O)OCCOC(C(F)(F)F)C(F)(F)F,C=CC(=O)OCCOC(C(F)(F)F)(C(F)(F)F)C(F)(F)F,0.3,0.0,0.0,0.3,0.4,0.0,0.1524349477174872,79.2
C=CC(=O)OCCOCCOCCOCCOCCOCCOCCOCCOCCOC,C=CC(=O)OCCO,C=CC(=O)OCC(F)(F)F,C=CC(=O)OCC[S@](C)=O,C=CC(=O)OCCOC(C(F)(F)F)C(F)(F)F,C=CC(=O)OCCOC(C(F)(F)F)(C(F)(F)F)C(F)(F)F,0.3,0.2,0.05,0.15,0.05,0.25,0.1732323880405492,64.0
C=CC(=O)OCCOCCOCCOCCOCCOCCOCCOCCOCCOC,C=CC(=O)OCCO,C=CC(=O)OCC(F)(F)F,C=CC(=O)OCC[S@](C)=O,C=CC(=O)OCCOC(C(F)(F)F)C(F)(F)F,C=CC(=O)OCCOC(C(F)(F)F)(C(F)(F)F)C(F)(F)F,0.15,0.0,0.05,0.25,0.55,0.0,0.245785463599004,101.0
C=CC(=O)OCCOCCOCCOCCOCCOCCOCCOCCOCCOC,C=CC(=O)OCCO,C=CC(=O)OCC(F)(F)F,C=CC(=O)OCC[S@](C)=O,C=CC(=O)OCCOC(C(F)(F)F)C(F)(F)F,C=CC(=O)OCCOC(C(F)(F)F)(C(F)(F)F)C(F)(F)F,0.2,0.0,0.1,0.2,0.5,0.0,0.2263685004801756,63.2
C=CC(=O)OCCOCCOCCOCCOCCOCCOCCOCCOCCOC,C=CC(=O)OCCO,C=CC(=O)OCC(F)(F)F,C=CC(=O)OCC[S@](C)=O,C=CC(=O)OCCOC(C(F)(F)F)C(F)(F)F,C=CC(=O)OCCOC(C(F)(F)F)(C(F)(F)F)C(F)(F)F,0.35,0.0,0.1,0.1,0.4,0.05,0.1853733173925702,62.0
C=CC(=O)OCCOCCOCCOCCOCCOCCOCCOCCOCCOC,C=CC(=O)OCCO,C=CC(=O)OCC(F)(F)F,C=CC(=O)OCC[S@](C)=O,C=CC(=O)OCCOC(C(F)(F)F)C(F)(F)F,C=CC(=O)OCCOC(C(F)(F)F)(C(F)(F)F)C(F)(F)F,0.3,0.2,0.0,0.05,0.4,0.05,0.1813626818232057,79.0
C=CC(=O)OCCOCCOCCOCCOCCOCCOCCOCCOCCOC,C=CC(=O)OCCO,C=CC(=O)OCC(F)(F)F,C=CC(=O)OCC[S@](C)=O,C=CC(=O)OCCOC(C(F)(F)F)C(F)(F)F,C=CC(=O)OCCOC(C(F)(F)F)(C(F)(F)F)C(F)(F)F,0.2,0.3,0.0,0.0,0.5,0.0,0.2159107265964136,103.0
C=CC(=O)OCCOCCOCCOCCOCCOCCOCCOCCOCCOC,C=CC(=O)OCCO,C=CC(=O)OCC(F)(F)F,C=CC(=O)OCC[S@](C)=O,C=CC(=O)OCCOC(C(F)(F)F)C(F)(F)F,C=CC(=O)OCCOC(C(F)(F)F)(C(F)(F)F)C(F)(F)F,0.2,0.0,0.0,0.25,0.5,0.05,0.2288820916785385,81.0
C=CC(=O)OCCOCCOCCOCCOCCOCCOCCOCCOCCOC,C=CC(=O)OCCO,C=CC(=O)OCC(F)(F)F,C=CC(=O)OCC[S@](C)=O,C=CC(=O)OCCOC(C(F)(F)F)C(F)(F)F,C=CC(=O)OCCOC(C(F)(F)F)(C(F)(F)F)C(F)(F)F,0.2,0.0,0.2,0.2,0.2,0.2,0.2448453608247423,61.0
C=CC(=O)OCCOCCOCCOCCOCCOCCOCCOCCOCCOC,C=CC(=O)OCCO,C=CC(=O)OCC(F)(F)F,C=CC(=O)OCC[S@](C)=O,C=CC(=O)OCCOC(C(F)(F)F)C(F)(F)F,C=CC(=O)OCCOC(C(F)(F)F)(C(F)(F)F)C(F)(F)F,0.25,0.1,0.05,0.0,0.6,0.0,0.2382038925023444,108.0
C=CC(=O)OCCOCCOCCOCCOCCOCCOCCOCCOCCOC,C=CC(=O)OCCO,C=CC(=O)OCC(F)(F)F,C=CC(=O)OCC[S@](C)=O,C=CC(=O)OCCOC(C(F)(F)F)C(F)(F)F,C=CC(=O)OCCOC(C(F)(F)F)(C(F)(F)F)C(F)(F)F,0.4,0.0,0.0,0.0,0.6,0.0,0.194429757986117,109.0
C=CC(=O)OCCOCCOCCOCCOCCOCCOCCOCCOCCOC,C=CC(=O)OCCO,C=CC(=O)OCC(F)(F)F,C=CC(=O)OCC[S@](C)=O,C=CC(=O)OCCOC(C(F)(F)F)C(F)(F)F,C=CC(=O)OCCOC(C(F)(F)F)(C(F)(F)F)C(F)(F)F,0.4,0.0,0.0,0.4,0.0,0.2,0.1056586053064099,46.0
C=CC(=O)OCCOCCOCCOCCOCCOCCOCCOCCOCCOC,C=CC(=O)OCCO,C=CC(=O)OCC(F)(F)F,C=CC(=O)OCC[S@](C)=O,C=CC(=O)OCCOC(C(F)(F)F)C(F)(F)F,C=CC(=O)OCCOC(C(F)(F)F)(C(F)(F)F)C(F)(F)F,0.6,0.0,0.4,0.0,0.0,0.0,0.0652106762461531,33.0
C=CC(=O)OCCOCCOCCOCCOCCOCCOCCOCCOCCOC,C=CC(=O)OCCO,C=CC(=O)OCC(F)(F)F,C=CC(=O)OCC[S@](C)=O,C=CC(=O)OCCOC(C(F)(F)F)C(F)(F)F,C=CC(=O)OCCOC(C(F)(F)F)(C(F)(F)F)C(F)(F)F,0.2,0.1,0.0,0.3,0.1,0.3,0.2214311444493886,73.0
C=CC(=O)OCCOCCOCCOCCOCCOCCOCCOCCOCCOC,C=CC(=O)OCCO,C=CC(=O)OCC(F)(F)F,C=CC(=O)OCC[S@](C)=O,C=CC(=O)OCCOC(C(F)(F)F)C(F)(F)F,C=CC(=O)OCCOC(C(F)(F)F)(C(F)(F)F)C(F)(F)F,0.3,0.3,0.1,0.0,0.3,0.0,0.1455455404335725,73.0
C=CC(=O)OCCOCCOCCOCCOCCOCCOCCOCCOCCOC,C=CC(=O)OCCO,C=CC(=O)OCC(F)(F)F,C=CC(=O)OCC[S@](C)=O,C=CC(=O)OCCOC(C(F)(F)F)C(F)(F)F,C=CC(=O)OCCOC(C(F)(F)F)(C(F)(F)F)C(F)(F)F,0.1,0.6,0.0,0.2,0.1,0.0,0.0645135733162806,38.5
C=CC(=O)OCCOCCOCCOCCOCCOCCOCCOCCOCCOC,C=CC(=O)OCCO,C=CC(=O)OCC(F)(F)F,C=CC(=O)OCC[S@](C)=O,C=CC(=O)OCCOC(C(F)(F)F)C(F)(F)F,C=CC(=O)OCCOC(C(F)(F)F)(C(F)(F)F)C(F)(F)F,0.35,0.0,0.4,0.25,0.0,0.0,0.0843988065712614,37.0
C=CC(=O)OCCOCCOCCOCCOCCOCCOCCOCCOCCOC,C=CC(=O)OCCO,C=CC(=O)OCC(F)(F)F,C=CC(=O)OCC[S@](C)=O,C=CC(=O)OCCOC(C(F)(F)F)C(F)(F)F,C=CC(=O)OCCOC(C(F)(F)F)(C(F)(F)F)C(F)(F)F,0.5,0.1,0.4,0.0,0.0,0.0,0.0727860123161594,36.8
C=CC(=O)OCCOCCOCCOCCOCCOCCOCCOCCOCCOC,C=CC(=O)OCCO,C=CC(=O)OCC(F)(F)F,C=CC(=O)OCC[S@](C)=O,C=CC(=O)OCCOC(C(F)(F)F)C(F)(F)F,C=CC(=O)OCCOC(C(F)(F)F)(C(F)(F)F)C(F)(F)F,0.0,0.0,0.0,0.7,0.2,0.1,0.1993724016629357,42.0
C=CC(=O)OCCOCCOCCOCCOCCOCCOCCOCCOCCOC,C=CC(=O)OCCO,C=CC(=O)OCC(F)(F)F,C=CC(=O)OCC[S@](C)=O,C=CC(=O)OCCOC(C(F)(F)F)C(F)(F)F,C=CC(=O)OCCOC(C(F)(F)F)(C(F)(F)F)C(F)(F)F,0.2,0.4,0.1,0.0,0.1,0.2,0.204094623519021,71.0
C=CC(=O)OCCOCCOCCOCCOCCOCCOCCOCCOCCOC,C=CC(=O)OCCO,C=CC(=O)OCC(F)(F)F,C=CC(=O)OCC[S@](C)=O,C=CC(=O)OCCOC(C(F)(F)F)C(F)(F)F,C=CC(=O)OCCOC(C(F)(F)F)(C(F)(F)F)C(F)(F)F,0.5,0.1,0.0,0.0,0.1,0.3,0.1656337670983182,71.5
C=CC(=O)OCCOCCOCCOCCOCCOCCOCCOCCOCCOC,C=CC(=O)OCCO,C=CC(=O)OCC(F)(F)F,C=CC(=O)OCC[S@](C)=O,C=CC(=O)OCCOC(C(F)(F)F)C(F)(F)F,C=CC(=O)OCCOC(C(F)(F)F)(C(F)(F)F)C(F)(F)F,0.3,0.15,0.0,0.1,0.0,0.45,0.2345510990677394,84.0
C=CC(=O)OCCOCCOCCOCCOCCOCCOCCOCCOCCOC,C=CC(=O)OCCO,C=CC(=O)OCC(F)(F)F,C=CC(=O)OCC[S@](C)=O,C=CC(=O)OCCOC(C(F)(F)F)C(F)(F)F,C=CC(=O)OCCOC(C(F)(F)F)(C(F)(F)F)C(F)(F)F,0.7,0.0,0.3,0.0,0.0,0.0,0.0447378128703623,27.0
C=CC(=O)OCCOCCOCCOCCOCCOCCOCCOCCOCCOC,C=CC(=O)OCCO,C=CC(=O)OCC(F)(F)F,C=CC(=O)OCC[S@](C)=O,C=CC(=O)OCCOC(C(F)(F)F)C(F)(F)F,C=CC(=O)OCCOC(C(F)(F)F)(C(F)(F)F)C(F)(F)F,0.4,0.0,0.0,0.2,0.2,0.2,0.1654370149357698,52.7
C=CC(=O)OCCOCCOCCOCCOCCOCCOCCOCCOCCOC,C=CC(=O)OCCO,C=CC(=O)OCC(F)(F)F,C=CC(=O)OCC[S@](C)=O,C=CC(=O)OCCOC(C(F)(F)F)C(F)(F)F,C=CC(=O)OCCOC(C(F)(F)F)(C(F)(F)F)C(F)(F)F,0.4,0.0,0.0,0.1,0.2,0.3,0.2048251384850126,67.0
C=CC(=O)OCCOCCOCCOCCOCCOCCOCCOCCOCCOC,C=CC(=O)OCCO,C=CC(=O)OCC(F)(F)F,C=CC(=O)OCC[S@](C)=O,C=CC(=O)OCCOC(C(F)(F)F)C(F)(F)F,C=CC(=O)OCCOC(C(F)(F)F)(C(F)(F)F)C(F)(F)F,0.2,0.3,0.0,0.2,0.0,0.3,0.1946551416656864,80.0
C=CC(=O)OCCOCCOCCOCCOCCOCCOCCOCCOCCOC,C=CC(=O)OCCO,C=CC(=O)OCC(F)(F)F,C=CC(=O)OCC[S@](C)=O,C=CC(=O)OCCOC(C(F)(F)F)C(F)(F)F,C=CC(=O)OCCOC(C(F)(F)F)(C(F)(F)F)C(F)(F)F,0.1,0.35,0.0,0.25,0.0,0.3,0.2235776343917315,79.0
C=CC(=O)OCCOCCOCCOCCOCCOCCOCCOCCOCCOC,C=CC(=O)OCCO,C=CC(=O)OCC(F)(F)F,C=CC(=O)OCC[S@](C)=O,C=CC(=O)OCCOC(C(F)(F)F)C(F)(F)F,C=CC(=O)OCCOC(C(F)(F)F)(C(F)(F)F)C(F)(F)F,0.0,0.2,0.0,0.5,0.2,0.1,0.2089639785903573,41.7
C=CC(=O)OCCOCCOCCOCCOCCOCCOCCOCCOCCOC,C=CC(=O)OCCO,C=CC(=O)OCC(F)(F)F,C=CC(=O)OCC[S@](C)=O,C=CC(=O)OCCOC(C(F)(F)F)C(F)(F)F,C=CC(=O)OCCOC(C(F)(F)F)(C(F)(F)F)C(F)(F)F,0.4,0.1,0.1,0.0,0.3,0.1,0.171504394424001,52.0
C=CC(=O)OCCOCCOCCOCCOCCOCCOCCOCCOCCOC,C=CC(=O)OCCO,C=CC(=O)OCC(F)(F)F,C=CC(=O)OCC[S@](C)=O,C=CC(=O)OCCOC(C(F)(F)F)C(F)(F)F,C=CC(=O)OCCOC(C(F)(F)F)(C(F)(F)F)C(F)(F)F,0.15,0.1,0.0,0.2,0.55,0.0,0.238856687892023,92.0
C=CC(=O)OCCOCCOCCOCCOCCOCCOCCOCCOCCOC,C=CC(=O)OCCO,C=CC(=O)OCC(F)(F)F,C=CC(=O)OCC[S@](C)=O,C=CC(=O)OCCOC(C(F)(F)F)C(F)(F)F,C=CC(=O)OCCOC(C(F)(F)F)(C(F)(F)F)C(F)(F)F,0.7,0.0,0.0,0.0,0.0,0.3,0.1175791080490119,56.0
C=CC(=O)OCCOCCOCCOCCOCCOCCOCCOCCOCCOC,C=CC(=O)OCCO,C=CC(=O)OCC(F)(F)F,C=CC(=O)OCC[S@](C)=O,C=CC(=O)OCCOC(C(F)(F)F)C(F)(F)F,C=CC(=O)OCCOC(C(F)(F)F)(C(F)(F)F)C(F)(F)F,0.4,0.0,0.1,0.1,0.4,0.0,0.1553862696693876,73.8
C=CC(=O)OCCOCCOCCOCCOCCOCCOCCOCCOCCOC,C=CC(=O)OCCO,C=CC(=O)OCC(F)(F)F,C=CC(=O)OCC[S@](C)=O,C=CC(=O)OCCOC(C(F)(F)F)C(F)(F)F,C=CC(=O)OCCOC(C(F)(F)F)(C(F)(F)F)C(F)(F)F,0.0,0.1,0.1,0.5,0.2,0.1,0.2341583649994865,47.0
C=CC(=O)OCCOCCOCCOCCOCCOCCOCCOCCOCCOC,C=CC(=O)OCCO,C=CC(=O)OCC(F)(F)F,C=CC(=O)OCC[S@](C)=O,C=CC(=O)OCCOC(C(F)(F)F)C(F)(F)F,C=CC(=O)OCCOC(C(F)(F)F)(C(F)(F)F)C(F)(F)F,0.8,0.05,0.05,0.0,0.05,0.05,0.0399959302386774,17.0
C=CC(=O)OCCOCCOCCOCCOCCOCCOCCOCCOCCOC,C=CC(=O)OCCO,C=CC(=O)OCC(F)(F)F,C=CC(=O)OCC[S@](C)=O,C=CC(=O)OCCOC(C(F)(F)F)C(F)(F)F,C=CC(=O)OCCOC(C(F)(F)F)(C(F)(F)F)C(F)(F)F,0.5,0.0,0.0,0.1,0.0,0.4,0.17541160178489,85.0
C=CC(=O)OCCOCCOCCOCCOCCOCCOCCOCCOCCOC,C=CC(=O)OCCO,C=CC(=O)OCC(F)(F)F,C=CC(=O)OCC[S@](C)=O,C=CC(=O)OCCOC(C(F)(F)F)C(F)(F)F,C=CC(=O)OCCOC(C(F)(F)F)(C(F)(F)F)C(F)(F)F,0.3,0.2,0.05,0.0,0.1,0.35,0.2325957338615129,90.0
C=CC(=O)OCCOCCOCCOCCOCCOCCOCCOCCOCCOC,C=CC(=O)OCCO,C=CC(=O)OCC(F)(F)F,C=CC(=O)OCC[S@](C)=O,C=CC(=O)OCCOC(C(F)(F)F)C(F)(F)F,C=CC(=O)OCCOC(C(F)(F)F)(C(F)(F)F)C(F)(F)F,0.25,0.1,0.35,0.0,0.15,0.15,0.2274681381351966,48.0
C=CC(=O)OCCOCCOCCOCCOCCOCCOCCOCCOCCOC,C=CC(=O)OCCO,C=CC(=O)OCC(F)(F)F,C=CC(=O)OCC[S@](C)=O,C=CC(=O)OCCOC(C(F)(F)F)C(F)(F)F,C=CC(=O)OCCOC(C(F)(F)F)(C(F)(F)F)C(F)(F)F,0.6,0.0,0.0,0.0,0.4,0.0,0.1155799783034075,69.0
C=CC(=O)OCCOCCOCCOCCOCCOCCOCCOCCOCCOC,C=CC(=O)OCCO,C=CC(=O)OCC(F)(F)F,C=CC(=O)OCC[S@](C)=O,C=CC(=O)OCCOC(C(F)(F)F)C(F)(F)F,C=CC(=O)OCCOC(C(F)(F)F)(C(F)(F)F)C(F)(F)F,0.3,0.1,0.1,0.1,0.0,0.4,0.230869890329013,96.6
C=CC(=O)OCCOCCOCCOCCOCCOCCOCCOCCOCCOC,C=CC(=O)OCCO,C=CC(=O)OCC(F)(F)F,C=CC(=O)OCC[S@](C)=O,C=CC(=O)OCCOC(C(F)(F)F)C(F)(F)F,C=CC(=O)OCCOC(C(F)(F)F)(C(F)(F)F)C(F)(F)F,0.3,0.5,0.0,0.0,0.0,0.2,0.1271739494204661,61.0
C=CC(=O)OCCOCCOCCOCCOCCOCCOCCOCCOCCOC,C=CC(=O)OCCO,C=CC(=O)OCC(F)(F)F,C=CC(=O)OCC[S@](C)=O,C=CC(=O)OCCOC(C(F)(F)F)C(F)(F)F,C=CC(=O)OCCOC(C(F)(F)F)(C(F)(F)F)C(F)(F)F,0.1,0.15,0.0,0.35,0.4,0.0,0.1994205433772481,84.0
C=CC(=O)OCCOCCOCCOCCOCCOCCOCCOCCOCCOC,C=CC(=O)OCCO,C=CC(=O)OCC(F)(F)F,C=CC(=O)OCC[S@](C)=O,C=CC(=O)OCCOC(C(F)(F)F)C(F)(F)F,C=CC(=O)OCCOC(C(F)(F)F)(C(F)(F)F)C(F)(F)F,0.4,0.3,0.0,0.0,0.3,0.0,0.1114979852118461,60.0
C=CC(=O)OCCOCCOCCOCCOCCOCCOCCOCCOCCOC,C=CC(=O)OCCO,C=CC(=O)OCC(F)(F)F,C=CC(=O)OCC[S@](C)=O,C=CC(=O)OCCOC(C(F)(F)F)C(F)(F)F,C=CC(=O)OCCOC(C(F)(F)F)(C(F)(F)F)C(F)(F)F,0.4,0.1,0.0,0.0,0.3,0.2,0.1952177362733962,49.0
C=CC(=O)OCCOCCOCCOCCOCCOCCOCCOCCOCCOC,C=CC(=O)OCCO,C=CC(=O)OCC(F)(F)F,C=CC(=O)OCC[S@](C)=O,C=CC(=O)OCCOC(C(F)(F)F)C(F)(F)F,C=CC(=O)OCCOC(C(F)(F)F)(C(F)(F)F)C(F)(F)F,0.5,0.0,0.0,0.25,0.0,0.25,0.1174144110740328,56.0
C=CC(=O)OCCOCCOCCOCCOCCOCCOCCOCCOCCOC,C=CC(=O)OCCO,C=CC(=O)OCC(F)(F)F,C=CC(=O)OCC[S@](C)=O,C=CC(=O)OCCOC(C(F)(F)F)C(F)(F)F,C=CC(=O)OCCOC(C(F)(F)F)(C(F)(F)F)C(F)(F)F,0.1,0.25,0.0,0.3,0.0,0.35,0.2466429158673609,84.0
C=CC(=O)OCCOCCOCCOCCOCCOCCOCCOCCOCCOC,C=CC(=O)OCCO,C=CC(=O)OCC(F)(F)F,C=CC(=O)OCC[S@](C)=O,C=CC(=O)OCCOC(C(F)(F)F)C(F)(F)F,C=CC(=O)OCCOC(C(F)(F)F)(C(F)(F)F)C(F)(F)F,0.25,0.2,0.0,0.05,0.15,0.35,0.2496006227851797,98.0
C=CC(=O)OCCOCCOCCOCCOCCOCCOCCOCCOCCOC,C=CC(=O)OCCO,C=CC(=O)OCC(F)(F)F,C=CC(=O)OCC[S@](C)=O,C=CC(=O)OCCOC(C(F)(F)F)C(F)(F)F,C=CC(=O)OCCOC(C(F)(F)F)(C(F)(F)F)C(F)(F)F,0.3,0.0,0.0,0.3,0.0,0.4,0.2095922144459289,78.0
C=CC(=O)OCCOCCOCCOCCOCCOCCOCCOCCOCCOC,C=CC(=O)OCCO,C=CC(=O)OCC(F)(F)F,C=CC(=O)OCC[S@](C)=O,C=CC(=O)OCCOC(C(F)(F)F)C(F)(F)F,C=CC(=O)OCCOC(C(F)(F)F)(C(F)(F)F)C(F)(F)F,0.4,0.1,0.1,0.0,0.05,0.35,0.2039469823718246,77.0
C=CC(=O)OCCOCCOCCOCCOCCOCCOCCOCCOCCOC,C=CC(=O)OCCO,C=CC(=O)OCC(F)(F)F,C=CC(=O)OCC[S@](C)=O,C=CC(=O)OCCOC(C(F)(F)F)C(F)(F)F,C=CC(=O)OCCOC(C(F)(F)F)(C(F)(F)F)C(F)(F)F,0.15,0.15,0.4,0.2,0.1,0.0,0.1627846649229986,41.0
C=CC(=O)OCCOCCOCCOCCOCCOCCOCCOCCOCCOC,C=CC(=O)OCCO,C=CC(=O)OCC(F)(F)F,C=CC(=O)OCC[S@](C)=O,C=CC(=O)OCCOC(C(F)(F)F)C(F)(F)F,C=CC(=O)OCCOC(C(F)(F)F)(C(F)(F)F)C(F)(F)F,0.35,0.0,0.0,0.2,0.15,0.3,0.2007870028576922,60.0
C=CC(=O)OCCOCCOCCOCCOCCOCCOCCOCCOCCOC,C=CC(=O)OCCO,C=CC(=O)OCC(F)(F)F,C=CC(=O)OCC[S@](C)=O,C=CC(=O)OCCOC(C(F)(F)F)C(F)(F)F,C=CC(=O)OCCOC(C(F)(F)F)(C(F)(F)F)C(F)(F)F,0.3,0.1,0.0,0.3,0.3,0.0,0.120370826616735,57.0
C=CC(=O)OCCOCCOCCOCCOCCOCCOCCOCCOCCOC,C=CC(=O)OCCO,C=CC(=O)OCC(F)(F)F,C=CC(=O)OCC[S@](C)=O,C=CC(=O)OCCOC(C(F)(F)F)C(F)(F)F,C=CC(=O)OCCOC(C(F)(F)F)(C(F)(F)F)C(F)(F)F,0.1,0.0,0.0,0.55,0.0,0.35,0.2354991913937538,86.0
C=CC(=O)OCCOCCOCCOCCOCCOCCOCCOCCOCCOC,C=CC(=O)OCCO,C=CC(=O)OCC(F)(F)F,C=CC(=O)OCC[S@](C)=O,C=CC(=O)OCCOC(C(F)(F)F)C(F)(F)F,C=CC(=O)OCCOC(C(F)(F)F)(C(F)(F)F)C(F)(F)F,0.2,0.05,0.1,0.2,0.05,0.4,0.2689812083930227,85.0
C=CC(=O)OCCOCCOCCOCCOCCOCCOCCOCCOCCOC,C=CC(=O)OCCO,C=CC(=O)OCC(F)(F)F,C=CC(=O)OCC[S@](C)=O,C=CC(=O)OCCOC(C(F)(F)F)C(F)(F)F,C=CC(=O)OCCOC(C(F)(F)F)(C(F)(F)F)C(F)(F)F,0.4,0.0,0.2,0.0,0.0,0.4,0.2238090163060855,85.1
C=CC(=O)OCCOCCOCCOCCOCCOCCOCCOCCOCCOC,C=CC(=O)OCCO,C=CC(=O)OCC(F)(F)F,C=CC(=O)OCC[S@](C)=O,C=CC(=O)OCCOC(C(F)(F)F)C(F)(F)F,C=CC(=O)OCCOC(C(F)(F)F)(C(F)(F)F)C(F)(F)F,0.2,0.3,0.0,0.05,0.1,0.35,0.2521347408054865,80.0
C=CC(=O)OCCOCCOCCOCCOCCOCCOCCOCCOCCOC,C=CC(=O)OCCO,C=CC(=O)OCC(F)(F)F,C=CC(=O)OCC[S@](C)=O,C=CC(=O)OCCOC(C(F)(F)F)C(F)(F)F,C=CC(=O)OCCOC(C(F)(F)F)(C(F)(F)F)C(F)(F)F,0.25,0.0,0.0,0.25,0.1,0.4,0.248691874507213,91.0
C=CC(=O)OCCOCCOCCOCCOCCOCCOCCOCCOCCOC,C=CC(=O)OCCO,C=CC(=O)OCC(F)(F)F,C=CC(=O)OCC[S@](C)=O,C=CC(=O)OCCOC(C(F)(F)F)C(F)(F)F,C=CC(=O)OCCOC(C(F)(F)F)(C(F)(F)F)C(F)(F)F,0.25,0.1,0.0,0.05,0.6,0.0,0.2283722467622224,97.0
C=CC(=O)OCCOCCOCCOCCOCCOCCOCCOCCOCCOC,C=CC(=O)OCCO,C=CC(=O)OCC(F)(F)F,C=CC(=O)OCC[S@](C)=O,C=CC(=O)OCCOC(C(F)(F)F)C(F)(F)F,C=CC(=O)OCCOC(C(F)(F)F)(C(F)(F)F)C(F)(F)F,0.1,0.2,0.1,0.2,0.0,0.4,0.2931460785283355,58.0
C=CC(=O)OCCOCCOCCOCCOCCOCCOCCOCCOCCOC,C=CC(=O)OCCO,C=CC(=O)OCC(F)(F)F,C=CC(=O)OCC[S@](C)=O,C=CC(=O)OCCOC(C(F)(F)F)C(F)(F)F,C=CC(=O)OCCOC(C(F)(F)F)(C(F)(F)F)C(F)(F)F,0.4,0.05,0.0,0.15,0.0,0.4,0.1922171716816895,83.0
C=CC(=O)OCCOCCOCCOCCOCCOCCOCCOCCOCCOC,C=CC(=O)OCCO,C=CC(=O)OCC(F)(F)F,C=CC(=O)OCC[S@](C)=O,C=CC(=O)OCCOC(C(F)(F)F)C(F)(F)F,C=CC(=O)OCCOC(C(F)(F)F)(C(F)(F)F)C(F)(F)F,0.2,0.25,0.1,0.2,0.1,0.15,0.1712544841634669,39.0
C=CC(=O)OCCOCCOCCOCCOCCOCCOCCOCCOCCOC,C=CC(=O)OCCO,C=CC(=O)OCC(F)(F)F,C=CC(=O)OCC[S@](C)=O,C=CC(=O)OCCOC(C(F)(F)F)C(F)(F)F,C=CC(=O)OCCOC(C(F)(F)F)(C(F)(F)F)C(F)(F)F,0.4,0.1,0.1,0.0,0.4,0.0,0.1575785128028702,74.0
C=CC(=O)OCCOCCOCCOCCOCCOCCOCCOCCOCCOC,C=CC(=O)OCCO,C=CC(=O)OCC(F)(F)F,C=CC(=O)OCC[S@](C)=O,C=CC(=O)OCCOC(C(F)(F)F)C(F)(F)F,C=CC(=O)OCCOC(C(F)(F)F)(C(F)(F)F)C(F)(F)F,0.45,0.05,0.0,0.05,0.0,0.45,0.2023080735249849,88.0
C=CC(=O)OCCOCCOCCOCCOCCOCCOCCOCCOCCOC,C=CC(=O)OCCO,C=CC(=O)OCC(F)(F)F,C=CC(=O)OCC[S@](C)=O,C=CC(=O)OCCOC(C(F)(F)F)C(F)(F)F,C=CC(=O)OCCOC(C(F)(F)F)(C(F)(F)F)C(F)(F)F,0.3,0.2,0.4,0.0,0.0,0.1,0.1521205374163146,44.0
C=CC(=O)OCCOCCOCCOCCOCCOCCOCCOCCOCCOC,C=CC(=O)OCCO,C=CC(=O)OCC(F)(F)F,C=CC(=O)OCC[S@](C)=O,C=CC(=O)OCCOC(C(F)(F)F)C(F)(F)F,C=CC(=O)OCCOC(C(F)(F)F)(C(F)(F)F)C(F)(F)F,0.4,0.0,0.0,0.0,0.0,0.6,0.261332029220283,91.5
C=CC(=O)OCCOCCOCCOCCOCCOCCOCCOCCOCCOC,C=CC(=O)OCCO,C=CC(=O)OCC(F)(F)F,C=CC(=O)OCC[S@](C)=O,C=CC(=O)OCCOC(C(F)(F)F)C(F)(F)F,C=CC(=O)OCCOC(C(F)(F)F)(C(F)(F)F)C(F)(F)F,0.15,0.2,0.0,0.3,0.0,0.35,0.2294395694126577,89.0
C=CC(=O)OCCOCCOCCOCCOCCOCCOCCOCCOCCOC,C=CC(=O)OCCO,C=CC(=O)OCC(F)(F)F,C=CC(=O)OCC[S@](C)=O,C=CC(=O)OCCOC(C(F)(F)F)C(F)(F)F,C=CC(=O)OCCOC(C(F)(F)F)(C(F)(F)F)C(F)(F)F,0.25,0.0,0.05,0.05,0.65,0.0,0.2490928101359247,94.0
C=CC(=O)OCCOCCOCCOCCOCCOCCOCCOCCOCCOC,C=CC(=O)OCCO,C=CC(=O)OCC(F)(F)F,C=CC(=O)OCC[S@](C)=O,C=CC(=O)OCCOC(C(F)(F)F)C(F)(F)F,C=CC(=O)OCCOC(C(F)(F)F)(C(F)(F)F)C(F)(F)F,0.25,0.1,0.1,0.15,0.0,0.4,0.2429014429853604,87.0
C=CC(=O)OCCOCCOCCOCCOCCOCCOCCOCCOCCOC,C=CC(=O)OCCO,C=CC(=O)OCC(F)(F)F,C=CC(=O)OCC[S@](C)=O,C=CC(=O)OCCOC(C(F)(F)F)C(F)(F)F,C=CC(=O)OCCOC(C(F)(F)F)(C(F)(F)F)C(F)(F)F,0.2,0.3,0.0,0.0,0.4,0.1,0.231537044080665,65.0
C=CC(=O)OCCOCCOCCOCCOCCOCCOCCOCCOCCOC,C=CC(=O)OCCO,C=CC(=O)OCC(F)(F)F,C=CC(=O)OCC[S@](C)=O,C=CC(=O)OCCOC(C(F)(F)F)C(F)(F)F,C=CC(=O)OCCOC(C(F)(F)F)(C(F)(F)F)C(F)(F)F,0.3,0.05,0.0,0.15,0.4,0.1,0.199632256369845,62.0
C=CC(=O)OCCOCCOCCOCCOCCOCCOCCOCCOCCOC,C=CC(=O)OCCO,C=CC(=O)OCC(F)(F)F,C=CC(=O)OCC[S@](C)=O,C=CC(=O)OCCOC(C(F)(F)F)C(F)(F)F,C=CC(=O)OCCOC(C(F)(F)F)(C(F)(F)F)C(F)(F)F,0.1,0.25,0.0,0.35,0.0,0.3,0.2191900223676367,86.0
C=CC(=O)OCCOCCOCCOCCOCCOCCOCCOCCOCCOC,C=CC(=O)OCCO,C=CC(=O)OCC(F)(F)F,C=CC(=O)OCC[S@](C)=O,C=CC(=O)OCCOC(C(F)(F)F)C(F)(F)F,C=CC(=O)OCCOC(C(F)(F)F)(C(F)(F)F)C(F)(F)F,0.1,0.4,0.0,0.3,0.2,0.0,0.1161357361885066,41.0
C=CC(=O)OCCOCCOCCOCCOCCOCCOCCOCCOCCOC,C=CC(=O)OCCO,C=CC(=O)OCC(F)(F)F,C=CC(=O)OCC[S@](C)=O,C=CC(=O)OCCOC(C(F)(F)F)C(F)(F)F,C=CC(=O)OCCOC(C(F)(F)F)(C(F)(F)F)C(F)(F)F,0.1,0.3,0.0,0.2,0.4,0.0,0.2056156520406001,86.0
C=CC(=O)OCCOCCOCCOCCOCCOCCOCCOCCOCCOC,C=CC(=O)OCCO,C=CC(=O)OCC(F)(F)F,C=CC(=O)OCC[S@](C)=O,C=CC(=O)OCCOC(C(F)(F)F)C(F)(F)F,C=CC(=O)OCCOC(C(F)(F)F)(C(F)(F)F)C(F)(F)F,0.25,0.0,0.0,0.25,0.05,0.45,0.2548727255346082,97.0
C=CC(=O)OCCOCCOCCOCCOCCOCCOCCOCCOCCOC,C=CC(=O)OCCO,C=CC(=O)OCC(F)(F)F,C=CC(=O)OCC[S@](C)=O,C=CC(=O)OCCOC(C(F)(F)F)C(F)(F)F,C=CC(=O)OCCOC(C(F)(F)F)(C(F)(F)F)C(F)(F)F,0.5,0.0,0.0,0.0,0.4,0.1,0.165014764478927,73.0
C=CC(=O)OCCOCCOCCOCCOCCOCCOCCOCCOCCOC,C=CC(=O)OCCO,C=CC(=O)OCC(F)(F)F,C=CC(=O)OCC[S@](C)=O,C=CC(=O)OCCOC(C(F)(F)F)C(F)(F)F,C=CC(=O)OCCOC(C(F)(F)F)(C(F)(F)F)C(F)(F)F,0.5,0.05,0.15,0.0,0.25,0.05,0.1294650905616825,47.0
C=CC(=O)OCCOCCOCCOCCOCCOCCOCCOCCOCCOC,C=CC(=O)OCCO,C=CC(=O)OCC(F)(F)F,C=CC(=O)OCC[S@](C)=O,C=CC(=O)OCCOC(C(F)(F)F)C(F)(F)F,C=CC(=O)OCCOC(C(F)(F)F)(C(F)(F)F)C(F)(F)F,0.4,0.0,0.6,0.0,0.0,0.0,0.1202303360121495,43.333333333333336
C=CC(=O)OCCOCCOCCOCCOCCOCCOCCOCCOCCOC,C=CC(=O)OCCO,C=CC(=O)OCC(F)(F)F,C=CC(=O)OCC[S@](C)=O,C=CC(=O)OCCOC(C(F)(F)F)C(F)(F)F,C=CC(=O)OCCOC(C(F)(F)F)(C(F)(F)F)C(F)(F)F,0.4,0.0,0.0,0.15,0.1,0.35,0.1979397596386245,78.0
C=CC(=O)OCCOCCOCCOCCOCCOCCOCCOCCOCCOC,C=CC(=O)OCCO,C=CC(=O)OCC(F)(F)F,C=CC(=O)OCC[S@](C)=O,C=CC(=O)OCCOC(C(F)(F)F)C(F)(F)F,C=CC(=O)OCCOC(C(F)(F)F)(C(F)(F)F)C(F)(F)F,0.45,0.05,0.05,0.05,0.0,0.4,0.1918685437918071,80.0
C=CC(=O)OCCOCCOCCOCCOCCOCCOCCOCCOCCOC,C=CC(=O)OCCO,C=CC(=O)OCC(F)(F)F,C=CC(=O)OCC[S@](C)=O,C=CC(=O)OCCOC(C(F)(F)F)C(F)(F)F,C=CC(=O)OCCOC(C(F)(F)F)(C(F)(F)F)C(F)(F)F,0.4,0.0,0.0,0.3,0.3,0.0,0.1067046060821625,57.0
C=CC(=O)OCCOCCOCCOCCOCCOCCOCCOCCOCCOC,C=CC(=O)OCCO,C=CC(=O)OCC(F)(F)F,C=CC(=O)OCC[S@](C)=O,C=CC(=O)OCCOC(C(F)(F)F)C(F)(F)F,C=CC(=O)OCCOC(C(F)(F)F)(C(F)(F)F)C(F)(F)F,0.4,0.1,0.0,0.1,0.3,0.1,0.1539856160024973,53.0
C=CC(=O)OCCOCCOCCOCCOCCOCCOCCOCCOCCOC,C=CC(=O)OCCO,C=CC(=O)OCC(F)(F)F,C=CC(=O)OCC[S@](C)=O,C=CC(=O)OCCOC(C(F)(F)F)C(F)(F)F,C=CC(=O)OCCOC(C(F)(F)F)(C(F)(F)F)C(F)(F)F,0.25,0.4,0.05,0.0,0.1,0.2,0.1810203269574574,45.0
C=CC(=O)OCCOCCOCCOCCOCCOCCOCCOCCOCCOC,C=CC(=O)OCCO,C=CC(=O)OCC(F)(F)F,C=CC(=O)OCC[S@](C)=O,C=CC(=O)OCCOC(C(F)(F)F)C(F)(F)F,C=CC(=O)OCCOC(C(F)(F)F)(C(F)(F)F)C(F)(F)F,0.4,0.0,0.1,0.0,0.5,0.0,0.1841009589692695,88.7
C=CC(=O)OCCOCCOCCOCCOCCOCCOCCOCCOCCOC,C=CC(=O)OCCO,C=CC(=O)OCC(F)(F)F,C=CC(=O)OCC[S@](C)=O,C=CC(=O)OCCOC(C(F)(F)F)C(F)(F)F,C=CC(=O)OCCOC(C(F)(F)F)(C(F)(F)F)C(F)(F)F,0.4,0.2,0.0,0.0,0.3,0.1,0.1561382416946934,58.0
C=CC(=O)OCCOCCOCCOCCOCCOCCOCCOCCOCCOC,C=CC(=O)OCCO,C=CC(=O)OCC(F)(F)F,C=CC(=O)OCC[S@](C)=O,C=CC(=O)OCCOC(C(F)(F)F)C(F)(F)F,C=CC(=O)OCCOC(C(F)(F)F)(C(F)(F)F)C(F)(F)F,0.4,0.0,0.0,0.2,0.0,0.4,0.1909846318799142,89.4
C=CC(=O)OCCOCCOCCOCCOCCOCCOCCOCCOCCOC,C=CC(=O)OCCO,C=CC(=O)OCC(F)(F)F,C=CC(=O)OCC[S@](C)=O,C=CC(=O)OCCOC(C(F)(F)F)C(F)(F)F,C=CC(=O)OCCOC(C(F)(F)F)(C(F)(F)F)C(F)(F)F,0.1,0.1,0.1,0.3,0.2,0.2,0.2572138854475194,55.0
C=CC(=O)OCCOCCOCCOCCOCCOCCOCCOCCOCCOC,C=CC(=O)OCCO,C=CC(=O)OCC(F)(F)F,C=CC(=O)OCC[S@](C)=O,C=CC(=O)OCCOC(C(F)(F)F)C(F)(F)F,C=CC(=O)OCCOC(C(F)(F)F)(C(F)(F)F)C(F)(F)F,0.4,0.1,0.0,0.3,0.2,0.0,0.074634438555889,33.0
C=CC(=O)OCCOCCOCCOCCOCCOCCOCCOCCOCCOC,C=CC(=O)OCCO,C=CC(=O)OCC(F)(F)F,C=CC(=O)OCC[S@](C)=O,C=CC(=O)OCCOC(C(F)(F)F)C(F)(F)F,C=CC(=O)OCCOC(C(F)(F)F)(C(F)(F)F)C(F)(F)F,0.3,0.0,0.7,0.0,0.0,0.0,0.1584194581975121,55.0
C=CC(=O)OCCOCCOCCOCCOCCOCCOCCOCCOCCOC,C=CC(=O)OCCO,C=CC(=O)OCC(F)(F)F,C=CC(=O)OCC[S@](C)=O,C=CC(=O)OCCOC(C(F)(F)F)C(F)(F)F,C=CC(=O)OCCOC(C(F)(F)F)(C(F)(F)F)C(F)(F)F,0.25,0.0,0.0,0.15,0.6,0.0,0.2249230526398863,91.0
C=CC(=O)OCCOCCOCCOCCOCCOCCOCCOCCOCCOC,C=CC(=O)OCCO,C=CC(=O)OCC(F)(F)F,C=CC(=O)OCC[S@](C)=O,C=CC(=O)OCCOC(C(F)(F)F)C(F)(F)F,C=CC(=O)OCCOC(C(F)(F)F)(C(F)(F)F)C(F)(F)F,0.4,0.0,0.15,0.05,0.0,0.4,0.2155755053557696,87.0
C=CC(=O)OCCOCCOCCOCCOCCOCCOCCOCCOCCOC,C=CC(=O)OCCO,C=CC(=O)OCC(F)(F)F,C=CC(=O)OCC[S@](C)=O,C=CC(=O)OCCOC(C(F)(F)F)C(F)(F)F,C=CC(=O)OCCOC(C(F)(F)F)(C(F)(F)F)C(F)(F)F,0.3,0.15,0.0,0.15,0.1,0.3,0.2005389283800964,70.0
C=CC(=O)OCCOCCOCCOCCOCCOCCOCCOCCOCCOC,C=CC(=O)OCCO,C=CC(=O)OCC(F)(F)F,C=CC(=O)OCC[S@](C)=O,C=CC(=O)OCCOC(C(F)(F)F)C(F)(F)F,C=CC(=O)OCCOC(C(F)(F)F)(C(F)(F)F)C(F)(F)F,0.3,0.05,0.0,0.25,0.0,0.4,0.2110775602026221,80.0
C=CC(=O)OCCOCCOCCOCCOCCOCCOCCOCCOCCOC,C=CC(=O)OCCO,C=CC(=O)OCC(F)(F)F,C=CC(=O)OCC[S@](C)=O,C=CC(=O)OCCOC(C(F)(F)F)C(F)(F)F,C=CC(=O)OCCOC(C(F)(F)F)(C(F)(F)F)C(F)(F)F,0.25,0.1,0.0,0.0,0.65,0.0,0.2431696723772707,101.0
C=CC(=O)OCCOCCOCCOCCOCCOCCOCCOCCOCCOC,C=CC(=O)OCCO,C=CC(=O)OCC(F)(F)F,C=CC(=O)OCC[S@](C)=O,C=CC(=O)OCCOC(C(F)(F)F)C(F)(F)F,C=CC(=O)OCCOC(C(F)(F)F)(C(F)(F)F)C(F)(F)F,0.25,0.0,0.05,0.1,0.6,0.0,0.2346014984862029,101.0
C=CC(=O)OCCOCCOCCOCCOCCOCCOCCOCCOCCOC,C=CC(=O)OCCO,C=CC(=O)OCC(F)(F)F,C=CC(=O)OCC[S@](C)=O,C=CC(=O)OCCOC(C(F)(F)F)C(F)(F)F,C=CC(=O)OCCOC(C(F)(F)F)(C(F)(F)F)C(F)(F)F,0.5,0.0,0.0,0.1,0.4,0.0,0.1257112610824401,81.0
C=CC(=O)OCCOCCOCCOCCOCCOCCOCCOCCOCCOC,C=CC(=O)OCCO,C=CC(=O)OCC(F)(F)F,C=CC(=O)OCC[S@](C)=O,C=CC(=O)OCCOC(C(F)(F)F)C(F)(F)F,C=CC(=O)OCCOC(C(F)(F)F)(C(F)(F)F)C(F)(F)F,0.15,0.0,0.0,0.3,0.55,0.0,0.2347492544745566,101.0
C=CC(=O)OCCOCCOCCOCCOCCOCCOCCOCCOCCOC,C=CC(=O)OCCO,C=CC(=O)OCC(F)(F)F,C=CC(=O)OCC[S@](C)=O,C=CC(=O)OCCOC(C(F)(F)F)C(F)(F)F,C=CC(=O)OCCOC(C(F)(F)F)(C(F)(F)F)C(F)(F)F,0.3,0.0,0.1,0.3,0.2,0.1,0.1547226020541461,44.0
C=CC(=O)OCCOCCOCCOCCOCCOCCOCCOCCOCCOC,C=CC(=O)OCCO,C=CC(=O)OCC(F)(F)F,C=CC(=O)OCC[S@](C)=O,C=CC(=O)OCCOC(C(F)(F)F)C(F)(F)F,C=CC(=O)OCCOC(C(F)(F)F)(C(F)(F)F)C(F)(F)F,0.0,0.4,0.0,0.4,0.1,0.1,0.1663485615227022,39.1
C=CC(=O)OCCOCCOCCOCCOCCOCCOCCOCCOCCOC,C=CC(=O)OCCO,C=CC(=O)OCC(F)(F)F,C=CC(=O)OCC[S@](C)=O,C=CC(=O)OCCOC(C(F)(F)F)C(F)(F)F,C=CC(=O)OCCOC(C(F)(F)F)(C(F)(F)F)C(F)(F)F,0.1,0.1,0.0,0.4,0.4,0.0,0.1974376404470057,64.0
C=CC(=O)OCCOCCOCCOCCOCCOCCOCCOCCOCCOC,C=CC(=O)OCCO,C=CC(=O)OCC(F)(F)F,C=CC(=O)OCC[S@](C)=O,C=CC(=O)OCCOC(C(F)(F)F)C(F)(F)F,C=CC(=O)OCCOC(C(F)(F)F)(C(F)(F)F)C(F)(F)F,0.3,0.0,0.1,0.0,0.5,0.1,0.2447792692203872,57.2
C=CC(=O)OCCOCCOCCOCCOCCOCCOCCOCCOCCOC,C=CC(=O)OCCO,C=CC(=O)OCC(F)(F)F,C=CC(=O)OCC[S@](C)=O,C=CC(=O)OCCOC(C(F)(F)F)C(F)(F)F,C=CC(=O)OCCOC(C(F)(F)F)(C(F)(F)F)C(F)(F)F,0.4,0.0,0.0,0.0,0.3,0.3,0.2297145896975021,78.0
C=CC(=O)OCCOCCOCCOCCOCCOCCOCCOCCOCCOC,C=CC(=O)OCCO,C=CC(=O)OCC(F)(F)F,C=CC(=O)OCC[S@](C)=O,C=CC(=O)OCCOC(C(F)(F)F)C(F)(F)F,C=CC(=O)OCCOC(C(F)(F)F)(C(F)(F)F)C(F)(F)F,0.2,0.2,0.0,0.05,0.0,0.55,0.3022065415425548,46.5
C=CC(=O)OCCOCCOCCOCCOCCOCCOCCOCCOCCOC,C=CC(=O)OCCO,C=CC(=O)OCC(F)(F)F,C=CC(=O)OCC[S@](C)=O,C=CC(=O)OCCOC(C(F)(F)F)C(F)(F)F,C=CC(=O)OCCOC(C(F)(F)F)(C(F)(F)F)C(F)(F)F,0.25,0.3,0.0,0.0,0.1,0.35,0.2387054625860596,88.0
C=CC(=O)OCCOCCOCCOCCOCCOCCOCCOCCOCCOC,C=CC(=O)OCCO,C=CC(=O)OCC(F)(F)F,C=CC(=O)OCC[S@](C)=O,C=CC(=O)OCCOC(C(F)(F)F)C(F)(F)F,C=CC(=O)OCCOC(C(F)(F)F)(C(F)(F)F)C(F)(F)F,0.6,0.0,0.0,0.0,0.0,0.4,0.1621867708708765,65.0
C=CC(=O)OCCOCCOCCOCCOCCOCCOCCOCCOCCOC,C=CC(=O)OCCO,C=CC(=O)OCC(F)(F)F,C=CC(=O)OCC[S@](C)=O,C=CC(=O)OCCOC(C(F)(F)F)C(F)(F)F,C=CC(=O)OCCOC(C(F)(F)F)(C(F)(F)F)C(F)(F)F,0.35,0.2,0.05,0.0,0.25,0.15,0.1805740353544953,32.0
C=CC(=O)OCCOCCOCCOCCOCCOCCOCCOCCOCCOC,C=CC(=O)OCCO,C=CC(=O)OCC(F)(F)F,C=CC(=O)OCC[S@](C)=O,C=CC(=O)OCCOC(C(F)(F)F)C(F)(F)F,C=CC(=O)OCCOC(C(F)(F)F)(C(F)(F)F)C(F)(F)F,0.1,0.3,0.35,0.25,0.0,0.0,0.1125373361650999,39.0
C=CC(=O)OCCOCCOCCOCCOCCOCCOCCOCCOCCOC,C=CC(=O)OCCO,C=CC(=O)OCC(F)(F)F,C=CC(=O)OCC[S@](C)=O,C=CC(=O)OCCOC(C(F)(F)F)C(F)(F)F,C=CC(=O)OCCOC(C(F)(F)F)(C(F)(F)F)C(F)(F)F,0.35,0.0,0.0,0.25,0.0,0.4,0.1998562437544924,91.0
C=CC(=O)OCCOCCOCCOCCOCCOCCOCCOCCOCCOC,C=CC(=O)OCCO,C=CC(=O)OCC(F)(F)F,C=CC(=O)OCC[S@](C)=O,C=CC(=O)OCCOC(C(F)(F)F)C(F)(F)F,C=CC(=O)OCCOC(C(F)(F)F)(C(F)(F)F)C(F)(F)F,0.9,0.0,0.0,0.0,0.1,0.0,0.0248564756570068,26.0
C=CC(=O)OCCOCCOCCOCCOCCOCCOCCOCCOCCOC,C=CC(=O)OCCO,C=CC(=O)OCC(F)(F)F,C=CC(=O)OCC[S@](C)=O,C=CC(=O)OCCOC(C(F)(F)F)C(F)(F)F,C=CC(=O)OCCOC(C(F)(F)F)(C(F)(F)F)C(F)(F)F,0.3,0.2,0.0,0.2,0.1,0.2,0.1555618477745445,57.0
C=CC(=O)OCCOCCOCCOCCOCCOCCOCCOCCOCCOC,C=CC(=O)OCCO,C=CC(=O)OCC(F)(F)F,C=CC(=O)OCC[S@](C)=O,C=CC(=O)OCCOC(C(F)(F)F)C(F)(F)F,C=CC(=O)OCCOC(C(F)(F)F)(C(F)(F)F)C(F)(F)F,0.0,0.0,0.0,0.6,0.35,0.05,0.2338811478278499,65.0
C=CC(=O)OCCOCCOCCOCCOCCOCCOCCOCCOCCOC,C=CC(=O)OCCO,C=CC(=O)OCC(F)(F)F,C=CC(=O)OCC[S@](C)=O,C=CC(=O)OCCOC(C(F)(F)F)C(F)(F)F,C=CC(=O)OCCOC(C(F)(F)F)(C(F)(F)F)C(F)(F)F,0.55,0.1,0.35,0.0,0.0,0.0,0.0605384737932133,31.6
C=CC(=O)OCCOCCOCCOCCOCCOCCOCCOCCOCCOC,C=CC(=O)OCCO,C=CC(=O)OCC(F)(F)F,C=CC(=O)OCC[S@](C)=O,C=CC(=O)OCCOC(C(F)(F)F)C(F)(F)F,C=CC(=O)OCCOC(C(F)(F)F)(C(F)(F)F)C(F)(F)F,0.9,0.0,0.0,0.0,0.0,0.1,0.0367399029722796,20.0
C=CC(=O)OCCOCCOCCOCCOCCOCCOCCOCCOCCOC,C=CC(=O)OCCO,C=CC(=O)OCC(F)(F)F,C=CC(=O)OCC[S@](C)=O,C=CC(=O)OCCOC(C(F)(F)F)C(F)(F)F,C=CC(=O)OCCOC(C(F)(F)F)(C(F)(F)F)C(F)(F)F,0.4,0.0,0.0,0.05,0.1,0.45,0.2342333266169655,98.0
C=CC(=O)OCCOCCOCCOCCOCCOCCOCCOCCOCCOC,C=CC(=O)OCCO,C=CC(=O)OCC(F)(F)F,C=CC(=O)OCC[S@](C)=O,C=CC(=O)OCCOC(C(F)(F)F)C(F)(F)F,C=CC(=O)OCCOC(C(F)(F)F)(C(F)(F)F)C(F)(F)F,0.35,0.05,0.0,0.1,0.4,0.1,0.1900141071079519,72.0
C=CC(=O)OCCOCCOCCOCCOCCOCCOCCOCCOCCOC,C=CC(=O)OCCO,C=CC(=O)OCC(F)(F)F,C=CC(=O)OCC[S@](C)=O,C=CC(=O)OCCOC(C(F)(F)F)C(F)(F)F,C=CC(=O)OCCOC(C(F)(F)F)(C(F)(F)F)C(F)(F)F,0.8,0.0,0.0,0.0,0.2,0.0,0.0521421743286695,29.0
C=CC(=O)OCCOCCOCCOCCOCCOCCOCCOCCOCCOC,C=CC(=O)OCCO,C=CC(=O)OCC(F)(F)F,C=CC(=O)OCC[S@](C)=O,C=CC(=O)OCCOC(C(F)(F)F)C(F)(F)F,C=CC(=O)OCCOC(C(F)(F)F)(C(F)(F)F)C(F)(F)F,0.6,0.0,0.1,0.1,0.1,0.1,0.0900758533501896,20.0
C=CC(=O)OCCOCCOCCOCCOCCOCCOCCOCCOCCOC,C=CC(=O)OCCO,C=CC(=O)OCC(F)(F)F,C=CC(=O)OCC[S@](C)=O,C=CC(=O)OCCOC(C(F)(F)F)C(F)(F)F,C=CC(=O)OCCOC(C(F)(F)F)(C(F)(F)F)C(F)(F)F,0.35,0.1,0.0,0.05,0.4,0.1,0.1913457987847863,67.0
C=CC(=O)OCCOCCOCCOCCOCCOCCOCCOCCOCCOC,C=CC(=O)OCCO,C=CC(=O)OCC(F)(F)F,C=CC(=O)OCC[S@](C)=O,C=CC(=O)OCCOC(C(F)(F)F)C(F)(F)F,C=CC(=O)OCCOC(C(F)(F)F)(C(F)(F)F)C(F)(F)F,0.1,0.3,0.0,0.5,0.1,0.0,0.0598469178837289,85.0
C=CC(=O)OCCOCCOCCOCCOCCOCCOCCOCCOCCOC,C=CC(=O)OCCO,C=CC(=O)OCC(F)(F)F,C=CC(=O)OCC[S@](C)=O,C=CC(=O)OCCOC(C(F)(F)F)C(F)(F)F,C=CC(=O)OCCOC(C(F)(F)F)(C(F)(F)F)C(F)(F)F,0.25,0.05,0.1,0.15,0.05,0.4,0.2553003618354753,80.0
C=CC(=O)OCCOCCOCCOCCOCCOCCOCCOCCOCCOC,C=CC(=O)OCCO,C=CC(=O)OCC(F)(F)F,C=CC(=O)OCC[S@](C)=O,C=CC(=O)OCCOC(C(F)(F)F)C(F)(F)F,C=CC(=O)OCCOC(C(F)(F)F)(C(F)(F)F)C(F)(F)F,0.5,0.0,0.0,0.0,0.5,0.0,0.15274744416009,88.75
C=CC(=O)OCCOCCOCCOCCOCCOCCOCCOCCOCCOC,C=CC(=O)OCCO,C=CC(=O)OCC(F)(F)F,C=CC(=O)OCC[S@](C)=O,C=CC(=O)OCCOC(C(F)(F)F)C(F)(F)F,C=CC(=O)OCCOC(C(F)(F)F)(C(F)(F)F)C(F)(F)F,0.5,0.1,0.1,0.1,0.1,0.1,0.0996239342132476,27.0
C=CC(=O)OCCOCCOCCOCCOCCOCCOCCOCCOCCOC,C=CC(=O)OCCO,C=CC(=O)OCC(F)(F)F,C=CC(=O)OCC[S@](C)=O,C=CC(=O)OCCOC(C(F)(F)F)C(F)(F)F,C=CC(=O)OCCOC(C(F)(F)F)(C(F)(F)F)C(F)(F)F,0.8,0.0,0.2,0.0,0.0,0.0,0.0274819318351662,24.0
C=CC(=O)OCCOCCOCCOCCOCCOCCOCCOCCOCCOC,C=CC(=O)OCCO,C=CC(=O)OCC(F)(F)F,C=CC(=O)OCC[S@](C)=O,C=CC(=O)OCCOC(C(F)(F)F)C(F)(F)F,C=CC(=O)OCCOC(C(F)(F)F)(C(F)(F)F)C(F)(F)F,0.15,0.05,0.0,0.4,0.4,0.0,0.1830197047201825,87.0
C=CC(=O)OCCOCCOCCOCCOCCOCCOCCOCCOCCOC,C=CC(=O)OCCO,C=CC(=O)OCC(F)(F)F,C=CC(=O)OCC[S@](C)=O,C=CC(=O)OCCOC(C(F)(F)F)C(F)(F)F,C=CC(=O)OCCOC(C(F)(F)F)(C(F)(F)F)C(F)(F)F,0.3,0.0,0.0,0.2,0.4,0.1,0.1981831629653511,70.0
C=CC(=O)OCCOCCOCCOCCOCCOCCOCCOCCOCCOC,C=CC(=O)OCCO,C=CC(=O)OCC(F)(F)F,C=CC(=O)OCC[S@](C)=O,C=CC(=O)OCCOC(C(F)(F)F)C(F)(F)F,C=CC(=O)OCCOC(C(F)(F)F)(C(F)(F)F)C(F)(F)F,0.4,0.2,0.0,0.0,0.0,0.4,0.1960121275339726,92.0
C=CC(=O)OCCOCCOCCOCCOCCOCCOCCOCCOCCOC,C=CC(=O)OCCO,C=CC(=O)OCC(F)(F)F,C=CC(=O)OCC[S@](C)=O,C=CC(=O)OCCOC(C(F)(F)F)C(F)(F)F,C=CC(=O)OCCOC(C(F)(F)F)(C(F)(F)F)C(F)(F)F,0.1,0.15,0.0,0.3,0.45,0.0,0.2193460665221463,95.0
C=CC(=O)OCCOCCOCCOCCOCCOCCOCCOCCOCCOC,C=CC(=O)OCCO,C=CC(=O)OCC(F)(F)F,C=CC(=O)OCC[S@](C)=O,C=CC(=O)OCCOC(C(F)(F)F)C(F)(F)F,C=CC(=O)OCCOC(C(F)(F)F)(C(F)(F)F)C(F)(F)F,0.7,0.0,0.0,0.0,0.3,0.0,0.0822315033217199,43.0
C=CC(=O)OCCOCCOCCOCCOCCOCCOCCOCCOCCOC,C=CC(=O)OCCO,C=CC(=O)OCC(F)(F)F,C=CC(=O)OCC[S@](C)=O,C=CC(=O)OCCOC(C(F)(F)F)C(F)(F)F,C=CC(=O)OCCOC(C(F)(F)F)(C(F)(F)F)C(F)(F)F,0.4,0.15,0.0,0.05,0.05,0.35,0.1884411275995101,71.0
C=CC(=O)OCCOCCOCCOCCOCCOCCOCCOCCOCCOC,C=CC(=O)OCCO,C=CC(=O)OCC(F)(F)F,C=CC(=O)OCC[S@](C)=O,C=CC(=O)OCCOC(C(F)(F)F)C(F)(F)F,C=CC(=O)OCCOC(C(F)(F)F)(C(F)(F)F)C(F)(F)F,0.2,0.2,0.0,0.2,0.05,0.35,0.2324752496316038,94.0
C=CC(=O)OCCOCCOCCOCCOCCOCCOCCOCCOCCOC,C=CC(=O)OCCO,C=CC(=O)OCC(F)(F)F,C=CC(=O)OCC[S@](C)=O,C=CC(=O)OCCOC(C(F)(F)F)C(F)(F)F,C=CC(=O)OCCOC(C(F)(F)F)(C(F)(F)F)C(F)(F)F,0.35,0.0,0.0,0.15,0.45,0.05,0.1819859732448692,76.0
C=CC(=O)OCCOCCOCCOCCOCCOCCOCCOCCOCCOC,C=CC(=O)OCCO,C=CC(=O)OCC(F)(F)F,C=CC(=O)OCC[S@](C)=O,C=CC(=O)OCCOC(C(F)(F)F)C(F)(F)F,C=CC(=O)OCCOC(C(F)(F)F)(C(F)(F)F)C(F)(F)F,0.6,0.0,0.1,0.1,0.0,0.2,0.1032392278016254,45.0
C=CC(=O)OCCOCCOCCOCCOCCOCCOCCOCCOCCOC,C=CC(=O)OCCO,C=CC(=O)OCC(F)(F)F,C=CC(=O)OCC[S@](C)=O,C=CC(=O)OCCOC(C(F)(F)F)C(F)(F)F,C=CC(=O)OCCOC(C(F)(F)F)(C(F)(F)F)C(F)(F)F,0.4,0.0,0.2,0.2,0.2,0.0,0.1108618699998703,46.0
C=CC(=O)OCCOCCOCCOCCOCCOCCOCCOCCOCCOC,C=CC(=O)OCCO,C=CC(=O)OCC(F)(F)F,C=CC(=O)OCC[S@](C)=O,C=CC(=O)OCCOC(C(F)(F)F)C(F)(F)F,C=CC(=O)OCCOC(C(F)(F)F)(C(F)(F)F)C(F)(F)F,0.35,0.0,0.0,0.05,0.25,0.35,0.2456189611721876,92.0
C=CC(=O)OCCOCCOCCOCCOCCOCCOCCOCCOCCOC,C=CC(=O)OCCO,C=CC(=O)OCC(F)(F)F,C=CC(=O)OCC[S@](C)=O,C=CC(=O)OCCOC(C(F)(F)F)C(F)(F)F,C=CC(=O)OCCOC(C(F)(F)F)(C(F)(F)F)C(F)(F)F,0.4,0.05,0.0,0.1,0.1,0.35,0.1992107062124383,82.0
C=CC(=O)OCCOCCOCCOCCOCCOCCOCCOCCOCCOC,C=CC(=O)OCCO,C=CC(=O)OCC(F)(F)F,C=CC(=O)OCC[S@](C)=O,C=CC(=O)OCCOC(C(F)(F)F)C(F)(F)F,C=CC(=O)OCCOC(C(F)(F)F)(C(F)(F)F)C(F)(F)F,0.3,0.15,0.0,0.15,0.0,0.4,0.2141123181884345,90.0
C=CC(=O)OCCOCCOCCOCCOCCOCCOCCOCCOCCOC,C=CC(=O)OCCO,C=CC(=O)OCC(F)(F)F,C=CC(=O)OCC[S@](C)=O,C=CC(=O)OCCOC(C(F)(F)F)C(F)(F)F,C=CC(=O)OCCOC(C(F)(F)F)(C(F)(F)F)C(F)(F)F,0.5,0.0,0.0,0.2,0.3,0.0,0.097074426565467,49.0
C=CC(=O)OCCOCCOCCOCCOCCOCCOCCOCCOCCOC,C=CC(=O)OCCO,C=CC(=O)OCC(F)(F)F,C=CC(=O)OCC[S@](C)=O,C=CC(=O)OCCOC(C(F)(F)F)C(F)(F)F,C=CC(=O)OCCOC(C(F)(F)F)(C(F)(F)F)C(F)(F)F,0.15,0.1,0.0,0.35,0.4,0.0,0.1847223291217182,95.0
C=CC(=O)OCCOCCOCCOCCOCCOCCOCCOCCOCCOC,C=CC(=O)OCCO,C=CC(=O)OCC(F)(F)F,C=CC(=O)OCC[S@](C)=O,C=CC(=O)OCCOC(C(F)(F)F)C(F)(F)F,C=CC(=O)OCCOC(C(F)(F)F)(C(F)(F)F)C(F)(F)F,0.0,0.7,0.1,0.2,0.0,0.0,0.0441538723720699,52.0
C=CC(=O)OCCOCCOCCOCCOCCOCCOCCOCCOCCOC,C=CC(=O)OCCO,C=CC(=O)OCC(F)(F)F,C=CC(=O)OCC[S@](C)=O,C=CC(=O)OCCOC(C(F)(F)F)C(F)(F)F,C=CC(=O)OCCOC(C(F)(F)F)(C(F)(F)F)C(F)(F)F,0.3,0.15,0.0,0.1,0.4,0.05,0.1799783627120728,57.0
C=CC(=O)OCCOCCOCCOCCOCCOCCOCCOCCOCCOC,C=CC(=O)OCCO,C=CC(=O)OCC(F)(F)F,C=CC(=O)OCC[S@](C)=O,C=CC(=O)OCCOC(C(F)(F)F)C(F)(F)F,C=CC(=O)OCCOC(C(F)(F)F)(C(F)(F)F)C(F)(F)F,0.25,0.15,0.0,0.2,0.05,0.35,0.2183835287846482,79.0
C=CC(=O)OCCOCCOCCOCCOCCOCCOCCOCCOCCOC,C=CC(=O)OCCO,C=CC(=O)OCC(F)(F)F,C=CC(=O)OCC[S@](C)=O,C=CC(=O)OCCOC(C(F)(F)F)C(F)(F)F,C=CC(=O)OCCOC(C(F)(F)F)(C(F)(F)F)C(F)(F)F,0.2,0.0,0.2,0.3,0.0,0.3,0.2273947166088811,71.8
C=CC(=O)OCCOCCOCCOCCOCCOCCOCCOCCOCCOC,C=CC(=O)OCCO,C=CC(=O)OCC(F)(F)F,C=CC(=O)OCC[S@](C)=O,C=CC(=O)OCCOC(C(F)(F)F)C(F)(F)F,C=CC(=O)OCCOC(C(F)(F)F)(C(F)(F)F)C(F)(F)F,0.4,0.0,0.1,0.2,0.3,0.0,0.1247982584543782,64.0
C=CC(=O)OCCOCCOCCOCCOCCOCCOCCOCCOCCOC,C=CC(=O)OCCO,C=CC(=O)OCC(F)(F)F,C=CC(=O)OCC[S@](C)=O,C=CC(=O)OCCOC(C(F)(F)F)C(F)(F)F,C=CC(=O)OCCOC(C(F)(F)F)(C(F)(F)F)C(F)(F)F,0.4,0.1,0.2,0.0,0.1,0.2,0.1738175830207666,57.0
C=CC(=O)OCCOCCOCCOCCOCCOCCOCCOCCOCCOC,C=CC(=O)OCCO,C=CC(=O)OCC(F)(F)F,C=CC(=O)OCC[S@](C)=O,C=CC(=O)OCCOC(C(F)(F)F)C(F)(F)F,C=CC(=O)OCCOC(C(F)(F)F)(C(F)(F)F)C(F)(F)F,0.3,0.0,0.0,0.2,0.05,0.45,0.2429613951540005,95.0
C=CC(=O)OCCOCCOCCOCCOCCOCCOCCOCCOCCOC,C=CC(=O)OCCO,C=CC(=O)OCC(F)(F)F,C=CC(=O)OCC[S@](C)=O,C=CC(=O)OCCOC(C(F)(F)F)C(F)(F)F,C=CC(=O)OCCOC(C(F)(F)F)(C(F)(F)F)C(F)(F)F,0.35,0.1,0.0,0.05,0.5,0.0,0.1776376068162978,91.0
C=CC(=O)OCCOCCOCCOCCOCCOCCOCCOCCOCCOC,C=CC(=O)OCCO,C=CC(=O)OCC(F)(F)F,C=CC(=O)OCC[S@](C)=O,C=CC(=O)OCCOC(C(F)(F)F)C(F)(F)F,C=CC(=O)OCCOC(C(F)(F)F)(C(F)(F)F)C(F)(F)F,0.5,0.0,0.0,0.05,0.0,0.45,0.1930724743134574,95.0
C=CC(=O)OCCOCCOCCOCCOCCOCCOCCOCCOCCOC,C=CC(=O)OCCO,C=CC(=O)OCC(F)(F)F,C=CC(=O)OCC[S@](C)=O,C=CC(=O)OCCOC(C(F)(F)F)C(F)(F)F,C=CC(=O)OCCOC(C(F)(F)F)(C(F)(F)F)C(F)(F)F,0.35,0.0,0.2,0.0,0.4,0.05,0.2035290793530538,73.0
C=CC(=O)OCCOCCOCCOCCOCCOCCOCCOCCOCCOC,C=CC(=O)OCCO,C=CC(=O)OCC(F)(F)F,C=CC(=O)OCC[S@](C)=O,C=CC(=O)OCCOC(C(F)(F)F)C(F)(F)F,C=CC(=O)OCCOC(C(F)(F)F)(C(F)(F)F)C(F)(F)F,0.3,0.0,0.0,0.3,0.05,0.35,0.2029741676278652,67.0
C=CC(=O)OCCOCCOCCOCCOCCOCCOCCOCCOCCOC,C=CC(=O)OCCO,C=CC(=O)OCC(F)(F)F,C=CC(=O)OCC[S@](C)=O,C=CC(=O)OCCOC(C(F)(F)F)C(F)(F)F,C=CC(=O)OCCOC(C(F)(F)F)(C(F)(F)F)C(F)(F)F,0.2,0.5,0.0,0.0,0.3,0.0,0.1461825829009121,65.0
C=CC(=O)OCCOCCOCCOCCOCCOCCOCCOCCOCCOC,C=CC(=O)OCCO,C=CC(=O)OCC(F)(F)F,C=CC(=O)OCC[S@](C)=O,C=CC(=O)OCCOC(C(F)(F)F)C(F)(F)F,C=CC(=O)OCCOC(C(F)(F)F)(C(F)(F)F)C(F)(F)F,0.15,0.1,0.0,0.25,0.5,0.0,0.2215433408735803,101.4
C=CC(=O)OCCOCCOCCOCCOCCOCCOCCOCCOCCOC,C=CC(=O)OCCO,C=CC(=O)OCC(F)(F)F,C=CC(=O)OCC[S@](C)=O,C=CC(=O)OCCOC(C(F)(F)F)C(F)(F)F,C=CC(=O)OCCOC(C(F)(F)F)(C(F)(F)F)C(F)(F)F,0.3,0.2,0.25,0.0,0.0,0.25,0.197007218413608,78.0
C=CC(=O)OCCOCCOCCOCCOCCOCCOCCOCCOCCOC,C=CC(=O)OCCO,C=CC(=O)OCC(F)(F)F,C=CC(=O)OCC[S@](C)=O,C=CC(=O)OCCOC(C(F)(F)F)C(F)(F)F,C=CC(=O)OCCOC(C(F)(F)F)(C(F)(F)F)C(F)(F)F,0.4,0.0,0.0,0.0,0.4,0.2,0.2183908045977012,69.0
C=CC(=O)OCCOCCOCCOCCOCCOCCOCCOCCOCCOC,C=CC(=O)OCCO,C=CC(=O)OCC(F)(F)F,C=CC(=O)OCC[S@](C)=O,C=CC(=O)OCCOC(C(F)(F)F)C(F)(F)F,C=CC(=O)OCCOC(C(F)(F)F)(C(F)(F)F)C(F)(F)F,0.1,0.1,0.1,0.4,0.0,0.3,0.2373635159783124,81.2
C=CC(=O)OCCOCCOCCOCCOCCOCCOCCOCCOCCOC,C=CC(=O)OCCO,C=CC(=O)OCC(F)(F)F,C=CC(=O)OCC[S@](C)=O,C=CC(=O)OCCOC(C(F)(F)F)C(F)(F)F,C=CC(=O)OCCOC(C(F)(F)F)(C(F)(F)F)C(F)(F)F,0.3,0.3,0.0,0.0,0.2,0.2,0.1906564938605264,59.0
C=CC(=O)OCCOCCOCCOCCOCCOCCOCCOCCOCCOC,C=CC(=O)OCCO,C=CC(=O)OCC(F)(F)F,C=CC(=O)OCC[S@](C)=O,C=CC(=O)OCCOC(C(F)(F)F)C(F)(F)F,C=CC(=O)OCCOC(C(F)(F)F)(C(F)(F)F)C(F)(F)F,0.4,0.0,0.35,0.05,0.0,0.2,0.1687433682921395,56.0
C=CC(=O)OCCOCCOCCOCCOCCOCCOCCOCCOCCOC,C=CC(=O)OCCO,C=CC(=O)OCC(F)(F)F,C=CC(=O)OCC[S@](C)=O,C=CC(=O)OCCOC(C(F)(F)F)C(F)(F)F,C=CC(=O)OCCOC(C(F)(F)F)(C(F)(F)F)C(F)(F)F,0.3,0.0,0.0,0.2,0.0,0.5,0.2488517891133891,96.0
C=CC(=O)OCCOCCOCCOCCOCCOCCOCCOCCOCCOC,C=CC(=O)OCCO,C=CC(=O)OCC(F)(F)F,C=CC(=O)OCC[S@](C)=O,C=CC(=O)OCCOC(C(F)(F)F)C(F)(F)F,C=CC(=O)OCCOC(C(F)(F)F)(C(F)(F)F)C(F)(F)F,0.2,0.4,0.0,0.0,0.05,0.35,0.2403039817874876,101.0
C=CC(=O)OCCOCCOCCOCCOCCOCCOCCOCCOCCOC,C=CC(=O)OCCO,C=CC(=O)OCC(F)(F)F,C=CC(=O)OCC[S@](C)=O,C=CC(=O)OCCOC(C(F)(F)F)C(F)(F)F,C=CC(=O)OCCOC(C(F)(F)F)(C(F)(F)F)C(F)(F)F,0.4,0.15,0.0,0.05,0.0,0.4,0.1947306013161397,86.0
C=CC(=O)OCCOCCOCCOCCOCCOCCOCCOCCOCCOC,C=CC(=O)OCCO,C=CC(=O)OCC(F)(F)F,C=CC(=O)OCC[S@](C)=O,C=CC(=O)OCCOC(C(F)(F)F)C(F)(F)F,C=CC(=O)OCCOC(C(F)(F)F)(C(F)(F)F)C(F)(F)F,0.9,0.0,0.1,0.0,0.0,0.0,0.0127400208757535,15.0
C=CC(=O)OCCOCCOCCOCCOCCOCCOCCOCCOCCOC,C=CC(=O)OCCO,C=CC(=O)OCC(F)(F)F,C=CC(=O)OCC[S@](C)=O,C=CC(=O)OCCOC(C(F)(F)F)C(F)(F)F,C=CC(=O)OCCOC(C(F)(F)F)(C(F)(F)F)C(F)(F)F,0.6,0.1,0.3,0.0,0.0,0.0,0.0494451159213273,28.0
C=CC(=O)OCCOCCOCCOCCOCCOCCOCCOCCOCCOC,C=CC(=O)OCCO,C=CC(=O)OCC(F)(F)F,C=CC(=O)OCC[S@](C)=O,C=CC(=O)OCCOC(C(F)(F)F)C(F)(F)F,C=CC(=O)OCCOC(C(F)(F)F)(C(F)(F)F)C(F)(F)F,0.3,0.1,0.05,0.15,0.0,0.4,0.2217156904693371,86.0
C=CC(=O)OCCOCCOCCOCCOCCOCCOCCOCCOCCOC,C=CC(=O)OCCO,C=CC(=O)OCC(F)(F)F,C=CC(=O)OCC[S@](C)=O,C=CC(=O)OCCOC(C(F)(F)F)C(F)(F)F,C=CC(=O)OCCOC(C(F)(F)F)(C(F)(F)F)C(F)(F)F,0.25,0.05,0.1,0.0,0.55,0.05,0.2527815829153157,77.33333333333333
C=CC(=O)OCCOCCOCCOCCOCCOCCOCCOCCOCCOC,C=CC(=O)OCCO,C=CC(=O)OCC(F)(F)F,C=CC(=O)OCC[S@](C)=O,C=CC(=O)OCCOC(C(F)(F)F)C(F)(F)F,C=CC(=O)OCCOC(C(F)(F)F)(C(F)(F)F)C(F)(F)F,0.3,0.1,0.0,0.2,0.0,0.4,0.2125841090270547,85.9
C=CC(=O)OCCOCCOCCOCCOCCOCCOCCOCCOCCOC,C=CC(=O)OCCO,C=CC(=O)OCC(F)(F)F,C=CC(=O)OCC[S@](C)=O,C=CC(=O)OCCOC(C(F)(F)F)C(F)(F)F,C=CC(=O)OCCOC(C(F)(F)F)(C(F)(F)F)C(F)(F)F,0.4,0.1,0.0,0.0,0.4,0.1,0.182491843167616,74.0
C=CC(=O)OCCOCCOCCOCCOCCOCCOCCOCCOCCOC,C=CC(=O)OCCO,C=CC(=O)OCC(F)(F)F,C=CC(=O)OCC[S@](C)=O,C=CC(=O)OCCOC(C(F)(F)F)C(F)(F)F,C=CC(=O)OCCOC(C(F)(F)F)(C(F)(F)F)C(F)(F)F,0.4,0.1,0.0,0.05,0.15,0.3,0.1943377812250951,73.0
C=CC(=O)OCCOCCOCCOCCOCCOCCOCCOCCOCCOC,C=CC(=O)OCCO,C=CC(=O)OCC(F)(F)F,C=CC(=O)OCC[S@](C)=O,C=CC(=O)OCCOC(C(F)(F)F)C(F)(F)F,C=CC(=O)OCCOC(C(F)(F)F)(C(F)(F)F)C(F)(F)F,0.4,0.05,0.0,0.05,0.45,0.05,0.1747583021143273,77.0
C=CC(=O)OCCOCCOCCOCCOCCOCCOCCOCCOCCOC,C=CC(=O)OCCO,C=CC(=O)OCC(F)(F)F,C=CC(=O)OCC[S@](C)=O,C=CC(=O)OCCOC(C(F)(F)F)C(F)(F)F,C=CC(=O)OCCOC(C(F)(F)F)(C(F)(F)F)C(F)(F)F,0.2,0.1,0.1,0.25,0.05,0.3,0.2262325071216333,76.0
C=CC(=O)OCCOCCOCCOCCOCCOCCOCCOCCOCCOC,C=CC(=O)OCCO,C=CC(=O)OCC(F)(F)F,C=CC(=O)OCC[S@](C)=O,C=CC(=O)OCCOC(C(F)(F)F)C(F)(F)F,C=CC(=O)OCCOC(C(F)(F)F)(C(F)(F)F)C(F)(F)F,0.3,0.0,0.0,0.2,0.45,0.05,0.191230247928339,74.0
C=CC(=O)OCCOCCOCCOCCOCCOCCOCCOCCOCCOC,C=CC(=O)OCCO,C=CC(=O)OCC(F)(F)F,C=CC(=O)OCC[S@](C)=O,C=CC(=O)OCCOC(C(F)(F)F)C(F)(F)F,C=CC(=O)OCCOC(C(F)(F)F)(C(F)(F)F)C(F)(F)F,0.45,0.0,0.0,0.0,0.0,0.55,0.235191441582247,83.0
C=CC(=O)OCCOCCOCCOCCOCCOCCOCCOCCOCCOC,C=CC(=O)OCCO,C=CC(=O)OCC(F)(F)F,C=CC(=O)OCC[S@](C)=O,C=CC(=O)OCCOC(C(F)(F)F)C(F)(F)F,C=CC(=O)OCCOC(C(F)(F)F)(C(F)(F)F)C(F)(F)F,0.2,0.1,0.1,0.2,0.1,0.3,0.2422413701511883,82.3
C=CC(=O)OCCOCCOCCOCCOCCOCCOCCOCCOCCOC,C=CC(=O)OCCO,C=CC(=O)OCC(F)(F)F,C=CC(=O)OCC[S@](C)=O,C=CC(=O)OCCOC(C(F)(F)F)C(F)(F)F,C=CC(=O)OCCOC(C(F)(F)F)(C(F)(F)F)C(F)(F)F,0.4,0.05,0.1,0.05,0.05,0.35,0.2026150853684893,77.0
C=CC(=O)OCCOCCOCCOCCOCCOCCOCCOCCOCCOC,C=CC(=O)OCCO,C=CC(=O)OCC(F)(F)F,C=CC(=O)OCC[S@](C)=O,C=CC(=O)OCCOC(C(F)(F)F)C(F)(F)F,C=CC(=O)OCCOC(C(F)(F)F)(C(F)(F)F)C(F)(F)F,0.4,0.1,0.3,0.0,0.0,0.2,0.1619798803938037,55.0
C=CC(=O)OCCOCCOCCOCCOCCOCCOCCOCCOCCOC,C=CC(=O)OCCO,C=CC(=O)OCC(F)(F)F,C=CC(=O)OCC[S@](C)=O,C=CC(=O)OCCOC(C(F)(F)F)C(F)(F)F,C=CC(=O)OCCOC(C(F)(F)F)(C(F)(F)F)C(F)(F)F,0.2,0.2,0.0,0.2,0.4,0.0,0.1766332767796964,90.0
C=CC(=O)OCCOCCOCCOCCOCCOCCOCCOCCOCCOC,C=CC(=O)OCCO,C=CC(=O)OCC(F)(F)F,C=CC(=O)OCC[S@](C)=O,C=CC(=O)OCCOC(C(F)(F)F)C(F)(F)F,C=CC(=O)OCCOC(C(F)(F)F)(C(F)(F)F)C(F)(F)F,0.35,0.0,0.05,0.05,0.5,0.05,0.2049815921136029,81.0
C=CC(=O)OCCOCCOCCOCCOCCOCCOCCOCCOCCOC,C=CC(=O)OCCO,C=CC(=O)OCC(F)(F)F,C=CC(=O)OCC[S@](C)=O,C=CC(=O)OCCOC(C(F)(F)F)C(F)(F)F,C=CC(=O)OCCOC(C(F)(F)F)(C(F)(F)F)C(F)(F)F,0.0,0.8,0.2,0.0,0.0,0.0,0.0921539779800494,53.0
C=CC(=O)OCCOCCOCCOCCOCCOCCOCCOCCOCCOC,C=CC(=O)OCCO,C=CC(=O)OCC(F)(F)F,C=CC(=O)OCC[S@](C)=O,C=CC(=O)OCCOC(C(F)(F)F)C(F)(F)F,C=CC(=O)OCCOC(C(F)(F)F)(C(F)(F)F)C(F)(F)F,0.2,0.1,0.0,0.35,0.0,0.35,0.2127289012738853,87.0
C=CC(=O)OCCOCCOCCOCCOCCOCCOCCOCCOCCOC,C=CC(=O)OCCO,C=CC(=O)OCC(F)(F)F,C=CC(=O)OCC[S@](C)=O,C=CC(=O)OCCOC(C(F)(F)F)C(F)(F)F,C=CC(=O)OCCOC(C(F)(F)F)(C(F)(F)F)C(F)(F)F,0.3,0.1,0.6,0.0,0.0,0.0,0.1378670912865579,47.0
C=CC(=O)OCCOCCOCCOCCOCCOCCOCCOCCOCCOC,C=CC(=O)OCCO,C=CC(=O)OCC(F)(F)F,C=CC(=O)OCC[S@](C)=O,C=CC(=O)OCCOC(C(F)(F)F)C(F)(F)F,C=CC(=O)OCCOC(C(F)(F)F)(C(F)(F)F)C(F)(F)F,0.3,0.0,0.0,0.5,0.0,0.2,0.1171682289097188,47.0
C=CC(=O)OCCOCCOCCOCCOCCOCCOCCOCCOCCOC,C=CC(=O)OCCO,C=CC(=O)OCC(F)(F)F,C=CC(=O)OCC[S@](C)=O,C=CC(=O)OCCOC(C(F)(F)F)C(F)(F)F,C=CC(=O)OCCOC(C(F)(F)F)(C(F)(F)F)C(F)(F)F,0.2,0.0,0.0,0.15,0.6,0.05,0.2592471556931618,69.0
C=CC(=O)OCCOCCOCCOCCOCCOCCOCCOCCOCCOC,C=CC(=O)OCCO,C=CC(=O)OCC(F)(F)F,C=CC(=O)OCC[S@](C)=O,C=CC(=O)OCCOC(C(F)(F)F)C(F)(F)F,C=CC(=O)OCCOC(C(F)(F)F)(C(F)(F)F)C(F)(F)F,0.2,0.0,0.0,0.2,0.6,0.0,0.2373302429512224,91.5
C=CC(=O)OCCOCCOCCOCCOCCOCCOCCOCCOCCOC,C=CC(=O)OCCO,C=CC(=O)OCC(F)(F)F,C=CC(=O)OCC[S@](C)=O,C=CC(=O)OCCOC(C(F)(F)F)C(F)(F)F,C=CC(=O)OCCOC(C(F)(F)F)(C(F)(F)F)C(F)(F)F,0.1,0.1,0.0,0.4,0.0,0.4,0.264948888880281,94.0
C=CC(=O)OCCOCCOCCOCCOCCOCCOCCOCCOCCOC,C=CC(=O)OCCO,C=CC(=O)OCC(F)(F)F,C=CC(=O)OCC[S@](C)=O,C=CC(=O)OCCOC(C(F)(F)F)C(F)(F)F,C=CC(=O)OCCOC(C(F)(F)F)(C(F)(F)F)C(F)(F)F,0.1,0.0,0.0,0.6,0.1,0.2,0.1910147659440779,57.0
C=CC(=O)OCCOCCOCCOCCOCCOCCOCCOCCOCCOC,C=CC(=O)OCCO,C=CC(=O)OCC(F)(F)F,C=CC(=O)OCC[S@](C)=O,C=CC(=O)OCCOC(C(F)(F)F)C(F)(F)F,C=CC(=O)OCCOC(C(F)(F)F)(C(F)(F)F)C(F)(F)F,0.1,0.1,0.1,0.6,0.1,0.0,0.0859827933848559,22.0
C=CC(=O)OCCOCCOCCOCCOCCOCCOCCOCCOCCOC,C=CC(=O)OCCO,C=CC(=O)OCC(F)(F)F,C=CC(=O)OCC[S@](C)=O,C=CC(=O)OCCOC(C(F)(F)F)C(F)(F)F,C=CC(=O)OCCOC(C(F)(F)F)(C(F)(F)F)C(F)(F)F,0.5,0.0,0.5,0.0,0.0,0.0,0.089892601996562,51.0
C=CC(=O)OCCOCCOCCOCCOCCOCCOCCOCCOCCOC,C=CC(=O)OCCO,C=CC(=O)OCC(F)(F)F,C=CC(=O)OCC[S@](C)=O,C=CC(=O)OCCOC(C(F)(F)F)C(F)(F)F,C=CC(=O)OCCOC(C(F)(F)F)(C(F)(F)F)C(F)(F)F,0.8,0.0,0.0,0.0,0.0,0.2,0.0758536866666075,30.0
C=CC(=O)OCCOCCOCCOCCOCCOCCOCCOCCOCCOC,C=CC(=O)OCCO,C=CC(=O)OCC(F)(F)F,C=CC(=O)OCC[S@](C)=O,C=CC(=O)OCCOC(C(F)(F)F)C(F)(F)F,C=CC(=O)OCCOC(C(F)(F)F)(C(F)(F)F)C(F)(F)F,0.25,0.2,0.0,0.0,0.55,0.0,0.2164281757037799,105.8
C=CC(=O)OCCOCCOCCOCCOCCOCCOCCOCCOCCOC,C=CC(=O)OCCO,C=CC(=O)OCC(F)(F)F,C=CC(=O)OCC[S@](C)=O,C=CC(=O)OCCOC(C(F)(F)F)C(F)(F)F,C=CC(=O)OCCOC(C(F)(F)F)(C(F)(F)F)C(F)(F)F,0.15,0.25,0.0,0.2,0.4,0.0,0.1900257326512965,79.0
C=CC(=O)OCCOCCOCCOCCOCCOCCOCCOCCOCCOC,C=CC(=O)OCCO,C=CC(=O)OCC(F)(F)F,C=CC(=O)OCC[S@](C)=O,C=CC(=O)OCCOC(C(F)(F)F)C(F)(F)F,C=CC(=O)OCCOC(C(F)(F)F)(C(F)(F)F)C(F)(F)F,0.3,0.0,0.0,0.25,0.0,0.45,0.2297268653552781,75.0
C=CC(=O)OCCOCCOCCOCCOCCOCCOCCOCCOCCOC,C=CC(=O)OCCO,C=CC(=O)OCC(F)(F)F,C=CC(=O)OCC[S@](C)=O,C=CC(=O)OCCOC(C(F)(F)F)C(F)(F)F,C=CC(=O)OCCOC(C(F)(F)F)(C(F)(F)F)C(F)(F)F,0.5,0.0,0.0,0.0,0.0,0.5,0.2099860009332711,91.6
C=CC(=O)OCCOCCOCCOCCOCCOCCOCCOCCOCCOC,C=CC(=O)OCCO,C=CC(=O)OCC(F)(F)F,C=CC(=O)OCC[S@](C)=O,C=CC(=O)OCCOC(C(F)(F)F)C(F)(F)F,C=CC(=O)OCCOC(C(F)(F)F)(C(F)(F)F)C(F)(F)F,0.0,0.0,0.0,0.65,0.35,0.0,0.2009655412092686,87.0
C=CC(=O)OCCOCCOCCOCCOCCOCCOCCOCCOCCOC,C=CC(=O)OCCO,C=CC(=O)OCC(F)(F)F,C=CC(=O)OCC[S@](C)=O,C=CC(=O)OCCOC(C(F)(F)F)C(F)(F)F,C=CC(=O)OCCOC(C(F)(F)F)(C(F)(F)F)C(F)(F)F,0.0,0.0,0.0,0.6,0.4,0.0,0.2237970906378217,90.8
C=CC(=O)OCCOCCOCCOCCOCCOCCOCCOCCOCCOC,C=CC(=O)OCCO,C=CC(=O)OCC(F)(F)F,C=CC(=O)OCC[S@](C)=O,C=CC(=O)OCCOC(C(F)(F)F)C(F)(F)F,C=CC(=O)OCCOC(C(F)(F)F)(C(F)(F)F)C(F)(F)F,0.15,0.2,0.0,0.2,0.1,0.35,0.2626418265863566,89.0
C=CC(=O)OCCOCCOCCOCCOCCOCCOCCOCCOCCOC,C=CC(=O)OCCO,C=CC(=O)OCC(F)(F)F,C=CC(=O)OCC[S@](C)=O,C=CC(=O)OCCOC(C(F)(F)F)C(F)(F)F,C=CC(=O)OCCOC(C(F)(F)F)(C(F)(F)F)C(F)(F)F,0.3,0.25,0.0,0.0,0.4,0.05,0.1827684612178151,67.0
C=CC(=O)OCCOCCOCCOCCOCCOCCOCCOCCOCCOC,C=CC(=O)OCCO,C=CC(=O)OCC(F)(F)F,C=CC(=O)OCC[S@](C)=O,C=CC(=O)OCCOC(C(F)(F)F)C(F)(F)F,C=CC(=O)OCCOC(C(F)(F)F)(C(F)(F)F)C(F)(F)F,0.1,0.0,0.0,0.6,0.0,0.3,0.20893917548447,74.5
C=CC(=O)OCCOCCOCCOCCOCCOCCOCCOCCOCCOC,C=CC(=O)OCCO,C=CC(=O)OCC(F)(F)F,C=CC(=O)OCC[S@](C)=O,C=CC(=O)OCCOC(C(F)(F)F)C(F)(F)F,C=CC(=O)OCCOC(C(F)(F)F)(C(F)(F)F)C(F)(F)F,0.5,0.0,0.0,0.15,0.2,0.15,0.1317567843186311,40.0
C=CC(=O)OCCOCCOCCOCCOCCOCCOCCOCCOCCOC,C=CC(=O)OCCO,C=CC(=O)OCC(F)(F)F,C=CC(=O)OCC[S@](C)=O,C=CC(=O)OCCOC(C(F)(F)F)C(F)(F)F,C=CC(=O)OCCOC(C(F)(F)F)(C(F)(F)F)C(F)(F)F,0.4,0.4,0.0,0.0,0.0,0.2,0.1120165601090032,54.666666666666664
C=CC(=O)OCCOCCOCCOCCOCCOCCOCCOCCOCCOC,C=CC(=O)OCCO,C=CC(=O)OCC(F)(F)F,C=CC(=O)OCC[S@](C)=O,C=CC(=O)OCCOC(C(F)(F)F)C(F)(F)F,C=CC(=O)OCCOC(C(F)(F)F)(C(F)(F)F)C(F)(F)F,0.35,0.0,0.0,0.05,0.45,0.15,0.2223336217843609,70.0
C=CC(=O)OCCOCCOCCOCCOCCOCCOCCOCCOCCOC,C=CC(=O)OCCO,C=CC(=O)OCC(F)(F)F,C=CC(=O)OCC[S@](C)=O,C=CC(=O)OCCOC(C(F)(F)F)C(F)(F)F,C=CC(=O)OCCOC(C(F)(F)F)(C(F)(F)F)C(F)(F)F,0.0,0.0,0.0,0.7,0.0,0.3,0.2400224582417068,87.14285714285714
C=CC(=O)OCCOCCOCCOCCOCCOCCOCCOCCOCCOC,C=CC(=O)OCCO,C=CC(=O)OCC(F)(F)F,C=CC(=O)OCC[S@](C)=O,C=CC(=O)OCCOC(C(F)(F)F)C(F)(F)F,C=CC(=O)OCCOC(C(F)(F)F)(C(F)(F)F)C(F)(F)F,0.4,0.0,0.0,0.05,0.5,0.05,0.1872942763097741,88.0
