SMILES,Rg
*CC(*)c1cc(C(C)(C)C)ccc1C,14.03656517
*C(=O)c1ccc2c(c1)C(=O)N(c1c(C)cc(Cc3cc(C)c(N4C(=O)c5ccc(*)cc5C4=O)c(C)c3)cc1C)C2=O,25.41774128
*Oc1cccc(CCCCCCCCCCc2cccc(OC(*)=O)c2)c1,20.60450522
*c1ccc(Oc2ccc(-c3ccc(Oc4ccc(N5C(=O)c6ccc(-c7ccc8c(c7)C(=O)N(*)C8=O)cc6C5=O)cc4)cc3)cc2)cc1,31.51705093
*Oc1ccc(S(=O)(=O)c2ccc(Oc3c(C)cc(C(C)(C)c4cc(C)c(*)c(C)c4)cc3C)cc2)cc1,21.15608167
*CCC=C(*)c1ccccc1,15.95070727
*CC(*)N1Cc2ccccc2N1,15.0667824
*c1ccc2c(c1)C(=O)N(c1c(C)cc(Cc3cc(C)c(N4C(=O)c5ccc(C(*)(C(F)(F)F)C(F)(F)F)cc5C4=O)c(C)c3)cc1C)C2=O,21.41163113
*CC(*)c1ccc(Br)cc1,18.90727861
*CC(*)OC(=O)C(F)(F)C(F)(F)C(F)(F)C(F)(F)C(F)(F)C(F)(F)C(F)(F)C(F)(F)C(F)(F)F,14.59173807
*CC(*)C(=O)C(C)(C)C,15.84529429
*CC(*)(C)C(=O)OCCCCCCCCCCCC,13.39340415
*CC(*)c1ccc(C(C)(O)CCCC)cc1,12.83039798
*c1ccc(C(=O)Oc2ccc(-n3c(=O)c4cc5c(=O)n(*)c(=O)c5cc4c3=O)cc2)cc1,48.78662684
*c1ccc(-c2ccc(N3C(=O)c4cc5c(cc4C3=O)C(C(F)(F)F)(C(F)(F)F)c3cc4c(cc3O5)C(=O)N(*)C4=O)cc2C(F)(F)F)c(C(F)(F)F)c1,61.41552649
*CC(*)OCc1ccccc1,15.53483409
*CC(*)c1ccc(C(=O)OCC)cc1,15.33141492
*CC(*)(CC(=O)OCCCC1CCCCC1)C(=O)OCCCC1CCCCC1,11.12507079
*CC(*)(C)C(=O)Oc1c(C(C)C)cccc1C(C)C,13.56598885
*c1cccc(N2C(=O)c3ccc(Oc4ccc5c(c4)C(=O)N(*)C5=O)cc3C2=O)c1,25.48843896
*CC(C)(C)COC(=O)CCC(=O)O*,20.44290481
*c1cccc(Oc2ccc(N3C(=O)c4ccc(Oc5ccc6c(c5)C(=O)N(*)C6=O)cc4C3=O)cc2)c1,25.82303678
*Oc1ccc2[nH]c(-c3ccc4c(c3)-c3cc(-c5nc6cc(*)ccc6[nH]5)ccc3S4(=O)=O)nc2c1,19.97631919
*CCCCCCS(=O)(=O)c1ccc(/N=N/c2ccc(N(C)CCCCCC(=O)O*)cc2)cc1,21.73095381
*c1cccc(Oc2ccc(N3C(=O)c4ccc(C(=O)c5ccc6c(c5)C(=O)N(*)C6=O)cc4C3=O)cc2)c1,24.91382509
*CC(*)OC(=O)C1(C)CCCCC1,13.92155481
*c1cccc(Oc2cccc(Oc3cccc(-n4c(=O)c5cc6c(=O)n(*)c(=O)c6cc5c4=O)c3)c2)c1,23.18124192
*Oc1ccc2c(c1)C1(CC2(C)C)CC(C)(C)c2ccc(OC(=O)c3cccc(C(*)=O)c3)cc21,17.59702069
*CC(*)c1ccc(C(C)(C)C)cc1,14.30377054
*NC(CCC(=O)OCCCCCC)C(*)=O,13.9125116
*C(C)C(*)OCCC,17.00586889
*CC(*)c1ccc(C(C)(O)CCC)cc1,14.4775695
*CC(*)CNc1ccc([N+](=O)[O-])cn1,15.16948533
*C(CC)C(*)CC,17.80886641
*c1ccc(Oc2c(C)cc(C(c3cc(C)c(Oc4ccc(-n5c(=O)c6cc7c(=O)n(*)c(=O)c7cc6c5=O)cc4)c(C)c3)c3cccc4ccccc34)cc2C)cc1,25.42827706
*OC1C(CO)OC(*)C(O)C1O,35.34536315
*Oc1ccc(C(C)(C)c2ccc(OC(=O)c3ccc(C(=O)c4ccc(C(*)=O)cc4)cc3)cc2)cc1,23.74552096
*Oc1ccc(SC(=O)Oc2ccc(C(C)(C)c3ccc(OC(=O)Sc4ccc(*)cc4)cc3)cc2)cc1,22.50500153
*c1ccc(Oc2ccc(S(=O)(=O)c3ccc(Oc4ccc(N5C(=O)c6ccc(C(c7ccc8c(c7)C(=O)N(*)C8=O)(C(F)(F)F)C(F)(F)F)cc6C5=O)cc4)cc3)cc2)cc1,22.86724416
*CCC1CCCC1*,17.1369163
*NC(=O)Nc1ccc(Cc2ccc(*)cc2)cc1,25.05890653
*CC(*)OC1CCCCC1,13.62953501
*c1ccc(Oc2ccc(S(=O)(=O)c3ccc(Oc4ccc(N5C(=O)c6ccc(C(=O)c7ccc8c(c7)C(=O)N(*)C8=O)cc6C5=O)cc4)cc3)cc2)cc1,24.59977939
*CC(*)C(=O)OCCCCCCCCCCCCCCCCCCCCCC,14.5176678
*Oc1ccc(S(=O)(=O)c2ccc(Oc3ccc(C(C)(C)c4ccc(*)c(C(OC)(C(F)(F)F)C(F)(F)F)c4)cc3C(OC)(C(F)(F)F)C(F)(F)F)cc2)cc1,18.77836882
*CCCCNC(=O)CCCCC(=O)N*,21.45638929
*CC(*)C(=O)OCC,16.84660274
*CC(*)CCCN(C(C)C)C(C)C,13.13171976
*c1ccc(-c2ccc(-n3c(=O)c4cc5c(=O)n(*)c(=O)c5cc4c3=O)c(OC)c2)cc1OC,68.00275777
*Oc1ccc(C(C)(C)c2ccc(OC(*)=O)c(C)c2)cc1C,19.9506095
*Oc1ccc(Sc2ccc(OC(*)=O)cc2)cc1,23.7127317
*CC(*)C(N)=O,17.78837154
*c1ccc(Oc2ccc(Oc3ccc(N4C(=O)c5ccc(-c6ccc7c(c6)C(=O)N(*)C7=O)cc5C4=O)cc3)c(C(C)(C)C)c2)cc1,28.42466879
*CCCCCCCC(=O)N*,21.36039859
*CC(*)c1ccc(OCC)cc1,14.46497808
*C(=O)c1ccc2c(c1)C(=O)N(c1ccc(-c3ccc(-c4ccc(N5C(=O)c6ccc(*)cc6C5=O)cc4)cc3)cc1)C2=O,32.5454931
*CC(*)c1c(C)cc(C)cc1C,14.89515923
*c1ccc(Oc2ccc(Oc3ccc(N4C(=O)c5ccc(Oc6ccccc6Oc6ccc7c(c6)C(=O)N(*)C7=O)cc5C4=O)cc3C(F)(F)F)cc2)c(C(F)(F)F)c1,23.36798061
*CC(*)c1ccc(C(C)C)cc1,15.15661624
*CC(*)(C)C(=O)Oc1ccc(CC#N)cc1,15.89822091
*CCC=C(*)C,17.45895747
*CC(*)OC(=O)c1ccc(Br)cc1,17.15031322
*c1ccc(Oc2ccc(C(c3ccc(Oc4ccc(N5C(=O)c6ccc(-c7ccc8c(c7)C(=O)N(*)C8=O)cc6C5=O)cc4)cc3)(C(F)(F)F)C(F)(F)F)cc2)cc1,26.44667687
*CC(*)c1ccc(Cl)c(F)c1,17.76790396
*CC(*)(C)C(=O)OCC(C)C,15.30603285
*C(=O)NC1CCC(CC2CCC(NC(=O)c3ccc(N4C(=O)c5ccc(*)cc5C4=O)cc3)CC2)CC1,28.28450564
*CC(*)OC(=O)c1ccc(CC)cc1,14.34170528
*CCC(C)C(*)C,18.8906591
*CC(*)c1ccc(C)c(C)c1,14.95857824
*c1ccc(Oc2cc3ccccc3cc2Oc2ccc(N3C(=O)c4ccc(-c5ccc6c(c5)C(=O)N(*)C6=O)cc4C3=O)cc2)cc1,24.88651568
*C(C)C(*)OC,20.15695422
*c1cccc(Oc2cccc(Oc3cccc(N4C(=O)c5ccc(-c6cccc7c6C(=O)N(*)C7=O)cc5C4=O)c3)c2)c1,20.36775118
*c1ccc(-c2ccc(N3C(=O)c4ccc(-c5ccc6c(c5)C(=O)N(*)C6=O)cc4C3=O)cc2C(F)(F)F)c(C(F)(F)F)c1,42.79849318
*CC(C)CNC(=O)O*,20.04344574
*CC(*)c1ccc(N(C)C)cc1,13.8215352
*Oc1ccc(S(=O)(=O)c2ccc(Oc3ccc(C(C)(C)c4ccc(*)c(C(O)(C(F)(F)F)C(F)(F)F)c4)cc3C(O)(C(F)(F)F)C(F)(F)F)cc2)cc1,18.73761021
*CC1CC(*)OC(CCC)O1,19.21617746
*CC(*)(C)C(=O)OCC(=O)c1ccccc1,15.70489431
*OC(C)CC(*)=O,18.89890364
*NC(CCC(=O)OCC)C(*)=O,15.5386839
*CC(*)OCCCCCCCCCCCC,13.33649352
*CC(*)(C)C(=O)Oc1ccccc1,15.47850817
*C(=O)Nc1ccc(Cc2ccc(NC(=O)c3ccc(N4C(=O)c5ccc(*)cc5C4=O)cc3)cc2)cc1,30.8524502
*Oc1ccc(S(=O)(=O)c2ccc(Oc3c(C)cc(C(C)(C)c4cc(C)c(*)c(C)c4)cc3C)cc2C(O)(C(F)(F)F)C(F)(F)F)c(C(O)(C(F)(F)F)C(F)(F)F)c1,19.45698714
*C(=O)c1ccc2c(c1)C(=O)N(c1ccc(-c3ccc(N4C(=O)c5ccc(*)cc5C4=O)c(C)c3)cc1C)C2=O,30.85058936
*CC(*)C(C)C,16.58024304
*Oc1ccc(C(=C(Cl)Cl)c2ccc(OC(*)=O)cc2)cc1,23.77172397
*c1cccc2c(N3C(=O)c4ccc(-c5ccc6c(c5)C(=O)N(*)C6=O)cc4C3=O)cccc12,39.19532686
*c1ccc(Oc2cccc(N3C(=O)c4ccc(-c5cccc6c5C(=O)N(*)C6=O)cc4C3=O)c2)cc1,21.83562994
*CC(*)CCc1ccccc1,14.96591592
*CC(*)CCCCCCCCCCCCC,13.21145476
*CCOc1ccc(C(=O)OCCOC(=O)c2ccc(O*)cc2)cc1,21.1446178
*CC(*)c1ccc(COCCCCCCOc2ccc(-c3ccc(OC)cc3)cc2)cc1,14.62967103
*c1ccc(Cc2ccc(-n3c(=O)c4cc5c(=O)n(*)c(=O)c5cc4c3=O)c(C)c2)cc1C,29.12370783
*C(=O)Oc1ccc(C(C)(C)c2ccc(OC(=O)c3ccc4c(c3)C(=O)N(c3ccc(-c5ccc(N6C(=O)c7ccc(*)cc7C6=O)cc5)cc3)C4=O)cc2)cc1,29.56407716
*c1ccc(-c2ccc(N3C(=O)c4ccc(-c5ccc6c(c5)C(=O)N(*)C6=O)cc4C3=O)c(C)c2)cc1C,41.64668838
*C(C)C(*)OCC,16.68834663
*CCCCOC(=O)CCCCC(=O)O*,20.723239
*c1ccc(Cc2ccc(N(*)Cc3ccccc3)cc2)cc1,19.15504256
*/C=C(/*)c1ccc(C#C)cc1,28.65403268
*CC(*)CCCC1CCCCC1,13.32480759
*CC(*)c1ccccc1C(=O)OCCCCC,14.46126705
*CC(*)C(=O)Oc1cccc(C(=O)OCC)c1,13.88062741
*Cc1cc(*)c(O)cc1C,17.14107103
*CC(*)c1ccc(C(O)CCN2CCCCC2)cc1,12.6922634
*CC(*)P(=O)(c1ccccc1)c1ccccc1,15.04474841
*CC(*)c1ccc(CCCCCCCCCC)cc1,13.22855054
*C(=O)C1CCCN1*,17.03850851
*C1CCC(CC2CCC(N3C(=O)C4C5C=CC(C6C(=O)N(*)C(=O)C56)C4C3=O)CC2)CC1,22.94222947
*C(=O)c1ccc2c(c1)C(=O)N(c1ccc(Sc3ccc(N4C(=O)c5ccc(*)cc5C4=O)cc3)cc1)C2=O,24.67773909
*c1ccc(Oc2cc3ccccc3cc2Oc2ccc(N3C(=O)c4ccc(S(=O)(=O)c5ccc6c(c5)C(=O)N(*)C6=O)cc4C3=O)cc2)cc1,22.01939676
*CC(*)CCC(C)CC,14.60740742
*Nc1ccc(*)cc1,22.46729766
*c1ccc(Oc2ccc(N3C(=O)c4ccc(C(c5ccc6c(c5)C(=O)N(*)C6=O)(C(F)(F)F)C(F)(F)F)cc4C3=O)cc2)cc1,26.39045228
*CC(*)c1cccc(C)n1,16.28393288
*c1cccc(P(=O)(c2ccc(C(F)(F)F)cc2)c2cccc(-n3c(=O)c4c(-c5ccc(C(F)(F)F)cc5)c5c(=O)n(*)c(=O)c5c(-c5ccc(C(F)(F)F)cc5)c4c3=O)c2)c1,20.57425608
*Oc1ccc(-c2ccc(OC(=O)CCCCCCCCC(*)=O)cc2)cc1,24.42136808
*CC(*)c1cc(Br)ccc1OCCC,14.99578566
*c1ccc(Oc2cc3ccccc3cc2Oc2ccc(N3C(=O)c4ccc(Oc5ccc6c(c5)C(=O)N(*)C6=O)cc4C3=O)cc2)cc1,23.46686695
*CC(*)c1ccc(CCC)cc1,15.2545153
*CC(*)C(=O)NC(C)C,15.97303008
*C(=O)CCCCCCCCC(=O)N1CCN(*)CC1,23.7286096
*CCCCCCCCCCCC(=O)N*,22.24299579
*c1ccc(Oc2ccc(C3(c4ccc(Oc5ccc(N6C(=O)c7ccc(Oc8ccc(C9(c%10ccc(Oc%11ccc%12c(c%11)C(=O)N(*)C%12=O)cc%10)CCCCCCCCCCC9)cc8)cc7C6=O)cc5)cc4)CCC(C(C)(C)C)CC3)cc2)cc1,21.40172477
*c1ccc(Oc2ccc(C(C)(C)c3ccc(Oc4ccc(-n5c(=O)c6cc7c(=O)n(*)c(=O)c7cc6c5=O)cc4)cc3)cc2)cc1,23.96641117
*c1ccc(Sc2ccc(Oc3ccc(Sc4ccc(N5C(=O)c6ccc(Oc7ccc(C(C)(C)c8ccc(Oc9ccc%10c(c9)C(=O)N(*)C%10=O)cc8)cc7)cc6C5=O)cc4)cc3)cc2)cc1,24.1848397
*CC(*)C(=O)Oc1ccc(C(=O)OC)cc1,13.6680908
*Oc1ccc(C2(c3ccc(OC(*)=O)cc3)CCCCC2)cc1,20.23173532
*c1ccc(Oc2ccc(S(=O)(=O)c3ccc(Oc4ccc(N5C(=O)c6ccc(Oc7ccc8c(c7)C(=O)N(*)C8=O)cc6C5=O)cc4)cc3)cc2)cc1,25.85433842
*CC(*)(CC(=O)Oc1ccc(OCCCCCCC)cc1)C(=O)Oc1ccc(OCCCCCCC)cc1,12.12779736
*CC(*)c1ccc(CCCCCC)cc1,14.12902258
*C(=O)c1ccc2c(c1)C(=O)N(c1c(CC)cc(Cc3cc(CC)c(N4C(=O)c5ccc(*)cc5C4=O)c(CC)c3)cc1CC)C2=O,23.80459701
*C1CC2CC1C(*)C2CCCC,15.82421417
*Oc1c(Br)cc(C(C)(C)c2cc(Br)c(OC(*)=O)c(Br)c2)cc1Br,21.26438014
*c1ccc(Oc2ccc(Oc3ccc(N4C(=O)c5ccc(Oc6cccc7c6C(=O)N(*)C7=O)cc5C4=O)cc3)cc2)cc1,24.61808327
*Cc1cccc(COC(=O)Nc2ccc(Cc3ccc(NC(=O)O*)cc3)cc2)c1,22.53831216
*c1ccc(Oc2cccc(Oc3ccc(-n4c(=O)c5cc6c(=O)n(*)c(=O)c6cc5c4=O)cc3)c2)cc1,26.56530614
*CC(*)OC(C)C,16.30206273
*Oc1ccc(OC(=O)c2ccc(-c3ccc(C(*)=O)cc3)cc2)cc1C,41.93392289
*Oc1ccc(C(C)(CCC)c2ccc(OC(*)=O)cc2)cc1,21.46284987
*CC(*)c1cc(F)ccc1F,18.14554033
*CC(*)OC(C)=O,18.26683455
*c1ccc(Sc2ccc(-n3c(=O)c4cc5c(=O)n(*)c(=O)c5cc4c3=O)cc2)cc1,27.00895972
*c1ccc2c(c1)C(=O)N(c1ccc(Oc3ccc(N4C(=O)c5ccc(C(C)(C)CCCCC(*)(C)C)cc5C4=O)cc3)cc1)C2=O,23.2758207
*c1ccc(Oc2ccc(C3(c4ccc(Oc5ccc(N6C(=O)c7ccc(Oc8ccc(C9(c%10ccc(Oc%11ccc%12c(c%11)C(=O)N(*)C%12=O)cc%10)CCCCCCCCCCC9)cc8)cc7C6=O)cc5)cc4)C4CC5CC(C4)CC3C5)cc2)cc1,22.08529982
*CCCCCCN1C(=O)c2ccc(C(c3ccc4c(c3)C(=O)N(*)C4=O)(C(F)(F)F)C(F)(F)F)cc2C1=O,21.88584092
*C(=O)Nc1cccc(/C=C/C(=O)/C=C/c2cccc(NC(=O)c3ccc(N4C(=O)c5ccc(*)cc5C4=O)cc3)c2)c1,25.51876593
*c1ccc(Oc2ccc(Oc3ccc(N4C(=O)C5CCC6C(=O)N(*)C(=O)C6C5C4=O)cc3)cc2)cc1,28.01179501
*CC(*)c1ccc(C(F)(F)C(F)(F)C(F)(F)C(F)(F)C(F)(F)C(F)(F)C(F)(F)F)cc1,15.21371358
*CC(*)C=O,20.20302995
*CC(*)C(=O)OC(F)(C(F)(F)F)C(F)(F)Cl,17.4877483
*c1ccc(Cc2ccc(N3C(=O)c4ccc(-c5ccc6c(c5)C(=O)N(*)C6=O)cc4C3=O)c(C)c2)cc1C,27.14086155
*CCc1cc(C)c(*)cc1C,22.46902993
*Oc1ccc(C(=O)c2ccc(*)cc2)cc1,23.25511851
*c1ccc2c(c1)C(=O)N(c1ccc(C(c3ccc(N4C(=O)c5ccc(C(*)(C(F)(F)F)C(F)(F)F)cc5C4=O)cc3)(C(F)(F)F)C(F)(F)F)cc1)C2=O,20.98100887
*c1ccc2c(c1)C(=O)N(c1ccc(Oc3ccc(N4C(=O)c5ccc(C(C)(C)CCCCCCCCC(*)(C)C)cc5C4=O)cc3)cc1)C2=O,23.43880382
*c1ccc(-n2c(=O)c3cc4c(=O)n(*)c(=O)c4cc3c2=O)c(C)c1,66.18540371
*CC(*)c1ccccc1COC(C)C,14.05306777
*CCOCC(=O)O*,21.29511654
*NC(=O)c1ccc(C(=O)Nc2ccc(*)cc2)cc1,50.26538419
*CCCCCCNC(=O)CCCCC(=O)N(*)C,21.56087805
*CC(*)OC(=O)CC1CCCC1,13.87715062
*/C=C(/*)c1ccc(-c2ccc(C#C)cc2)cc1,21.12489851
*CC(*)c1ccc(C(=O)CCN2CCCCC2)cc1,13.83668426
*CC(*)c1ccccc1C(=O)OCCCCCC,13.19402732
*CC(*)c1ccc(CC)cc1,15.56198015
*c1ccc(Oc2ccc(Oc3ccc(N4C(=O)c5cccc(Oc6cccc7c6C(=O)N(*)C7=O)c5C4=O)cc3)cc2)cc1,22.30349945
*c1ccc(Oc2ccc(Oc3ccc(N4C(=O)c5ccc(-c6ccc7c(c6)C(=O)N(*)C7=O)cc5C4=O)cc3)c(-c3ccccc3)c2)cc1,29.48458657
*CCOC(=O)c1ccc(-c2ccc(C(=O)O*)cc2)cc1,23.54786843
*CC(*)c1cccc(C)c1,16.34575568
*CC(*)CCC(C)(C)C,14.9505416
*CC(*)P(=O)(Oc1ccccc1)N(C)C,15.53040062
*CC(*)c1cccc(Cl)c1,17.33948171
*C=CCCCCCC*,20.5890575
*c1ccc(Oc2ccc(-c3ccc(Oc4ccc(N5C(=O)c6ccc(Oc7ccc(C8(c9ccc(Oc%10ccc%11c(c%10)C(=O)N(*)C%11=O)cc9)CCC(c9ccccc9)CC8)cc7)cc6C5=O)cc4)cc3C)c(C)c2)cc1,24.65260466
*C1CCC(N2C(=O)c3ccc(-c4ccc5c(c4)C(=O)N(*)C5=O)cc3C2=O)CC1,29.09881388
*Oc1ccc(C(c2ccc(OC(*)=O)cc2)(C(F)(F)F)C(F)(F)F)cc1,21.83532867
*CC(*)(C)C(=O)OC(C)CC,15.49147687
*c1ccc(S(=O)(=O)c2ccc(-n3c(=O)c4cc5c(=O)n(*)c(=O)c5cc4c3=O)cc2)cc1,26.88592542
*CC(*)c1ccccc1C(=O)OCC,15.25587433
*Oc1c(-c2ccccc2)cc(*)cc1-c1ccccc1,21.66382538
*c1cccc(N2C(=O)c3ccc(C(c4ccc5c(c4)C(=O)N(*)C5=O)(C(F)(F)F)C(F)(F)F)cc3C2=O)c1,22.40330556
*Oc1c(C)cc(*)cc1C,21.42740519
*Cc1cccc(CNC(=O)CCCCC(=O)N*)c1,18.56226113
*Oc1ccc(S(=O)(=O)c2ccc(Oc3ccc(C(=O)c4cc(Br)cc(C(=O)c5ccc(*)cc5)c4)cc3)cc2)cc1,17.40432344
*CC(*)P(=O)(OCC)N(C)C,15.14797137
*CCC1CC(OC(=O)CCCCCCCCCCOc2ccc(-c3ccc(C#N)cc3)cc2)CC1*,14.45758979
*CC(*)OC(=O)c1ccc(C)cc1,14.74333207
*Cc1ccc(COC(=O)O*)cc1,22.22606664
*CC(*)C(=O)Oc1ccc(C#N)cc1,16.75532154
*CC(*)c1ccc(-c2ccccc2)cc1,14.54803603
*c1ccc2c(c1)C(=O)N(c1c(C)c(C)c(N3C(=O)c4ccc(C(*)(C(F)(F)F)C(F)(F)F)cc4C3=O)c(C)c1C)C2=O,23.81474014
*/C=C/C(C*)C(C)CC,16.7271141
*CCO*,22.24965117
*Oc1ccc(C(C)(C)c2ccc(OC(=O)c3ccc(C(*)=O)cc3)cc2)cc1,25.57931981
*CC(*)c1ccncc1,17.18242977
*c1ccc(Oc2c(C)cc(Cc3cc(C)c(Oc4ccc(-n5c(=O)c6cc7c(=O)n(*)c(=O)c7cc6c5=O)cc4)c(C)c3)cc2C)cc1,21.38140875
*c1ccc(Oc2ccc(Oc3ccc(N4C(=O)c5ccc(-c6cccc7c6C(=O)N(*)C7=O)cc5C4=O)cc3)cc2)cc1,24.2410336
*CC(*)(CC)C(=O)OCC,18.68941169
*CCCCCCNC(=O)c1cccc(C(=O)N*)c1,19.45528525
*CC(*)C(=O)OC(C)C,16.46496186
*c1ccc(C(=O)Oc2ccc(N3C(=O)c4ccc(-c5ccc6c(c5)C(=O)N(*)C6=O)cc4C3=O)cc2)cc1,38.57425491
*CC(*)C(=O)c1ccc(OC)cc1,15.75625012
*Oc1ccc(S(=O)(=O)c2ccc(OC(=O)c3ccccc3/C=C/c3ccc(/C=C/c4ccccc4C(*)=O)cc3)cc2)cc1,17.02663549
*CC(*)C(=O)Oc1c(Cl)c(Cl)c(Cl)c(Cl)c1Cl,18.46545024
*C([2H])([2H])C(*)([2H])c1c([2H])c([2H])c([2H])c([2H])c1[2H],16.63884808
*Oc1ccc(S(=O)(=O)c2ccc(Oc3ccc(C(=O)c4cc(I)cc(C(=O)c5ccc(*)cc5)c4)cc3)cc2)cc1,22.6834949
*c1ccc(Sc2ccc3c(c2)Sc2ccc(Sc4ccc(-n5c(=O)c6cc7c(=O)n(*)c(=O)c7cc6c5=O)cc4)cc2S3)cc1,25.46175106
*C1CCC(CC2CCC(N3C(=O)C4C5C=CC(C6C(=O)N(*)C(=O)C56)C4C3=O)C(C)C2)CC1C,25.21563438
*c1ccc(-c2ccc(N3C(=O)c4ccc(-c5cccc6c5C(=O)N(*)C6=O)cc4C3=O)cc2C(F)(F)F)c(C(F)(F)F)c1,23.78853521
*CC(*)CC(C)(C)CC,15.15669433
*CC(*)CC(C)(C)C,15.7554997
*C=CCC*,22.35804209
*CCOC(=O)C1CCC(C(=O)O*)CC1,18.94272389
*Oc1ccc(S(=O)(=O)c2ccc(*)cc2)cc1,21.83245174
*NC(=O)NCCCCCCNC(=O)NCCCCC(*)C(=O)OC,19.44890196
*CC1(*)CCCCC1,15.53389008
*CC(*)c1cc(Br)ccc1OCCCCC,13.86362583
*c1ccc(-c2sc(-c3ccc(-n4c(=O)c5cc6c(=O)n(*)c(=O)c6cc5c4=O)cc3)c(-c3ccccc3)c2-c2ccccc2)cc1,47.52713915
*CC(*)CNc1ccc([N+](=O)[O-])cc1[N+](=O)[O-],15.62776691
*CC(*)c1ccccc1COCCC,14.59224927
*CC(*)C(=O)Oc1ccccc1,16.36247995
*CC(*)(F)C(C)=O,18.13593146
*c1ccc2c(c1)C(=O)N(c1ccc(Oc3cccc(Oc4ccc(N5C(=O)c6ccc(C(*)(C(F)(F)F)C(F)(F)F)cc6C5=O)cc4)c3)cc1)C2=O,23.58910882
*CC(*)CC,17.61029646
*c1ccc(Oc2ccccc2Oc2ccc(-n3c(=O)c4cc5c(=O)n(*)c(=O)c5cc4c3=O)cc2)cc1,24.34829106
*CC(c1ccccn1)C(c1ccccc1)C(*)c1ccccn1,18.07137037
*CC(*)c1ccc(C(=O)Cc2ccccc2)cc1,15.33258422
*C1C(*)C2CC1C1C=CCC12,14.53842481
*CC(*)SCC,17.66261453
*CC1CCC(COC(=O)CCCCCCCCC(=O)O*)CC1,21.40859889
*c1c(C)c(C)c(-n2c(=O)c3cc4c(=O)n(*)c(=O)c4cc3c2=O)c(C)c1C,55.25825578
*Oc1c(Cl)cc(C(C)(C)c2cc(Cl)c(OC(*)=O)c(Cl)c2)cc1Cl,21.37007538
*CC(*)C(=O)OCCC,17.26959447
*C1C2CC(C)C(C2)C1*,14.97922281
*CCOC(=O)Nc1ccc(NC(=O)O*)cc1,24.93903119
*CC(*)CCCCCCCCCC,14.09923321
*c1ccc2c(c1)C(=O)N(c1ccc(-c3ccc(Oc4ccc5c(c4)C(C)(c4ccc(Oc6ccc(-c7ccc(N8C(=O)c9ccc(C(*)(C(F)(F)F)C(F)(F)F)cc9C8=O)cc7)cc6C(F)(F)F)cc4)CC5(C)C)c(C(F)(F)F)c3)cc1)C2=O,22.79048612
*CC(*)C(=O)OC1CCCCC1,13.82399801
*C(=O)Oc1ccc(OC(=O)c2ccc3c(c2)C(=O)N(c2ccc(C(=O)Nc4ccc(N5C(=O)c6ccc(*)cc6C5=O)cc4)cc2)C3=O)cc1,36.489016
*CC(C)C(*)(C)C,17.17860438
*Oc1ccc2c(c1)C1(CC2(C)C)CC(C)(C)c2ccc(OC(=O)c3ccc(C(*)=O)cc3)cc21,17.53381227
*CC(*)C(=O)OCc1ccccc1,15.74589379
*c1ccc(Oc2ccc(Oc3ccc(-n4c(=O)c5cc6c(=O)n(*)c(=O)c6cc5c4=O)cc3)cc2)cc1,29.59877163
*CC(*)c1ccc(CCCCCCCC)cc1,13.38649534
*Oc1ccc(C(=O)CCCCCCCCC(=O)c2ccc(OC(*)=O)cc2)cc1,24.27801768
*/C=C(/*)c1cccc(C#C)c1,27.70134865
*C(F)(F)C(*)(F)C(F)(F)F,19.83463914
*CC(*)CCCC(C)(C)C,14.35781565
*c1cccc(N2C(=O)c3ccc(C(=O)c4ccc5c(c4)C(=O)N(*)C5=O)cc3C2=O)c1,23.75906378
*CC(*)CCc1ccccc1C,14.63740659
*CC(*)(CC(=O)OC1CCCCC1)C(=O)OC1CCCCC1,10.36673786
*C(C)C(*)OC(C)C,18.99231057
*CC(*)C(=O)OC(CC)CC,15.29508313
*c1ccc(Cc2ccc(N3C(=O)c4ccc(Oc5ccc(C6(c7ccc(Oc8ccc9c(c8)C(=O)N(*)C9=O)cc7)CCCCCCCCCCC6)cc5)cc4C3=O)cc2)cc1,19.80865113
*CC(*)OC(C)CC,16.05246852
*CCCCCCCCOC(=O)c1cccc(C(=O)O*)c1,20.71510537
*C(=O)Nc1ccc(Oc2ccc(NC(=O)c3ccc4c(c3)C(=O)N(c3ccc(S(=O)(=O)c5ccc(N6C(=O)c7ccc(*)cc7C6=O)cc5)cc3)C4=O)cc2)cc1,28.69634527
*Oc1ccc(NC(=O)c2ccc(C(c3ccc(C(=O)O)c(C(=O)Nc4cc(*)ccc4N)c3)(C(F)(F)F)C(F)(F)F)cc2C(=O)O)c(N)c1,20.56712429
*c1ccc(Oc2cc(C(C)(C)C)ccc2Oc2ccc(-n3c(=O)c4cc5c(=O)n(*)c(=O)c5cc4c3=O)cc2)cc1,21.54485112
*c1cccc(Oc2ccc(S(=O)(=O)c3ccc(Oc4cccc(-n5c(=O)c6cc7c(=O)n(*)c(=O)c7cc6c5=O)c4)cc3)cc2)c1,21.95338985
*CC(*)(C)C(=O)OC1CCCCC1,14.59071673
*C(=O)NCCCCCCNC(=O)c1ccc(N2C(=O)c3ccc(*)cc3C2=O)cc1,23.37897452
*C1Oc2ccccc2C1*,17.46088525
*CC(*)OC(=O)C(C)(C)CC(C)(C)C,13.93020611
*CC(*)c1ccccc1Cl,16.45969775
*c1ccc2c(c1)C(=O)N(c1cccc(Oc3cccc(Oc4cccc(N5C(=O)c6ccc(C(*)(C(F)(F)F)C(F)(F)F)cc6C5=O)c4)c3)c1)C2=O,19.73092575
*CC(CC(*)(C#N)C(=O)OC)c1ccccc1,18.44891447
*CC(*)c1ccccc1C(=O)OCCC(C)C,14.4306517
*C(=O)Nc1cccc(NC(=O)c2ccc(N3C(=O)c4ccc(*)cc4C3=O)cc2)c1,29.40900588
*C1CCC1*,29.98560531
*Oc1ccc(C(=O)Nc2cccc(C(O)Cc3ccc(NC(=O)c4ccc(*)cc4)cc3)c2)cc1,25.62467534
*Oc1ccc(C(C)(C)c2ccc(OC(*)=O)cc2)cc1,22.29640664
*CCCNC(=O)Cc1ccc(C(=O)N*)cc1,21.86299327
*C(=O)c1ccc2c(c1)C(=O)N(c1cccc(OCCOCCOc3cccc(N4C(=O)c5ccc(*)cc5C4=O)c3)c1)C2=O,22.2848572
*c1cccc(P(=O)(c2cccc(-n3c(=O)c4c(-c5ccc(C(F)(F)F)cc5)c5c(=O)n(*)c(=O)c5c(-c5ccc(C(F)(F)F)cc5)c4c3=O)c2)c2cc(C(F)(F)F)cc(C(F)(F)F)c2)c1,19.76254407
*CC(*)C(=O)Oc1ccccc1C(=O)OCC,13.19656261
*c1ccc(Oc2ccc(-c3ccc(Oc4ccc(N5C(=O)c6ccc(Oc7ccc(C8(c9ccc(Oc%10ccc%11c(c%10)C(=O)N(*)C%11=O)cc9)CCCCCCCCCCC8)cc7)cc6C5=O)cc4)cc3C)c(C)c2)cc1,25.91346709
*CC(*)OC(=O)c1cccc(Cl)c1,16.34133778
*CC(*)c1ccc(CCCCCCCCCCCCCCCC)cc1,13.61876978
*c1ccc(Oc2ccc(C3(c4ccc(Oc5ccc(N6C(=O)c7ccc(Oc8ccccc8Oc8ccc9c(c8)C(=O)N(*)C9=O)cc7C6=O)cc5C(F)(F)F)cc4)c4ccccc4-c4ccccc43)cc2)c(C(F)(F)F)c1,21.69502851
*CC(*)C(=O)OCCC#N,17.15727746
*CC(*)(C)C(=O)OCc1ccccc1,14.93752811
*CC(*)(CC(=O)OCCCCCCC)C(=O)OCCCCCCC,12.43461106
*CC(*)c1ccc(C(=O)N2CCCCC2)cc1,13.90916341
*c1c(C)cc(C(c2cc(C)c(N3C(=O)c4ccc(-c5ccc6c(c5)C(=O)N(*)C6=O)cc4C3=O)c(C)c2)c2cccc3ccccc23)cc1C,27.01357652
*C(=O)Nc1ccc(NC(=O)c2ccc(N3C(=O)c4ccc(*)cc4C3=O)cc2)cc1,45.45353617
*CC(*)(CC(=O)OCC1CCCCC1)C(=O)OCC1CCCCC1,11.11893161
*Oc1ccc2ccc(OC(=O)Oc3ccc(OC(*)=O)cc3)cc2c1,23.44354524
*Oc1ccc(Oc2ccc(Oc3ccc(S(=O)(=O)c4ccc(*)cc4)cc3)cc2)cc1,22.98608467
*Oc1ccc(-c2ccc(OC(=O)CCCCCCCCCCCC(*)=O)cc2)cc1,24.51658371
*C(=O)Oc1ccc(C(C)(C)c2ccc(OC(=O)c3ccc4c(c3)C(=O)N(c3ccc(Oc5ccc(N6C(=O)c7ccc(*)cc7C6=O)cc5)cc3)C4=O)cc2)cc1,26.8627259
*CC(*)c1ccc(COCCCC)cc1,13.60171636
*Oc1ccc(S(=O)(=O)c2ccc(Oc3ccc(C(=O)c4cccc(C(=O)c5ccc(*)cc5)c4)cc3)cc2)cc1,21.67035495
*CC(*)(C)C(=O)OCCCCCC,14.66868863
*c1ccc2c(c1)C(=O)N(c1cccc(S(=O)(=O)c3cccc(N4C(=O)c5ccc(C(*)(C(F)(F)F)C(F)(F)F)cc5C4=O)c3)c1)C2=O,20.89638432
*CC(*)OC(C)(C)C,15.33751774
*CC(*)c1ccccc1C(=O)N(C)C,14.34481433
*OC(C)C(*)=O,21.00279981
*C(=O)c1ccc2c(c1)C(=O)N(c1ccc(N3C(=O)c4ccc(*)cc4C3=O)c(C)c1)C2=O,26.92091988
*CC(*)(C)C(=O)OCc1ccccc1Cl,16.36566282
*C=CC(C)CCCCC*,21.24571185
*CC(*)(C)C(=O)OCCCCCCN(C)c1ccc(/N=N/c2ccc(S(C)(=O)=O)cc2)cc1,14.36196379
*CC(*)c1cc(C)c(C)cc1C,15.99010021
*CC(*)C(=O)OC(F)(C(F)(F)F)C(F)(F)F,16.89930197
*CCCCCCNC(=O)Cc1ccc(C(=O)N*)cc1,21.82867105
*CCCCCCCCCSC(=O)S*,22.92610472
*CC(*)OC(=O)C(C)(C)C(C)C(C)C,13.98572797
*Oc1ccc2c(c1)nc1c3cc4c(=O)n5c6cc(*)ccc6nc5c4cc3c(=O)n21,28.88686547
*CC(*)c1ccc(C(C)CC)cc1,12.82216991
*CC(*)OC(=O)c1ccc(OC(C)=O)cc1,16.00551203
*CC(*)C(=O)c1ccc(C)cc1,14.51530897
*CCCCCCCCCn1c(=O)c2cc3c(=O)n(*)c(=O)c3cc2c1=O,22.61205794
*/C=C/C(C*)OC,18.49301213
*CC(*)C1CCC(C)CC1,14.89340858
*CC(*)OC(=O)c1cccc([N+](=O)[O-])c1,16.31690789
*CCCCCOC(=O)c1ccc2cc(C(=O)O*)ccc2c1,22.04085291
*CC(*)OC(=O)C(F)(F)F,18.81227568
*CC1CC(*)C(OC(=O)CCCCCCCCCCOc2ccc(-c3ccc(C#N)cc3)cc2)C1OC(=O)CCCCCCCCCCOc1ccc(-c2ccc(C#N)cc2)cc1,14.7432634
*CC(*)OC(=O)CCCCC,14.65998256
*c1ccc(Oc2ccc(C(C)(C)c3ccc(Oc4ccc(N5C(=O)c6ccc(-c7ccc8c(c7)C(=O)N(*)C8=O)cc6C5=O)cc4)cc3)cc2)cc1,26.03365399
*CC(*)c1ccc(CCCCCCCCCCCC)cc1,13.38250161
*OC(C)COC(*)=O,19.74496917
*CC(*)OCCC,16.23770054
*CC(*)c1ccc(C(O)CCN2CCOCC2)cc1,13.11344595
*CC(OC)C(C(=O)O)C(*)C(=O)O,19.12296171
*Sc1ccc(*)cc1,21.34392044
*C(*)C(=O)OCC,17.34823087
*C(=O)c1ccc2c(c1)C(=O)N(c1ccc(Oc3ccc(C(=O)c4cccc(C(=O)c5ccc(Oc6ccc(N7C(=O)c8ccc(*)cc8C7=O)cc6)cc5)c4)cc3)cc1)C2=O,23.45118978
*c1ccc2c(c1)C(=O)N(c1cc(N3C(=O)c4ccc(C(*)(C(F)(F)F)C(F)(F)F)cc4C3=O)ccc1C)C2=O,21.20223784
*/C=C/CCCCCCCCCC*,22.20393175
*CCCCCCNC(=O)c1ccc(C(=O)N*)cc1,21.67746504
*c1ccc(Oc2cccc(Oc3ccc(N4C(=O)c5ccc(-c6cccc7c6C(=O)N(*)C7=O)cc5C4=O)cc3)c2)cc1,22.13429822
*CC(*)c1cc(Cl)ccc1Cl,17.28669095
*C(C)C(*)OCCCC,16.33517728
*C(=O)Nc1ccc(Oc2ccc(N3C(=O)c4ccc(*)cc4C3=O)cc2)cc1,32.30168599
*CC(*)(C)OC,17.1423939
*CC(*)(CC(=O)OCCc1ccccc1)C(=O)OCCc1ccccc1,14.03345744
*Oc1c(C)cc(C(C)(C)c2cc(C)c(OC(*)=O)c(C)c2)cc1C,20.94045324
*c1ccc2c(c1)C(=O)N(c1ccc(Oc3ccc4ccc(Oc5ccc(N6C(=O)c7ccc(C(*)(C(F)(F)F)C(F)(F)F)cc7C6=O)cc5)cc4c3)cc1)C2=O,23.55917576
*CC(*)c1ccc(C(=O)OCCCC)cc1,14.69007069
*c1ccc(Oc2ccc(Oc3ccc(N4C(=O)c5ccc(C(c6ccc7c(c6)C(=O)N(*)C7=O)(C(F)(F)F)C(F)(F)F)cc5C4=O)cc3)cc2)cc1,24.62846558
*CCC=C(*)Cl,19.63529215
*CCC(c1ccccc1)C(*)c1ccccc1,17.53589606
*CC(*)C1CCC1,16.09859299
*CC(*)C(=O)OCC(F)(F)C(F)C(F)(F)F,15.95493816
*c1cc(CCCC)c(*)s1,27.88823824
*CC(*)c1cccc2ccccc12,14.18291496
*c1ccc(Oc2ccc(C3(c4ccc(Oc5ccc(N6C(=O)c7ccc(Oc8ccc(C9(c%10ccc(Oc%11ccc%12c(c%11)C(=O)N(*)C%12=O)cc%10)CCC(C(C)(C)C)CC9)cc8)cc7C6=O)cc5)cc4)CC4CC3C3CCCC43)cc2)cc1,21.50005245
*CC(*)CCCN(CC(C)C)CC(C)C,12.87576857
*CC(*)(C)C(=O)OCCOC,15.73833492
*CC(*)C(=O)n1c2ccccc2c2ccccc21,14.82692672
*c1ccc(-c2ccc(N3C(=O)c4cc5c(cc4C3=O)C(C(F)(F)F)(C(F)(F)F)c3cc4c(cc3O5)C(=O)N(*)C4=O)cc2OC(F)(F)F)c(OC(F)(F)F)c1,59.05774233
*CC(*)CCN(C(C)C)C(C)C,13.69934446
*Oc1ccc2c(c1)C1(CC2(C)C)CC(C)(C)c2ccc(OC(*)=O)cc21,16.11285678
*c1ccc(Oc2c(C)cc(C(c3cc(C)c(Oc4ccc(N5C(=O)c6ccc(-c7ccc8c(c7)C(=O)N(*)C8=O)cc6C5=O)cc4)c(C)c3)c3cccc4ccccc34)cc2C)cc1,25.51139993
*CCCC=C(*)c1ccccc1,16.84772914
*CCCCCCCCC(=O)N*,21.56839033
*CC(=C)COCC(=C)COC(=O)O*,19.96389759
*CC(*)C(=O)OCC(C)(C)C,15.26310416
*CC(*)(CC(=O)OCCCc1ccccc1)C(=O)OCCCc1ccccc1,12.40911496
*Oc1ccc2[nH]c(-c3ccc4sc5ccc(-c6nc7cc(*)ccc7[nH]6)cc5c4c3)nc2c1,22.21061362
*CC(*)c1cccc(-c2ccc(-c3ccccc3)cc2)c1,14.72292163
*Oc1ccc(C(C)(C)c2ccc(OC(=O)SCCCCCCSC(*)=O)cc2)cc1,20.98397099
*c1ccc(-c2ccc(-n3c(=O)c4cc5c(=O)n(*)c(=O)c5cc4c3=O)cc2OC(F)(F)F)c(OC(F)(F)F)c1,62.99034126
*CCCCCCOC(=O)c1ccc2cc(C(=O)O*)ccc2c1,22.59328915
*CC(*)OC(=O)c1ccc(C(C)C)cc1,13.82745897
*CC(*)c1ccc(OCCC(C)C)cc1,15.22506355
*CC/C=C(/*)Cl,18.49567386
*c1ccc2c(c1)C(=O)N(c1c(CC)cc(Cc3cc(CC)c(N4C(=O)c5ccc(C(*)(C(F)(F)F)C(F)(F)F)cc5C4=O)c(CC)c3)cc1CC)C2=O,21.46625658
*CCCCCCCCCCCCC(=O)N*,22.28216004
*Oc1ccc(OC(=O)Oc2ccc(-c3ccc(OC(*)=O)cc3)cc2)cc1,29.13495676
*CCS*,23.8934095
*c1ccc(Oc2ccc(C(c3ccc(Oc4ccc(N5C(=O)c6ccc(Oc7ccc8c(c7)C(=O)N(*)C8=O)cc6C5=O)cc4)cc3)(C(F)(F)F)C(F)(F)F)cc2)cc1,24.10217745
*CC(*)(C)C(=O)OCCC,16.19729792
*c1ccc(Oc2c(C)cc(-c3cc(C)c(Oc4ccc(N5C(=O)c6ccc(Oc7ccccc7Oc7ccc8c(c7)C(=O)N(*)C8=O)cc6C5=O)cc4C(F)(F)F)c(C)c3)cc2C)c(C(F)(F)F)c1,24.05085365
*CC(*)C(=O)C(C)C,16.03569779
*CC(*)C(=O)OCC(C)O,15.91247541
*CCCCCCCCNC(=O)CCCCCCCCC(=O)N*,21.1064287
*CC(*)c1ccc(C(C)(O)CCCCC)cc1,12.68780054
*CC(*)C(=O)OC(C(F)(F)F)C(F)(F)F,17.53091845
*c1ccc(Oc2ccc(Oc3ccc(-n4c(=O)c5cc6c(=O)n(*)c(=O)c6cc5c4=O)cc3)cc2C(C)(C)C)cc1,27.24003799
*CC(*)c1ccc(CCCCCCCCC)cc1,13.85493272
*CC(*)CNc1ccc([N+](=O)[O-])cc1,15.69852344
*C(=O)c1ccc2c(c1)C(=O)N(c1c(C)cc(C(c3cc(C)c(N4C(=O)c5ccc(*)cc5C4=O)c(C)c3)c3cccc4ccccc34)cc1C)C2=O,21.79246309
*CC(*)c1ccc(COCCO)cc1,15.16861857
*CC(*)C(=O)OCCCCCCCC,14.09828696
*Oc1ccc(NC(=O)c2cc(C(c3ccc(C(=O)O)c(C(=O)Nc4ccc(Oc5ccc(C(c6ccc(*)cc6)(C(F)(F)F)C(F)(F)F)cc5)cc4)c3)(C(F)(F)F)C(F)(F)F)ccc2C(=O)O)cc1,21.43355827
*C(F)(F)C(*)(OC(F)(F)F)OC(F)(F)F,21.33372586
*c1ccc(Oc2ccc(N3C(=O)c4ccc(C(=O)c5ccc6c(c5)C(=O)N(*)C6=O)cc4C3=O)cc2)cc1,28.04454624
*C(=O)c1ccc2c(c1)C(=O)N(c1cccc(N3C(=O)c4ccc(*)cc4C3=O)c1C)C2=O,24.37148901
*c1ccc(Oc2ccc(N3C(=O)c4ccc(Oc5cccc6c5C(=O)N(*)C6=O)cc4C3=O)cc2)cc1,25.99963325
*/C=C(/*)C(C)(C)C,25.62136341
*c1ccc(-c2ccc(-c3ccc(-n4c(=O)c5cc6c(=O)n(*)c(=O)c6cc5c4=O)cc3)cc2)cc1,79.61238701
*c1ccc(N2C(=O)c3ccc(-c4ccc5c(c4)C(=O)N(*)C5=O)cc3C2=O)nc1,39.99082864
*CC(*)c1ccc(C(=O)CCC)cc1,14.73914033
*CC(*)CCCCCCC,14.31192204
*CC(*)CCCCCCCCCCCCCC,13.51600024
*CCCCCCNC(=O)c1ccc(-c2ccc(C(=O)N*)cc2)cc1,24.51715126
*CC(*)(C)C(=O)Oc1ccc(C#N)cc1,16.42669939
*CC(*)CCCCCCCCCCCC,13.51522597
*CCC=C(*)C(C)C,17.34006864
*c1cccc(Oc2ccc(S(=O)(=O)c3ccc(Oc4cccc(N5C(=O)c6ccc(-c7ccc8c(c7)C(=O)N(*)C8=O)cc6C5=O)c4)cc3)cc2)c1,23.4685448
*Nc1cccc(C(O)Cc2ccc(NC(=O)c3ccc(C(*)=O)cc3)cc2)c1,24.42922184
*Oc1ccc(SC(=O)Sc2ccc(*)cc2)cc1,24.33313545
*c1cccc(N2C(=O)c3ccc(-c4ccc5c(c4)C(=O)N(*)C5=O)cc3C2=O)c1C,26.65493996
*CC(*)OC(=O)C(C)(C)C(C)(C)CC,14.05682565
*CC(*)c1nc(C)nc(C)n1,14.95789187
*CC(*)c1ccc(C(=O)c2ccc(OC)cc2)cc1,14.43571805
*CC(*)C(=O)Oc1cccc(N(C)C)c1,14.20765792
*CC(*)OC(=O)c1ccncc1,16.11159845
*CC(*)C(=O)OCCCCCC,14.943675
*CC(*)C(=O)OCC(F)(F)C(F)(F)C(F)(F)F,16.17765228
*CC(*)Cc1ccc(C)cc1,16.18908793
*C1Cc2ccccc2C1*,16.42259175
*Oc1ccc2ccc(OC(=O)c3ccccc3/C=C/c3ccc(/C=C/c4ccccc4C(*)=O)cc3)cc2c1,18.32726266
*CC(*)c1ccc(Cl)cc1Cl,17.652336
*c1ccc2c(c1)C(=O)N(c1ccc(Oc3ccc(N4C(=O)c5ccc(C(F)(F)C(F)(F)C(*)(F)F)cc5C4=O)cc3)cc1)C2=O,27.37259897
*CC(*)CC1CCCCC1,14.56179057
*CCCCCCN1C(=O)c2ccc(Oc3ccc4c(c3)C(=O)N(*)C4=O)cc2C1=O,23.46526501
*CCOC(=O)Nc1cccc2c(NC(=O)O*)cccc12,24.5963643
*CC(F)(F)C(F)(F)C(F)(F)C(F)(F)COC(=O)O*,22.82007642
*C(F)(F)C(*)(F)OC(F)C(F)F,18.71840322
*CC(*)c1ccccc1C(=O)NC,14.2222386
*/C=C\*,29.50466545
*CCCCCCNC(=O)c1ccc(C(C)(C)c2ccc(C(=O)N*)cc2)cc1,21.00366831
*CCOCCOC(=O)c1cccc(C(=O)O*)c1,21.09386476
*CC(*)OCC(C)(C)CC(C)C,14.2455368
*CC(*)c1ccc(C(=O)OC(C)C)cc1,15.52167208
*CCCCOC(=O)c1ccc(C(=O)O*)cc1,21.91826774
*c1ccc(Oc2ccc(C(c3ccc(Oc4ccc(N5C(=O)c6ccc(Oc7ccc(C8(c9ccc(Oc%10ccc%11c(c%10)C(=O)N(*)C%11=O)cc9)CCC(C(C)(C)C)CC8)cc7)cc6C5=O)cc4)cc3)(C(F)(F)F)C(F)(F)F)cc2)cc1,22.25375575
*CC(*)NC(=O)OC(C)(C)C,14.77361587
*CC(*)OC(=O)C1CCCCC1,15.02904936
*c1ccc(N2C(=O)c3ccc(-c4cccc5c4C(=O)N(*)C5=O)cc3C2=O)cc1,23.17099002
*c1ccc(*)cc1,84.85848459
*C(c1ccccc1)C(*)[N+](=O)[O-],19.60423193
*CCCCCCNC(=O)CCCCCCCCC(=O)N*,21.70108472
*c1ccc(Sc2ccc(N3C(=O)c4ccc(-c5ccc6c(c5)C(=O)N(*)C6=O)cc4C3=O)cc2)cc1,27.41736569
*c1ccc2c(c1)C(=O)N(c1cc(C(c3ccc(O)c(N4C(=O)c5ccc(C(*)(C(F)(F)F)C(F)(F)F)cc5C4=O)c3)(C(F)(F)F)C(F)(F)F)ccc1O)C2=O,16.54940795
*CC(*)OC=O,18.97705133
*CC(*)c1ccc(Cl)c(Cl)c1,17.14756488
*c1ccc2c(c1)C(=O)N(c1c(C(C)C)cc(Cc3cc(C(C)C)c(N4C(=O)c5ccc(C(*)(C(F)(F)F)C(F)(F)F)cc5C4=O)c(C(C)C)c3)cc1C(C)C)C2=O,21.01509178
*CC(*)OC(=O)c1ccccc1,14.93647903
*C(=O)c1ccc2c(c1)C(=O)N(c1ccc(-c3ccc(N4C(=O)c5ccc(*)cc5C4=O)c(OC)c3)cc1OC)C2=O,28.72840688
*c1cccc(P(=O)(c2cccc(-n3c(=O)c4c(-c5cc(C(F)(F)F)cc(C(F)(F)F)c5)c5c(=O)n(*)c(=O)c5c(-c5cc(C(F)(F)F)cc(C(F)(F)F)c5)c4c3=O)c2)c2cc(C(F)(F)F)cc(C(F)(F)F)c2)c1,20.61103805
*Oc1cc(C)c(*)c(C)c1Br,20.79527124
*CCCC(*)(C)CC,18.11387406
*CC1(C)CC(*)(C)C(=O)OC1=O,16.19322944
*c1ccc(Oc2ccc(N3C(=O)c4ccc(-c5ccc6c(c5)C(=O)N(*)C6=O)cc4C3=O)cc2)cc1,33.7514022
*CC(=O)N*,21.13240962
*CCCCCCCCCCCCNC(=O)CCCCCCCCCCCCCCCCCCC(=O)N*,23.84510584
*c1cc(Br)c(OC(=O)c2ccc(C(=O)Oc3c(Br)cc(C4(*)OC(=O)c5ccccc54)cc3Br)cc2)c(Br)c1,26.08639805
*Oc1ccc(C(CCC)(CCC)c2ccc(OC(*)=O)c(C)c2)cc1C,18.28808431
*CC(*)OC(=O)CCl,18.24518341
*c1ccc2sc3ccc(-c4nc5cc(-c6ccc7[nH]c(*)nc7c6)ccc5[nH]4)cc3c2c1,21.89214272
*CCCOC(=O)c1ccc2cc(C(=O)O*)ccc2c1,23.4898386
*CC(*)CCCCCCCC,14.1552684
*CC(*)c1ccc(COCCOCC)cc1,14.34922191
*CCCCO*,23.370366
*CC(*)c1ccccc1COC,15.12599095
*c1ccc2c(c1)C(=O)N(c1ccc3c(c1)-c1cc(N4C(=O)c5ccc(C(*)(C(F)(F)F)C(F)(F)F)cc5C4=O)ccc1C3)C2=O,20.41355015
*CCOC(=O)c1ccc2cc(C(=O)O*)ccc2c1,21.86542178
*CCCCN(C)C(=O)c1ccc(C(=O)N(*)C)cc1,20.86031528
*Oc1ccc(S(=O)(=O)c2ccc(Oc3c(C)cc(C(c4cc(C)c(*)c(C)c4)(C(F)(F)F)C(F)(F)F)cc3C)cc2)cc1,19.12934448
*CC(*)c1cccc(CC)c1,15.84976465
*CC(*)C(=O)Oc1ccc(C(=O)OCCCC)cc1,14.15047761
*CC(*)Cl,21.7175127
*CC1CC(*)C(OC(=O)CCCCCCCCCCOc2ccc(-c3ccc(C#N)cc3)cc2)C1,16.22330035
*CC(*)(CC(=O)OCCCCCCCC)C(=O)OCCCCCCCC,11.99034433
*CC(*)OC(=O)CC(C)(C)c1ccccc1,13.51269818
*CC(*)OC(=O)C(C)(C)CCC,15.07129891
*c1ccc(Oc2ccccc2Oc2ccc(N3C(=O)c4ccc(Oc5ccccc5Oc5ccc6c(c5)C(=O)N(*)C6=O)cc4C3=O)cc2C(F)(F)F)c(C(F)(F)F)c1,19.66167795
*CC(*)OC(=O)c1ccccc1C,15.97265841
*CC(*)c1ccc(CCCCCCCCCCCCCC)cc1,13.29611425
*c1ccc(Oc2ccccc2Oc2ccc(N3C(=O)c4ccc(-c5ccc6c(c5)C(=O)N(*)C6=O)cc4C3=O)cc2)cc1,26.10125056
*CC(*)OCC(C)(C)C,14.82511794
*c1ccc(Oc2ccc(N3C(=O)c4ccc(-c5cccc6c5C(=O)N(*)C6=O)cc4C3=O)cc2)cc1,22.22798133
*CCCCCCOC(=O)Nc1ccc(C)c(NC(=O)OCCCCCCOc2ccc(-c3ccc(O*)cc3)cc2)c1,20.85561007
*c1ccc(-c2nc3cc(-c4ccc5nc(*)c(-c6ccc7ccccc7c6)nc5c4)ccc3nc2-c2ccc3ccccc3c2)cc1,25.25761256
*CC(*)C(=O)OCCCCCCCCCCCC,13.68458172
*CC/C=C(\*)Cl,20.03932556
*CC(*)c1cccs1,19.19072991
*CC/C=C(\*)C,17.87821455
*OS(=O)(=O)c1ccc(*)cc1,23.19498743
*CC(*)Cc1cc(C)ccc1C,14.42398838
*C(F)(F)C(*)(F)OC(F)(F)F,19.64902543
*c1ccc(-c2ccc(N3C(=O)c4ccc(-c5ccc6c(c5)C(=O)N(*)C6=O)cc4C3=O)c(OC)c2)cc1OC,43.60644231
*CC(*)c1c(Cl)cccc1Cl,17.85712517
*C(=O)Nc1ccccc1NC(=O)c1ccc(N2C(=O)c3ccc(*)cc3C2=O)cc1,18.0416104
*CC(*)(C)CC,16.87721653
*Oc1ccc(C(C)(C)c2ccc(OC(=O)CCCCC(*)=O)cc2)cc1,21.22930963
*CC1CCC(*)C1,24.21058686
*NC(CCC(=O)OC)C(*)=O,15.91208579
*OC1C(CO)OC(*)C(N)C1O,28.36404526
*CC(*)CCC,15.69579508
*CC(*)c1ccc(O)cc1,15.68301969
*C(=O)c1ccc2c(c1)C(=O)N(c1ccc(Oc3cccc4c(Oc5ccc(N6C(=O)c7ccc(*)cc7C6=O)cc5)cccc34)cc1)C2=O,27.00610669
*CCCCCCCCCCC(=O)N(*)C,21.82605242
*CC(*)OC(=O)c1ccccc1OC,15.67895442
*CC(*)c1ccc(C(C)C)cc1C(C)C,13.04227706
*CC(*)(F)F,20.87421955
*CC(*)c1ccc(C(=O)OC)cc1,15.11730414
*c1cccc(P(=O)(c2ccc(C(F)(F)F)cc2)c2cccc(-n3c(=O)c4c(-c5ccccc5)c5c(=O)n(*)c(=O)c5c(-c5ccccc5)c4c3=O)c2)c1,19.74034251
*CCc1ccc(*)c(Cl)c1,23.11292169
*c1ccc(OC(=O)c2ccccc2/C=C/c2ccc(/C=C/c3ccccc3C(=O)Oc3ccc(C4(*)OC(=O)c5ccccc54)cc3)cc2)cc1,16.58105847
*Oc1ccc(S(=O)(=O)c2ccc(Oc3ccc(C(C)(C)c4ccc(*)cc4)cc3)cc2)cc1,20.79276693
*CC(*)c1ccc(C(C)(C)O)cc1,14.24456805
*c1cccc(P(=O)(c2cccc(-n3c(=O)c4c(-c5ccccc5)c5c(=O)n(*)c(=O)c5c(-c5ccccc5)c4c3=O)c2)c2cc(C(F)(F)F)cc(C(F)(F)F)c2)c1,19.45942913
*CC(*)(C)C,17.01444077
*CC(*)CCCCCC,14.80442202
*Cc1cc(C(C)(C)c2ccc3c(c2)CN(C)CO3)cc(CN(*)C)c1O,15.89152372
*CC(*)c1ccccc1COCCc1ccccc1,13.49363288
*CC(*)(C)C(=O)OCC(C)O,14.81784724
*c1ccc(Oc2ccc(Oc3ccc(N4C(=O)c5ccc(-c6ccc7c(c6)C(=O)N(*)C7=O)cc5C4=O)cc3)cc2)cc1,30.58267026
*CC(*)C(=O)OC(OCC)C(F)(F)F,16.15183675
*CC(*)OC(=O)c1ccc(OC)cc1,15.38539351
*CC(*)OC(=O)c1cccc(OC)c1,16.70882815
*C(F)(F)C(*)(F)c1ccccc1,21.93793635
*CC(*)OC(=O)c1ccc(OCC)cc1,13.56211229
*CC(*)OC(=O)C(F)(F)C(F)(F)C(F)(F)C(F)(F)C(F)(F)C(F)(F)C(F)(F)F,15.20088875
*CC(*)C(=O)OC1CC2CCC1(C)C2(C)C,13.53478497
*CC(*)C(=O)OCCc1ccccc1,14.37769261
*c1ccc(Oc2ccc(NC(=O)CN3C(=O)c4ccc(C(c5ccc6c(c5)C(=O)N(CC(=O)Nc5ccc(Oc7ccc(-c8nnc(*)o8)cc7)cc5)C6=O)(C(F)(F)F)C(F)(F)F)cc4C3=O)cc2)cc1,23.08710688
*CC(*)C(=O)OCCCCCCCCCCCCCC,13.27992216
*CC(*)c1ccc(OC)cc1,15.63545147
*C(=O)Nc1cccc(NC(=O)/C=C/c2cccc(N3C(=O)c4ccc(*)cc4C3=O)c2)c1,25.31679754
*CC(*)c1ccccc1C(=O)O,17.30086834
*CC(*)OC(=O)C1CCCC1,14.7548975
*c1ccc(Oc2ccc(Oc3ccc(N4C(=O)c5ccc(Oc6ccc(C7(c8ccc(Oc9ccc%10c(c9)C(=O)N(*)C%10=O)cc8)CCCCCCCCCCC7)cc6)cc5C4=O)cc3)c(C(C)(C)C)c2)cc1,21.10464722
*CC(*)(CC(=O)OCC)C(=O)OCC,16.45393479
*C(=O)Oc1ccc(C(C)(C)c2ccc(OC(=O)c3ccc4c(c3)C(=O)n3c-4nc4ccc(Oc5ccc6c(c5)nc5n6C(=O)c6ccc(*)cc6-5)cc43)cc2)cc1,24.43108934
*CCCC=C(*)c1ccc(OC)cc1,15.88913504
*c1cccc(S(=O)(=O)c2cccc(N3C(=O)c4ccc(Oc5ccc(S(=O)(=O)c6ccc(Oc7ccc8c(c7)C(=O)N(*)C8=O)cc6)cc5)cc4C3=O)c2)c1,21.97903365
*CC(*)(C)C(=O)OC(C)C,16.7947377
*/C=C/CCC*,21.20185181
*CC(*)(CC(=O)OCCCC)C(=O)OCCCC,14.1560318
*c1ccc(C(c2ccccc2)(c2ccc(-n3c(=O)c4cc5c(=O)n(*)c(=O)c5cc4c3=O)cc2)C(F)(F)F)cc1,26.02618288
*c1ccc2c(c1)C(=O)N(c1ccc(Cc3ccc(N4C(=O)c5ccc(C(F)(F)C(F)(F)C(*)(F)F)cc5C4=O)cc3)cc1)C2=O,26.02529557
*CC(*)CNc1ccc([N+](=O)[O-])cc1C,14.85666076
*c1ccc(-c2ccc(-n3c(=O)c4cc5c(=O)n(*)c(=O)c5cc4c3=O)cc2)cc1,71.98797005
*CC(*)(CC(=O)Oc1ccccc1)C(=O)Oc1ccccc1,14.74432802
*CC(*)C(=O)OCCCCCCC,14.77447829
*CC(*)C1CCCC(C)C1,14.69170054
*Oc1cc(C(C)(C)C)c(Oc2ccc(C(=O)Nc3ccc(C(c4ccc(NC(=O)c5ccc(*)cc5)cc4)(C(F)(F)F)C(F)(F)F)cc3)cc2)cc1C(C)(C)C,25.45512699
*CC(*)(C)C(=O)OC(OCC)C(F)(F)F,15.94193843
*C=CC(C*)OC,19.18540535
*C#C/C(COS(=O)(=O)c1ccc(C)cc1)=C(/*)COS(=O)(=O)c1ccc(C)cc1,24.55560009
*CC(CCl)O*,18.49280872
*CC(*)C(=O)c1ccccc1,15.31568423
*CC(*)c1ccc(OCCCC)cc1,13.6870881
*CC(*)c1ccccc1,16.61375099
*c1ccc(Cc2ccc(N3C(=O)c4ccc(-c5ccc6c(c5)C(=O)N(*)C6=O)cc4C3=O)cc2)cc1,29.05489501
*Oc1ccc(S(=O)(=O)c2ccc(Oc3ccc(C(C)(C)c4ccc(*)cc4)cc3[N+](=O)[O-])cc2)cc1,21.49192852
*CC(*)c1ccccc1C,17.4908753
*c1ccc(C(c2ccc(N3C(=O)c4cc5c(cc4C3=O)C(C(F)(F)F)(C(F)(F)F)c3cc4c(cc3O5)C(=O)N(*)C4=O)cc2)(C(F)(F)F)C(F)(F)F)cc1,28.7514194
*CC(*)(C)C(=O)OCc1cccc(Cl)c1,15.62408521
*CC(*)c1ccccc1COCc1ccccc1,14.11258884
*CC(*)c1ccccc1C(=O)OCCCC,14.65218988
*CC(*)c1ccc(C)cc1C,15.60991223
*CCCCCCOC(=O)Nc1ccc(NC(=O)O*)cc1,25.37831224
*c1ccc2c(c1)C(=O)N(c1c(C)cc(C(c3cc(C)c(N4C(=O)c5ccc(C(*)(C(F)(F)F)C(F)(F)F)cc5C4=O)c(C)c3)c3cccc4ccccc34)cc1C)C2=O,21.84652965
*Oc1c(C)cc(C(C)(C)c2cc(C)c(ON3C(=O)c4ccc(Oc5ccc(C6(c7ccc(Oc8ccc9c(c8)C(=O)N(*)C9=O)cc7)CCC(C(C)(C)C)CC6)cc5)cc4C3=O)c(C)c2)cc1C,19.95338783
*CC(*)SC,18.25753526
*CCCCCCCCCCCNC(=O)CCCCC(=O)N*,21.3243086
*CC(*)c1ccccc1F,16.87173852
*CCOC(=O)c1cccc2c(C(=O)O*)cccc12,19.7972434
*NC(CCC(=O)OCCCCC)C(*)=O,14.55396667
*CCCC(*)(C)C,18.33164508
*c1cc(C(c2ccc(O)c(-n3c(=O)c4cc5c(=O)n(*)c(=O)c5cc4c3=O)c2)(C(F)(F)F)C(F)(F)F)ccc1O,20.57736407
*CCCCOC(=O)NCC(F)(F)C(F)(F)C(F)(F)C(F)(F)CNC(=O)O*,21.70723151
*CCCCNC(=O)CCCCCCCCC(=O)N*,21.00511312
*c1ccc(C(c2ccc(-c3nc4ccc(-c5ccc6nc(*)[nH]c6c5)cc4[nH]3)cc2)(C(F)(F)F)C(F)(F)F)cc1,27.37230347
*CC(*)c1ccc(C(=O)CCCCC)cc1,14.36561543
*C(=O)c1ccc2c(c1)C(=O)N(c1ccc(C)c(N3C(=O)c4ccc(*)cc4C3=O)c1)C2=O,22.26749475
*/C=C/CC*,22.53469118
*c1cccc(N2C(=O)c3ccc(-c4cccc5c4C(=O)N(*)C5=O)cc3C2=O)c1,20.91558197
*/C(C)=C(/*)C(C)C,33.80326529
*c1ccc2c(c1)Cc1cc(N3C(=O)c4ccc(-c5ccc6c(c5)C(=O)N(*)C6=O)cc4C3=O)ccc1-2,40.24704175
*CC(*)c1cc(Br)ccc1OC(C)C,15.70495361
*c1ccc(-c2ccc(N3C(=O)c4ccc(-c5cccc6c5C(=O)N(*)C6=O)cc4C3=O)cc2C)c(C)c1,24.03607779
*CC1CCC(COC(=O)CCC(=O)O*)CC1,18.87922116
*CCCCOC(=O)CCC(=O)O*,19.85275311
*CC(*)C1CC=CCC1,16.28976431
*CC(*)C(=O)c1ccc(C)c(C)c1,15.23129023
*CC(*)C(=O)c1ccc(Br)cc1,16.02566915
*CCCCCNC(=O)O*,21.7968347
*Oc1ccc(C(C)(C)c2ccc(OC(=O)c3ccccc3/C=C/c3ccc(/C=C/c4ccccc4C(*)=O)cc3)c(C)c2)cc1C,16.48092763
*c1ccc(N2C(=O)c3ccc(C(c4ccc5c(c4)C(=O)N(*)C5=O)(C(F)(F)F)C(F)(F)F)cc3C2=O)cc1,24.06225521
*CC(*)C(=O)c1ccc(CC)cc1,14.9218365
*c1cccc(-c2nc3cc(-c4ccc5nc(*)c(-c6ccc7ccccc7c6)nc5c4)ccc3nc2-c2ccc3ccccc3c2)c1,20.67801364
*CC(*)C(=O)OCC=C,16.63317236
*CC(*)C(=O)Oc1ccccc1C(=O)OC,14.82615356
*C(=O)Nc1ccc(C2(c3ccc(NC(=O)c4ccc5c(c4)C(=O)N(c4ccc(Sc6ccc(Oc7ccc(Sc8ccc(N9C(=O)c%10ccc(*)cc%10C9=O)cc8)cc7)cc6)cc4)C5=O)cc3)c3ccccc3-c3ccccc32)cc1,23.76085133
*c1ccc2c(c1)-c1nc3cc(Oc4ccc5nc6n(c5c4)C(=O)c4cc(C(*)(C(F)(F)F)C(F)(F)F)ccc4-6)ccc3n1C2=O,21.31013215
*c1ccc(S(=O)(=O)c2ccc(N3C(=O)c4ccc(Oc5ccc6c(c5)C(=O)N(*)C6=O)cc4C3=O)cc2)cc1,24.28355102
*C(F)(F)C(*)(F)F,27.21222202
*/C=C/C(C(=O)OCc1ccc(Cl)cc1)C(*)C(=O)OCc1ccc(Cl)cc1,15.8026764
*CC(*)(C)C(=O)OCc1c(Cl)cccc1Cl,15.96291331
*CC(*)(C)c1ccc2ccccc2c1,14.67254835
*CC(*)c1ccc(C(F)(F)C(F)(F)C(F)(F)C(F)(F)C(F)(F)C(F)F)cc1,14.20619583
*Oc1ccc(OC(=O)c2cc(OCCCCCCCCCCCC)c(C(*)=O)cc2OCCCCCCCCCCCC)cc1,20.79539922
*c1cccc(Oc2ccc(N3C(=O)c4ccc(C(c5ccc6c(c5)C(=O)N(*)C6=O)(C(F)(F)F)C(F)(F)F)cc4C3=O)cc2)c1,22.78574642
*/C=C/C1CC(*)C2C(=O)N(CCCCCC)C(=O)C12,14.67240732
*CC(*)(C)c1ccccc1,15.83927126
*Oc1ccc(Oc2ccc(C(=O)c3ccc(*)cc3)cc2)cc1,24.41255742
*CC(*)(CC(=O)OCc1ccccc1)C(=O)OCc1ccccc1,14.63808686
*/C=C/*,85.68401866
*CC(*)C(=O)Oc1ccc(Cl)cc1Cl,16.96300774
*CC(*)c1ccccc1COCCCCC,14.35390981
*c1ccc(N2C(=O)c3ccc(Oc4ccc(C(C)(C)c5cccc(Oc6ccc7c(c6)C(=O)N(*)C7=O)c5)cc4)cc3C2=O)cc1,23.8110985
*CC(*)(CC(=O)OC)C(=O)OC,17.1353479
*CC(*)c1ccc(C(O)CCN(C)C)cc1,13.98079175
*CCCCCCCCCCOC(=O)c1ccc(C(=O)NCCNC(=O)c2ccc(C(=O)O*)cc2)cc1,21.72626814
*CC(*)OC(=O)C(F)(F)C(F)(F)C(F)(F)C(F)(F)C(F)(F)F,15.70594894
*Oc1ccc(C2(c3ccc(OC(=O)c4cccc(C(*)=O)c4)cc3)c3ccccc3-c3ccccc32)cc1,21.22118718
*c1ccc(Oc2ccc(C(C)(C)c3ccc(Oc4ccc(N5C(=O)c6ccc(C(=O)c7ccc8c(c7)C(=O)N(*)C8=O)cc6C5=O)cc4)cc3)cc2)cc1,24.00835115
*CC(*)OCC,16.69047064
*NC(CCC(=O)OCc1ccccc1)C(*)=O,14.5172412
*Oc1ccc(C(C)(C)c2ccc(OC(=O)c3cccc(C(*)=O)c3)cc2)cc1,23.08507097
*c1ccc(C(C)(C)c2ccc(N3C(=O)c4ccc(Oc5ccc6c(c5)C(=O)N(*)C6=O)cc4C3=O)cc2)cc1,24.31651904
*/C=C/C1CC(*)C2C(=O)N(CCCCC)C(=O)C12,15.45947293
*C(=O)c1ccc2c(c1)C(=O)N(c1cccc(C(=O)c3cccc(N4C(=O)c5ccc(*)cc5C4=O)c3)c1)C2=O,22.07671919
*CC(*)OC(=O)CCCCCCCCC,13.85669729
*c1ccc(-c2ccc(-c3ccc(N4C(=O)c5ccc(-c6ccc7c(c6)C(=O)N(*)C7=O)cc5C4=O)cc3)cc2)cc1,44.32829907
*CC(*)C1CC1,16.56057365
*Oc1ccc(S(=O)(=O)c2ccc(Oc3ccc(C(=O)c4cc(C(=O)c5ccc(*)cc5)cc(C(C)(C)C)c4)cc3)cc2)cc1,20.59565861
*CC(*)O[N+](=O)[O-],18.75947178
*CC(*)c1ccc(COCCCCCC)cc1,13.35700392
*CC*,22.52882969
*CC(*)C(CC)CC,15.78908163
*CC(*)C(=O)OC1CCCCCCCCCCC1,12.91952215
*CCCCCCCCCCN1C(=O)C2C3C=CC(C4C(=O)N(*)C(=O)C34)C2C1=O,20.44394649
*c1ccc2c(c1)Cc1cc(-n3c(=O)c4cc5c(=O)n(*)c(=O)c5cc4c3=O)ccc1-2,53.34843624
*c1cccc(P(=O)(c2ccccc2)c2cccc(-n3c(=O)c4c(-c5ccccc5)c5c(=O)n(*)c(=O)c5c(-c5ccccc5)c4c3=O)c2)c1,19.78178482
*Oc1ccc(OC(=O)c2ccccc2/C=C/c2ccc(/C=C/c3ccccc3C(*)=O)cc2)cc1,19.24547603
*c1ccc2c(c1)C(=O)N(c1ccc(Sc3ccc(Oc4ccc(Sc5ccc(N6C(=O)c7ccc(C(*)(C(F)(F)F)C(F)(F)F)cc7C6=O)cc5)cc4)cc3)cc1)C2=O,22.78928372
*NC(C)C(*)=O,18.53807412
*CCCCCCCCCCCCSC(=O)S*,23.45939303
*c1cccc(S(=O)(=O)NCCCCCCNS(*)(=O)=O)c1,19.72799097
*c1ccc(-c2ccc(-n3c(=O)c4cc5c(=O)n(*)c(=O)c5cc4c3=O)cc2C(F)(F)F)c(C(F)(F)F)c1,61.40371465
*CC(*)OC(=O)CCCC(=O)c1ccccc1,14.04169185
*CC(*)c1ccccc1C(=O)Nc1ccccc1,15.35270772
*C(=O)Oc1ccc(OC(=O)c2ccc3c(c2)C(=O)N(c2ccc(Oc4ccc(N5C(=O)c6ccc(*)cc6C5=O)cc4)cc2)C3=O)cc1,31.91239727
*CC(*)C(=O)c1ccc(Br)c(OC)c1,16.36128939
*C(*)C(=O)OCCC,15.96646564
*CC(*)c1ccccc1C(=O)Oc1ccccc1,13.97527172
*CC(*)c1ccc(C(=O)CCCC)cc1,13.57615427
*CCCCCCOC(=O)Nc1ccc(Cc2ccc(NC(=O)O*)cc2)cc1,23.40067908
*c1cccc(N2C(=O)c3ccc(Oc4ccc5c(c4)C4(CC(C)(C)c6ccc(Oc7ccc8c(c7)C(=O)N(*)C8=O)cc64)CC5(C)C)cc3C2=O)c1,18.88852269
*Oc1ccc(NC(=O)c2cccc(C(=O)Nc3ccc(*)cc3)c2)cc1,25.31389976
*CC(*)c1ccc(COC)cc1,14.55788133
*CC(*)(C)C(=O)OCc1cc(Cl)ccc1Cl,16.48420407
*c1ccc(-c2ccc(-n3c(=O)c4cc5c(=O)n(*)c(=O)c5cc4c3=O)c(C)c2)cc1C,66.87869599
*C(F)(F)C(*)(F)Cl,26.56092558
*c1ccc2c(c1)C(=O)N(c1ccc(Oc3ccc(C(c4ccc(Oc5ccc(N6C(=O)c7ccc(C(*)(C(F)(F)F)C(F)(F)F)cc7C6=O)cc5)cc4)(C(F)(F)F)C(F)(F)F)cc3)cc1)C2=O,23.79313831
*/C=C\CC*,20.39705577
*c1ccc(Oc2cccc(Oc3ccc(N4C(=O)c5ccc(Oc6ccc7c(c6)C(=O)N(*)C7=O)cc5C4=O)cc3)c2)cc1,23.90410548
*CC(*)Cc1ccccc1C,14.82762777
*Oc1ccc(-c2ccc(OC(=O)CCCCCCCCCCCCC(*)=O)cc2)cc1,21.23825618
*CC(*)OC(=O)c1ccc(OC(=O)CCC)cc1,14.64612907
*CC(*)OC(=O)c1ccccc1Cl,15.50848092
*C(=O)Nc1ccc(NC(=O)c2ccc3c(c2)C(=O)N(c2ccc(S(=O)(=O)c4ccc(N5C(=O)c6ccc(*)cc6C5=O)cc4)cc2)C3=O)cc1,28.98708564
*c1ccc(Oc2cccc3c(Oc4ccc(-n5c(=O)c6cc7c(=O)n(*)c(=O)c7cc6c5=O)cc4)cccc23)cc1,31.97771306
*c1ccc(S(=O)(=O)c2ccc(N3C(=O)c4ccc(C(c5ccc6c(c5)C(=O)N(*)C6=O)(C(F)(F)F)C(F)(F)F)cc4C3=O)cc2)cc1,23.64843842
*CC(*)(C)C(=O)OC,17.75408992
*CC(*)C(C)c1ccccc1,14.69572127
*CC(*)(C)C(=O)OCCS(=O)CC,15.40401899
*CC(*)c1ccc(C(=O)CCN2CCOCC2)cc1,12.87883778
*C(=O)c1ccc2c(c1)C(=O)N(c1ccc(Cc3ccc(N4C(=O)c5ccc(*)cc5C4=O)c(C)c3)cc1C)C2=O,25.03388392
*C1CC2CC1C(*)C2CCCCCC,14.93477777
*c1ccc(Oc2ccc(N3C(=O)c4ccc(Oc5ccc6c(c5)C(=O)N(*)C6=O)cc4C3=O)cc2)cc1,27.37498168
*CC(*)OC(=O)c1ccc(C(C)(C)C)cc1,14.7571501
*CC(*)C(=O)OCCCCCCCCCCCCCCCCCC,14.03382495
*c1ccc(-c2ccc(N3C(=O)c4ccc(Oc5ccc6c(c5)C(=O)N(*)C6=O)cc4C3=O)cc2)cc1,31.46898461
*CC(*)C(=O)c1ccc(Cl)cc1,16.72379022
*C(=O)Nc1cccc(C#Cc2cccc(N3C(=O)c4ccc(*)cc4C3=O)c2)c1,24.93378627
*C(=O)c1ccc2c(c1)C(=O)N(c1ccc(Oc3ccc(C(c4ccc(Oc5ccc(N6C(=O)c7ccc(*)cc7C6=O)cc5)cc4)(C(F)(F)F)C(F)(F)F)cc3)cc1)C2=O,23.49197492
*Oc1ccc(C(c2ccccc2)(c2ccccc2)c2ccc(OC(=O)c3cccc(C(*)=O)c3)cc2)cc1,20.23418917
*CC(*)c1ccccc1C(=O)OCC(C)C,14.5338504
*CC(*)c1cc(C)cc(C)c1,15.27342415
*CC(*)CCCCCCCCCO,13.61667777
*CC(*)(C(=O)OC)c1ccccc1,14.70127924
*C(=O)NCCNC(=O)c1ccc(N2C(=O)c3ccc(*)cc3C2=O)cc1,24.32433339
*c1ccc2c(c1)C(=O)N(c1ccc(Oc3ccc(-c4ccc(Oc5ccc(N6C(=O)c7ccc(C(*)(C(F)(F)F)C(F)(F)F)cc7C6=O)cc5)cc4)cc3)cc1)C2=O,26.10310133
*c1ccc(Oc2ccc(C(c3ccc(Oc4ccc(-n5c(=O)c6cc7c(=O)n(*)c(=O)c7cc6c5=O)cc4)cc3)(C(F)(F)F)C(F)(F)F)cc2)cc1,24.84520731
*Oc1cc(C(C)(C)C)c(Oc2ccc(C(=O)Nc3ccc(C(C)(C)c4ccc(NC(=O)c5ccc(*)cc5)cc4)cc3)cc2)cc1C(C)(C)C,26.23951229
*CCCCOc1ccc(C(=O)OCCOC(=O)c2ccc(O*)cc2)cc1,23.20013793
*C(*)C(=O)OC(C)C,16.31426813
*CC(*)OC(=O)C(F)(F)C(F)(F)F,17.81853544
*NC1CCC(CC2CCC(NC(=O)CCCCCCCCCCCCC(*)=O)CC2)CC1,22.54553609
*c1ccc(N2C(=O)c3ccc(Oc4ccc5c(c4)C(=O)N(*)C5=O)cc3C2=O)cc1,29.67917183
*CC(*)C(=O)OCC(F)(F)C(F)(F)F,16.89967025
*CC(*)c1cc(C)ccc1C,14.82832636
*CCCCCCC(=O)N*,23.17830362
*CC(*)c1ccc(C(=O)N(CC)CC)cc1,14.43613402
*Nc1ccc(NC(=O)c2cc(C(*)=O)c(C(=O)OCC)cc2C(=O)OCC)cc1,21.4786758
*C(=O)c1ccc2c(c1)C(=O)N(c1ccc(Oc3c(C)cc(Cc4cc(C)c(Oc5ccc(N6C(=O)c7ccc(*)cc7C6=O)cc5)c(C)c4)cc3C)cc1)C2=O,25.43571851
*c1ccc(-c2ccc(Oc3ccc(C4(C)CC(C)(C)c5ccc(Oc6ccc(-c7ccc(N8C(=O)c9ccc(Oc%10ccc%11c(c%10)C(=O)N(*)C%11=O)cc9C8=O)cc7)cc6C(F)(F)F)cc54)cc3)c(C(F)(F)F)c2)cc1,24.75478676
*C(=O)c1ccc2c(c1)C(=O)N(c1ccc(C(=O)Nc3ccc(N4C(=O)c5ccc(*)cc5C4=O)cc3)cc1)C2=O,31.49922765
*CC(*)O,22.62690287
*c1ccc(Oc2ccc(C(c3ccc(Oc4ccc(N5C(=O)c6ccc(Oc7ccccc7Oc7ccc8c(c7)C(=O)N(*)C8=O)cc6C5=O)cc4C(F)(F)F)cc3)(C(F)(F)F)C(F)(F)F)cc2)c(C(F)(F)F)c1,21.61668503
*/C=C\CCCCC*,20.47395209
*CCCOC(=O)c1ccc(C(=O)O*)cc1,21.9703172
*CC(*)OCCCCCCCCCCCCCCCCCC,13.75909532
*CC(*)(CCC(C)C(=O)OC)C(=O)OC,17.37339911
*CCOC(=O)c1ccc(C(=O)O*)cc1,21.6689472
*CC(*)C(=O)c1ccc(CCC)cc1,14.16661987
*CC(*)c1ccc(C(=O)c2ccccc2)cc1,15.51570377
*CC(*)(C)C(=O)OCc1ccc(Cl)c(Cl)c1,16.5647974
*c1cccc(P(=O)(c2ccccc2)c2cccc(-n3c(=O)c4c(-c5cc(C(F)(F)F)cc(C(F)(F)F)c5)c5c(=O)n(*)c(=O)c5c(-c5cc(C(F)(F)F)cc(C(F)(F)F)c5)c4c3=O)c2)c1,18.99893367
*c1ccc(Oc2ccc3ccc(Oc4ccc(-n5c(=O)c6cc7c(=O)n(*)c(=O)c7cc6c5=O)cc4)cc3c2)cc1,27.22299666
*CC(*)(C)C(=O)OCCCCCCCC,14.55134418
*Oc1ccc(C(CCC)(CCC)c2ccc(OC(*)=O)cc2)cc1,19.52777255
*C([2H])([2H])C(*)(C(=O)OC([2H])([2H])[2H])C([2H])([2H])[2H],17.85162789
*c1ccc(Oc2ccc(N3C(=O)c4ccc(Oc5ccc(C(c6ccc(Oc7ccc8c(c7)C(=O)N(*)C8=O)cc6)(C(F)(F)F)C(F)(F)F)cc5)cc4C3=O)cc2)cc1,25.48483407
*CCCCCCS(*)(=O)=O,22.47169724
*C(F)(F)C(*)(F)OC(F)(F)C(F)(F)C(F)(F)C(F)(F)F,17.92886538
*CCOC(=O)c1cccc(C(=O)O*)c1,19.62141303
*C(C)C(*)O,20.19829071
*CC(*)(C)C(=O)OCCCC,15.55524532
*C=CCCCCCCCCCC*,22.18283972
*Oc1cccc2ccc(OC(=O)c3ccccc3/C=C/c3ccc(/C=C/c4ccccc4C(*)=O)cc3)cc12,18.33427848
*c1ccc(-c2ccc(N3C(=O)c4ccc(-c5cccc6c5C(=O)N(*)C6=O)cc4C3=O)c(C)c2)cc1C,23.85335488
*CC(*)c1cc(Br)ccc1OCC,16.35792784
*CC(*)(C)c1ccc(C)cc1,15.02291633
*Oc1ccc(C(C)(C)c2ccc(OC(=O)Sc3ccc(C(C)(C)c4ccc(SC(*)=O)cc4)cc3)cc2)cc1,19.72629422
*CCCCCCNC(=O)c1ccc(C2(C)CC(C)(C)c3ccc(C(=O)N*)cc32)cc1,19.63449193
*c1cccc(N2C(=O)c3ccc(-c4ccc5c(c4)C(=O)N(*)C5=O)cc3C2=O)c1,28.58214393
*CC(*)c1cccc(F)c1,17.72241416
*CC(*)c1ccc(OCCC)cc1,14.44443348
*CCCC(=O)N*,19.87055834
*CC(*)(C)C#N,18.80339914
*Oc1ccc(C(C#N)(c2ccccc2)c2ccc(OC(*)=O)cc2)cc1,20.87255044
*CCCCCCOC(=O)c1ccc(-c2ccc(C(=O)O*)cc2)cc1,23.41197616
*C(*)C(=O)OC,19.45199837
*CCCCCCOC(=O)CCCCCCCC(=O)O*,20.88840996
*CCCSS*,23.48494002
*c1ccc(Oc2ccc(-c3ccc(Oc4ccc(N5C(=O)c6ccc(Oc7cccc(Oc8ccc9c(c8)C(=O)N(*)C9=O)c7)cc6C5=O)cc4)cc3)cc2)cc1,25.92347148
*C(C)C(*)C,19.769244
*CC(*)c1ccc(Cl)cc1C,17.46065108
*CC(*)c1cc(C)ccc1F,17.5614621
*c1cccc(P(=O)(c2ccc(C(F)(F)F)cc2)c2cccc(-n3c(=O)c4c(-c5cc(C(F)(F)F)cc(C(F)(F)F)c5)c5c(=O)n(*)c(=O)c5c(-c5cc(C(F)(F)F)cc(C(F)(F)F)c5)c4c3=O)c2)c1,20.03886686
*C(O)C(*)O,19.64602994
*Oc1ccc(C2(c3ccc(OC(*)=O)cc3)c3ccccc3-c3ccccc32)cc1,20.32284039
*Oc1cccc(Oc2cccc(*)c2)c1C#N,18.74259643
*CC(C)O*,18.4423755
*CC(*)(C)C(=O)OCCC#N,16.86981314
*CC(*)Cc1cccc(C)c1,15.12977836
*CC/C=C(/*)C,22.18117603
*c1ccc(Oc2ccc(Oc3ccc(-n4c(=O)c5cc6c(=O)n(*)c(=O)c6cc5c4=O)cc3)cc2-c2ccccc2)cc1,29.29857473
*CC(*)OC(=O)CCCCCCC,14.47773716
*NC(=O)NCCCCCCNC(=O)Nc1ccc(Cc2ccc(*)cc2)cc1,24.44673731
*c1ccc(Oc2cccc3c(Oc4ccc(N5C(=O)c6ccc(Oc7ccc8c(c7)C(=O)N(*)C8=O)cc6C5=O)cc4)cccc23)cc1,28.61584249
*c1ccc2c(c1)-c1nc3cc(Oc4ccc5c(c4)nc4n5C(=O)c5cc(C(*)(C(F)(F)F)C(F)(F)F)ccc5-4)ccc3n1C2=O,23.50663006
*C(=O)c1ccc2c(c1)C(=O)N(c1cccc(C(=O)Nc3cccc(N4C(=O)c5ccc(*)cc5C4=O)c3)c1)C2=O,21.96893169
*CC(*)c1ccc(C(=O)OCCN(C)C)cc1,14.7171157
*CC(*)c1cc(C(C)C)ccc1C(C)C,12.58652312
*CC(*)c1cc(Br)ccc1OCCC(C)C,14.27154344
*CC(*)c1cc(Br)ccc1OC,14.96406325
*CC(*)OC(=O)c1ccc(C#N)cc1,15.78934931
*CCOC(=O)Nc1ccc(-c2ccc(NC(=O)O*)cc2)cc1,26.67526289
*c1ccc(N2C(=O)c3ccc(C(=O)c4ccc5c(c4)C(=O)N(*)C5=O)cc3C2=O)cc1,28.38511667
*Oc1ccc(C(c2ccccc2)(c2ccccc2)c2ccc(OC(*)=O)cc2)cc1,19.72117199
*Oc1cccc(OC(=O)c2ccccc2/C=C/c2ccc(/C=C/c3ccccc3C(*)=O)cc2)c1,15.61081314
*Oc1ccc(-c2ccc(OC(=O)CCCCCCCC(*)=O)cc2)cc1,26.42125483
*c1ccc(Oc2cccc(Oc3ccc(N4C(=O)c5ccc(C(=O)c6ccc7c(c6)C(=O)N(*)C7=O)cc5C4=O)cc3)c2)cc1,23.94177969
*C(=O)Oc1ccc(OC(=O)c2ccc3c(c2)C(=O)N(c2ccc(C(=O)Oc4ccc(N5C(=O)c6ccc(*)cc6C5=O)cc4)cc2)C3=O)cc1,33.73793364
*CC(*)c1ccc(C(C)(O)CC)cc1,14.36693126
*CC(*)(C)CCC,15.69240776
*/C=C\CCCC*,18.83393128
*CC(*)c1c(F)c(F)c(F)c(F)c1F,18.32610812
*c1ccc(Oc2ccc(C3(c4ccc(Oc5ccc(N6C(=O)c7ccc(Oc8ccc(C9(c%10ccc(Oc%11ccc%12c(c%11)C(=O)N(*)C%12=O)cc%10)CCC(c%10ccccc%10)CC9)cc8)cc7C6=O)cc5)cc4)CC4CC3C3CCCC43)cc2)cc1,22.13342552
*C(=O)c1ccc2c(c1)C(=O)N(c1ccc(Oc3cc4ccccc4cc3Oc3ccc(N4C(=O)c5ccc(*)cc5C4=O)cc3)cc1)C2=O,22.39195154
*c1ccc(N2C(=O)c3ccc(-c4ccc5c(c4)C(=O)N(*)C5=O)cc3C2=O)cc1,43.13790934
*CC(*)c1ccc(C(C)=O)cc1,15.84904944
*CC(*)c1ccccc1C(=O)OCCN(C)C,13.93175461
*CC(*)(C)C(=O)OCCO[N+](=O)[O-],16.05424523
*CC(*)C,18.30421655
*C(=O)c1ccc2c(c1)C(=O)N(c1cccc(C(=O)N(C)c3ccc(N4C(=O)c5ccc(*)cc5C4=O)cc3)c1)C2=O,21.03114746
*CC(*)C(=O)Oc1ccc(-c2ccccc2)cc1,15.0865752
*C(=O)c1ccc2c(c1)C(=O)N(c1ccc(Oc3ccc(-c4ccc(Oc5ccc(N6C(=O)c7ccc(*)cc7C6=O)cc5)cc4)cc3)cc1)C2=O,26.38462228
*Cc1ccc(-c2ccc(C(=O)O*)cc2)cc1,24.83087287
*c1cccc(Oc2ccc(N3C(=O)c4ccc(-c5ccc6c(c5)C(=O)N(*)C6=O)cc4C3=O)cc2)c1,27.1175223
*CC(*)CCC1CCCCC1,14.07993929
*CC(*)CCCCCCCCCCCCCCCCCCCC,14.17209546
*C(=O)c1ccc2c(c1)C(=O)N(c1c(C(C)C)cc(Cc3cc(C(C)C)c(N4C(=O)c5ccc(*)cc5C4=O)c(C(C)C)c3)cc1C(C)C)C2=O,22.08942475
*CCCC=C(*)c1ccc(Cl)cc1,17.27192053
*Oc1ccc(-c2ccc(OC(=O)CCCCCCCCCC(*)=O)cc2)cc1,22.72513131
*Oc1ccc(S(=O)(=O)c2ccc(OC(=O)c3ccc(C(*)=O)cc3)cc2)cc1,25.4040485
*CC(*)Cc1ccccc1,15.68836024
*CC(*)CCCCCCCCC,13.8933044
*CC(*)c1cc(Br)ccc1OCCCC,14.88363327
*CC(*)OC(=O)CC1CCCCC1,12.23054725
*CC(*)C=C,20.09722775
*CC(*)C#N,22.05978238
*C(F)C(*)(F)F,22.28822049
*CC(*)OC(=O)C(F)(F)C(F)(F)C(F)(F)C(F)(F)F,16.73509919
*C(=O)c1ccc2c(c1)C(=O)N(c1cccc(C(=O)Nc3ccc(N4C(=O)c5ccc(*)cc5C4=O)cc3)c1)C2=O,25.88451416
*CC(*)OC(=O)c1cccc(Br)c1,17.42336725
*CC(*)c1ccc(F)cc1,16.33327108
*CC(*)C(=O)c1ccc(C(C)(C)C)cc1,13.87581719
*CC(*)c1ccc(Oc2ccccc2)cc1,15.76562328
*Oc1ccc(Oc2ccc(C(=O)c3ccc(C(=O)c4ccc(*)cc4)c4ccccc34)cc2)cc1,22.43965248
*c1ccc(Oc2c(C)cc(Cc3cc(C)c(Oc4ccc(N5C(=O)c6ccc(-c7ccc8c(c7)C(=O)N(*)C8=O)cc6C5=O)cc4)c(C)c3)cc2C)cc1,24.87502238
*CC(*)C(=O)OC(F)(C(F)(F)Cl)C(F)(F)Cl,17.52869422
*c1ccc2c(c1)-c1cc(-c3nc4cc(-c5ccc6[nH]c(*)nc6c5)ccc4[nH]3)ccc1S2(=O)=O,22.43049231
*Oc1ccc(S(=O)(=O)c2ccc(Oc3ccc(C(C)(C)c4ccc(*)cc4)cc3)c([N+](=O)[O-])c2)cc1[N+](=O)[O-],20.9479955
*Oc1cccc(S(=O)(=O)c2ccc(*)cc2)c1,20.49677924
*Oc1cc(C(C)(C)C)c(Oc2ccc(C(=O)Nc3c(C)cc(C(C)(C)c4cc(C)c(NC(=O)c5ccc(*)cc5)c(C)c4)cc3C)cc2)cc1C(C)(C)C,24.02170646
*Oc1ccc(C(C)(c2ccccc2)c2ccc(OC(*)=O)cc2)cc1,21.57193906
*c1ccc(C(c2ccc(-c3nc4cc(-c5ccc6nc(*)[nH]c6c5)ccc4[nH]3)cc2)(C(F)(F)F)C(F)(F)F)cc1,27.58738569
*C=CCCCCCCCC*,22.38144722
*c1cccc(-n2c(=O)c3cc4c(=O)n(*)c(=O)c4cc3c2=O)c1C,30.81213631
*CC(*)c1ccc(C(=O)C(F)(F)F)cc1,15.73949089
*C(=O)c1ccc2c(c1)C(=O)N(c1ccc(C3(c4ccc(N5C(=O)c6ccc(*)cc6C5=O)cc4)c4ccccc4-c4ccccc43)cc1)C2=O,23.42529212
*c1ccc(C(=O)Nc2ccc(-n3c(=O)c4cc5c(=O)n(*)c(=O)c5cc4c3=O)cc2)cc1,63.577527
*CC(*)C(=O)Oc1ccc(OC)cc1,14.62669406
*NC(=O)c1cccc(C(=O)Nc2ccc(-c3ccc(*)cc3)cc2)c1,29.85903122
*CCCCNC(=O)CCCCCCC(=O)N*,20.22607488
*CC(*)n1c2ccccc2c2ccccc21,14.36962838
*CC(*)C(=O)c1ccccc1O,15.28485466
*CC(*)c1ccccn1,16.65397935
*CCC1CC2C(CC(*)C2OC(=O)CCCCCCCCCCOc2ccc(-c3ccc(C#N)cc3)cc2)C1OC(=O)CCCCCCCCCCOc1ccc(-c2ccc(C#N)cc2)cc1,15.22602842
*CC1(*)CCC(C)CC1,16.54077615
*c1cccc(Oc2ccc(-n3c(=O)c4cc5c(=O)n(*)c(=O)c5cc4c3=O)cc2)c1,27.7572289
*NC(CCC(=O)OCCC)C(*)=O,14.79848013
*CC(*)(C)C(=O)OCc1ccc(Cl)cc1,16.19178259
*c1ccc2c(c1)C(=O)N(c1c(C)cc(C)c(N3C(=O)c4ccc(C(*)(C(F)(F)F)C(F)(F)F)cc4C3=O)c1C)C2=O,21.3426379
*CC(*)(C)C(=O)OCCN(C)C,14.82278012
*c1cccc(N2C(=O)c3ccc(Oc4ccc(C(C)(C)c5ccc(Oc6ccc7c(c6)C(=O)N(*)C7=O)cc5)cc4)cc3C2=O)c1,22.64217692
*Oc1ccc(-c2ccc(OC(=O)CCCCCCCCCCC(*)=O)cc2)cc1,20.78588244
*C(F)(F)C(*)(F)c1c(F)c(F)c(F)c(F)c1F,19.42856309
*CC(*)c1ccc(CCCC)cc1,14.8552015
*c1ccc2c(c1)C(=O)N(c1ccc(C(C)(C)c3ccc(N4C(=O)c5ccc(C(*)(C(F)(F)F)C(F)(F)F)cc5C4=O)cc3)cc1)C2=O,23.30793156
*CC(*)C(=O)C1CCCCC1,15.03387796
*CC(*)C(=O)Oc1cccc(C(=O)OC)c1,15.68591994
*CC(*)c1ccc(C(=O)N(C)C)cc1,15.9123512
*CC(*)OC(=O)c1cccc(C)c1,16.20375695
*CC(*)(C)C(=O)OCC,17.04579674
*CC(*)CNc1ccc([N+](=O)[O-])c(C(F)(F)F)c1,15.44845766
*Oc1c(OC)cc(*)cc1OC,20.19618766
*c1ccc(Oc2ccc(N3C(=O)c4cccc(Oc5cccc6c5C(=O)N(*)C6=O)c4C3=O)cc2)cc1,21.13399487
*c1ccc(-c2nc3cc(-c4ccc5nc(*)c(-c6ccccc6)nc5c4)ccc3nc2-c2ccccc2)cc1,27.81572221
*CC(*)OC(=O)C1(F)C(F)(F)C(F)(F)C(F)(F)C(F)(F)C1(F)F,16.75338469
*c1ccc2c(c1)C(=O)N(c1ccc(C(c3ccc(C)c(N4C(=O)c5ccc(C(*)(C(F)(F)F)C(F)(F)F)cc5C4=O)c3)(C(F)(F)F)C(F)(F)F)cc1C)C2=O,20.44943566
*CC(*)(CC(=O)OCCC)C(=O)OCCC,15.63947186
*CC(*)(C)C(=O)OCc1cc(Cl)cc(Cl)c1,15.93743599
*c1ccc(Oc2ccc(N3C(=O)c4ccc(Oc5ccc(S(=O)(=O)c6ccc(Oc7ccc8c(c7)C(=O)N(*)C8=O)cc6)cc5)cc4C3=O)cc2)cc1,26.33644956
*CC(*)c1ccc(C)nc1,15.40150501
*CC(*)c1ccccc1C(=O)OCCC,14.11532006
*CC(*)OC(=O)c1ccc(Cl)cc1,16.98206714
*c1ccc(Oc2ccc(Oc3ccc(N4C(=O)c5ccc(Oc6ccc(C7(c8ccc(Oc9ccc%10c(c9)C(=O)N(*)C%10=O)cc8)CCC(C(C)(C)C)CC7)cc6)cc5C4=O)cc3)c(C(C)(C)C)c2)cc1,22.90343784
*CC(*)c1ccc2ccccc2c1,14.67146471
*CC(*)c1ccc(COCCOCCCCCCCC)cc1,13.18092867
*CC(*)c1ccc(C(=O)O)c(C(=O)O)c1,15.12149692
*CC(*)OCCCl,17.81288149
*C(=O)c1ccc2c(c1)C(=O)N(c1ccc(-c3ccc(N4C(=O)c5ccc(*)cc5C4=O)cc3)cc1)C2=O,31.25412886
*Oc1ccc(C(C)(CCC#N)c2ccc(OC(*)=O)c(C)c2)cc1C,20.46291604
*c1cccc(P(=O)(c2ccccc2)c2cccc(-n3c(=O)c4c(-c5ccc(C(F)(F)F)cc5)c5c(=O)n(*)c(=O)c5c(-c5ccc(C(F)(F)F)cc5)c4c3=O)c2)c1,19.22980421
*CC(*)C(C)(C)C,15.93618471
*c1cc(C(c2ccc(O)c(N3C(=O)c4ccc(Oc5ccc6c(c5)C(=O)N(*)C6=O)cc4C3=O)c2)(C(F)(F)F)C(F)(F)F)ccc1O,20.84487443
*CCCCOC(=O)c1ccc2cc(C(=O)O*)ccc2c1,21.37913238
*CCCCCCNC(=O)CCCCC(=O)N*,21.88591097
*CCCCCCOC(=O)c1ccc(C(=O)O*)cc1,22.11416293
*CC(*)Cc1ccc(C)c(C)c1,14.89435221
*CC(*)c1ccc(COCCC)cc1,12.58385702
*CC(*)CC(CC)CC,14.5182176
*Oc1ccc(C(C)(C)c2ccc(OC(=O)SCCCSC(*)=O)cc2)cc1,20.5297515
*CC(*)c1ccc(F)cc1C,16.31655338
*C(=O)Oc1ccc(OC(=O)c2ccc3c(c2)C(=O)N(C2CCC(N4C(=O)c5ccc(*)cc5C4=O)CC2)C3=O)cc1,33.45927186
*CCOC(=O)CCCCCCCCC(=O)O*,22.1750025
*C=CC(C)C(*)C(=O)OC,21.30200679
*c1ccc(-n2c(=O)c3cc4c(=O)n(*)c(=O)c4cc3c2=O)cc1,73.07016392
*CCCCCCCCCNC(=O)c1ccc(C(=O)N*)cc1,22.4369738
*CC(*)N1CCCC1=O,16.23853098
*/C(Cl)=C(/*)c1ccccc1,29.80213503
*Oc1ccc(C(C)(C)c2ccc(OC(=O)c3ccccc3/C=C/c3ccc(/C=C/c4ccccc4C(*)=O)cc3)cc2)cc1,16.01699265
*Oc1ccc(C(C)(c2ccccc2)c2ccc(OC(=O)c3cccc(C(*)=O)c3)cc2)cc1,21.49596891
*CC(*)(CC(=O)OCCCCCCCCC)C(=O)OCCCCCCCCC,11.78546257
*CCCS(=O)(=O)c1ccc(/N=N/c2ccc(N(CCCC)CC(=O)O*)cc2)cc1,19.63779085
*CC(*)CCCCCCCCCCC,13.10676513
*c1ccc(Oc2cccc(Oc3ccc(N4C(=O)c5ccc(-c6ccc7c(c6)C(=O)N(*)C7=O)cc5C4=O)cc3)c2)cc1,25.37203303
*CC(*)(C)C(=O)OCc1cccc(Cl)c1Cl,16.14202319
*CC(*)C(C)=O,17.5990458
*C(OC(F)(F)F)C(*)(F)F,19.9989679
*OC1C(COC(C)=O)OC(*)C(OC(C)=O)C1OC(C)=O,15.15703462
*CC(*)c1ccc(Cl)c(C)c1,16.22218089
*CC(*)OC(=O)CC,17.21456789
*CC(*)c1ccc(C(C)=NO)cc1,16.88235418
*c1ccc(Oc2cc(C(C)(C)C)ccc2Oc2ccc(N3C(=O)c4ccc(-c5ccc6c(c5)C(=O)N(*)C6=O)cc4C3=O)cc2)cc1,23.28850588
*CC(*)C(=O)N(C)C,16.21765411
*C(=O)c1ccc2c(c1)C(=O)N(c1ccc(N3C(=O)c4ccc(*)cc4C3=O)nc1)C2=O,28.68947772
*C(=O)c1ccc2c(c1)C(=O)N(c1cc(C(c3ccc(O)c(N4C(=O)c5ccc(*)cc5C4=O)c3)(C(F)(F)F)C(F)(F)F)ccc1O)C2=O,22.17545031
*C(F)C(*)(F)OC(F)(F)F,20.02561571
*C(C)C(*)OCC(C)C,16.49508712
*CC(*)(C)C(=O)Oc1ccc(C(=O)OC)cc1,15.9622621
*Oc1ccccc1OC(=O)c1ccccc1/C=C/c1ccc(/C=C/c2ccccc2C(*)=O)cc1,16.87169596
*CC(*)OC(=O)CCCC1CCCCC1,12.62513355
*CC(*)c1ccc(C(=O)N2CCOCC2)cc1,15.78200571
*c1ccc(-c2ccc(N3C(=O)c4ccc(-c5ccc6c(c5)C(=O)N(*)C6=O)cc4C3=O)cc2)cc1,42.8261041
*c1ccc(C)c(N2C(=O)c3ccc(-c4ccc5c(c4)C(=O)N(*)C5=O)cc3C2=O)c1,26.56315825
*C(=O)Oc1ccc(C(C)(C)c2ccc(OC(=O)c3ccc4c(c3)C(=O)N(c3ccc(-c5ccc(N6C(=O)c7ccc(*)cc7C6=O)c(C)c5)cc3C)C4=O)cc2)cc1,27.92556144
*CCOC(=O)Nc1cccc(NC(=O)O*)c1,21.93305721
*CC(*)CC1CCCC1,15.23433651
*c1ccc(Oc2ccc(-c3ccc(Oc4ccc(-n5c(=O)c6cc7c(=O)n(*)c(=O)c7cc6c5=O)cc4)cc3)cc2)cc1,32.79068665
*CC(*)C(=O)OCCCCCCCCCCCCCCCC,13.6699298
*CCCCCCNC(=O)N*,20.51000177
*c1cccc(P(=O)(c2ccc(C(F)(F)F)cc2)c2cccc(-n3c(=O)c4cc5c(=O)n(*)c(=O)c5cc4c3=O)c2)c1,20.62761227
*CC(*)C(=O)OCC(F)(F)F,17.41967846
*CCCCCCOC(=O)CCCCCCCCC(=O)O*,20.55517675
*c1ccc(-c2nc3cc(-c4ccc5nc(-c6ccccc6)c(*)nc5c4)ccc3nc2-c2ccccc2)cc1,22.65081935
*Oc1ccc(C(C)(C)c2ccc(C(C)(C)c3ccc(OC(*)=O)c(C)c3)cc2)cc1C,20.50529491
*CC(*)C1CCCCC1,15.42436826
*CC(*)CCCCC,14.49472356
*Cc1ccc2[nH]c(-c3ccc4sc5ccc(-c6nc7cc(*)ccc7[nH]6)cc5c4c3)nc2c1,21.35650427
*CC(*)C(=O)N1CCOCC1,13.76267889
*CC/C=C(\*)C(C)(C)C,16.84381245
*CC(*)C(=O)OC(C)(C)C,16.03282719
*CC(*)c1ccc(C)cc1,15.84597516
*CC(*)c1ccc(C(=O)OCC(C)C)cc1,14.58801332
*c1ccc(C(C)(C)c2ccc(C(C)(C)c3ccc(N4C(=O)c5ccc(Oc6ccc7c(c6)C(=O)N(*)C7=O)cc5C4=O)cc3)cc2)cc1,21.40479616
*Oc1ccc(-c2ccc(OC(=O)CCCCCCC(*)=O)cc2)cc1,29.01333974
*CC(*)OC(=O)c1cccnc1,16.3670213
*CC(*)OC(=O)C(F)(F)C(F)(F)C(F)(F)F,17.42126843
*CCOC(=O)NCC1(C)CC(NC(=O)O*)CC(C)(C)C1,19.43742856
*CCCCCCOC(=O)O*,22.43811701
*OC(F)(F)C(F)(F)C(*)(F)F,21.34122545
*CC(*)C(=O)O,18.71447491
*CC(*)OC(=O)C(C)(C(C)C)C(C)C,14.19923629
*NC1CC(C)(C)CC(C)(CNC(=O)CCCCC(*)=O)C1,18.21768975
*c1ccc2c(c1)C(=O)N(c1ccc(Oc3c(C)cc(C(c4cc(C)c(Oc5ccc(N6C(=O)c7ccc(C(*)(C(F)(F)F)C(F)(F)F)cc7C6=O)cc5)c(C)c4)c4cccc5ccccc45)cc3C)cc1)C2=O,22.30079166
*C(=O)c1ccc2c(c1)C(=O)N(c1ccc(Cc3ccc(N4C(=O)c5ccc(*)cc5C4=O)cc3)cc1)C2=O,25.41076537
*C(=O)OCCOC(=O)c1ccc(*)o1,22.59738265
*c1ccc2c(c1)C(=O)N(c1ccc(Cc3ccc(N4C(=O)c5ccc(C(*)(C(F)(F)F)C(F)(F)F)cc5C4=O)cc3)cc1)C2=O,23.47489286
*C=CC1CCC(*)C1,27.70781213
*C(F)(F)C(*)(F)OC(F)(F)C(F)(F)F,19.35141962
*CCC(*)(C)C,17.67198533
*CC(*)c1ccc(I)cc1,17.87087737
*CCCCCC(=O)O*,21.36174711
*c1ccc(Oc2c(C)cc(C(C)(C)c3cc(C)c(Oc4ccc(N5C(=O)c6ccc(Oc7ccc(C8(c9ccc(Oc%10ccc%11c(c%10)C(=O)N(*)C%11=O)cc9)CCC(c9ccccc9)CC8)cc7)cc6C5=O)cc4)c(C)c3)cc2C)cc1,21.55258827
*CC(*)c1ccc(S(=O)(=O)OCCC)cc1,13.6160521
*CC(*)(CC(=O)OCCC1CCCCC1)C(=O)OCCC1CCCCC1,11.63447878
*Sc1ccc(Cc2ccc(SC(*)=O)cc2)cc1,21.95448265
*Oc1cc(C(C)(C)C)c(Oc2ccc(C(=O)Nc3c(C)cc(Cc4cc(C)c(NC(=O)c5ccc(*)cc5)c(C(C)C)c4)cc3C(C)C)cc2)cc1C(C)(C)C,23.42338977
*CC(*)c1ccc(-c2ccc(-c3ccccc3)cc2)cc1,14.4176585
*CC(*)CC(C)C,15.29672057
*CC(*)c1ccccc1CC,15.63555438
*N=P(*)(OCC(F)(F)F)OCC(F)(F)F,18.02916632
*CC(*)C(=O)N1CCCCC1,14.57926593
*CC(*)c1ccc(C(=O)OCCC)cc1,14.55540999
*CCCCCCOC(=O)CCCCCNC(=O)CCCCC(=O)NCCCCCC(=O)O*,20.42495944
*CC(*)c1ccc(COC(C)CC)cc1,13.53195109
*CC(*)c1ccc(COCCCCO)cc1,14.44348152
*c1ccc(S(=O)(=O)c2ccc(N3C(=O)c4ccc(-c5ccc6c(c5)C(=O)N(*)C6=O)cc4C3=O)cc2)cc1,27.18683095
*CCCCOC(=O)NCCCCCCNC(=O)O*,21.9968242
*Cc1ccc2[nH]c(-c3ccc4c(c3)-c3cc(-c5nc6cc(*)ccc6[nH]5)ccc3S4(=O)=O)nc2c1,21.28481954
*CC(*)c1ccccc1COCCCC,13.56616351
*c1cccc(P(=O)(c2ccccc2)c2cccc(-n3c(=O)c4cc5c(=O)n(*)c(=O)c5cc4c3=O)c2)c1,20.87955805
*C(=O)c1ccc2c(c1)C(=O)N(c1ccc(C(=O)Nc3cccc(N4C(=O)c5ccc(*)cc5C4=O)c3)cc1)C2=O,25.5349463
*CC(*)Cc1cc(C)cc(C)c1,14.29103936
*CCC=C(*)CCC,16.62491893
*C(=O)Oc1ccc(OC(=O)c2ccc3c(c2)C(=O)N(c2ccc(-c4ccc(N5C(=O)c6ccc(*)cc6C5=O)cc4C(F)(F)F)c(C(F)(F)F)c2)C3=O)cc1,36.16788839
*Oc1ccc(-c2ccc(OC(=O)CCCCCC(*)=O)cc2)cc1,27.00434671
*c1ccc(Oc2ccc(S(=O)(=O)c3ccc(Oc4ccc(-n5c(=O)c6cc7c(=O)n(*)c(=O)c7cc6c5=O)cc4)cc3)cc2)cc1,25.65776113
*Oc1ccc(C2(c3ccc(OC(*)=O)cc3)CCCC2)cc1,20.3659333
*CC(*)OC(=O)CCCCCCCCCCC,13.68118811
*CC(*)(C)C(C)=O,17.60265515
*c1cccc(-n2c(=O)c3cc4c(=O)n(*)c(=O)c4cc3c2=O)c1,28.15313015
*c1ccc(N2C(=O)c3ccc(-c4ccc5c(c4)C(=O)N(*)C5=O)cc3C2=O)c(C)c1,41.97216586
*CS*,27.88017234
*Oc1ccc(C(C)(C)c2ccc(OC(*)=O)c(CC)c2)cc1CC,19.14999144
*CC(*)(C)C(=O)OCCBr,17.47188732
*CCCCCCCCCCCCNC(=O)CCCCCCCCCCC(=O)N*,20.14247518
*CC(*)c1ccc(COCC(CC)CCCC)cc1,13.7006927
*C(C)C(*)OC(C)(C)C,14.90660952
*CC(*)C(=O)OCCO,16.61684144
*CC(*)C(=O)c1ccc(C(C)C)cc1,14.91122347
*CC(*)(Cl)Cl,22.97672238
*CC(*)CC(C)CC,15.292816
*CC(*)C(=O)OC,18.53319803
*CC(*)(C)C(=O)OCc1ccc(Cl)cc1Cl,16.58005541
*Oc1ccc(S(=O)(=O)c2ccc(OC(*)=O)cc2)cc1,22.89231815
*CCCCCCCCCCC(=O)N*,22.4146759
*CCC(C)CO*,19.60701227
*CCOC(=O)CCC(=O)O*,20.40812175
*CC(*)C1CCCC1,15.28079947
*CC(*)c1ccc(C(=O)CCCCCCC)cc1,13.55487628
*Oc1ccc(S(=O)(=O)c2ccc(Oc3ccc(-c4ccc(*)cc4)cc3)cc2)cc1,23.18968694
*CC(*)c1ccc(C(=O)OCCCCCC)cc1,14.58927666
*CC(*)OCCOC,16.18817273
*c1ccc2c(c1)-c1nc3cc(-c4ccc5nc6n(c5c4)C(=O)c4cc(C(*)(C(F)(F)F)C(F)(F)F)ccc4-6)ccc3n1C2=O,24.41433635
*Oc1ccc(C2(c3ccc(OC(*)=O)c(C)c3)CCCCC2)cc1C,20.33471792
*C=CCC(C)(CC*)C(=O)OC,20.28117743
*CC(*)c1ccccc1C(=O)OC(C)C,14.18096027
*Oc1cccc2c(OC(=O)Oc3ccc(OC(*)=O)cc3)cccc12,25.94059837
*CC(*)C(=O)OCC(C)C,15.74079932
*CC(*)OC(F)(C(F)(F)F)C(F)(F)F,17.72320981
*c1cccc(N2C(=O)c3ccc(Oc4ccc(S(=O)(=O)c5ccc(Oc6ccc7c(c6)C(=O)N(*)C7=O)cc5)cc4)cc3C2=O)c1,23.65282255
*CC(*)c1ccc(OC(C)=O)cc1,15.99693728
*Oc1ccc(S(=O)(=O)c2ccc(Oc3ccc(Cc4ccc(*)cc4)cc3)cc2)cc1,23.02354954
*CCC=C(*)CCCCCCC,14.82336082
*C1CCC(*)N1,22.03289852
*CC(*)c1ccccc1OC,15.86315929
*c1cccc(-c2nc3cc(-c4ccc5nc(*)c(-c6ccccc6)nc5c4)ccc3nc2-c2ccccc2)c1,21.51675846
*CC(*)OCC(C)(C)CC,15.13911828
*C(F)(F)C(F)(F)C1(F)C(*)(F)OC(F)(F)C1(F)F,24.95480207
*c1ccc(C(Cl)(Cl)C(*)Cl)cc1,23.4116757
*c1ccc2c(c1)C(=O)N(c1ccc(Oc3c(C)cc(Cc4cc(C)c(Oc5ccc(N6C(=O)c7ccc(C(*)(C(F)(F)F)C(F)(F)F)cc7C6=O)cc5)c(C)c4)cc3C)cc1)C2=O,25.30910809
*CCOC(=O)c1ccc(C(=O)O*)c2ccccc12,20.47352108
*CC(*)CCCCCCCCCCCCCCCC,13.46131349
*C1CCC(*)C1,23.01891847
*Oc1ccc(C(C)(CCC#N)c2ccc(OC(*)=O)cc2)cc1,20.80839425
*CC(*)C(C)CC,15.66076705
*Oc1cc(C(C)(C)C)c(Oc2ccc(C(=O)Nc3ccc(C(C)(C)c4ccc(NC(=O)c5ccc(*)cc5)c(C)c4)cc3C)cc2)cc1C(C)(C)C,24.39932119
*Oc1ccc(C(c2ccc(Oc3ccc(C(=O)c4cccc(C(=O)c5ccc(*)cc5)c4)cc3)cc2)(C(F)(F)F)C(F)(F)F)cc1,21.87025736
*c1cccc(P(=O)(c2cccc(-n3c(=O)c4cc5c(=O)n(*)c(=O)c5cc4c3=O)c2)c2cc(C(F)(F)F)cc(C(F)(F)F)c2)c1,17.81122882
*c1ccc(Oc2ccc(-n3c(=O)c4cc5c(=O)n(*)c(=O)c5cc4c3=O)cc2)cc1,35.76411754
*CC(*)SCCCC,14.65968007
*CC(*)OCC(CC)CCCC,14.13912387
*CC(*)c1ccc(Cl)cc1,18.43133959
*NC(=O)c1ccc(C(=O)Nc2ccc(-c3ccc(*)cc3)cc2)cc1,50.86226529
*Oc1ccc(C(C)(C)c2ccc(OC(*)=O)c(C(C)C)c2)cc1C(C)C,20.26931974
*CCOCCOC(=O)c1ccc(-c2ccc(C(=O)O*)cc2)cc1,22.65495181
*c1ccc(Oc2ccc(C(C)(C)c3ccc(Oc4ccc(N5C(=O)C6CCC7C(=O)N(*)C(=O)C7C6C5=O)cc4)cc3)cc2)cc1,23.42766248
*CC(*)(C)C(=O)OCCO,16.14206295
*/C=C\CCC*,19.41179187
*CC(*)OCC(F)(F)F,17.93910128
*CC(*)N1CCNC1,15.06593322
*CC(*)OC,18.97376891
*c1ccc(Oc2ccc(C(=O)c3ccc(Oc4ccc(C5(*)OC(=O)c6ccccc65)cc4)cc3)cc2)cc1,20.42568028
*CC(*)(C)C(=O)OC(C)(C)C,16.20809979
*CC(*)OC(=O)c1ccccc1OC(C)=O,14.76297702
*c1ccc(-c2nc3cc4nc(*)oc4cc3o2)cc1,70.702021
*CC(*)CCc1ccc(C)cc1,14.3932565
*c1ccc(Oc2ccc(Oc3ccc(N4C(=O)c5ccc(Oc6ccc7c(c6)C(=O)N(*)C7=O)cc5C4=O)cc3)cc2)cc1,26.5472567
*CC(*)c1ccc(C(=O)c2ccc(C)cc2)cc1,15.14876652
*CCCCCCN(C)C(=O)CCCCC(=O)N(*)C,20.85003051
*c1ccc(S(*)(=O)=O)cc1,22.15433268
*c1ccc2c(c1)C(=O)N(c1cccc(Oc3ccc(S(=O)(=O)c4ccc(Oc5cccc(N6C(=O)c7ccc(C(*)(C(F)(F)F)C(F)(F)F)cc7C6=O)c5)cc4)cc3)c1)C2=O,21.75683334
*CC(*)CCCC,15.5576579
*CC(*)(C)C(=O)Oc1c(C)cccc1C,14.96938175
*CC(*)c1ccccc1COCCC(C)C,14.45873814
*CC(*)C(=O)OCc1ccc(C#N)cc1,14.9381318
*CC(*)C(=O)OCCCC,15.85093378
*c1ccc(Cc2ccc(N3C(=O)C4CCC5C(=O)N(*)C(=O)C5C4C3=O)c(C)c2)cc1C,24.39262553
*CC(C)(CCC)C(=O)O*,18.17954073
*Oc1ccc2c(c1)nc1n2C(=O)c2ccc(-c3ccc4c(c3)C(=O)n3c-4nc4ccc(*)cc43)cc2-1,24.56956014
*CC(*)C(=O)Oc1ccc(C(=O)OCC)cc1,14.69725119
*CCc1ccc(*)c(C)c1,22.25442755
*CC(*)c1ccc(CCCCCCCCCCCCCCCCCC)cc1,13.87946955
*CCCCCCNC(=O)NCc1ccc(CNC(=O)N*)cc1,22.41812285
*CCCCCCCCCC(=O)N*,22.00464482
*c1ccc(*)s1,48.18828854
*c1ccc(Oc2ccc(Oc3ccc(N4C(=O)c5ccc(Oc6ccc(C7(c8ccc(Oc9ccc%10c(c9)C(=O)N(*)C%10=O)cc8)CCC(c8ccccc8)CC7)cc6)cc5C4=O)cc3)c(C(C)(C)C)c2)cc1,22.8835921
*c1ccc(Sc2ccc(Sc3ccc(Sc4ccc(-n5c(=O)c6cc7c(=O)n(*)c(=O)c7cc6c5=O)cc4)cc3)cc2)cc1,24.56371182
*CCCCCCCC(*)C,20.46167604
*c1ccc(NC(=O)CCCCC(=O)Nc2ccc(S(*)(=O)=O)cc2)cc1,22.83169827
*c1cc(C(c2ccc(O)c(N3C(=O)c4ccc(-c5ccc6c(c5)C(=O)N(*)C6=O)cc4C3=O)c2)(C(F)(F)F)C(F)(F)F)ccc1O,23.1492373
*CC(OC)C1C(=O)OC(=O)C1*,20.79601126
*CC(O)COc1ccc(C(C)(C)c2ccc(O*)cc2)cc1,21.19901191
*c1ccc(Oc2ccc(N3C(=O)C4CCC5C(=O)N(*)C(=O)C5C4C3=O)cc2)cc1,28.17532553
*CC(*)c1ccccc1C(=O)OC,14.95874782
*CC(*)c1ccc(C#N)cc1,16.9408436
*c1ccc(Cc2ccc(N3C(=O)c4ccc(Oc5ccc6c(c5)C(=O)N(*)C6=O)cc4C3=O)cc2)cc1,26.13481842
*Oc1ccc(S(=O)(=O)c2ccc(Oc3ccc(C(c4ccc(*)cc4)(C(F)(F)F)C(F)(F)F)cc3)cc2)cc1,21.28766673
*CC(*)(C)c1ccc(C(C)C)cc1,13.60534967
*c1ccc(S(=O)(=O)c2ccc(N3C(=O)c4ccc(C(=O)c5ccc6c(c5)C(=O)N(*)C6=O)cc4C3=O)cc2)cc1,25.12418092
*CC(*)c1ccc(C(=O)CC)cc1,14.23013368
*Oc1ccc(C(CCCC)(CCCC)c2ccc(OC(*)=O)cc2)cc1,15.9518712
*CC(*)c1ccc(COCCOCCCC)cc1,14.09935019
*CCCCCC(=O)N*,21.10708512
*C(=O)c1ccc2c(c1)C(=O)N(c1c(C)c(C)c(N3C(=O)c4ccc(*)cc4C3=O)c(C)c1C)C2=O,29.17237563
*CCOC(=O)c1ccc2ccc(C(=O)O*)cc2c1,21.80855916
*C(=O)c1ccc2c(c1)C(=O)N(c1ccc3c(c1)Cc1cc(N4C(=O)c5ccc(*)cc5C4=O)ccc1-3)C2=O,29.02493893
*Oc1cccc2c(OC(=O)c3ccccc3/C=C/c3ccc(/C=C/c4ccccc4C(*)=O)cc3)cccc12,18.75051939
*CC(*)c1ccccc1COCC,13.822737
*c1ccc(Oc2ccc(N3C(=O)c4ccc(Oc5ccc(C6(c7ccc(Oc8ccc9c(c8)C(=O)N(*)C9=O)cc7)CCC(c7ccccc7)CC6)cc5)cc4C3=O)cc2)cc1,21.18749891
