SMILES,Calculated rubber CTE (10-6/K)
*CCC[Si](*)(C)c1ccccc1,1126.35999487655
*OC(=O)Oc1ccc(C(C)(C)c2ccc(*)c(C)c2)cc1Cl,633.574187878466
*CCOC(=O)CCCCC(=O)O*,1398.14079558374
*NCCCCCCNC(=O)CCCCCCCCC(*)=O,972.935281848252
*CC(*)c1cc(Cl)ccc1Cl,573.640886749909
*CC(*)c1ccc(OCCC)cc1,1122.78374869038
*CC=C(C)C*,1641.03125580535
*Cc1ccc(C*)c(CC)c1,1062.8120376431
*CC(*)c1ccc(C(C)(C)C)cc1,944.160078615404
*OC(=O)Oc1cc(C)c(C(C)(C)c2c(C)cc(*)cc2C)c(C)c1,754.71645473057
*CC(*)Cc1ccccc1,958.292490074698
*C(F)(F)C1(F)C(F)(F)C(*)(F)C(F)(F)C1(F)F,685.567459307319
*CC(*)(Cl)C(=O)OC1CCCCC1,740.906977782265
*CC(*)CCC1CCCCC1,975.914615122967
*Oc1c(-c2ccccc2)cc(*)cc1-c1ccccc1,808.074222689513
*CC(*)C(=O)OC(C)CCCCC,1059.32240724228
*C(=O)Oc1ccc(C2(c3ccc(OC(=O)c4ccc(C5(c6ccc(*)cc6)OC(=O)c6ccccc65)cc4)cc3)OC(=O)c3ccccc32)cc1,540.948228147522
*c1ccc(Oc2ccc(-c3cc(-c4ccccc4)c4cc(Oc5ccc6nc(*)cc(-c7ccccc7)c6c5)ccc4n3)cc2)cc1,711.896326301918
*CC(*)(Cl)C(=O)OC(C)C,742.11641794767
*CC(*)C(=O)NCCCC,1053.10069770329
*CC(*)OC(=O)CC,1048.56842558655
*[Si](*)(C)c1ccccc1,1035.34525140313
*CC=C(Cl)C*,1046.1826903427
*CC=C(C*)C(C)(C)C,1125.15194613367
*OC(=O)Oc1ccc(Cc2ccc(*)cc2)cc1,724.187136282769
*OC(=O)Oc1c(Cl)cc(C(C)(C)c2ccc(*)cc2)cc1Cl,757.057004057782
*CC(*)CC,1310.04168638994
*c1ccc(-c2cc(-c3ccccc3)c3cc(Oc4ccc5nc(*)cc(-c6ccccc6)c5c4)ccc3n2)cc1,665.292917467994
*CC(*)(C)C(=O)OC1CCCCC1,771.193880501879
*CC(*)c1ccc(CO)cc1,859.567535894969
*CC(*)(C)C(=O)OCCCCCC,1083.04706047824
*Oc1ccc(S(=O)(=O)c2ccc(Oc3ccc(C(C)(C)c4ccc(*)cc4)cc3)cc2)cc1,782.997428014383
*CC(*)OCC(CC)CCCC,1373.75092019863
*Oc1ccc(C(C)(C)c2ccc(Oc3ccc4c(c3)C(=O)N(c3cccc(N5C(=O)c6ccc(*)cc6C5=O)c3)C4=O)cc2)cc1,720.002906265672
*CC(*)(C)C(=O)OCC(CC)CC,947.485163694066
*c1ccc(C(=O)c2ccccc2N2C(=O)c3ccc(C(c4ccc5c(c4)C(=O)N(*)C5=O)(C(F)(F)F)C(F)(F)F)cc3C2=O)cc1,432.555244954453
*CC(*)Cl,868.565947710138
*Oc1ccc(C(C)(C)c2ccc(OC(*)=O)cc2)cc1,591.549425789967
*Oc1ccc(Oc2ccc(Oc3ccc4c(c3)C(=O)N(c3cccc(N5C(=O)c6ccc(*)cc6C5=O)c3)C4=O)cc2)cc1,546.096413818296
*OC(=O)Oc1ccc(C(C)(CCC)c2ccc(*)cc2)cc1,842.860886785354
*CC(*)C(=O)OCCCC,1129.83519711912
*CC(*)CCCC,1335.96054177695
*Oc1ccc(-c2ccc(Oc3ccc4c(c3)C(=O)N(c3cccc(N5C(=O)c6ccc(*)cc6C5=O)c3)C4=O)cc2)cc1,536.649205528916
*CCCCCCCCCCOC(=O)CCCCC(=O)O*,1231.3256709431
*CC(*)c1ccccc1CC,764.977014425805
*CC(*)c1ccc(Cl)cc1,770.16807485966
*OC(=O)Oc1ccc(C2(c3ccc(*)cc3)CCCCC2)cc1,729.020486635461
*CC(*)CCC,1333.26323585249
*CC(*)c1ccc(C)c(C)c1,949.000754673299
*CC(*)O,755.617778861692
*OC(=O)Oc1ccc(C(C)(C)c2ccc(*)cc2Cl)c(Cl)c1,720.837740019501
*c1ccc(N2C(=O)c3ccc(Oc4ccc5c(c4)C(=O)N(*)C5=O)cc3C2=O)cc1,369.378433939971
*CCCCO*,1617.55415492786
*Cc1ccc(C*)c(C)c1,976.17126865101
*c1nc(C(F)(F)F)nc(C(F)(OC(F)(F)C(F)(F)C(F)(F)C(F)(F)C(F)(F)C(F)(F)OC(*)(F)C(F)(F)F)C(F)(F)F)n1,1286.27138083928
*CC(COCCCCCC)O*,1493.15398873748
*CC(*)c1ccccc1OCCCCCCCC,948.119244524376
*CC(C)S*,947.231142193885
*O[Si](*)(C)CCC(F)(F)F,957.076593931573
*C[Si](*)(C)C,1386.07067376403
*CC(*)C=C,1291.54728569336
*CC(*)c1ccccc1Cl,781.779588382126
*CC(*)(C)C(=O)OCC(C)C,943.128919668369
*CC(*)OCC,1464.42420088409
*O[Si](c1ccccc1)(c1ccccc1)c1cccc(*)c1,1021.06821157798
*CC(*)c1ccc(OCCC(C)C)cc1,950.919053020083
*CC(*)C(=O)OCCCCCCC,1190.65828238314
*OC(=O)Oc1c(Cl)cc(C(C)(C)c2cc(Cl)c(*)c(Cl)c2)cc1Cl,719.281286854457
*CCOC(=O)c1ccc(C(=O)O*)cc1,690.896253251335
*CO*,1195.4433193378
*CC(*)OCCCCCCCC,1351.2572173451
*CC*,1622.06467810105
*CC(*)C(=O)O,857.331806351815
*CC(*)C=CC,1499.11751240978
*CC(*)OC(C)=O,950.3973232920684
*O[Si](O[Si](C)(C)c1ccc([Si](*)(C)C)cc1)(c1ccccc1)c1ccccc1,1059.93416363333
*Oc1ccc(-c2ccc(Oc3ccc(S(=O)(=O)c4ccc(*)cc4)cc3)cc2)cc1,638.125967480868
*CC(*)c1c(F)c(F)c(F)c(F)c1F,919.412886643598
*Nc1cccc(NC(=O)c2cccc(C(*)=O)c2)c1,540.555428087756
*CC(*)(Cl)C(=O)OCCC,886.44734561122
*CC(*)CC1CCCC1,908.943424674761
*CC(*)C#N,802.125467410392
*CC(*)c1ccc(Cl)c(C)c1,811.919904230917
*CC(*)c1ccccc1F,816.933603517511
*c1ccc(C(=O)c2cccc(N3C(=O)c4ccc(Oc5ccc(Sc6ccc(Oc7ccc8c(c7)C(=O)N(*)C8=O)cc6)cc5)cc4C3=O)c2)cc1,541.030519317624
*CC(*)c1ccccc1CO,717.137415096485
*c1ccc(-c2ccc(-c3nc4ccc(Oc5ccc6nc(*)c(-c7ccccc7)c(-c7ccccc7)c6c5)cc4c(-c4ccccc4)c3-c3ccccc3)cc2)cc1,683.38858862597
*CC1CC(*)OC(CCC)O1,989.584586219563
*CC(*)(C)C(=O)OCC,714.654727037386
*NCCCCCCCCCCNC(=O)CCCCCCCCC(*)=O,1086.85798239548
*OC(=O)Oc1ccc(C(C)(C)c2ccc(*)cc2)cc1Cl,755.866163345879
*CC(*)c1ccc(C(C)C)cc1,1020.34299083199
*c1ccc(Oc2ccc(-c3cc(-c4ccc(Oc5ccc(-c6cc(*)nc7ccccc67)cc5)cc4)c4ccccc4n3)cc2)cc1,694.49946089091
*CC(*)C(=O)OCC(C)C,1048.07080758316
*CC(*)OC(C)C,1202.93738223897
*CC=C(C*)CCCC,1503.69418827587
*CC(*)C(=O)C(C)C,883.551151561342
*CC(*)c1ccc2ccccc2c1,746.299976792689
*c1ccc(-c2ccc(-c3ccc(-c4cnc5ccc(-c6ccc7ncc(*)nc7c6)cc5n4)cc3)cc2)cc1,406.213620063919
*CC(*)c1ccc(COCCC)cc1,1151.25976573585
*Oc1ccc(*)cc1,820.601909464626
*CC(*)(C#N)C(=O)OC,705.619052813204
*CC(*)c1cc(C)ccc1F,862.953531478003
*C(=O)Oc1ccc(-c2ccc(OC(=O)c3ccc(C4(c5ccc(*)cc5)OC(=O)c5ccccc54)cc3)cc2)cc1,587.866155038921
*c1ccc(Oc2ccc(-c3nc4ccccc4c(-c4ccc(Oc5ccc(-c6c(-c7ccccc7)c(*)nc7ccccc67)cc5)cc4)c3-c3ccccc3)cc2)cc1,608.36569272291
*CC(*)(C)C(=O)OCCOC,952.463083547186
*Oc1cccc(OC(=O)c2cccc(C(*)=O)c2)c1,826.481682047202
*CC(*)(Cl)C(=O)OCC,727.868062784808
*Oc1cccc(Oc2cccc(-n3c(=O)c4cc5c(=O)n(-c6cccc(*)c6)c(=O)c5cc4c3=O)c2)c1,501.366520599537
*CC(*)c1ccc(F)cc1,475.872874675177
*OC(=O)Oc1ccc(C(C)(c2ccccc2)c2ccc(*)cc2)cc1,821.846182809776
*CC(*)C(=O)OC,936.412763494325
*CC(*)N1CCCC1=O,727.634529868284
*Cc1ccc(C*)c(Cl)c1,804.361385586553
*OC(=O)Oc1ccc(C(c2ccc(*)cc2)(C(F)(F)F)C(F)(F)F)cc1,753.85108470909
*[Si](*)(C)C1CCCCC1,806.680925793885
*OC(=O)Oc1ccc(C2(c3ccc(*)cc3)CC3CC2C2CCCC32)cc1,701.308730929548
*CC(*)n1c2ccccc2c2ccccc21,753.838427054706
*CC(*)C,1376.50058124501
*CC(*)C(=O)OC(CC)CC,942.841290959658
*CC(*)c1ccc(C(C)CC)cc1,1016.37385712276
*c1cccc(C(=O)c2cccc(N3C(=O)c4ccc(Oc5ccc(Sc6ccc(Oc7ccc8c(c7)C(=O)N(*)C8=O)cc6)cc5)cc4C3=O)c2)c1,546.570614969952
*CC(*)C(=O)OCC,1014.13221485297
*CC(*)C(=O)OCCCCCCCC,1208.08350732131
*OC(=O)Oc1ccc(C2(c3ccc(*)cc3)CCCC2)cc1,731.779451752424
*CC(*)c1ccc(Br)cc1,683.815149332957
*Cc1ccc(C*)c(Br)c1,725.058854478164
*CC(*)(F)F,947.792049189123
*C(=O)c1ccc(-n2c(=O)c3cc4c(=O)n(-c5ccc(*)cc5)c(=O)c4cc3c2=O)cc1,268.200809943845
*C(F)(F)c1ccc(C(*)(F)F)cc1,774.201378584028
*CC(*)c1ccncc1,697.803351896464
*CC(*)C(=O)OC(C)CC,975.22627334834
*c1cccc(-c2cc(-c3ccc(Oc4ccc(-c5cc(*)nc6ccccc56)cc4)cc3)c3ccccc3n2)c1,664.005580945184
*CC(*)C1CCCC1,888.113858008438
*NC(=O)c1ccc2c(c1)C(=O)N(c1ccc(Cc3ccc(*)cc3)cc1)C2=O,517.153900992347
*CC(*)CCCC(C)C,1222.50853413326
*OC(=O)Oc1ccc(C(CCC)c2ccc(*)cc2)cc1,866.521543324962
*CC(*)c1cccc(Cl)c1,1142.94148328967
*c1ccc(C(=O)c2ccc(N3C(=O)c4ccc(C(c5ccc6c(c5)C(=O)N(*)C6=O)(C(F)(F)F)C(F)(F)F)cc4C3=O)cc2)cc1,405.751263029149
*O[Si](*)(C)c1ccccc1,875.991959985182
*CC(*)(Cl)C(=O)OC(C)CC,824.892700476085
*OCC(O)COc1ccc(C(C)(C)c2ccc(*)cc2)cc1,842.284330599547
*Oc1ccc(C(*)=O)cc1,540.263186181293
*Sc1ccc(*)cc1,708.994892232087
*c1ccc(Oc2ccc(-c3nc4ccc(Oc5ccc6nc(*)c(-c7ccccc7)c(-c7ccccc7)c6c5)cc4c(-c4ccccc4)c3-c3ccccc3)cc2)cc1,742.709311202326
*CC(*)c1ccc(CCCC)cc1,1101.75814261225
*CC(*)c1ccc(Cl)c(F)c1,760.245548603661
*c1cccc(-c2nc3cc4nc(*)c(-c5ccccc5)nc4cc3nc2-c2ccccc2)c1,387.576016145683
*OC(=O)Oc1ccc(C(C)(CC)c2ccc(*)cc2)cc1,782.783859326452
*CC(*)OC=O,680.999708847709
*CC(*)OC(C)CC,1139.51562355375
*OCCCCCC(*)=O,1121.76594091009
*CC(*)c1cc(C(C)(C)C)ccc1C,518.101268560197
*CCC[Si](*)(C)C,1667.82801048277
*CC(*)C(=O)OCCCCCC,1156.87303377679
*C(F)(F)C(*)(F)c1ccccc1,812.733761531513
*CC(*)C(=O)OC(C)CCCCCC,1085.72586772537
*CC(*)(C)C(=O)OCCCC,1007.98587301154
*c1cccc(-c2nc3ccccc3c(-c3ccc(Oc4ccc(-c5c(-c6ccccc6)c(*)nc6ccccc56)cc4)cc3)c2-c2ccccc2)c1,682.275751911621
*OC(=O)Oc1ccc(C2(c3ccc(*)cc3)CC3CCC2C3)cc1,704.915809379888
*C(=O)Nc1ccc(Oc2ccc(NC(=O)c3ccc(C4(c5ccc(*)cc5)OC(=O)c5ccccc54)cc3)cc2)cc1,568.723969215316
*CC(COC)O*,1543.93154695516
*CC(*)C(=O)OCCCCCCCCC,1227.35252477707
*CC(*)(C)C(=O)Oc1ccccc1,660.848888670174
*CC(*)C(=O)OC(C)(C)C,887.900888719843
*CC(*)C(F)(F)C(F)(F)F,1032.08717909375
*c1ccc(-c2cnc3ccc(-c4ccc5ncc(*)nc5c4)cc3n2)cc1,354.572514385592
*CC(*)c1cccc2ccccc12,664.814705473704
*CCOC(=O)c1ccc(O*)cc1,798.364199422537
*CC=C(C*)CC,1364.95827042847
*Oc1ccc(Sc2ccc(Oc3ccc4c(c3)C(=O)N(c3cccc(N5C(=O)c6ccc(*)cc6C5=O)c3)C4=O)cc2)cc1,535.05384979543
*C(F)(F)C(*)(F)C(F)(F)F,1018.19243823041
*NCCCCCCCCCCC(*)=O,1135.63014052617
*CC(*)C(=O)OCCC,1077.58149307933
*OC(=O)Oc1ccc(C(=C(Cl)Cl)c2ccc(*)cc2)cc1,734.706444155552
*OC(=O)Oc1ccc(C(c2ccc(*)cc2)(C(F)(F)Cl)C(F)(F)Cl)cc1,727.519399206692
*CC(*)SC,838.342091576881
*O[Si](*)(CC)CC,1047.6534189166
*CC(*)c1ccc(Cl)c(Cl)c1,637.980318698652
*CC(*)OCCCCCCCCCC,1436.02932180559
*NCCCCCCCCC(*)=O,1041.46568379234
*CCOC(=O)c1cccc2c(C(=O)O*)cccc12,643.585434396554
*CC(*)C(C)C,1024.04419881694
*CCOC(=O)c1ccc(C(=O)O*)c2ccccc12,653.366035822828
*CCCCCCCCO*,1403.94830492136
*CCC[Si](*)(c1ccccc1)c1ccc(N(C)C)cc1,1031.33762723236
*NCc1cccc(CNC(=O)CCCCC(*)=O)c1,722.944555286159
*CC(*)c1ccc(C(=O)OC)cc1,851.070107096335
*C/C=C\C*,1389.39265961122
*OC(=O)Oc1ccc(C(CCC)(CCC)c2ccc(*)cc2)cc1,918.74745001521
*CC(*)(C)C(=O)OCCCl,735.187264064515
*CC(COCCCC)O*,1518.65867570353
*c1cccc(C(=O)c2cccc(N3C(=O)c4ccc(C(=O)c5ccc6c(c5)C(=O)N(*)C6=O)cc4C3=O)c2)c1,438.836856401366
*OC(=O)Oc1ccc(C(C)(CC)c2ccc(*)cc2C)c(C)c1,690.98338418134
*NCCCCCC(*)=O,852.903099017778
*CC(*)C(F)(F)F,1199.82378616878
*CCOC(=O)c1cccc(C(=O)O*)c1,881.426445412296
*NCCCCCCCCCC(*)=O,1096.98163190972
*CC(*)c1ccc(C)cc1,979.175714816243
*CC(*)c1ccc(COCCCCCC)cc1,1109.57172517125
*CC(*)OC(=O)CCl,696.279189103891
*CC(*)(C)C,1137.00362256784
*CC(*)c1cccc(CO)c1,824.536218775334
*CC(*)(Cl)C(=O)OCCCC,1136.54546441662
*CC(*)c1cc(C)cc(C)c1,957.826573200045
*OC(=O)Oc1ccc(C(C)(CC)c2ccc(*)cc2Cl)c(Cl)c1,634.231953688051
*c1ccc(-c2nc3cc(-c4ccc5nc(-c6ccccc6)c(*)nc5c4)ccc3nc2-c2ccccc2)cc1,371.429183928934
*Oc1c(C)cc(*)cc1C,1069.63640783716
*CC(*)(C)C(=O)OCC(C)(C)C,889.384653454765
*C(F)(F)C(*)(F)Cl,936.491312449742
*CC(*)c1ccc(-c2ccccc2)cc1,813.213712098165
*CC(*)(C)C#N,716.93337553073
*CC(*)c1ccc(OC)cc1C,920.986535013947
*c1ccc(-c2cnc3ccc(C(=O)c4ccc5ncc(*)nc5c4)cc3n2)cc1,439.589307347928
*CCOC(=O)CCCCCCCCC(=O)O*,1122.66896311802
*NCCCCCCCCCCCC(*)=O,1165.4322967365
*CC(*)c1ccc(OCC)cc1,1099.13428119435
*c1ccc(C(=O)c2cccc(N3C(=O)c4ccc(C(c5ccc6c(c5)C(=O)N(*)C6=O)(C(F)(F)F)C(F)(F)F)cc4C3=O)c2)cc1,487.196255129058
*CC(*)c1cccc(C)c1,914.69085070285
*CCC[Si](*)(C)c1ccc(N(C)C)cc1,1241.80969340277
*O[Si](*)(C)C,1459.12223998532
*C(=O)Nc1ccc(C2(c3ccc(NC(=O)c4ccc(C5(c6ccc(*)cc6)OC(=O)c6ccccc65)cc4)cc3)NC(=O)c3ccccc32)cc1,438.386019430657
*CC(*)(C)c1ccccc1,780.003785262605
*N[Si](*)(C)C,1261.45801302291
*CCO*,1582.72281777152
*OC(=O)Oc1c(Br)cc(C(C)(C)c2cc(Br)c(*)c(Br)c2)cc1Br,612.914889141729
*Oc1ccc(C(=O)c2ccc(Oc3ccc4c(c3)C(=O)N(c3cccc(N5C(=O)c6ccc(*)cc6C5=O)c3)C4=O)cc2)cc1,523.309063937421
*c1ccc(-c2ccc(-c3cc(-c4ccccc4)c4cc(Oc5ccc6nc(*)cc(-c7ccccc7)c6c5)ccc4n3)cc2)cc1,676.079743622664
*C(=O)Nc1ccc(C2(c3ccc(NC(=O)c4ccc(C5(c6ccc(*)cc6)OC(=O)c6ccccc65)cc4)cc3)OC(=O)c3ccccc32)cc1,429.698493627538
*CC(*)(C)C(=O)OCCCCCCCCCCCC,1186.192478868
*c1ccc(C(=O)c2ccccc2N2C(=O)c3ccc(Oc4ccc(Sc5ccc(Oc6ccc7c(c6)C(=O)N(*)C7=O)cc5)cc4)cc3C2=O)cc1,551.79482935907
*c1ccc(-c2nnc(-c3cccc(-c4nnc(*)n4-c4ccccc4)c3)n2-c2ccccc2)cc1,627.853528559341
*Cc1ccc(C*)c(C#N)c1,839.356520980638
*OCC1CCC(COC(=O)c2ccc(C(*)=O)cc2)CC1,740.600217685398
*CC=C(C*)CCC,1468.8825541008
*CC(*)(C)C(=O)OCCC,956.394230554064
*c1ccc(C(=O)c2ccc(N3C(=O)c4ccc(Oc5ccc(Sc6ccc(Oc7ccc8c(c7)C(=O)N(*)C8=O)cc6)cc5)cc4C3=O)cc2)cc1,543.214665227085
*CC(*)(F)C(F)(F)F,1092.13753341449
*CC=C(Br)C*,893.123745619498
*CC(*)c1ccc(C)cc1C,890.827333939509
*Oc1ccc(Oc2ccc(C(=O)c3ccc(*)cc3)cc2)cc1,673.514526451135
*Oc1ccc(-n2c(=O)c3cc4c(=O)n(-c5ccc(*)cc5)c(=O)c4cc3c2=O)cc1,300.67627793269
*OC(=O)Oc1ccc(C(c2ccc(*)cc2)C(C)C)cc1,826.861459524726
*Nc1ccc(NC(=O)c2ccc(C(*)=O)cc2)cc1,438.051974015439
*NCCCCCCC(*)=O,876.757140723208
*CC=C(C*)C(C)C,1390.16769522926
*CC(*)(C)C(=O)OCCO,721.539065401861
*CCC(C)CCC(=O)O*,1117.35734000851
*CC(*)(C)C(=O)OCCCCCCCC,1093.30816891786
*OC(=O)Oc1ccc(Sc2ccc(*)cc2)cc1,644.025385942453
*CC(*)OCCCC,1346.1658921241
*NCc1ccc(CNC(=O)CCCCCCCCC(*)=O)cc1,847.701512940077
*CC(*)(C)C(=O)OCC(C)O,813.382982696411
*Cc1cc(C)c(C*)cc1C,1010.41309237798
*CC(*)c1ccc(Cl)cc1Cl,676.26252724369
*Oc1ccc(S(=O)(=O)c2ccc(Oc3ccc(S(=O)(=O)c4ccc(*)cc4)cc3)cc2)cc1,579.480492344758
*CC(*)c1cc(F)ccc1F,892.160846202851
*CC(*)CC1CCCCC1,798.510098387934
*NCCCCCCNC(=O)CCCCC(*)=O,850.789261126342
*NCCCCCCCC(*)=O,1271.14757892625
*CC(*)C1CCCCC1,802.806882479577
*CC(*)c1ccc(OCCCC)cc1,1163.01894670051
*CC(*)OCCCCC,1059.81800690415
*CC(*)CC(C)C,1135.58470279371
*CC(*)C(C)C=O,695.042095604753
*CC(*)c1ccccc1C,778.696282528756
*c1ccc(-c2nc3ccc(Oc4ccc5nc(*)c(-c6ccccc6)c(-c6ccccc6)c5c4)cc3c(-c3ccccc3)c2-c2ccccc2)cc1,696.676462984645
*CCCCOC(=O)CCCCC(=O)O*,1043.58843065151
*CC(CCl)(CCl)CO*,763.54700981707
*NCCCCCCNC(=O)c1cccc(C(*)=O)c1,731.973845404043
*OCC(O)COc1cccc(NC(=O)CCCC(=O)Nc2cccc(*)c2)c1,714.247731357658
*CCC[Si](*)(c1ccc(C)cc1)c1ccc(C)cc1,1023.76714433171
*CC(*)CCC(C)C,1195.59367778891
*OCCOC(=O)c1ccc2cc(C(*)=O)ccc2c1,639.319299740308
*CC1CC(*)OCO1,959.943308578883
*CC(*)OC(=O)C(F)(F)F,1041.47525222565
*CC(*)(C)C(=O)OC,532.098009574394
*CC(*)OC(=O)CCC,1191.98349360142
*CC(*)(C)c1ccc(C)cc1,890.362128060182
*CC(*)c1ccc(OC)cc1,996.112111000017
*OC(=O)Oc1ccc(C(C)c2ccc(*)cc2)cc1,770.190334597161
*CC(*)CCCCC,1331.82062236929
*OC(=O)c1ccc(C(=O)Oc2ccc(C(C)(C)c3ccc(*)c(C)c3)cc2C)cc1,797.390105011321
*CC(*)OCCCCCC,1358.41260210041
*CC(*)(C)C(=O)OC(C)C,852.787239468695
*CC(C)O*,1602.74095219483
*CCCO*,1578.81410294104
*C(F)(F)C(*)(F)c1c(F)c(F)c(F)c(F)c1F,905.93879403558
*Cc1ccc(C*)cc1,800.63463546234
*c1ccc(N2C(=O)c3ccc(C(=O)c4ccc5c(c4)C(=O)N(*)C5=O)cc3C2=O)cc1,308.953868912593
*c1ccc(-c2nc3cc4nc(*)c(-c5ccccc5)nc4cc3nc2-c2ccccc2)cc1,404.414212594641
*c1ccc(Oc2ccc(-c3cnc4cc5ncc(*)nc5cc4n3)cc2)cc1,408.847278518578
*CC(*)(Cl)Cl,588.999454575179
*c1nc(C(F)(F)C(F)(F)OC(F)(F)F)nc(C(F)(F)C(F)(F)C(F)(F)C(*)(F)F)n1,1245.87468028532
*c1cccc(C(=O)c2cccc(N3C(=O)c4ccc(C(c5ccc6c(c5)C(=O)N(*)C6=O)(C(F)(F)F)C(F)(F)F)cc4C3=O)c2)c1,508.13075733769
*CC(*)c1ccccn1,722.27864807216
*CC(*)c1ccc(COC)cc1,1060.18186947009
*c1ccc(-c2cnc3ccc(S(=O)c4ccc5ncc(*)nc5c4)cc3n2)cc1,344.877625961649
*CC(*)(C)C(=O)OC(C)(C)C,772.273620481066
*OC(=O)c1ccc(C(=O)Oc2ccc(C(C)(C)c3ccc(*)cc3)cc2)cc1,693.086368036971
*CC(*)OCC(C)C,1250.86939628519
*CCCCCCO*,1676.08936395778
*Oc1cccc(*)c1,962.909328132115
*CC(*)(C)C(=O)OC(C)CC,925.133303412274
*CCOC(=O)CCCCCCCC(=O)O*,1072.64533912386
*Oc1ccc(Oc2ccc(Oc3ccc4c(c3)C(=O)N(CCCCCCN3C(=O)c5ccc(*)cc5C3=O)C4=O)cc2)cc1,680.404064277178
*CC(*)c1ccc(Cl)cc1C,610.462741154899
*CC(*)c1cc(C)ccc1C,798.534778084992
*CC(COc1ccccc1)O*,973.009382273318
*OCCOC(=O)CCC(*)=O,853.653209812348
*CC(*)C(F)(F)C(F)(F)C(F)(F)F,828.462309756577
*c1ccc(-c2cnc3ccc(Oc4ccc5ncc(*)nc5c4)cc3n2)cc1,549.620709018997
*CC(*)c1ccccc1,817.469435228621
*CC(*)(C)C(=O)OCCC(C)(C)C,822.418753332193
