SMILES,thermal_conductivity
*CC(*)c1ccc(COCCO)cc1,0.25859742
*c1cccc(P(=O)(c2ccccc2)c2cccc(-n3c(=O)c4cc5c(=O)n(*)c(=O)c5cc4c3=O)c2)c1,0.201453995
*CC(*)(CC(=O)OCc1ccccc1)C(=O)OCc1ccccc1,0.203256306
*c1ccc(Oc2ccc(-c3ccc(Oc4ccc(N5C(=O)c6ccc(Oc7ccc(C8(c9ccc(Oc%10ccc%11c(c%10)C(=O)N(*)C%11=O)cc9)CCCCCCCCCCC8)cc7)cc6C5=O)cc4)cc3C)c(C)c2)cc1,0.271126559
*Sc1ccc(Cc2ccc(SC(*)=O)cc2)cc1,0.180050455
*CC(*)c1ccc(C(=O)OCC)cc1,0.235563807
*c1ccc(Oc2cccc(Oc3ccc(-n4c(=O)c5cc6c(=O)n(*)c(=O)c6cc5c4=O)cc3)c2)cc1,0.289920789
*Cc1ccc(-c2ccc(C(=O)O*)cc2)cc1,0.272842323
*CC(*)c1ccc(CCCCCCCCCC)cc1,0.300936032
*Oc1ccc(SC(=O)Oc2ccc(C(C)(C)c3ccc(OC(=O)Sc4ccc(*)cc4)cc3)cc2)cc1,0.202245531
*CCCCCCOC(=O)c1ccc2cc(C(=O)O*)ccc2c1,0.255211674
*CC1CCC(COC(=O)CCCCCCCCC(=O)O*)CC1,0.262542365
*CC(*)(C)C(=O)Oc1ccc(CC#N)cc1,0.207428616
*C(CC)C(*)CC,0.250042719
*CC(*)C(=O)Oc1ccccc1C(=O)OC,0.219785117
*CC(*)Cc1cc(C)cc(C)c1,0.227538068
*c1ccc2c(c1)C(=O)N(c1cccc(Oc3ccc(S(=O)(=O)c4ccc(Oc5cccc(N6C(=O)c7ccc(C(*)(C(F)(F)F)C(F)(F)F)cc7C6=O)c5)cc4)cc3)c1)C2=O,0.163208541
*c1ccc(-c2nc3cc(-c4ccc5nc(*)c(-c6ccc7ccccc7c6)nc5c4)ccc3nc2-c2ccc3ccccc3c2)cc1,0.274147926
*CCc1ccc(*)c(C)c1,0.255021494
*CC(*)OC(=O)c1ccc(C#N)cc1,0.188964216
*C(=O)c1ccc2c(c1)C(=O)N(c1ccc(C)c(N3C(=O)c4ccc(*)cc4C3=O)c1)C2=O,0.229606072
*C(F)(F)C(F)(F)C1(F)C(*)(F)OC(F)(F)C1(F)F,0.111266374
*CC(*)C(C)CC,0.234228593
*CC(C)(CCC)C(=O)O*,0.211231836
*c1ccc(-c2ccc(-n3c(=O)c4cc5c(=O)n(*)c(=O)c5cc4c3=O)cc2OC(F)(F)F)c(OC(F)(F)F)c1,0.342393297
*c1ccc(-c2ccc(N3C(=O)c4ccc(-c5cccc6c5C(=O)N(*)C6=O)cc4C3=O)cc2C)c(C)c1,0.246966336
*CC(*)OC(=O)CCCC(=O)c1ccccc1,0.238763693
*CC(*)OC(=O)c1cccnc1,0.195169036
*c1ccc(Oc2ccc(C(c3ccc(Oc4ccc(N5C(=O)c6ccc(Oc7ccc(C8(c9ccc(Oc%10ccc%11c(c%10)C(=O)N(*)C%11=O)cc9)CCC(C(C)(C)C)CC8)cc7)cc6C5=O)cc4)cc3)(C(F)(F)F)C(F)(F)F)cc2)cc1,0.210880706
*CC(*)Cc1ccc(C)c(C)c1,0.220624848
*Oc1ccc(C(=O)CCCCCCCCC(=O)c2ccc(OC(*)=O)cc2)cc1,0.270982629
*c1ccc2c(c1)C(=O)N(c1c(C)cc(Cc3cc(C)c(N4C(=O)c5ccc(C(*)(C(F)(F)F)C(F)(F)F)cc5C4=O)c(C)c3)cc1C)C2=O,0.164469188
*CCCCCCOC(=O)c1ccc(C(=O)O*)cc1,0.254809517
*CC(*)OC(=O)CC1CCCC1,0.236625928
*c1cccc(P(=O)(c2cccc(-n3c(=O)c4c(-c5ccccc5)c5c(=O)n(*)c(=O)c5c(-c5ccccc5)c4c3=O)c2)c2cc(C(F)(F)F)cc(C(F)(F)F)c2)c1,0.14675416
*CC(*)CCCCCCCCCCCCCC,0.365110117
*CC(*)C(=O)c1ccc(C(C)(C)C)cc1,0.231159229
*CC(*)N1CCNC1,0.239553034
*CC(*)OC(C)=O,0.258656205
*c1ccc(-c2ccc(N3C(=O)c4ccc(-c5cccc6c5C(=O)N(*)C6=O)cc4C3=O)c(C)c2)cc1C,0.252551567
*CC(*)(C)C(C)=O,0.212146266
*c1ccc(Oc2cc3ccccc3cc2Oc2ccc(N3C(=O)c4ccc(-c5ccc6c(c5)C(=O)N(*)C6=O)cc4C3=O)cc2)cc1,0.254618417
*c1ccc(N2C(=O)c3ccc(C(c4ccc5c(c4)C(=O)N(*)C5=O)(C(F)(F)F)C(F)(F)F)cc3C2=O)cc1,0.195860266
*c1ccc2c(c1)C(=O)N(c1ccc(Oc3ccc(-c4ccc(Oc5ccc(N6C(=O)c7ccc(C(*)(C(F)(F)F)C(F)(F)F)cc7C6=O)cc5)cc4)cc3)cc1)C2=O,0.192517661
*C=CCCCCCCCC*,0.343357529
*CCCCCCCCOC(=O)c1cccc(C(=O)O*)c1,0.236431842
*CC(*)CCCC1CCCCC1,0.265537579
*c1cccc(P(=O)(c2ccccc2)c2cccc(-n3c(=O)c4c(-c5ccc(C(F)(F)F)cc5)c5c(=O)n(*)c(=O)c5c(-c5ccc(C(F)(F)F)cc5)c4c3=O)c2)c1,0.150823834
*CC(*)c1ccc(Cl)c(F)c1,0.121296834
*C(=O)c1ccc2c(c1)C(=O)N(c1ccc(Cc3ccc(N4C(=O)c5ccc(*)cc5C4=O)cc3)cc1)C2=O,0.272615302
*CCOCCOC(=O)c1ccc(-c2ccc(C(=O)O*)cc2)cc1,0.253846443
*CCOCC(=O)O*,0.238989416
*CC(*)c1ccccc1COCC,0.211823768
*CCCCOC(=O)c1ccc(C(=O)O*)cc1,0.25637618
*CCCC(=O)N*,0.294452199
*CC(*)CC(C)(C)C,0.234660455
*CC(*)C(=O)OC1CC2CCC1(C)C2(C)C,0.208176754
*CCOC(=O)c1cccc(C(=O)O*)c1,0.200585896
*NC(=O)Nc1ccc(Cc2ccc(*)cc2)cc1,0.347852967
*C(=O)c1ccc2c(c1)C(=O)N(c1ccc(N3C(=O)c4ccc(*)cc4C3=O)c(C)c1)C2=O,0.27875452
*CC(*)c1ccc(C(=O)OC)cc1,0.223091355
*c1cccc(Oc2cccc(Oc3cccc(N4C(=O)c5ccc(-c6cccc7c6C(=O)N(*)C7=O)cc5C4=O)c3)c2)c1,0.194879024
*CCO*,0.228362211
*CC(*)OC(=O)C(F)(F)F,0.160012719
*C(=O)Oc1ccc(OC(=O)c2ccc3c(c2)C(=O)N(C2CCC(N4C(=O)c5ccc(*)cc5C4=O)CC2)C3=O)cc1,0.321091285
*CC(*)C(CC)CC,0.243101437
*c1cccc(P(=O)(c2cccc(-n3c(=O)c4cc5c(=O)n(*)c(=O)c5cc4c3=O)c2)c2cc(C(F)(F)F)cc(C(F)(F)F)c2)c1,0.163382142
*NC1CCC(CC2CCC(NC(=O)CCCCCCCCCCCCC(*)=O)CC2)CC1,0.31314051
*C1C2CC(C)C(C2)C1*,0.171048226
*Oc1ccc(S(=O)(=O)c2ccc(Oc3ccc(C(=O)c4cccc(C(=O)c5ccc(*)cc5)c4)cc3)cc2)cc1,0.213575422
*CC(*)C,0.25877338
*Oc1ccc(-c2ccc(OC(=O)CCCCCCCC(*)=O)cc2)cc1,0.286484859
*/C=C(/*)c1cccc(C#C)c1,0.274746743
*C(=O)c1ccc2c(c1)C(=O)N(c1cccc(OCCOCCOc3cccc(N4C(=O)c5ccc(*)cc5C4=O)c3)c1)C2=O,0.232989048
*CC(*)c1ccc(C(F)(F)C(F)(F)C(F)(F)C(F)(F)C(F)(F)C(F)F)cc1,0.115569094
*CC(*)(C)C(=O)Oc1ccccc1,0.192736665
*CC(*)C(=O)c1ccc(C(C)C)cc1,0.236631114
*CC(*)OCCOC,0.251788875
*CC(*)c1ccc(CCCCCC)cc1,0.255178414
*Oc1ccccc1OC(=O)c1ccccc1/C=C/c1ccc(/C=C/c2ccccc2C(*)=O)cc1,0.222108797
*Oc1ccc(C2(c3ccc(OC(=O)c4cccc(C(*)=O)c4)cc3)c3ccccc3-c3ccccc32)cc1,0.216708127
*CC(*)(C)C(=O)OC(OCC)C(F)(F)F,0.158540956
*CC(*)c1ccc(C)c(C)c1,0.222441085
*CC(*)C(=O)NC(C)C,0.262015599
*CC(*)C(N)=O,0.444629702
*CC(*)OC(=O)c1cccc(OC)c1,0.21828481
*c1ccc(OC(=O)c2ccccc2/C=C/c2ccc(/C=C/c3ccccc3C(=O)Oc3ccc(C4(*)OC(=O)c5ccccc54)cc3)cc2)cc1,0.217641609
*Oc1ccc(-c2ccc(OC(=O)CCCCCCCCCC(*)=O)cc2)cc1,0.275167556
*CC(*)(C)C(=O)Oc1c(C(C)C)cccc1C(C)C,0.201358713
*CC(*)CC(C)CC,0.263746378
*CC(*)C(=O)OCC(C)(C)C,0.235321696
*CC(*)c1ccccc1Cl,0.155241408
*/C=C/C1CC(*)C2C(=O)N(CCCCC)C(=O)C12,0.236932175
*C(=O)c1ccc2c(c1)C(=O)N(c1ccc(-c3ccc(N4C(=O)c5ccc(*)cc5C4=O)c(C)c3)cc1C)C2=O,0.3105729
*c1ccc(Oc2ccc(N3C(=O)c4ccc(C(=O)c5ccc6c(c5)C(=O)N(*)C6=O)cc4C3=O)cc2)cc1,0.287757726
*CC(*)(F)F,0.148188116
*c1cccc(N2C(=O)c3ccc(-c4ccc5c(c4)C(=O)N(*)C5=O)cc3C2=O)c1,0.328084105
*CC(*)(CC(=O)Oc1ccc(OCCCCCCC)cc1)C(=O)Oc1ccc(OCCCCCCC)cc1,0.278660635
*CC(*)C(=O)OC1CCCCC1,0.215312167
*c1ccc(C(c2ccc(-c3nc4cc(-c5ccc6nc(*)[nH]c6c5)ccc4[nH]3)cc2)(C(F)(F)F)C(F)(F)F)cc1,0.239875739
*CCS*,0.22117529
*C1CCC(N2C(=O)c3ccc(-c4ccc5c(c4)C(=O)N(*)C5=O)cc3C2=O)CC1,0.322479304
*CC(*)C(=O)Oc1c(Cl)c(Cl)c(Cl)c(Cl)c1Cl,0.103950173
*c1cccc(-c2nc3cc(-c4ccc5nc(*)c(-c6ccc7ccccc7c6)nc5c4)ccc3nc2-c2ccc3ccccc3c2)c1,0.244614479
*CC(*)c1ccccc1COC,0.19732083
*Oc1ccc(C(C)(CCC#N)c2ccc(OC(*)=O)c(C)c2)cc1C,0.219626724
*C(=O)Nc1cccc(/C=C/C(=O)/C=C/c2cccc(NC(=O)c3ccc(N4C(=O)c5ccc(*)cc5C4=O)cc3)c2)c1,0.288072027
*c1ccc(C(c2ccc(-c3nc4ccc(-c5ccc6nc(*)[nH]c6c5)cc4[nH]3)cc2)(C(F)(F)F)C(F)(F)F)cc1,0.248861231
*CC(*)c1ccc(CCCCCCCCC)cc1,0.276524365
*CC(*)CCCN(C(C)C)C(C)C,0.27772076
*CC(*)(CC(=O)OCCc1ccccc1)C(=O)OCCc1ccccc1,0.202653643
*CC(*)CCc1ccccc1C,0.237337805
*CC(*)(C)CC,0.238234779
*CC(*)CC,0.264363289
*CCCCCOC(=O)c1ccc2cc(C(=O)O*)ccc2c1,0.227057601
*Oc1ccc(S(=O)(=O)c2ccc(*)cc2)cc1,0.203838738
*CC(*)CNc1ccc([N+](=O)[O-])cc1[N+](=O)[O-],0.236441097
*c1ccc2c(c1)C(=O)N(c1ccc(Oc3cccc(Oc4ccc(N5C(=O)c6ccc(C(*)(C(F)(F)F)C(F)(F)F)cc6C5=O)cc4)c3)cc1)C2=O,0.179360522
*c1ccc2c(c1)C(=O)N(c1ccc(Oc3ccc4ccc(Oc5ccc(N6C(=O)c7ccc(C(*)(C(F)(F)F)C(F)(F)F)cc7C6=O)cc5)cc4c3)cc1)C2=O,0.182668971
*C(=O)c1ccc2c(c1)C(=O)N(c1cccc(N3C(=O)c4ccc(*)cc4C3=O)c1C)C2=O,0.256559347
*Oc1ccc(C(C)(C)c2ccc(OC(=O)SCCCSC(*)=O)cc2)cc1,0.187002547
*Oc1ccc(C(C)(C)c2ccc(OC(=O)c3ccccc3/C=C/c3ccc(/C=C/c4ccccc4C(*)=O)cc3)cc2)cc1,0.217293555
*CCCC=C(*)c1ccc(Cl)cc1,0.170800563
*CCCCO*,0.280752907
*C=CC(C)CCCCC*,0.264312063
*CC(*)OC(C)(C)C,0.226849329
*Oc1ccc(S(=O)(=O)c2ccc(Oc3ccc(C(C)(C)c4ccc(*)c(C(O)(C(F)(F)F)C(F)(F)F)c4)cc3C(O)(C(F)(F)F)C(F)(F)F)cc2)cc1,0.165410873
*CCCS(=O)(=O)c1ccc(/N=N/c2ccc(N(CCCC)CC(=O)O*)cc2)cc1,0.225556948
*c1ccc2c(c1)-c1nc3cc(Oc4ccc5nc6n(c5c4)C(=O)c4cc(C(*)(C(F)(F)F)C(F)(F)F)ccc4-6)ccc3n1C2=O,0.176963476
*CCc1ccc(*)c(Cl)c1,0.178005409
*c1ccc(Oc2cc3ccccc3cc2Oc2ccc(N3C(=O)c4ccc(S(=O)(=O)c5ccc6c(c5)C(=O)N(*)C6=O)cc4C3=O)cc2)cc1,0.204011822
*CC(*)CCCCCCC,0.3025418
*c1ccc2c(c1)C(=O)N(c1cc(N3C(=O)c4ccc(C(*)(C(F)(F)F)C(F)(F)F)cc4C3=O)ccc1C)C2=O,0.153779126
*c1ccc(Oc2ccc(Oc3ccc(-n4c(=O)c5cc6c(=O)n(*)c(=O)c6cc5c4=O)cc3)cc2C(C)(C)C)cc1,0.299962523
*CCCCCCCCCCCNC(=O)CCCCC(=O)N*,0.299843971
*c1cccc(P(=O)(c2ccccc2)c2cccc(-n3c(=O)c4c(-c5ccccc5)c5c(=O)n(*)c(=O)c5c(-c5ccccc5)c4c3=O)c2)c1,0.177458779
*Oc1ccc(NC(=O)c2ccc(C(c3ccc(C(=O)O)c(C(=O)Nc4cc(*)ccc4N)c3)(C(F)(F)F)C(F)(F)F)cc2C(=O)O)c(N)c1,0.228404459
*CCCCCC(=O)O*,0.249772695
*CC(*)OC(=O)c1ccccc1C,0.223566569
*c1ccc(Oc2ccc(C3(c4ccc(Oc5ccc(N6C(=O)c7ccc(Oc8ccc(C9(c%10ccc(Oc%11ccc%12c(c%11)C(=O)N(*)C%12=O)cc%10)CCC(C(C)(C)C)CC9)cc8)cc7C6=O)cc5)cc4)CC4CC3C3CCCC43)cc2)cc1,0.235289626
*C1CCC(*)N1,0.263630423
*CC(*)c1ccncc1,0.194624132
*/C=C(/*)c1ccc(C#C)cc1,0.298685003
*/C=C/CCCCCCCCCC*,0.336324709
*c1cc(Br)c(OC(=O)c2ccc(C(=O)Oc3c(Br)cc(C4(*)OC(=O)c5ccccc54)cc3Br)cc2)c(Br)c1,0.155531081
*CC(*)(C)C(=O)OCc1c(Cl)cccc1Cl,0.140187539
*CC(*)P(=O)(Oc1ccccc1)N(C)C,0.193867563
*C(=O)CCCCCCCCC(=O)N1CCN(*)CC1,0.32743928
*CC(*)(F)C(C)=O,0.210118729
*/C(C)=C(/*)C(C)C,0.320934176
*CCCCCCCC(=O)N*,0.304778171
*CCCCCNC(=O)O*,0.315674518
*CC(*)c1ccc(C(C)(O)CCCCC)cc1,0.27418578
*CC*,0.456184962
*Oc1ccc2[nH]c(-c3ccc4sc5ccc(-c6nc7cc(*)ccc7[nH]6)cc5c4c3)nc2c1,0.241468326
*CC(*)OC(=O)c1ccccc1,0.186373384
*c1ccc(S(=O)(=O)c2ccc(N3C(=O)c4ccc(C(c5ccc6c(c5)C(=O)N(*)C6=O)(C(F)(F)F)C(F)(F)F)cc4C3=O)cc2)cc1,0.166991738
*CC(*)c1ccc(C(=O)OCCC)cc1,0.24176446
*CCCCOC(=O)CCCCC(=O)O*,0.259346678
*CC(*)OC(=O)c1ccc(C(C)(C)C)cc1,0.245177434
*CC(*)c1ccc(C(O)CCN(C)C)cc1,0.268210349
*CC(*)c1ccc(C(O)CCN2CCCCC2)cc1,0.250363552
*c1ccc(Oc2ccc(C(c3ccc(Oc4ccc(-n5c(=O)c6cc7c(=O)n(*)c(=O)c7cc6c5=O)cc4)cc3)(C(F)(F)F)C(F)(F)F)cc2)cc1,0.219568135
*Oc1c(OC)cc(*)cc1OC,0.240386045
*c1cccc(P(=O)(c2ccccc2)c2cccc(-n3c(=O)c4c(-c5cc(C(F)(F)F)cc(C(F)(F)F)c5)c5c(=O)n(*)c(=O)c5c(-c5cc(C(F)(F)F)cc(C(F)(F)F)c5)c4c3=O)c2)c1,0.131716821
*CC(*)C=O,0.267165471
*c1ccc(Oc2ccccc2Oc2ccc(-n3c(=O)c4cc5c(=O)n(*)c(=O)c5cc4c3=O)cc2)cc1,0.27636764
*Oc1ccc(S(=O)(=O)c2ccc(OC(*)=O)cc2)cc1,0.224611569
*CC(c1ccccn1)C(c1ccccc1)C(*)c1ccccn1,0.19889562
*CC(*)(C)C(=O)OCC(C)C,0.211663838
*CCCCCCNC(=O)N*,0.325494009
*C(=O)c1ccc2c(c1)C(=O)N(c1ccc(Oc3ccc(C(=O)c4cccc(C(=O)c5ccc(Oc6ccc(N7C(=O)c8ccc(*)cc8C7=O)cc6)cc5)c4)cc3)cc1)C2=O,0.261879265
*CC(*)c1ccccc1COCCc1ccccc1,0.206285623
*CC(*)CCCCCCCCCCCCCCCC,0.373038526
*CC(*)OC(=O)C1(F)C(F)(F)C(F)(F)C(F)(F)C(F)(F)C1(F)F,0.099404761
*c1ccc(-c2nc3cc(-c4ccc5nc(*)c(-c6ccccc6)nc5c4)ccc3nc2-c2ccccc2)cc1,0.300076156
*CC(*)OC(=O)c1ccc(OC(=O)CCC)cc1,0.25604142
*C1C(*)C2CC1C1C=CCC12,0.161458476
*CC(*)c1cc(Br)ccc1OCCC,0.138151779
*CC(*)OC(=O)c1ccc(OCC)cc1,0.229699129
*CC(*)OC(=O)C1CCCCC1,0.215272882
*CCCCCCCCCSC(=O)S*,0.228700961
*CC(*)CCCCCCCCCCCC,0.357973495
*CC(*)N1CCCC1=O,0.236040386
*CC(*)CCC1CCCCC1,0.251637679
*CCCCCCNC(=O)c1ccc(C2(C)CC(C)(C)c3ccc(C(=O)N*)cc32)cc1,0.232150722
*c1ccc(Oc2ccc(Oc3ccc(N4C(=O)c5ccc(Oc6ccc(C7(c8ccc(Oc9ccc%10c(c9)C(=O)N(*)C%10=O)cc8)CCCCCCCCCCC7)cc6)cc5C4=O)cc3)c(C(C)(C)C)c2)cc1,0.253157391
*Oc1ccc2c(c1)nc1c3cc4c(=O)n5c6cc(*)ccc6nc5c4cc3c(=O)n21,0.289671931
*CC(*)OC(=O)CCCCC,0.259631398
*CCCCCCCCCCCCNC(=O)CCCCCCCCCCCCCCCCCCC(=O)N*,0.349800281
*CC(*)(CC(=O)OCCC1CCCCC1)C(=O)OCCC1CCCCC1,0.217195568
*CC(*)c1cc(Br)ccc1OCCCCC,0.161556934
*CC(*)c1ccccc1COCCC(C)C,0.237360118
*CC(*)c1ccc(CCCCCCCCCCCCCCCC)cc1,0.337054547
*C(=O)c1ccc2c(c1)C(=O)N(c1c(C)cc(C(c3cc(C)c(N4C(=O)c5ccc(*)cc5C4=O)c(C)c3)c3cccc4ccccc34)cc1C)C2=O,0.210939398
*NC(CCC(=O)OCC)C(*)=O,0.256531849
*Oc1ccc(OC(=O)c2ccccc2/C=C/c2ccc(/C=C/c3ccccc3C(*)=O)cc2)cc1,0.235313014
*C(C)C(*)OC(C)(C)C,0.203928088
*Oc1ccc(-c2ccc(OC(=O)CCCCCC(*)=O)cc2)cc1,0.265574997
*CC(*)c1ccccc1C(=O)O,0.221643379
*c1ccc(-c2ccc(-n3c(=O)c4cc5c(=O)n(*)c(=O)c5cc4c3=O)cc2C(F)(F)F)c(C(F)(F)F)c1,0.382911128
*CC(*)c1ccccc1COCCCC,0.220379086
*CCCCCCOC(=O)c1ccc(-c2ccc(C(=O)O*)cc2)cc1,0.280572663
*CC(OC)C1C(=O)OC(=O)C1*,0.21637842
*CC(*)OCCCCCCCCCCCC,0.325984117
*c1ccc(Cc2ccc(N3C(=O)c4ccc(-c5ccc6c(c5)C(=O)N(*)C6=O)cc4C3=O)c(C)c2)cc1C,0.279064652
*c1ccc(Oc2ccc(C(c3ccc(Oc4ccc(N5C(=O)c6ccc(Oc7ccccc7Oc7ccc8c(c7)C(=O)N(*)C8=O)cc6C5=O)cc4C(F)(F)F)cc3)(C(F)(F)F)C(F)(F)F)cc2)c(C(F)(F)F)c1,0.172393313
*Oc1ccc(OC(=O)c2cc(OCCCCCCCCCCCC)c(C(*)=O)cc2OCCCCCCCCCCCC)cc1,0.305736886
*CC(*)c1ccc(OCC)cc1,0.242464965
*CCOC(=O)CCC(=O)O*,0.237840575
*CC(*)C(=O)OCCCCCCCCCCCCCC,0.313712263
*Oc1ccc(NC(=O)c2cc(C(c3ccc(C(=O)O)c(C(=O)Nc4ccc(Oc5ccc(C(c6ccc(*)cc6)(C(F)(F)F)C(F)(F)F)cc5)cc4)c3)(C(F)(F)F)C(F)(F)F)ccc2C(=O)O)cc1,0.189394728
*Cc1cccc(COC(=O)Nc2ccc(Cc3ccc(NC(=O)O*)cc3)cc2)c1,0.252292339
*C(=O)c1ccc2c(c1)C(=O)N(c1ccc(Oc3ccc(C(c4ccc(Oc5ccc(N6C(=O)c7ccc(*)cc7C6=O)cc5)cc4)(C(F)(F)F)C(F)(F)F)cc3)cc1)C2=O,0.230541679
*CC(*)OC(=O)c1ccc(C)cc1,0.205615125
*CC(*)C(=O)c1ccc(CCC)cc1,0.233892305
*CC(*)c1ccc(OCCCC)cc1,0.246692673
*CC(*)(C)C(=O)OC(C)(C)C,0.199032877
*CC(*)(C(=O)OC)c1ccccc1,0.174256665
*Oc1ccc(S(=O)(=O)c2ccc(Oc3ccc(-c4ccc(*)cc4)cc3)cc2)cc1,0.234731231
*Oc1ccc(S(=O)(=O)c2ccc(Oc3c(C)cc(C(C)(C)c4cc(C)c(*)c(C)c4)cc3C)cc2)cc1,0.207453817
*CC(*)(C)C(=O)OCCCCCCCCCCCC,0.297503097
*CC(*)c1ccc2ccccc2c1,0.189317179
*CC(*)C(=O)C1CCCCC1,0.219884069
*CC(*)c1ccc(C(C)=O)cc1,0.237084593
*c1cccc(P(=O)(c2ccc(C(F)(F)F)cc2)c2cccc(-n3c(=O)c4cc5c(=O)n(*)c(=O)c5cc4c3=O)c2)c1,0.18075284
*CC/C=C(/*)Cl,0.170304562
*CC(*)C(C)=O,0.26561373
*Oc1ccc(C(C)(C)c2ccc(OC(=O)CCCCC(*)=O)cc2)cc1,0.248641039
*CC(*)c1cc(C(C)C)ccc1C(C)C,0.190254382
*CC(*)c1ccccc1C(=O)OCCCCCC,0.238187774
*CC(*)(C)C(=O)OCC(C)O,0.247322516
*c1ccc(-c2ccc(N3C(=O)c4ccc(Oc5ccc6c(c5)C(=O)N(*)C6=O)cc4C3=O)cc2)cc1,0.314812658
*CC(*)C(=O)C(C)C,0.225007493
*CC(*)CCN(C(C)C)C(C)C,0.274221978
*C(=O)c1ccc2c(c1)C(=O)N(c1ccc(Oc3cc4ccccc4cc3Oc3ccc(N4C(=O)c5ccc(*)cc5C4=O)cc3)cc1)C2=O,0.240362753
*C1Oc2ccccc2C1*,0.154427579
*CCOC(=O)Nc1cccc2c(NC(=O)O*)cccc12,0.255175643
*c1ccc(Oc2ccc(N3C(=O)C4CCC5C(=O)N(*)C(=O)C5C4C3=O)cc2)cc1,0.263432532
*CC(*)OCC(C)(C)CC,0.235379261
*CC(*)C(=O)OCCCCCCCC,0.283339543
*c1ccc2c(c1)C(=O)N(c1c(C(C)C)cc(Cc3cc(C(C)C)c(N4C(=O)c5ccc(C(*)(C(F)(F)F)C(F)(F)F)cc5C4=O)c(C(C)C)c3)cc1C(C)C)C2=O,0.16484689
*CC(*)c1ccc(COCCCCCC)cc1,0.261210733
*CC(*)OC(=O)c1ccc(OC(C)=O)cc1,0.24818347
*CC(*)(C)C(=O)OCCC#N,0.215065114
*Oc1ccc(C(C)(C)c2ccc(OC(=O)c3ccc(C(=O)c4ccc(C(*)=O)cc4)cc3)cc2)cc1,0.257727428
*C([2H])([2H])C(*)([2H])c1c([2H])c([2H])c([2H])c([2H])c1[2H],0.198937871
*CC(*)CCCC,0.275330549
*c1ccc(-c2sc(-c3ccc(-n4c(=O)c5cc6c(=O)n(*)c(=O)c6cc5c4=O)cc3)c(-c3ccccc3)c2-c2ccccc2)cc1,0.352891485
*CC(*)c1cc(F)ccc1F,0.146382976
*CC/C=C(\*)C,0.232021285
*c1cccc(-n2c(=O)c3cc4c(=O)n(*)c(=O)c4cc3c2=O)c1,0.335322506
*C(F)(F)C(*)(F)OC(F)(F)C(F)(F)F,0.104992442
*c1ccc(Cc2ccc(N3C(=O)c4ccc(Oc5ccc6c(c5)C(=O)N(*)C6=O)cc4C3=O)cc2)cc1,0.279008786
*C(F)C(*)(F)F,0.14138687
*CC(*)n1c2ccccc2c2ccccc21,0.178401902
*CC(*)c1ccccc1COCc1ccccc1,0.204719244
*c1ccc2c(c1)C(=O)N(c1c(C)c(C)c(N3C(=O)c4ccc(C(*)(C(F)(F)F)C(F)(F)F)cc4C3=O)c(C)c1C)C2=O,0.16438311
*CCC=C(*)CCCCCCC,0.278102134
*c1ccc2c(c1)C(=O)N(c1ccc3c(c1)-c1cc(N4C(=O)c5ccc(C(*)(C(F)(F)F)C(F)(F)F)cc5C4=O)ccc1C3)C2=O,0.174130825
*CC(*)C1CC=CCC1,0.196699201
*c1cccc(N2C(=O)c3ccc(Oc4ccc5c(c4)C(=O)N(*)C5=O)cc3C2=O)c1,0.256393833
*CC(*)c1ccc(N(C)C)cc1,0.270531824
*CCCCCCNC(=O)CCCCCCCCC(=O)N*,0.308756347
*c1cccc(N2C(=O)c3ccc(Oc4ccc(S(=O)(=O)c5ccc(Oc6ccc7c(c6)C(=O)N(*)C7=O)cc5)cc4)cc3C2=O)c1,0.222521804
*C=CC1CCC(*)C1,0.309193929
*CCCCOC(=O)NCCCCCCNC(=O)O*,0.309061654
*Oc1ccc(S(=O)(=O)c2ccc(Oc3ccc(C(c4ccc(*)cc4)(C(F)(F)F)C(F)(F)F)cc3)cc2)cc1,0.162123893
*CC(*)(CC(=O)OC1CCCCC1)C(=O)OC1CCCCC1,0.173081052
*c1ccc(Cc2ccc(N(*)Cc3ccccc3)cc2)cc1,0.238998014
*Oc1ccc(C(C#N)(c2ccccc2)c2ccc(OC(*)=O)cc2)cc1,0.214219488
*Oc1ccc(C(CCCC)(CCCC)c2ccc(OC(*)=O)cc2)cc1,0.236778552
*C(F)(F)C(*)(F)OC(F)(F)F,0.11540703
*C(=O)c1ccc2c(c1)C(=O)N(c1ccc(Oc3cccc4c(Oc5ccc(N6C(=O)c7ccc(*)cc7C6=O)cc5)cccc34)cc1)C2=O,0.253248203
*CC(*)(C)C(=O)OCCCCCC,0.247136147
*Oc1c(C)cc(C(C)(C)c2cc(C)c(ON3C(=O)c4ccc(Oc5ccc(C6(c7ccc(Oc8ccc9c(c8)C(=O)N(*)C9=O)cc7)CCC(C(C)(C)C)CC6)cc5)cc4C3=O)c(C)c2)cc1C,0.22463605
*CC(*)c1ccc(C(=O)c2ccc(C)cc2)cc1,0.242415832
*C(=O)Nc1ccc(Oc2ccc(NC(=O)c3ccc4c(c3)C(=O)N(c3ccc(S(=O)(=O)c5ccc(N6C(=O)c7ccc(*)cc7C6=O)cc5)cc3)C4=O)cc2)cc1,0.288809096
*Oc1ccc(S(=O)(=O)c2ccc(Oc3ccc(C(=O)c4cc(I)cc(C(=O)c5ccc(*)cc5)c4)cc3)cc2)cc1,0.179849923
*c1c(C)c(C)c(-n2c(=O)c3cc4c(=O)n(*)c(=O)c4cc3c2=O)c(C)c1C,0.514344047
*c1cccc(Oc2ccc(N3C(=O)c4ccc(Oc5ccc6c(c5)C(=O)N(*)C6=O)cc4C3=O)cc2)c1,0.248953031
*C1CCC(CC2CCC(N3C(=O)C4C5C=CC(C6C(=O)N(*)C(=O)C56)C4C3=O)CC2)CC1,0.232731371
*CCCCCCS(=O)(=O)c1ccc(/N=N/c2ccc(N(C)CCCCCC(=O)O*)cc2)cc1,0.249228862
*Oc1ccc(C(C)(C)c2ccc(OC(=O)c3cccc(C(*)=O)c3)cc2)cc1,0.244415588
*c1cccc(Oc2cccc(Oc3cccc(-n4c(=O)c5cc6c(=O)n(*)c(=O)c6cc5c4=O)c3)c2)c1,0.22483537
*CCCCCCC(=O)N*,0.310631867
*C1CCC(CC2CCC(N3C(=O)C4C5C=CC(C6C(=O)N(*)C(=O)C56)C4C3=O)C(C)C2)CC1C,0.2249129
*c1cccc(P(=O)(c2cccc(-n3c(=O)c4c(-c5ccc(C(F)(F)F)cc5)c5c(=O)n(*)c(=O)c5c(-c5ccc(C(F)(F)F)cc5)c4c3=O)c2)c2cc(C(F)(F)F)cc(C(F)(F)F)c2)c1,0.141923307
*C(=O)c1ccc2c(c1)C(=O)N(c1ccc(C(=O)Nc3ccc(N4C(=O)c5ccc(*)cc5C4=O)cc3)cc1)C2=O,0.331274593
*c1ccc(N2C(=O)c3ccc(-c4ccc5c(c4)C(=O)N(*)C5=O)cc3C2=O)c(C)c1,0.374689314
*c1ccc(Oc2ccccc2Oc2ccc(N3C(=O)c4ccc(Oc5ccccc5Oc5ccc6c(c5)C(=O)N(*)C6=O)cc4C3=O)cc2C(F)(F)F)c(C(F)(F)F)c1,0.175622309
*CC(*)C(=O)c1ccc(CC)cc1,0.231546443
*CC(*)c1ccccc1COCCCCC,0.238571654
*c1ccc(C(C)(C)c2ccc(N3C(=O)c4ccc(Oc5ccc6c(c5)C(=O)N(*)C6=O)cc4C3=O)cc2)cc1,0.27785637
*CC(*)c1ccc(C(=O)OC(C)C)cc1,0.250453544
*NC1CC(C)(C)CC(C)(CNC(=O)CCCCC(*)=O)C1,0.236903048
*Oc1ccc(S(=O)(=O)c2ccc(Oc3ccc(C(C)(C)c4ccc(*)cc4)cc3)cc2)cc1,0.210272564
*c1ccc(Oc2ccc(Oc3ccc(N4C(=O)c5ccc(Oc6ccc(C7(c8ccc(Oc9ccc%10c(c9)C(=O)N(*)C%10=O)cc8)CCC(c8ccccc8)CC7)cc6)cc5C4=O)cc3)c(C(C)(C)C)c2)cc1,0.258275143
*C(=O)Oc1ccc(OC(=O)c2ccc3c(c2)C(=O)N(c2ccc(C(=O)Nc4ccc(N5C(=O)c6ccc(*)cc6C5=O)cc4)cc2)C3=O)cc1,0.32622674
*CC(*)OC(=O)c1cccc(C)c1,0.210139794
*CC(*)c1c(C)cc(C)cc1C,0.232927166
*CC(*)(C)C(=O)OCc1cc(Cl)cc(Cl)c1,0.129715026
*C1CCC1*,0.236871624
*CC(*)c1ccc(C(=O)CCC)cc1,0.245764324
*c1ccc(Oc2ccc(Oc3ccc(-n4c(=O)c5cc6c(=O)n(*)c(=O)c6cc5c4=O)cc3)cc2)cc1,0.343936522
*CC(*)c1ccc(F)cc1,0.163887726
*c1ccc2c(c1)-c1cc(-c3nc4cc(-c5ccc6[nH]c(*)nc6c5)ccc4[nH]3)ccc1S2(=O)=O,0.266970833
*Oc1ccc(S(=O)(=O)c2ccc(Oc3c(C)cc(C(c4cc(C)c(*)c(C)c4)(C(F)(F)F)C(F)(F)F)cc3C)cc2)cc1,0.154355563
*CC(*)C(=O)c1ccc(Cl)cc1,0.143955688
*CC(*)c1cc(C)ccc1C,0.194019925
*CC(*)C(=O)c1ccc(Br)cc1,0.12605159
*CC(*)(C)C(=O)OC(C)C,0.212297791
*CCCOC(=O)c1ccc2cc(C(=O)O*)ccc2c1,0.242269675
*CCCCCCCCCCC(=O)N*,0.318229487
*C(=O)c1ccc2c(c1)C(=O)N(c1cccc(C(=O)Nc3cccc(N4C(=O)c5ccc(*)cc5C4=O)c3)c1)C2=O,0.248247801
*c1ccc(N2C(=O)c3ccc(-c4cccc5c4C(=O)N(*)C5=O)cc3C2=O)cc1,0.249325732
*c1ccc(-c2ccc(N3C(=O)c4ccc(-c5cccc6c5C(=O)N(*)C6=O)cc4C3=O)cc2C(F)(F)F)c(C(F)(F)F)c1,0.181127226
*CC(*)C(=O)Oc1ccccc1C(=O)OCC,0.218273906
*c1ccc(-c2ccc(N3C(=O)c4cc5c(cc4C3=O)C(C(F)(F)F)(C(F)(F)F)c3cc4c(cc3O5)C(=O)N(*)C4=O)cc2OC(F)(F)F)c(OC(F)(F)F)c1,0.314708286
*c1ccc(Oc2ccc(C(c3ccc(Oc4ccc(N5C(=O)c6ccc(Oc7ccc8c(c7)C(=O)N(*)C8=O)cc6C5=O)cc4)cc3)(C(F)(F)F)C(F)(F)F)cc2)cc1,0.211511474
*Oc1ccc(S(=O)(=O)c2ccc(Oc3ccc(Cc4ccc(*)cc4)cc3)cc2)cc1,0.211169803
*c1ccc(Oc2ccc(Oc3ccc(N4C(=O)c5cccc(Oc6cccc7c6C(=O)N(*)C7=O)c5C4=O)cc3)cc2)cc1,0.228924168
*c1ccc2c(c1)C(=O)N(c1ccc(Oc3c(C)cc(Cc4cc(C)c(Oc5ccc(N6C(=O)c7ccc(C(*)(C(F)(F)F)C(F)(F)F)cc7C6=O)cc5)c(C)c4)cc3C)cc1)C2=O,0.187678976
*CC(*)C(C)(C)C,0.210797175
*C(=O)c1ccc2c(c1)C(=O)N(c1ccc3c(c1)Cc1cc(N4C(=O)c5ccc(*)cc5C4=O)ccc1-3)C2=O,0.3325687
*CC(*)C(=O)OCC(F)(F)C(F)C(F)(F)F,0.149880398
*Oc1cc(C(C)(C)C)c(Oc2ccc(C(=O)Nc3c(C)cc(Cc4cc(C)c(NC(=O)c5ccc(*)cc5)c(C(C)C)c4)cc3C(C)C)cc2)cc1C(C)(C)C,0.244338127
*c1ccc(Oc2cc(C(C)(C)C)ccc2Oc2ccc(N3C(=O)c4ccc(-c5ccc6c(c5)C(=O)N(*)C6=O)cc4C3=O)cc2)cc1,0.288457547
*OC(C)CC(*)=O,0.215459839
*c1cccc(N2C(=O)c3ccc(C(c4ccc5c(c4)C(=O)N(*)C5=O)(C(F)(F)F)C(F)(F)F)cc3C2=O)c1,0.17288835
*CC(*)C(=O)OC(OCC)C(F)(F)F,0.183494514
*CC(*)c1ccc(C(=O)OCCCCCC)cc1,0.258101979
*CC(*)CCCCCCCCCCC,0.329033378
*CC(*)OCc1ccccc1,0.205595119
*CC(*)CC1CCCC1,0.258406248
*NC(=O)NCCCCCCNC(=O)Nc1ccc(Cc2ccc(*)cc2)cc1,0.291631414
*CC(*)OC(=O)CCCC1CCCCC1,0.244722191
*c1ccc(N2C(=O)c3ccc(-c4ccc5c(c4)C(=O)N(*)C5=O)cc3C2=O)cc1,0.481624413
*CCC=C(*)Cl,0.156164169
*CC(*)c1ccc(C(C)C)cc1,0.245006224
*/C=C(/*)C(C)(C)C,0.284244599
*CC(*)C(=O)OCCC,0.245170112
*CC(*)C1CCC1,0.225308463
*CC(*)OCCC,0.240692237
*c1ccc(Oc2ccc(N3C(=O)c4cccc(Oc5cccc6c5C(=O)N(*)C6=O)c4C3=O)cc2)cc1,0.222053496
*OC1C(CO)OC(*)C(O)C1O,0.321583167
*c1ccc2c(c1)C(=O)N(c1ccc(Oc3ccc(C(c4ccc(Oc5ccc(N6C(=O)c7ccc(C(*)(C(F)(F)F)C(F)(F)F)cc7C6=O)cc5)cc4)(C(F)(F)F)C(F)(F)F)cc3)cc1)C2=O,0.178824304
*Oc1ccc(-c2ccc(OC(=O)CCCCCCC(*)=O)cc2)cc1,0.283829933
*CC(*)c1c(Cl)cccc1Cl,0.113806933
*c1cccc(P(=O)(c2ccc(C(F)(F)F)cc2)c2cccc(-n3c(=O)c4c(-c5ccc(C(F)(F)F)cc5)c5c(=O)n(*)c(=O)c5c(-c5ccc(C(F)(F)F)cc5)c4c3=O)c2)c1,0.149548685
*C(=O)c1ccc2c(c1)C(=O)N(c1ccc(Cc3ccc(N4C(=O)c5ccc(*)cc5C4=O)c(C)c3)cc1C)C2=O,0.253414349
*CC(*)c1ccc(COCCCCO)cc1,0.272183986
*C(=O)Oc1ccc(C(C)(C)c2ccc(OC(=O)c3ccc4c(c3)C(=O)n3c-4nc4ccc(Oc5ccc6c(c5)nc5n6C(=O)c6ccc(*)cc6-5)cc43)cc2)cc1,0.251191461
*/C=C/C(C*)C(C)CC,0.237962753
*CC(*)CCCCC,0.27463839
*CCOC(=O)c1ccc(C(=O)O*)cc1,0.235166491
*CC(*)C(=O)OCCCCCCCCCCCCCCCCCCCCCC,0.358016945
*CC1(*)CCC(C)CC1,0.21062304
*CC(*)c1ccc(C(=O)N(C)C)cc1,0.247926371
*CC(*)CCC,0.261130695
*CC(*)OC(=O)c1ccccc1OC,0.216310624
*c1ccc(S(=O)(=O)c2ccc(N3C(=O)c4ccc(-c5ccc6c(c5)C(=O)N(*)C6=O)cc4C3=O)cc2)cc1,0.280663141
*CC(*)C(=O)Oc1ccc(C#N)cc1,0.217648606
*Oc1ccc2c(c1)nc1n2C(=O)c2ccc(-c3ccc4c(c3)C(=O)n3c-4nc4ccc(*)cc43)cc2-1,0.269836747
*C(=O)c1ccc2c(c1)C(=O)N(c1cc(C(c3ccc(O)c(N4C(=O)c5ccc(*)cc5C4=O)c3)(C(F)(F)F)C(F)(F)F)ccc1O)C2=O,0.189395669
*CC(*)c1ccccc1C(=O)OCCN(C)C,0.216260507
*c1cccc(Oc2ccc(N3C(=O)c4ccc(-c5ccc6c(c5)C(=O)N(*)C6=O)cc4C3=O)cc2)c1,0.281444426
*Oc1ccc(S(=O)(=O)c2ccc(Oc3c(C)cc(C(C)(C)c4cc(C)c(*)c(C)c4)cc3C)cc2C(O)(C(F)(F)F)C(F)(F)F)c(C(O)(C(F)(F)F)C(F)(F)F)c1,0.152623848
*NC(=O)NCCCCCCNC(=O)NCCCCC(*)C(=O)OC,0.302361161
*CC(*)C1CCC(C)CC1,0.229479225
*CC(*)c1ccccc1C(=O)OCCCC,0.225796643
*c1ccc2c(c1)C(=O)N(c1ccc(C(c3ccc(C)c(N4C(=O)c5ccc(C(*)(C(F)(F)F)C(F)(F)F)cc5C4=O)c3)(C(F)(F)F)C(F)(F)F)cc1C)C2=O,0.125282992
*CC(*)CNc1ccc([N+](=O)[O-])c(C(F)(F)F)c1,0.206534587
*c1ccc(Oc2ccc(C(C)(C)c3ccc(Oc4ccc(-n5c(=O)c6cc7c(=O)n(*)c(=O)c7cc6c5=O)cc4)cc3)cc2)cc1,0.291997587
*CC(*)CCCCCC,0.285305157
*CC(*)OC(F)(C(F)(F)F)C(F)(F)F,0.105366502
*CC(*)OC(=O)c1ccc(Cl)cc1,0.15531743
*CCCCCCN1C(=O)c2ccc(C(c3ccc4c(c3)C(=O)N(*)C4=O)(C(F)(F)F)C(F)(F)F)cc2C1=O,0.16334633
*C(=O)Nc1cccc(NC(=O)/C=C/c2cccc(N3C(=O)c4ccc(*)cc4C3=O)c2)c1,0.283388677
*CC(*)C1CCCCC1,0.209246003
*c1ccc(Oc2ccc(S(=O)(=O)c3ccc(Oc4ccc(N5C(=O)c6ccc(C(c7ccc8c(c7)C(=O)N(*)C8=O)(C(F)(F)F)C(F)(F)F)cc6C5=O)cc4)cc3)cc2)cc1,0.207221278
*CCCCOC(=O)CCC(=O)O*,0.239020305
*CC(*)c1ccccc1C(=O)OC(C)C,0.208751466
*CCC1CCCC1*,0.250907231
*CC(*)(C)OC,0.207223659
*C(C)C(*)OC(C)C,0.223844824
*c1ccc2c(c1)-c1nc3cc(-c4ccc5nc6n(c5c4)C(=O)c4cc(C(*)(C(F)(F)F)C(F)(F)F)ccc4-6)ccc3n1C2=O,0.18416099
*C(c1ccccc1)C(*)[N+](=O)[O-],0.16724356
*CC1(*)CCCCC1,0.209508397
*NC(CCC(=O)OCc1ccccc1)C(*)=O,0.218660431
*CC(*)Cc1ccc(C)cc1,0.20880675
*CC(*)OCC(CC)CCCC,0.250639578
*CCCCN(C)C(=O)c1ccc(C(=O)N(*)C)cc1,0.243271486
*CC(*)c1cc(Br)ccc1OC(C)C,0.144697579
*Oc1c(Cl)cc(C(C)(C)c2cc(Cl)c(OC(*)=O)c(Cl)c2)cc1Cl,0.135267254
*CC(*)(C)C(=O)OCCN(C)C,0.241329136
*CC(*)c1ccc(Cl)c(C)c1,0.152412214
*c1ccc2c(c1)Cc1cc(N3C(=O)c4ccc(-c5ccc6c(c5)C(=O)N(*)C6=O)cc4C3=O)ccc1-2,0.460950768
*CC(*)OC(=O)c1cccc([N+](=O)[O-])c1,0.196771713
*c1ccc(Oc2ccc(C(C)(C)c3ccc(Oc4ccc(N5C(=O)c6ccc(C(=O)c7ccc8c(c7)C(=O)N(*)C8=O)cc6C5=O)cc4)cc3)cc2)cc1,0.278491279
*Oc1ccc(C2(c3ccc(OC(*)=O)cc3)CCCC2)cc1,0.233473598
*CCOC(=O)C1CCC(C(=O)O*)CC1,0.235244695
*Oc1c(C)cc(*)cc1C,0.250026591
*CC(*)(C)C(=O)OCC(=O)c1ccccc1,0.206062145
*Oc1ccc(C(C)(C)c2ccc(OC(*)=O)c(C(C)C)c2)cc1C(C)C,0.230822589
*CC(*)c1cc(C)cc(C)c1,0.239838224
*CCc1cc(C)c(*)cc1C,0.262219285
*CCCOC(=O)c1ccc(C(=O)O*)cc1,0.241216197
*CC(*)c1ccc(C(=O)N(CC)CC)cc1,0.241507546
*CC(*)CCc1ccccc1,0.213754837
*c1ccc(Oc2ccc(C3(c4ccc(Oc5ccc(N6C(=O)c7ccc(Oc8ccccc8Oc8ccc9c(c8)C(=O)N(*)C9=O)cc7C6=O)cc5C(F)(F)F)cc4)c4ccccc4-c4ccccc43)cc2)c(C(F)(F)F)c1,0.188157219
*CC(*)C1CC1,0.241876535
*CC(*)C(=O)OCCCCCCCCCCCCCCCC,0.333661973
*CC(*)(Cl)Cl,0.096200541
*CC(*)(C)c1ccc2ccccc2c1,0.186141125
*CC(*)C(=O)OCCCCCCCCCCCC,0.309141226
*Oc1ccc(C(c2ccc(OC(*)=O)cc2)(C(F)(F)F)C(F)(F)F)cc1,0.16903023
*c1ccc(Oc2ccc(-c3ccc(Oc4ccc(-n5c(=O)c6cc7c(=O)n(*)c(=O)c7cc6c5=O)cc4)cc3)cc2)cc1,0.419114901
*CCCCCCCCCCC(=O)N(*)C,0.308782805
*CC(*)(C)C(=O)OCc1cc(Cl)ccc1Cl,0.138323775
*c1ccc2c(c1)C(=O)N(c1c(C)cc(C)c(N3C(=O)c4ccc(C(*)(C(F)(F)F)C(F)(F)F)cc4C3=O)c1C)C2=O,0.150371313
*CCCC=C(*)c1ccccc1,0.210673224
*CC(*)C(=O)O,0.351557632
*c1ccc2c(c1)C(=O)N(c1ccc(Cc3ccc(N4C(=O)c5ccc(C(*)(C(F)(F)F)C(F)(F)F)cc5C4=O)cc3)cc1)C2=O,0.197639356
*CCCCCC(=O)N*,0.291903519
*Cc1ccc2[nH]c(-c3ccc4sc5ccc(-c6nc7cc(*)ccc7[nH]6)cc5c4c3)nc2c1,0.230983773
*C(=O)c1ccc2c(c1)C(=O)N(c1ccc(Sc3ccc(N4C(=O)c5ccc(*)cc5C4=O)cc3)cc1)C2=O,0.237456292
*Nc1ccc(NC(=O)c2cc(C(*)=O)c(C(=O)OCC)cc2C(=O)OCC)cc1,0.301681661
*c1cccc2c(N3C(=O)c4ccc(-c5ccc6c(c5)C(=O)N(*)C6=O)cc4C3=O)cccc12,0.315217824
*Oc1ccc2ccc(OC(=O)c3ccccc3/C=C/c3ccc(/C=C/c4ccccc4C(*)=O)cc3)cc2c1,0.227296374
*c1ccc(-c2nc3cc(-c4ccc5nc(-c6ccccc6)c(*)nc5c4)ccc3nc2-c2ccccc2)cc1,0.25797031
*c1cccc(Oc2ccc(S(=O)(=O)c3ccc(Oc4cccc(N5C(=O)c6ccc(-c7ccc8c(c7)C(=O)N(*)C8=O)cc6C5=O)c4)cc3)cc2)c1,0.227124785
*CC(*)CCCCCCCCCCCCCCCCCCCC,0.393169818
*c1ccc(S(=O)(=O)c2ccc(-n3c(=O)c4cc5c(=O)n(*)c(=O)c5cc4c3=O)cc2)cc1,0.29081044
*CC(*)SCC,0.212352519
*C(=O)Nc1ccc(Cc2ccc(NC(=O)c3ccc(N4C(=O)c5ccc(*)cc5C4=O)cc3)cc2)cc1,0.335151924
*CC(*)c1ccc(S(=O)(=O)OCCC)cc1,0.209057278
*CC(*)c1ccccc1,0.203029804
*CC(*)(CC(=O)OCC)C(=O)OCC,0.226726356
*CCC(*)(C)C,0.243031165
*CC(*)c1ccc(COCCCCCCOc2ccc(-c3ccc(OC)cc3)cc2)cc1,0.265685462
*Oc1ccc(Sc2ccc(OC(*)=O)cc2)cc1,0.215699363
*CC(*)(C)C(=O)Oc1ccc(C#N)cc1,0.199831364
*C(=O)Oc1ccc(OC(=O)c2ccc3c(c2)C(=O)N(c2ccc(-c4ccc(N5C(=O)c6ccc(*)cc6C5=O)cc4C(F)(F)F)c(C(F)(F)F)c2)C3=O)cc1,0.282111699
*c1ccc(Oc2ccc(-c3ccc(Oc4ccc(N5C(=O)c6ccc(-c7ccc8c(c7)C(=O)N(*)C8=O)cc6C5=O)cc4)cc3)cc2)cc1,0.339042351
*CS*,0.14812712
*CCCNC(=O)Cc1ccc(C(=O)N*)cc1,0.265458671
*CC(*)C(=O)c1ccc(Br)c(OC)c1,0.149327416
*CC(*)C#N,0.227307045
*c1ccc(Oc2c(C)cc(C(c3cc(C)c(Oc4ccc(-n5c(=O)c6cc7c(=O)n(*)c(=O)c7cc6c5=O)cc4)c(C)c3)c3cccc4ccccc34)cc2C)cc1,0.245595378
*c1ccc(Oc2ccc(N3C(=O)c4ccc(Oc5ccc(C6(c7ccc(Oc8ccc9c(c8)C(=O)N(*)C9=O)cc7)CCC(c7ccccc7)CC6)cc5)cc4C3=O)cc2)cc1,0.234347519
*Oc1ccc(C(CCC)(CCC)c2ccc(OC(*)=O)c(C)c2)cc1C,0.239908747
*CC(*)C(=O)OCC(F)(F)F,0.164710423
*/C=C\CCCCC*,0.271936281
*NC(C)C(*)=O,0.252148669
*Oc1ccc(C(C)(CCC#N)c2ccc(OC(*)=O)cc2)cc1,0.239792442
*CC(*)c1cccc(Cl)c1,0.141849652
*c1ccc2c(c1)C(=O)N(c1ccc(C(C)(C)c3ccc(N4C(=O)c5ccc(C(*)(C(F)(F)F)C(F)(F)F)cc5C4=O)cc3)cc1)C2=O,0.188288469
*CCC=C(*)C(C)C,0.235767575
*c1cccc(N2C(=O)c3ccc(-c4ccc5c(c4)C(=O)N(*)C5=O)cc3C2=O)c1C,0.301425488
*CC(*)OC(=O)CCCCCCCCC,0.286467814
*Oc1ccc(C(C)(C)c2ccc(OC(=O)c3ccccc3/C=C/c3ccc(/C=C/c4ccccc4C(*)=O)cc3)c(C)c2)cc1C,0.219509175
*Oc1cccc(OC(=O)c2ccccc2/C=C/c2ccc(/C=C/c3ccccc3C(*)=O)cc2)c1,0.198989787
*OC(C)C(*)=O,0.210749746
*C(F)(F)C(*)(F)Cl,0.119922243
*CC(*)P(=O)(OCC)N(C)C,0.207524248
*CCOC(=O)c1ccc2ccc(C(=O)O*)cc2c1,0.22543537
*CC(*)C(=O)c1ccc(OC)cc1,0.228482209
*CC(*)OC(=O)c1ccc(Br)cc1,0.139742427
*CC(*)(C)C(=O)Oc1c(C)cccc1C,0.211223838
*CCCCNC(=O)CCCCCCC(=O)N*,0.295312596
*CC(*)C(=O)OCCO,0.297878745
*CC(*)OC(=O)C(C)(C)C(C)C(C)C,0.21225308
*CC(*)C(=O)OC(F)(C(F)(F)F)C(F)(F)F,0.115357789
*C(=O)c1ccc2c(c1)C(=O)N(c1c(CC)cc(Cc3cc(CC)c(N4C(=O)c5ccc(*)cc5C4=O)c(CC)c3)cc1CC)C2=O,0.222803856
*CC1CC(*)C(OC(=O)CCCCCCCCCCOc2ccc(-c3ccc(C#N)cc3)cc2)C1,0.268797476
*CC(*)c1ccc(CCCCCCCCCCCCCCCCCC)cc1,0.317277699
*CCCCCCOC(=O)Nc1ccc(NC(=O)O*)cc1,0.321009139
*CC(*)OCCCl,0.187521218
*c1ccc(N2C(=O)c3ccc(-c4ccc5c(c4)C(=O)N(*)C5=O)cc3C2=O)nc1,0.482912726
*CC(*)c1ccc(COCCC)cc1,0.237335127
*CCCCCCNC(=O)CCCCC(=O)N(*)C,0.259093819
*c1ccc(Oc2ccc(N3C(=O)c4ccc(-c5cccc6c5C(=O)N(*)C6=O)cc4C3=O)cc2)cc1,0.246678175
*Oc1ccc(C(C)(C)c2ccc(OC(*)=O)cc2)cc1,0.239631003
*CC(=C)COCC(=C)COC(=O)O*,0.245695552
*c1ccc(Oc2ccc3ccc(Oc4ccc(-n5c(=O)c6cc7c(=O)n(*)c(=O)c7cc6c5=O)cc4)cc3c2)cc1,0.289863471
*CC(*)c1ccccc1OC,0.214975451
*c1ccc(Oc2ccc(N3C(=O)c4ccc(-c5ccc6c(c5)C(=O)N(*)C6=O)cc4C3=O)cc2)cc1,0.349285387
*CC1CC(*)C(OC(=O)CCCCCCCCCCOc2ccc(-c3ccc(C#N)cc3)cc2)C1OC(=O)CCCCCCCCCCOc1ccc(-c2ccc(C#N)cc2)cc1,0.263259921
*CC(*)(C)C(=O)OCc1ccccc1,0.196260903
*CCOC(=O)Nc1ccc(NC(=O)O*)cc1,0.296677392
*c1ccc(Oc2ccc(C3(c4ccc(Oc5ccc(N6C(=O)c7ccc(Oc8ccc(C9(c%10ccc(Oc%11ccc%12c(c%11)C(=O)N(*)C%12=O)cc%10)CCCCCCCCCCC9)cc8)cc7C6=O)cc5)cc4)C4CC5CC(C4)CC3C5)cc2)cc1,0.2382015
*CCCCCCCCCn1c(=O)c2cc3c(=O)n(*)c(=O)c3cc2c1=O,0.291014208
*c1ccc(-c2ccc(N3C(=O)c4cc5c(cc4C3=O)C(C(F)(F)F)(C(F)(F)F)c3cc4c(cc3O5)C(=O)N(*)C4=O)cc2C(F)(F)F)c(C(F)(F)F)c1,0.334859311
*CC(*)OCC(C)(C)CC(C)C,0.254371124
*C(=O)Oc1ccc(OC(=O)c2ccc3c(c2)C(=O)N(c2ccc(C(=O)Oc4ccc(N5C(=O)c6ccc(*)cc6C5=O)cc4)cc2)C3=O)cc1,0.322281096
*c1ccc2c(c1)C(=O)N(c1ccc(Oc3ccc(N4C(=O)c5ccc(C(C)(C)CCCCCCCCC(*)(C)C)cc5C4=O)cc3)cc1)C2=O,0.254763626
*CC(*)(CC(=O)OC)C(=O)OC,0.211788328
*c1ccc(Oc2cccc3c(Oc4ccc(-n5c(=O)c6cc7c(=O)n(*)c(=O)c7cc6c5=O)cc4)cccc23)cc1,0.317593927
*c1cc(C(c2ccc(O)c(N3C(=O)c4ccc(-c5ccc6c(c5)C(=O)N(*)C6=O)cc4C3=O)c2)(C(F)(F)F)C(F)(F)F)ccc1O,0.203289189
*CC(*)CNc1ccc([N+](=O)[O-])cc1,0.252535899
*CC(*)c1cc(Br)ccc1OCCC(C)C,0.156760429
*CC(*)OC(=O)C(F)(F)C(F)(F)C(F)(F)C(F)(F)C(F)(F)C(F)(F)C(F)(F)F,0.118403797
*c1ccc(-n2c(=O)c3cc4c(=O)n(*)c(=O)c4cc3c2=O)c(C)c1,0.618759937
*CC(*)C(=O)OCC(C)O,0.280976264
*CC(*)(C)C(=O)OCCCCCCCC,0.263447418
*/C=C/CC*,0.303711437
*CC(*)(C)C(=O)OC(C)CC,0.219748019
*c1ccc2c(c1)C(=O)N(c1cccc(S(=O)(=O)c3cccc(N4C(=O)c5ccc(C(*)(C(F)(F)F)C(F)(F)F)cc5C4=O)c3)c1)C2=O,0.150446539
*Oc1ccc(-c2ccc(OC(=O)CCCCCCCCCCCC(*)=O)cc2)cc1,0.299849025
*CC(*)OC(=O)c1ccccc1OC(C)=O,0.217738726
*CC(*)c1ccccc1F,0.180059006
*c1ccc(Oc2ccc(S(=O)(=O)c3ccc(Oc4ccc(N5C(=O)c6ccc(C(=O)c7ccc8c(c7)C(=O)N(*)C8=O)cc6C5=O)cc4)cc3)cc2)cc1,0.244102731
*C(=O)Nc1cccc(C#Cc2cccc(N3C(=O)c4ccc(*)cc4C3=O)c2)c1,0.254775725
*CC(*)OC(=O)c1ccncc1,0.194295907
*C(=O)Oc1ccc(C(C)(C)c2ccc(OC(=O)c3ccc4c(c3)C(=O)N(c3ccc(-c5ccc(N6C(=O)c7ccc(*)cc7C6=O)c(C)c5)cc3C)C4=O)cc2)cc1,0.295505091
*CC(*)(CC(=O)OCCCCCCCC)C(=O)OCCCCCCCC,0.275383563
*C(=O)c1ccc2c(c1)C(=O)N(c1ccc(-c3ccc(N4C(=O)c5ccc(*)cc5C4=O)c(OC)c3)cc1OC)C2=O,0.299180817
*c1ccc(Oc2c(C)cc(Cc3cc(C)c(Oc4ccc(N5C(=O)c6ccc(-c7ccc8c(c7)C(=O)N(*)C8=O)cc6C5=O)cc4)c(C)c3)cc2C)cc1,0.256003141
*CCCCCCNC(=O)NCc1ccc(CNC(=O)N*)cc1,0.292985918
*CC(*)c1ccccc1C(=O)NC,0.192915175
*CCC=C(*)C,0.231880959
*CC/C=C(\*)Cl,0.150572404
*CC(*)OCC,0.24221035
*c1ccc(Sc2ccc(Sc3ccc(Sc4ccc(-n5c(=O)c6cc7c(=O)n(*)c(=O)c7cc6c5=O)cc4)cc3)cc2)cc1,0.209987039
*c1cccc(S(=O)(=O)c2cccc(N3C(=O)c4ccc(Oc5ccc(S(=O)(=O)c6ccc(Oc7ccc8c(c7)C(=O)N(*)C8=O)cc6)cc5)cc4C3=O)c2)c1,0.196371018
*c1ccc(Sc2ccc(N3C(=O)c4ccc(-c5ccc6c(c5)C(=O)N(*)C6=O)cc4C3=O)cc2)cc1,0.266032562
*CC(*)C(=O)c1ccccc1O,0.225341707
*/C=C(/*)c1ccc(-c2ccc(C#C)cc2)cc1,0.264801989
*c1cccc(S(=O)(=O)NCCCCCCNS(*)(=O)=O)c1,0.20809775
*c1ccc(N2C(=O)c3ccc(C(=O)c4ccc5c(c4)C(=O)N(*)C5=O)cc3C2=O)cc1,0.31707915
*CC(*)OC(=O)c1cccc(Cl)c1,0.153320971
*C(=O)c1ccc2c(c1)C(=O)N(c1c(C(C)C)cc(Cc3cc(C(C)C)c(N4C(=O)c5ccc(*)cc5C4=O)c(C(C)C)c3)cc1C(C)C)C2=O,0.204282612
*CC(C)CNC(=O)O*,0.257436252
*Oc1c(-c2ccccc2)cc(*)cc1-c1ccccc1,0.184951114
*c1ccc(C(=O)Nc2ccc(-n3c(=O)c4cc5c(=O)n(*)c(=O)c5cc4c3=O)cc2)cc1,0.501051728
*CC(*)c1c(F)c(F)c(F)c(F)c1F,0.111121575
*CC(*)c1ccccc1COCCC,0.22997739
*c1ccc2c(c1)C(=O)N(c1c(CC)cc(Cc3cc(CC)c(N4C(=O)c5ccc(C(*)(C(F)(F)F)C(F)(F)F)cc5C4=O)c(CC)c3)cc1CC)C2=O,0.1778175
*CCOCCOC(=O)c1cccc(C(=O)O*)c1,0.215430956
*C(=O)c1ccc2c(c1)C(=O)N(c1cccc(C(=O)c3cccc(N4C(=O)c5ccc(*)cc5C4=O)c3)c1)C2=O,0.23166303
*c1ccc(-c2ccc(N3C(=O)c4ccc(-c5ccc6c(c5)C(=O)N(*)C6=O)cc4C3=O)cc2C(F)(F)F)c(C(F)(F)F)c1,0.281094364
*CCCC(*)(C)C,0.26184049
*CC(*)c1ccccn1,0.184406433
*CC(*)c1ccc(C)nc1,0.216347814
*CC(*)c1ccc(C(=O)CC)cc1,0.244573024
*CC(*)c1ccc(C(=O)CCN2CCOCC2)cc1,0.241083815
*CC(*)CCCCCCCC,0.311086292
*OC(C)COC(*)=O,0.216197061
*CC(*)(C)CCC,0.243076256
*C(=O)Nc1ccccc1NC(=O)c1ccc(N2C(=O)c3ccc(*)cc3C2=O)cc1,0.229940242
*Oc1cc(C)c(*)c(C)c1Br,0.179808547
*c1ccc(Oc2cccc(N3C(=O)c4ccc(-c5cccc6c5C(=O)N(*)C6=O)cc4C3=O)c2)cc1,0.21550438
*/C=C/C(C(=O)OCc1ccc(Cl)cc1)C(*)C(=O)OCc1ccc(Cl)cc1,0.171830845
*Oc1ccc(S(=O)(=O)c2ccc(OC(=O)c3ccc(C(*)=O)cc3)cc2)cc1,0.251101033
*CC(*)C(=O)OC(F)(C(F)(F)Cl)C(F)(F)Cl,0.102567279
*Oc1ccc2c(c1)C1(CC2(C)C)CC(C)(C)c2ccc(OC(=O)c3cccc(C(*)=O)c3)cc21,0.197787592
*CC(*)c1ccc(C(=O)c2ccc(OC)cc2)cc1,0.245710563
*c1ccc2c(c1)C(=O)N(c1ccc(Cc3ccc(N4C(=O)c5ccc(C(F)(F)C(F)(F)C(*)(F)F)cc5C4=O)cc3)cc1)C2=O,0.201372992
*CC(*)(C)C(=O)OCc1cccc(Cl)c1,0.156695253
*OC(F)(F)C(F)(F)C(*)(F)F,0.112134181
*C(OC(F)(F)F)C(*)(F)F,0.113432798
*C(*)C(=O)OC(C)C,0.218613254
*CC(*)C(=O)OC(F)(C(F)(F)F)C(F)(F)Cl,0.108082679
*CC(*)(C)c1ccc(C(C)C)cc1,0.22250314
*C(=O)c1ccc2c(c1)C(=O)N(c1cccc(C(=O)Nc3ccc(N4C(=O)c5ccc(*)cc5C4=O)cc3)c1)C2=O,0.282680928
*/C=C\CC*,0.266947942
*CC(*)OC(=O)c1cccc(Br)c1,0.137957273
*CC(*)c1ccc(I)cc1,0.097198673
*CC(*)(C)C(=O)OCCBr,0.156664784
*C(=O)NC1CCC(CC2CCC(NC(=O)c3ccc(N4C(=O)c5ccc(*)cc5C4=O)cc3)CC2)CC1,0.308291763
*CC(*)(CC(=O)OCCCCCCCCC)C(=O)OCCCCCCCCC,0.27657995
*Oc1ccc(C(c2ccc(Oc3ccc(C(=O)c4cccc(C(=O)c5ccc(*)cc5)c4)cc3)cc2)(C(F)(F)F)C(F)(F)F)cc1,0.179786563
*c1c(C)cc(C(c2cc(C)c(N3C(=O)c4ccc(-c5ccc6c(c5)C(=O)N(*)C6=O)cc4C3=O)c(C)c2)c2cccc3ccccc23)cc1C,0.236427007
*c1ccc(Oc2ccc(S(=O)(=O)c3ccc(Oc4ccc(-n5c(=O)c6cc7c(=O)n(*)c(=O)c7cc6c5=O)cc4)cc3)cc2)cc1,0.257046515
*CC(*)OC(=O)C(F)(F)C(F)(F)C(F)(F)C(F)(F)C(F)(F)C(F)(F)C(F)(F)C(F)(F)C(F)(F)F,0.117620774
*CC(*)C(=O)N1CCCCC1,0.224880389
*CC(*)CNc1ccc([N+](=O)[O-])cn1,0.238277713
*CC(*)OC(=O)C(F)(F)C(F)(F)C(F)(F)F,0.124821014
*CCOc1ccc(C(=O)OCCOC(=O)c2ccc(O*)cc2)cc1,0.247366967
*c1ccc2c(c1)C(=O)N(c1ccc(Sc3ccc(Oc4ccc(Sc5ccc(N6C(=O)c7ccc(C(*)(C(F)(F)F)C(F)(F)F)cc7C6=O)cc5)cc4)cc3)cc1)C2=O,0.17007229
*CC1CCC(COC(=O)CCC(=O)O*)CC1,0.229884201
*CC(F)(F)C(F)(F)C(F)(F)C(F)(F)COC(=O)O*,0.145276489
*CC(*)C(=O)Oc1ccc(C(=O)OCCCC)cc1,0.269375988
*CCCCCCCCCC(=O)N*,0.30774671
*c1ccc(S(=O)(=O)c2ccc(N3C(=O)c4ccc(C(=O)c5ccc6c(c5)C(=O)N(*)C6=O)cc4C3=O)cc2)cc1,0.255148124
*CC(*)c1ccc(C(F)(F)C(F)(F)C(F)(F)C(F)(F)C(F)(F)C(F)(F)C(F)(F)F)cc1,0.116253947
*C(=O)c1ccc2c(c1)C(=O)N(c1c(C)c(C)c(N3C(=O)c4ccc(*)cc4C3=O)c(C)c1C)C2=O,0.259917753
*c1cccc(P(=O)(c2cccc(-n3c(=O)c4c(-c5cc(C(F)(F)F)cc(C(F)(F)F)c5)c5c(=O)n(*)c(=O)c5c(-c5cc(C(F)(F)F)cc(C(F)(F)F)c5)c4c3=O)c2)c2cc(C(F)(F)F)cc(C(F)(F)F)c2)c1,0.122779381
*CC(*)C(=O)OC(C)C,0.251403563
*CC(*)(C)C(=O)OCc1cccc(Cl)c1Cl,0.14256689
*CCC1CC(OC(=O)CCCCCCCCCCOc2ccc(-c3ccc(C#N)cc3)cc2)CC1*,0.2621942
*CC(*)c1ccc(C(C)(C)C)cc1,0.235879806
*Oc1ccc(C2(c3ccc(OC(*)=O)cc3)c3ccccc3-c3ccccc32)cc1,0.207936405
*C(=O)OCCOC(=O)c1ccc(*)o1,0.228261215
*CC(*)C(=O)OCCc1ccccc1,0.218359976
*c1ccc(C(Cl)(Cl)C(*)Cl)cc1,0.119776758
*CCCCCCOC(=O)Nc1ccc(C)c(NC(=O)OCCCCCCOc2ccc(-c3ccc(O*)cc3)cc2)c1,0.272492356
*CC(*)C(C)C,0.234342233
*NC(CCC(=O)OCCC)C(*)=O,0.251335537
*CC(*)c1cccc(CC)c1,0.230753147
*CC(*)C(=O)OCc1ccc(C#N)cc1,0.206123134
*CC(*)c1ccc(C(=O)c2ccccc2)cc1,0.216592432
*C(=O)Oc1ccc(OC(=O)c2ccc3c(c2)C(=O)N(c2ccc(Oc4ccc(N5C(=O)c6ccc(*)cc6C5=O)cc4)cc2)C3=O)cc1,0.351158377
*C(*)C(=O)OCC,0.225814865
*c1ccc(Sc2ccc(Oc3ccc(Sc4ccc(N5C(=O)c6ccc(Oc7ccc(C(C)(C)c8ccc(Oc9ccc%10c(c9)C(=O)N(*)C%10=O)cc8)cc7)cc6C5=O)cc4)cc3)cc2)cc1,0.219421614
*CC(O)COc1ccc(C(C)(C)c2ccc(O*)cc2)cc1,0.22967917
*CC(*)C(=O)OC(CC)CC,0.245278243
*c1ccc(Cc2ccc(N3C(=O)c4ccc(Oc5ccc(C6(c7ccc(Oc8ccc9c(c8)C(=O)N(*)C9=O)cc7)CCCCCCCCCCC6)cc5)cc4C3=O)cc2)cc1,0.234616466
*CC(*)C(=O)c1ccccc1,0.183250902
*Oc1ccc(-c2ccc(OC(=O)CCCCCCCCCCCCC(*)=O)cc2)cc1,0.279614546
*CC(*)(CC(=O)OCC1CCCCC1)C(=O)OCC1CCCCC1,0.205021412
*CCOC(=O)CCCCCCCCC(=O)O*,0.257154282
*CC(*)OC(=O)CCCCCCC,0.270802383
*Oc1c(C)cc(C(C)(C)c2cc(C)c(OC(*)=O)c(C)c2)cc1C,0.212399138
*Oc1ccc(Oc2ccc(Oc3ccc(S(=O)(=O)c4ccc(*)cc4)cc3)cc2)cc1,0.229938844
*Oc1ccc(C(=C(Cl)Cl)c2ccc(OC(*)=O)cc2)cc1,0.199949495
*CC(*)c1cc(Br)ccc1OCCCC,0.15926394
*c1ccc(S(=O)(=O)c2ccc(N3C(=O)c4ccc(Oc5ccc6c(c5)C(=O)N(*)C6=O)cc4C3=O)cc2)cc1,0.249871544
*c1ccc(Oc2ccc(C(c3ccc(Oc4ccc(N5C(=O)c6ccc(-c7ccc8c(c7)C(=O)N(*)C8=O)cc6C5=O)cc4)cc3)(C(F)(F)F)C(F)(F)F)cc2)cc1,0.230715582
*c1ccc(S(*)(=O)=O)cc1,0.199092642
*c1ccc(C(c2ccccc2)(c2ccc(-n3c(=O)c4cc5c(=O)n(*)c(=O)c5cc4c3=O)cc2)C(F)(F)F)cc1,0.242359788
*C(=O)NCCCCCCNC(=O)c1ccc(N2C(=O)c3ccc(*)cc3C2=O)cc1,0.30396234
*CC(*)OC(=O)CCCCCCCCCCC,0.282501246
*Oc1ccc2ccc(OC(=O)Oc3ccc(OC(*)=O)cc3)cc2c1,0.263470354
*Oc1ccc(C(C)(c2ccccc2)c2ccc(OC(*)=O)cc2)cc1,0.234250441
*CC(*)c1ccc(C(=O)C(F)(F)F)cc1,0.154440392
*c1ccc(Oc2ccc(Oc3ccc(N4C(=O)c5ccc(C(c6ccc7c(c6)C(=O)N(*)C7=O)(C(F)(F)F)C(F)(F)F)cc5C4=O)cc3)cc2)cc1,0.20429123
*CC(*)c1ccc(Cl)c(Cl)c1,0.108557769
*c1cccc(Oc2ccc(N3C(=O)c4ccc(C(=O)c5ccc6c(c5)C(=O)N(*)C6=O)cc4C3=O)cc2)c1,0.264017299
*CC(*)C(C)c1ccccc1,0.185319288
*CC(*)c1ccc(OCCC)cc1,0.243869844
*c1ccc(Oc2ccc(Oc3ccc(N4C(=O)C5CCC6C(=O)N(*)C(=O)C6C5C4=O)cc3)cc2)cc1,0.274145489
*CC(*)c1ccccc1C(=O)OCC,0.216698631
*c1ccc2c(c1)-c1nc3cc(Oc4ccc5c(c4)nc4n5C(=O)c5cc(C(*)(C(F)(F)F)C(F)(F)F)ccc5-4)ccc3n1C2=O,0.183522496
*CCC=C(*)CCC,0.257522564
*CCCCOC(=O)NCC(F)(F)C(F)(F)C(F)(F)C(F)(F)CNC(=O)O*,0.192064224
*CC(*)(C)C(=O)OCCO,0.250973925
*CC(*)(C)C(=O)OCCCC,0.223797866
*CC(=O)N*,0.375345394
*CC(*)c1ccc(C(=O)CCCCC)cc1,0.258123945
*CC(*)c1ccc(COCCOCCCC)cc1,0.2507784
*CC(*)c1ccc(CCCC)cc1,0.246370764
*C(F)C(*)(F)OC(F)(F)F,0.115882336
*c1ccc(-c2ccc(-n3c(=O)c4cc5c(=O)n(*)c(=O)c5cc4c3=O)c(C)c2)cc1C,0.581158989
*CC(*)OC(=O)c1ccc(C(C)C)cc1,0.241150434
*c1ccc(Oc2cccc(Oc3ccc(N4C(=O)c5ccc(C(=O)c6ccc7c(c6)C(=O)N(*)C7=O)cc5C4=O)cc3)c2)cc1,0.243353052
*NC(=O)c1ccc(C(=O)Nc2ccc(*)cc2)cc1,0.472805266
*CC(*)C(=O)OC(C)(C)C,0.228960032
*CC(*)(CCC(C)C(=O)OC)C(=O)OC,0.238137173
*CC(*)c1ccc(C(C)(O)CCC)cc1,0.266747745
*CCCCCCCCCCOC(=O)c1ccc(C(=O)NCCNC(=O)c2ccc(C(=O)O*)cc2)cc1,0.259588395
*CC(*)c1ccc(COC(C)CC)cc1,0.247595241
*C=CCC*,0.314780299
*CC(*)c1cc(Br)ccc1OC,0.128686133
*CC(C)(C)COC(=O)CCC(=O)O*,0.228303005
*CC(*)c1ccc(COC)cc1,0.228853851
*CC(*)c1cccc(C)c1,0.227224304
*CC(*)C(=O)OC1CCCCCCCCCCC1,0.245455632
*C(=O)c1ccc2c(c1)C(=O)N(c1cccc(C(=O)N(C)c3ccc(N4C(=O)c5ccc(*)cc5C4=O)cc3)c1)C2=O,0.253404651
*CC(*)CC(C)(C)CC,0.232292247
*c1ccc(Oc2ccc(N3C(=O)c4ccc(C(c5ccc6c(c5)C(=O)N(*)C6=O)(C(F)(F)F)C(F)(F)F)cc4C3=O)cc2)cc1,0.205297018
*CC(*)c1ccccc1C(=O)N(C)C,0.186909259
*CC(*)c1ccc(C(=O)O)c(C(=O)O)c1,0.3080457
*CC(C)O*,0.239033549
*Oc1ccc(C(CCC)(CCC)c2ccc(OC(*)=O)cc2)cc1,0.229886318
*c1cccc(N2C(=O)c3ccc(-c4cccc5c4C(=O)N(*)C5=O)cc3C2=O)c1,0.220725294
*Oc1ccc(NC(=O)c2cccc(C(=O)Nc3ccc(*)cc3)c2)cc1,0.300233168
*Oc1ccc(C(c2ccccc2)(c2ccccc2)c2ccc(OC(=O)c3cccc(C(*)=O)c3)cc2)cc1,0.211413189
*CC1CC(*)OC(CCC)O1,0.253400518
*/C=C\*,0.573236329
*CC(*)c1ccc(C(=O)OCCN(C)C)cc1,0.258067435
*CC(*)(CC)C(=O)OCC,0.205025977
*CC(*)c1cc(C(C)(C)C)ccc1C,0.211943136
*c1ccc(C(=O)Oc2ccc(N3C(=O)c4ccc(-c5ccc6c(c5)C(=O)N(*)C6=O)cc4C3=O)cc2)cc1,0.370940579
*CCCCOC(=O)c1ccc2cc(C(=O)O*)ccc2c1,0.224493248
*CC(*)OC(=O)C(F)(F)C(F)(F)C(F)(F)C(F)(F)C(F)(F)F,0.117573176
*c1ccc(Oc2cccc3c(Oc4ccc(N5C(=O)c6ccc(Oc7ccc8c(c7)C(=O)N(*)C8=O)cc6C5=O)cc4)cccc23)cc1,0.272013483
*CC(*)OC(=O)c1ccc(OC)cc1,0.222833617
*CC(*)Cc1ccccc1C,0.211243073
*CCCCCCNC(=O)c1ccc(C(C)(C)c2ccc(C(=O)N*)cc2)cc1,0.257140127
*c1ccc2c(c1)C(=O)N(c1cc(C(c3ccc(O)c(N4C(=O)c5ccc(C(*)(C(F)(F)F)C(F)(F)F)cc5C4=O)c3)(C(F)(F)F)C(F)(F)F)ccc1O)C2=O,0.132113785
*CCCCCCCCC(=O)N*,0.307321668
*CC(*)C(=O)c1ccc(C)cc1,0.217537979
*CCCCCCCCCCCCSC(=O)S*,0.246707796
*CC(*)(C)c1ccc(C)cc1,0.206248478
*CC(*)O[N+](=O)[O-],0.243039162
*Oc1ccc(S(=O)(=O)c2ccc(Oc3ccc(C(C)(C)c4ccc(*)cc4)cc3[N+](=O)[O-])cc2)cc1,0.20299693
*Oc1ccc(C(C)(C)c2ccc(OC(=O)Sc3ccc(C(C)(C)c4ccc(SC(*)=O)cc4)cc3)cc2)cc1,0.182529356
*CC(*)CCCN(CC(C)C)CC(C)C,0.258228983
*NC(=O)c1ccc(C(=O)Nc2ccc(-c3ccc(*)cc3)cc2)cc1,0.576386159
*CC(*)c1ccccc1C,0.23889195
*Oc1c(Br)cc(C(C)(C)c2cc(Br)c(OC(*)=O)c(Br)c2)cc1Br,0.116199931
*CC(*)c1ccc(C(C)(O)CCCC)cc1,0.262999518
*c1ccc(C)c(N2C(=O)c3ccc(-c4ccc5c(c4)C(=O)N(*)C5=O)cc3C2=O)c1,0.275354427
*c1ccc(Oc2ccc(-n3c(=O)c4cc5c(=O)n(*)c(=O)c5cc4c3=O)cc2)cc1,0.42519848
*NC(CCC(=O)OC)C(*)=O,0.256652184
*c1ccc(Oc2ccccc2Oc2ccc(N3C(=O)c4ccc(-c5ccc6c(c5)C(=O)N(*)C6=O)cc4C3=O)cc2)cc1,0.29151673
*c1ccc(Oc2ccc(Oc3ccc(-n4c(=O)c5cc6c(=O)n(*)c(=O)c6cc5c4=O)cc3)cc2-c2ccccc2)cc1,0.30983122
*CC(*)OC(=O)CCl,0.218868603
*Oc1ccc(C(C)(C)c2ccc(OC(=O)c3ccc(C(*)=O)cc3)cc2)cc1,0.27751155
*CC(*)CCCC(C)(C)C,0.257288867
*CCCCCCOC(=O)Nc1ccc(Cc2ccc(NC(=O)O*)cc2)cc1,0.281163344
*Oc1ccc(OC(=O)c2ccc(-c3ccc(C(*)=O)cc3)cc2)cc1C,0.362079429
*c1ccc(C(C)(C)c2ccc(C(C)(C)c3ccc(N4C(=O)c5ccc(Oc6ccc7c(c6)C(=O)N(*)C7=O)cc5C4=O)cc3)cc2)cc1,0.25056238
*CC(*)CCCCCCCCCO,0.330609059
*CC(*)c1ccccc1C(=O)Nc1ccccc1,0.197508078
*CC(*)(CC(=O)OCCCc1ccccc1)C(=O)OCCCc1ccccc1,0.210081521
*CC(*)C(=O)OCC(F)(F)C(F)(F)F,0.143562058
*CC(*)c1cc(Cl)ccc1Cl,0.112111131
*Oc1ccc(C(C)(CCC)c2ccc(OC(*)=O)cc2)cc1,0.244337041
*CCCCCCOC(=O)CCCCCNC(=O)CCCCC(=O)NCCCCCC(=O)O*,0.274848798
*c1ccc(*)s1,0.597038429
*NC(=O)c1cccc(C(=O)Nc2ccc(-c3ccc(*)cc3)cc2)c1,0.351335092
*c1cccc(P(=O)(c2ccc(C(F)(F)F)cc2)c2cccc(-n3c(=O)c4c(-c5ccccc5)c5c(=O)n(*)c(=O)c5c(-c5ccccc5)c4c3=O)c2)c1,0.168077953
*Oc1ccc(C2(c3ccc(OC(*)=O)c(C)c3)CCCCC2)cc1C,0.233405574
*CC(*)(C)C(=O)OCCS(=O)CC,0.23559466
*CCCCCCOC(=O)O*,0.272889143
*C(C)C(*)O,0.269690871
*CCOC(=O)c1ccc2cc(C(=O)O*)ccc2c1,0.225246348
*C#C/C(COS(=O)(=O)c1ccc(C)cc1)=C(/*)COS(=O)(=O)c1ccc(C)cc1,0.255175548
*CC(*)(C)c1ccccc1,0.20669134
*Oc1cccc2c(OC(=O)c3ccccc3/C=C/c3ccc(/C=C/c4ccccc4C(*)=O)cc3)cccc12,0.220093628
*CC(*)c1ccc(C(=O)Cc2ccccc2)cc1,0.219547247
*Oc1ccc(S(=O)(=O)c2ccc(OC(=O)c3ccccc3/C=C/c3ccc(/C=C/c4ccccc4C(*)=O)cc3)cc2)cc1,0.201310165
*CC(*)C(=O)Oc1ccccc1,0.204691395
*CC(*)C(=O)Oc1ccc(OC)cc1,0.230448188
*CC(*)c1ccc(C(C)C)cc1C(C)C,0.215437297
*Oc1ccc(C(C)(C)c2ccc(OC(*)=O)c(CC)c2)cc1CC,0.235507852
*N=P(*)(OCC(F)(F)F)OCC(F)(F)F,0.138820064
*CC(*)CCCCCCCCCC,0.342728736
*CC(*)c1ccc(OC(C)=O)cc1,0.259585297
*CC/C=C(\*)C(C)(C)C,0.230866797
*C(C)C(*)OCC(C)C,0.222144713
*CC1(C)CC(*)(C)C(=O)OC1=O,0.185992809
*c1ccc(Oc2cccc(Oc3ccc(N4C(=O)c5ccc(-c6cccc7c6C(=O)N(*)C7=O)cc5C4=O)cc3)c2)cc1,0.215328534
*CC(*)(C)C(=O)OCCCCCCN(C)c1ccc(/N=N/c2ccc(S(C)(=O)=O)cc2)cc1,0.239801416
*CC(C)C(*)(C)C,0.236350165
*CCC1CC2C(CC(*)C2OC(=O)CCCCCCCCCCOc2ccc(-c3ccc(C#N)cc3)cc2)C1OC(=O)CCCCCCCCCCOc1ccc(-c2ccc(C#N)cc2)cc1,0.248651693
*CCCCCCCCCCCCC(=O)N*,0.341259433
*CC(*)c1ccc(O)cc1,0.28470777
*CC(CCl)O*,0.164668029
*C1CC2CC1C(*)C2CCCC,0.241394354
*C=CCCCCCCCCCC*,0.357300526
*C1Cc2ccccc2C1*,0.161666133
*CC(*)c1ccccc1COC(C)C,0.220707828
*CCCCCCNC(=O)c1ccc(C(=O)N*)cc1,0.293312511
*c1ccc(Oc2ccc(C3(c4ccc(Oc5ccc(N6C(=O)c7ccc(Oc8ccc(C9(c%10ccc(Oc%11ccc%12c(c%11)C(=O)N(*)C%12=O)cc%10)CCCCCCCCCCC9)cc8)cc7C6=O)cc5)cc4)CCC(C(C)(C)C)CC3)cc2)cc1,0.254842041
*CCCCCCNC(=O)CCCCC(=O)N*,0.307882451
*c1ccc(-c2ccc(-c3ccc(N4C(=O)c5ccc(-c6ccc7c(c6)C(=O)N(*)C7=O)cc5C4=O)cc3)cc2)cc1,0.51076025
*c1ccc(Oc2ccc(-c3ccc(Oc4ccc(N5C(=O)c6ccc(Oc7cccc(Oc8ccc9c(c8)C(=O)N(*)C9=O)c7)cc6C5=O)cc4)cc3)cc2)cc1,0.28734094
*Cc1ccc2[nH]c(-c3ccc4c(c3)-c3cc(-c5nc6cc(*)ccc6[nH]5)ccc3S4(=O)=O)nc2c1,0.233716186
*/C=C/C(C*)OC,0.250969245
*c1ccc(Cc2ccc(N3C(=O)C4CCC5C(=O)N(*)C(=O)C5C4C3=O)c(C)c2)cc1C,0.238258763
*CC(*)(CC(=O)OCCCC)C(=O)OCCCC,0.23939117
*CCCC=C(*)c1ccc(OC)cc1,0.225130935
*Oc1ccc2[nH]c(-c3ccc4c(c3)-c3cc(-c5nc6cc(*)ccc6[nH]5)ccc3S4(=O)=O)nc2c1,0.242108846
*c1ccc(Oc2ccc(C(C)(C)c3ccc(Oc4ccc(N5C(=O)C6CCC7C(=O)N(*)C(=O)C7C6C5=O)cc4)cc3)cc2)cc1,0.252650625
*C1CC2CC1C(*)C2CCCCCC,0.261321169
*CC(*)(CC(=O)OCCC)C(=O)OCCC,0.225769616
*Oc1cc(C(C)(C)C)c(Oc2ccc(C(=O)Nc3ccc(C(c4ccc(NC(=O)c5ccc(*)cc5)cc4)(C(F)(F)F)C(F)(F)F)cc3)cc2)cc1C(C)(C)C,0.215611584
*CCCCCCS(*)(=O)=O,0.239977769
*C(C)C(*)OCCC,0.232191511
*C(F)(F)C(*)(F)OC(F)(F)C(F)(F)C(F)(F)C(F)(F)F,0.09864473
*C(=O)Nc1ccc(Oc2ccc(N3C(=O)c4ccc(*)cc4C3=O)cc2)cc1,0.329475891
*CC(*)C(=O)c1ccc(C)c(C)c1,0.223876284
*CC(*)c1ccc(C(C)=NO)cc1,0.262934975
*CC(*)OCC(C)(C)C,0.218243316
*CC(*)c1nc(C)nc(C)n1,0.263398106
*CCOC(=O)NCC1(C)CC(NC(=O)O*)CC(C)(C)C1,0.237542815
*CC(*)c1ccc(CCCCCCCCCCCC)cc1,0.302738789
*CC(*)C(=O)OCC=C,0.263380595
*C(=O)c1ccc2c(c1)C(=O)N(c1ccc(N3C(=O)c4ccc(*)cc4C3=O)nc1)C2=O,0.293057796
*Oc1ccc(-c2ccc(OC(=O)CCCCCCCCCCC(*)=O)cc2)cc1,0.274021583
*C(*)C(=O)OCCC,0.244933508
*C(=O)c1ccc2c(c1)C(=O)N(c1ccc(C(=O)Nc3cccc(N4C(=O)c5ccc(*)cc5C4=O)c3)cc1)C2=O,0.299190121
*c1cccc(Oc2ccc(N3C(=O)c4ccc(C(c5ccc6c(c5)C(=O)N(*)C6=O)(C(F)(F)F)C(F)(F)F)cc4C3=O)cc2)c1,0.170631828
*c1ccc(Oc2ccc(C3(c4ccc(Oc5ccc(N6C(=O)c7ccc(Oc8ccc(C9(c%10ccc(Oc%11ccc%12c(c%11)C(=O)N(*)C%12=O)cc%10)CCC(c%10ccccc%10)CC9)cc8)cc7C6=O)cc5)cc4)CC4CC3C3CCCC43)cc2)cc1,0.22907507
*OS(=O)(=O)c1ccc(*)cc1,0.186803621
*CC(*)OC(=O)c1ccccc1Cl,0.171958387
*C=CCC(C)(CC*)C(=O)OC,0.249826128
*c1ccc(Oc2ccc(Oc3ccc(N4C(=O)c5ccc(-c6ccc7c(c6)C(=O)N(*)C7=O)cc5C4=O)cc3)c(C(C)(C)C)c2)cc1,0.30392846
*C=CC(C)C(*)C(=O)OC,0.242911397
*c1cc(C(c2ccc(O)c(N3C(=O)c4ccc(Oc5ccc6c(c5)C(=O)N(*)C6=O)cc4C3=O)c2)(C(F)(F)F)C(F)(F)F)ccc1O,0.190410767
*CC(*)OC1CCCCC1,0.209300741
*CC(*)CC(CC)CC,0.26234017
*CC(*)O,0.438737902
*c1ccc(N2C(=O)c3ccc(Oc4ccc(C(C)(C)c5cccc(Oc6ccc7c(c6)C(=O)N(*)C7=O)c5)cc4)cc3C2=O)cc1,0.254037201
*CC(*)c1ccc(C(C)(O)CC)cc1,0.260987479
*Oc1ccc(C(C)(C)c2ccc(OC(*)=O)c(C)c2)cc1C,0.235991215
*c1cccc(-n2c(=O)c3cc4c(=O)n(*)c(=O)c4cc3c2=O)c1C,0.347931798
*CC(OC)C(C(=O)O)C(*)C(=O)O,0.302701509
*C(C)C(*)C,0.264498348
*/C=C\CCC*,0.244482147
*CC(*)OC(=O)C1CCCC1,0.23014149
*c1ccc(Oc2ccc(Oc3ccc(N4C(=O)c5ccc(-c6ccc7c(c6)C(=O)N(*)C7=O)cc5C4=O)cc3)cc2)cc1,0.295398373
*CC(*)SCCCC,0.231505378
*c1ccc(-c2ccc(N3C(=O)c4ccc(-c5ccc6c(c5)C(=O)N(*)C6=O)cc4C3=O)c(OC)c2)cc1OC,0.401240453
*C(C)C(*)OCC,0.227848602
*CCCCCCNC(=O)Cc1ccc(C(=O)N*)cc1,0.282521025
*CC(*)C1CCCC(C)C1,0.212366103
*/C=C/C1CC(*)C2C(=O)N(CCCCCC)C(=O)C12,0.232246101
*Nc1ccc(*)cc1,0.383186404
*CCCCNC(=O)CCCCCCCCC(=O)N*,0.301718016
*c1ccc2c(c1)C(=O)N(c1ccc(Oc3c(C)cc(C(c4cc(C)c(Oc5ccc(N6C(=O)c7ccc(C(*)(C(F)(F)F)C(F)(F)F)cc7C6=O)cc5)c(C)c4)c4cccc5ccccc45)cc3C)cc1)C2=O,0.184969637
*Oc1ccc(S(=O)(=O)c2ccc(Oc3ccc(C(C)(C)c4ccc(*)c(C(OC)(C(F)(F)F)C(F)(F)F)c4)cc3C(OC)(C(F)(F)F)C(F)(F)F)cc2)cc1,0.13816211
*CCCCCCCCCCN1C(=O)C2C3C=CC(C4C(=O)N(*)C(=O)C34)C2C1=O,0.255867446
*c1cccc(P(=O)(c2ccc(C(F)(F)F)cc2)c2cccc(-n3c(=O)c4c(-c5cc(C(F)(F)F)cc(C(F)(F)F)c5)c5c(=O)n(*)c(=O)c5c(-c5cc(C(F)(F)F)cc(C(F)(F)F)c5)c4c3=O)c2)c1,0.130279594
*CC(*)OC(=O)C(C)(C(C)C)C(C)C,0.212645982
*CC(*)c1ccc(F)cc1C,0.167659758
*CC(*)c1ccccc1C(=O)Oc1ccccc1,0.192525654
*CCCCCCCC(*)C,0.335492597
*CC(*)c1cccc(F)c1,0.165605561
*CC(*)c1ccc(C(=O)OCCCC)cc1,0.261827286
*CC(*)(C)C(=O)Oc1ccc(C(=O)OC)cc1,0.243504441
*CC(*)OC(=O)CC(C)(C)c1ccccc1,0.205542847
*CC(*)c1ccc(-c2ccc(-c3ccccc3)cc2)cc1,0.239465602
*c1ccc(-c2ccc(Oc3ccc(C4(C)CC(C)(C)c5ccc(Oc6ccc(-c7ccc(N8C(=O)c9ccc(Oc%10ccc%11c(c%10)C(=O)N(*)C%11=O)cc9C8=O)cc7)cc6C(F)(F)F)cc54)cc3)c(C(F)(F)F)c2)cc1,0.236371549
*Oc1cc(C(C)(C)C)c(Oc2ccc(C(=O)Nc3ccc(C(C)(C)c4ccc(NC(=O)c5ccc(*)cc5)cc4)cc3)cc2)cc1C(C)(C)C,0.283670086
*c1ccc(Oc2ccc(Oc3ccc(N4C(=O)c5ccc(Oc6cccc7c6C(=O)N(*)C7=O)cc5C4=O)cc3)cc2)cc1,0.255200829
*c1ccc(Oc2ccc(S(=O)(=O)c3ccc(Oc4ccc(N5C(=O)c6ccc(Oc7ccc8c(c7)C(=O)N(*)C8=O)cc6C5=O)cc4)cc3)cc2)cc1,0.250512619
*CCCCCCCCCCCCNC(=O)CCCCCCCCCCC(=O)N*,0.304591986
*CC(*)N1Cc2ccccc2N1,0.210041586
*C([2H])([2H])C(*)(C(=O)OC([2H])([2H])[2H])C([2H])([2H])[2H],0.200554319
*CC(*)OC=O,0.235150652
*CC(*)OC(=O)C(C)(C)C(C)(C)CC,0.20834975
*CC(*)c1ccc(C)cc1,0.207409376
*CC(*)C(=O)OCC(C)C,0.241958713
*Sc1ccc(*)cc1,0.165856187
*Oc1ccc2c(c1)C1(CC2(C)C)CC(C)(C)c2ccc(OC(*)=O)cc21,0.198892107
*CC(*)C(=O)Oc1cccc(C(=O)OCC)c1,0.235991614
*CC(*)c1ccc(C(=O)CCCC)cc1,0.263241449
*c1ccc(Oc2c(C)cc(-c3cc(C)c(Oc4ccc(N5C(=O)c6ccc(Oc7ccccc7Oc7ccc8c(c7)C(=O)N(*)C8=O)cc6C5=O)cc4C(F)(F)F)c(C)c3)cc2C)c(C(F)(F)F)c1,0.215085171
*Oc1ccc(C(=O)Nc2cccc(C(O)Cc3ccc(NC(=O)c4ccc(*)cc4)cc3)c2)cc1,0.286060508
*C(O)C(*)O,0.503119958
*CC(*)OC(=O)C(F)(F)C(F)(F)F,0.134381971
*CC(*)c1ccc(C(=O)N2CCCCC2)cc1,0.235723579
*CC(*)C=C,0.273513817
*CC(*)C(=O)Oc1ccc(-c2ccccc2)cc1,0.225714507
*CC(*)(C)C(=O)OC1CCCCC1,0.188801438
*c1cccc(N2C(=O)c3ccc(Oc4ccc(C(C)(C)c5ccc(Oc6ccc7c(c6)C(=O)N(*)C7=O)cc5)cc4)cc3C2=O)c1,0.234647472
*CCOC(=O)c1cccc2c(C(=O)O*)cccc12,0.212331447
*CC(*)c1cc(C)c(C)cc1C,0.249066929
*CC(*)OCC(F)(F)F,0.150868966
*CC(*)c1ccc(OCCC(C)C)cc1,0.282457207
*c1ccc(Oc2ccc(Oc3ccc(N4C(=O)c5ccc(Oc6ccccc6Oc6ccc7c(c6)C(=O)N(*)C7=O)cc5C4=O)cc3C(F)(F)F)cc2)c(C(F)(F)F)c1,0.203445263
*CC/C=C(/*)C,0.304049871
*CCC(c1ccccc1)C(*)c1ccccc1,0.202492274
*Oc1ccc(-c2ccc(OC(=O)CCCCCCCCC(*)=O)cc2)cc1,0.290122557
*c1ccc(Oc2ccc(-c3ccc(Oc4ccc(N5C(=O)c6ccc(Oc7ccc(C8(c9ccc(Oc%10ccc%11c(c%10)C(=O)N(*)C%11=O)cc9)CCC(c9ccccc9)CC8)cc7)cc6C5=O)cc4)cc3C)c(C)c2)cc1,0.262426433
*CC(*)c1ccc(C(=O)OCC(C)C)cc1,0.237523806
*c1ccc2c(c1)C(=O)N(c1c(C)cc(C(c3cc(C)c(N4C(=O)c5ccc(C(*)(C(F)(F)F)C(F)(F)F)cc5C4=O)c(C)c3)c3cccc4ccccc34)cc1C)C2=O,0.161522154
*CC(*)c1ccc(CCCCCCCC)cc1,0.284941701
*CC(*)c1ccc(CCC)cc1,0.242985282
*/C=C/CCC*,0.289325665
*c1ccc(Oc2ccc(C(=O)c3ccc(Oc4ccc(C5(*)OC(=O)c6ccccc65)cc4)cc3)cc2)cc1,0.249754092
*CC(*)(C)C,0.239525744
*CC(*)(C)C(=O)OCc1ccccc1Cl,0.165076796
*CC(*)c1ccc(COCCCC)cc1,0.260603141
*CC(*)OC(C)C,0.241975026
*Oc1ccc(S(=O)(=O)c2ccc(Oc3ccc(C(=O)c4cc(C(=O)c5ccc(*)cc5)cc(C(C)(C)C)c4)cc3)cc2)cc1,0.21459288
*C(=O)c1ccc2c(c1)C(=O)N(c1c(C)cc(Cc3cc(C)c(N4C(=O)c5ccc(*)cc5C4=O)c(C)c3)cc1C)C2=O,0.220094916
*CCCCCCN1C(=O)c2ccc(Oc3ccc4c(c3)C(=O)N(*)C4=O)cc2C1=O,0.218711009
*Oc1cccc(Oc2cccc(*)c2)c1C#N,0.192496388
*CC(*)NC(=O)OC(C)(C)C,0.240864603
*CC(*)(C)C(=O)OCCC,0.217185653
*CC(*)c1ccc(C(O)CCN2CCOCC2)cc1,0.232670764
*Oc1cc(C(C)(C)C)c(Oc2ccc(C(=O)Nc3c(C)cc(C(C)(C)c4cc(C)c(NC(=O)c5ccc(*)cc5)c(C)c4)cc3C)cc2)cc1C(C)(C)C,0.26981997
*C(=O)Nc1cccc(NC(=O)c2ccc(N3C(=O)c4ccc(*)cc4C3=O)cc2)c1,0.316497691
*CCCCCCNC(=O)c1ccc(-c2ccc(C(=O)N*)cc2)cc1,0.289397059
*C(=O)Nc1ccc(NC(=O)c2ccc(N3C(=O)c4ccc(*)cc4C3=O)cc2)cc1,0.439609719
*CCCCCCNC(=O)c1cccc(C(=O)N*)c1,0.261246475
*/C=C\CCCC*,0.263602776
*Cc1ccc(COC(=O)O*)cc1,0.250103805
*CC(*)C(=O)Oc1ccc(Cl)cc1Cl,0.148391912
*c1ccc2c(c1)C(=O)N(c1ccc(Oc3ccc(N4C(=O)c5ccc(C(F)(F)C(F)(F)C(*)(F)F)cc5C4=O)cc3)cc1)C2=O,0.221414687
*Oc1cccc(S(=O)(=O)c2ccc(*)cc2)c1,0.169806655
*CC(*)c1ccc(-c2ccccc2)cc1,0.200955009
*CC(*)c1cccc2ccccc12,0.183531473
*CCCSS*,0.150655425
*Oc1ccc(C2(c3ccc(OC(*)=O)cc3)CCCCC2)cc1,0.218561417
*c1ccc(-c2ccc(-n3c(=O)c4cc5c(=O)n(*)c(=O)c5cc4c3=O)c(OC)c2)cc1OC,0.515087068
*Cc1cc(C(C)(C)c2ccc3c(c2)CN(C)CO3)cc(CN(*)C)c1O,0.206550984
*CCOC(=O)Nc1ccc(-c2ccc(NC(=O)O*)cc2)cc1,0.321865027
*CC(*)(C)C(=O)OCc1ccc(Cl)c(Cl)c1,0.142399015
*CC(*)c1ccc(CCCCCCCCCCCCCC)cc1,0.320037972
*Oc1ccc(Oc2ccc(C(=O)c3ccc(C(=O)c4ccc(*)cc4)c4ccccc34)cc2)cc1,0.231751558
*C(F)(F)C(*)(F)c1ccccc1,0.209551814
*c1cccc(N2C(=O)c3ccc(C(=O)c4ccc5c(c4)C(=O)N(*)C5=O)cc3C2=O)c1,0.246673488
*CCCC(*)(C)CC,0.255337725
*C(=O)Oc1ccc(C(C)(C)c2ccc(OC(=O)c3ccc4c(c3)C(=O)N(c3ccc(-c5ccc(N6C(=O)c7ccc(*)cc7C6=O)cc5)cc3)C4=O)cc2)cc1,0.29891003
*c1ccc(Oc2cccc(Oc3ccc(N4C(=O)c5ccc(-c6ccc7c(c6)C(=O)N(*)C7=O)cc5C4=O)cc3)c2)cc1,0.282900087
*CC(*)c1ccccc1CC,0.223756212
*CC(*)c1ccccc1C(=O)OCC(C)C,0.203326994
*CC(*)C(=O)n1c2ccccc2c2ccccc21,0.185889246
*/C(Cl)=C(/*)c1ccccc1,0.185906754
*CC(*)C(=O)OCC,0.261966182
*CC(*)C(=O)OCCCC,0.255094023
*C(F)(F)C(*)(F)C(F)(F)F,0.082200976
*C(=O)C1CCCN1*,0.222937579
*C(*)C(=O)OC,0.222112653
*c1ccc(Oc2cc3ccccc3cc2Oc2ccc(N3C(=O)c4ccc(Oc5ccc6c(c5)C(=O)N(*)C6=O)cc4C3=O)cc2)cc1,0.23259708
*CC(*)OC(=O)c1ccc(CC)cc1,0.231673795
*Oc1ccc(OC(=O)Oc2ccc(-c3ccc(OC(*)=O)cc3)cc2)cc1,0.329371007
*CC(*)c1cc(Br)ccc1OCC,0.139419841
*CCCCNC(=O)CCCCC(=O)N*,0.292070546
*C(F)(F)C(*)(OC(F)(F)F)OC(F)(F)F,0.096025647
*CC(*)CCc1ccc(C)cc1,0.23781263
*Oc1ccc(C(=O)c2ccc(*)cc2)cc1,0.276789879
*CC(*)c1cc(C)ccc1F,0.195322638
*Cc1cc(*)c(O)cc1C,0.226688307
*C(=O)c1ccc2c(c1)C(=O)N(c1ccc(Oc3c(C)cc(Cc4cc(C)c(Oc5ccc(N6C(=O)c7ccc(*)cc7C6=O)cc5)c(C)c4)cc3C)cc1)C2=O,0.236433639
*Oc1cc(C(C)(C)C)c(Oc2ccc(C(=O)Nc3ccc(C(C)(C)c4ccc(NC(=O)c5ccc(*)cc5)c(C)c4)cc3C)cc2)cc1C(C)(C)C,0.270258521
*CC(*)OC(=O)CC1CCCCC1,0.222720187
*C(=O)c1ccc2c(c1)C(=O)N(c1ccc(C3(c4ccc(N5C(=O)c6ccc(*)cc6C5=O)cc4)c4ccccc4-c4ccccc43)cc1)C2=O,0.227667352
*CC(*)(C)C(=O)OCc1ccc(Cl)cc1Cl,0.134920498
*c1ccc(Oc2ccc(N3C(=O)c4ccc(Oc5ccc(S(=O)(=O)c6ccc(Oc7ccc8c(c7)C(=O)N(*)C8=O)cc6)cc5)cc4C3=O)cc2)cc1,0.247598756
*C(=O)Nc1ccc(NC(=O)c2ccc3c(c2)C(=O)N(c2ccc(S(=O)(=O)c4ccc(N5C(=O)c6ccc(*)cc6C5=O)cc4)cc2)C3=O)cc1,0.302433401
*c1ccc(Oc2ccc(NC(=O)CN3C(=O)c4ccc(C(c5ccc6c(c5)C(=O)N(CC(=O)Nc5ccc(Oc7ccc(-c8nnc(*)o8)cc7)cc5)C6=O)(C(F)(F)F)C(F)(F)F)cc4C3=O)cc2)cc1,0.215864818
*NC(CCC(=O)OCCCCCC)C(*)=O,0.271224405
*CC(*)(C)C(=O)OCCO[N+](=O)[O-],0.219332193
*CC(*)(CC(=O)OCCCC1CCCCC1)C(=O)OCCCC1CCCCC1,0.238263021
*CC(*)OC(=O)C1(C)CCCCC1,0.199836391
*C(C)C(*)OCCCC,0.2476222
*Oc1ccc(S(=O)(=O)c2ccc(Oc3ccc(C(=O)c4cc(Br)cc(C(=O)c5ccc(*)cc5)c4)cc3)cc2)cc1,0.179353601
*CC(*)c1ccc(COCC(CC)CCCC)cc1,0.26087891
*CCC(C)CO*,0.231649902
*c1cccc(-c2nc3cc(-c4ccc5nc(*)c(-c6ccccc6)nc5c4)ccc3nc2-c2ccccc2)c1,0.231952429
*c1ccc(Oc2ccc(N3C(=O)c4ccc(Oc5ccc(C(c6ccc(Oc7ccc8c(c7)C(=O)N(*)C8=O)cc6)(C(F)(F)F)C(F)(F)F)cc5)cc4C3=O)cc2)cc1,0.220106642
*CC(*)C(=O)Oc1cccc(N(C)C)c1,0.265857865
*CC(*)c1ccccc1C(=O)OCCC(C)C,0.218106694
*c1ccc(Oc2ccc(N3C(=O)c4ccc(Oc5cccc6c5C(=O)N(*)C6=O)cc4C3=O)cc2)cc1,0.249143763
*CC(CC(*)(C#N)C(=O)OC)c1ccccc1,0.199800698
*Oc1ccc2c(c1)C1(CC2(C)C)CC(C)(C)c2ccc(OC(=O)c3ccc(C(*)=O)cc3)cc21,0.202420703
*c1ccc(Cc2ccc(N3C(=O)c4ccc(-c5ccc6c(c5)C(=O)N(*)C6=O)cc4C3=O)cc2)cc1,0.310513378
*CCCCCCOC(=O)CCCCCCCCC(=O)O*,0.281178878
*C(F)(F)C(*)(F)F,0.19501973
*c1ccc(C(=O)Oc2ccc(-n3c(=O)c4cc5c(=O)n(*)c(=O)c5cc4c3=O)cc2)cc1,0.402981581
*CC(*)c1ccc(Cl)cc1C,0.163669069
*CC(*)c1ccc(COCCOCC)cc1,0.249515883
*CC(*)(C)C(=O)OCCOC,0.229867686
*CC(*)(CC(=O)Oc1ccccc1)C(=O)Oc1ccccc1,0.188229452
*CC(*)OC(=O)C(F)(F)C(F)(F)C(F)(F)C(F)(F)F,0.117895156
*CC(*)OC(=O)C(C)(C)CCC,0.219638957
*CC(*)SC,0.202535215
*NC(CCC(=O)OCCCCC)C(*)=O,0.259084812
*CC(*)c1cccs1,0.196546556
*C1CCC(*)C1,0.284922378
*C=CC(C*)OC,0.240715701
*C(=O)Nc1ccc(C2(c3ccc(NC(=O)c4ccc5c(c4)C(=O)N(c4ccc(Sc6ccc(Oc7ccc(Sc8ccc(N9C(=O)c%10ccc(*)cc%10C9=O)cc8)cc7)cc6)cc4)C5=O)cc3)c3ccccc3-c3ccccc32)cc1,0.233545227
*CC(*)c1ccc(C)cc1C,0.214891697
*c1ccc(Oc2ccc(C(C)(C)c3ccc(Oc4ccc(N5C(=O)c6ccc(-c7ccc8c(c7)C(=O)N(*)C8=O)cc6C5=O)cc4)cc3)cc2)cc1,0.317184763
*CC(*)C(=O)C(C)(C)C,0.222675631
*CCCCOc1ccc(C(=O)OCCOC(=O)c2ccc(O*)cc2)cc1,0.250970317
*CC(*)c1ccc(COCCOCCCCCCCC)cc1,0.266343252
*C(=O)c1ccc2c(c1)C(=O)N(c1ccc(-c3ccc(-c4ccc(N5C(=O)c6ccc(*)cc6C5=O)cc4)cc3)cc1)C2=O,0.373595654
*CC(*)Cc1ccccc1,0.192462189
*c1ccc(Cc2ccc(-n3c(=O)c4cc5c(=O)n(*)c(=O)c5cc4c3=O)c(C)c2)cc1C,0.315176584
*C(=O)Oc1ccc(C(C)(C)c2ccc(OC(=O)c3ccc4c(c3)C(=O)N(c3ccc(Oc5ccc(N6C(=O)c7ccc(*)cc7C6=O)cc5)cc3)C4=O)cc2)cc1,0.279921661
*CC(*)C(=O)Oc1cccc(C(=O)OC)c1,0.234531676
*c1ccc(-c2ccc(N3C(=O)c4ccc(-c5ccc6c(c5)C(=O)N(*)C6=O)cc4C3=O)c(C)c2)cc1C,0.46287727
*c1cccc(Oc2ccc(S(=O)(=O)c3ccc(Oc4cccc(-n5c(=O)c6cc7c(=O)n(*)c(=O)c7cc6c5=O)c4)cc3)cc2)c1,0.218423483
*C(F)(F)C(*)(F)c1c(F)c(F)c(F)c(F)c1F,0.109340544
*CC(*)Cc1cccc(C)c1,0.213029156
*CC(*)(C)C#N,0.201063991
*c1ccc(-c2ccc(N3C(=O)c4ccc(-c5ccc6c(c5)C(=O)N(*)C6=O)cc4C3=O)cc2)cc1,0.509455585
*CC(*)c1ccc(CC)cc1,0.241331997
*CC(*)C(=O)N1CCOCC1,0.212390136
*c1ccc2c(c1)C(=O)N(c1ccc(-c3ccc(Oc4ccc5c(c4)C(C)(c4ccc(Oc6ccc(-c7ccc(N8C(=O)c9ccc(C(*)(C(F)(F)F)C(F)(F)F)cc9C8=O)cc7)cc6C(F)(F)F)cc4)CC5(C)C)c(C(F)(F)F)c3)cc1)C2=O,0.18898492
*c1ccc(NC(=O)CCCCC(=O)Nc2ccc(S(*)(=O)=O)cc2)cc1,0.241731039
*c1ccc(N2C(=O)c3ccc(Oc4ccc5c(c4)C(=O)N(*)C5=O)cc3C2=O)cc1,0.341065511
*CCCCCCCCCCCC(=O)N*,0.324815751
*CC(*)C(=O)OCCC#N,0.249017898
*c1ccc(Oc2ccc(Oc3ccc(N4C(=O)c5ccc(-c6ccc7c(c6)C(=O)N(*)C7=O)cc5C4=O)cc3)c(-c3ccccc3)c2)cc1,0.316411554
*CC(*)c1ccc(Oc2ccccc2)cc1,0.221253857
*CC(*)CCC(C)CC,0.265949678
*CC(*)OCCCCCCCCCCCCCCCCCC,0.364697261
*Oc1ccc(C(C)(c2ccccc2)c2ccc(OC(=O)c3cccc(C(*)=O)c3)cc2)cc1,0.225378547
*CC(*)c1ccc(Cl)cc1Cl,0.107893694
*c1ccc(Oc2cc(C(C)(C)C)ccc2Oc2ccc(-n3c(=O)c4cc5c(=O)n(*)c(=O)c5cc4c3=O)cc2)cc1,0.278141719
*c1ccc2c(c1)C(=O)N(c1cccc(Oc3cccc(Oc4cccc(N5C(=O)c6ccc(C(*)(C(F)(F)F)C(F)(F)F)cc6C5=O)c4)c3)c1)C2=O,0.163896306
*CCOC(=O)c1ccc(C(=O)O*)c2ccccc12,0.211562934
*CCCCCCN(C)C(=O)CCCCC(=O)N(*)C,0.281252179
*c1ccc(Oc2c(C)cc(C(C)(C)c3cc(C)c(Oc4ccc(N5C(=O)c6ccc(Oc7ccc(C8(c9ccc(Oc%10ccc%11c(c%10)C(=O)N(*)C%11=O)cc9)CCC(c9ccccc9)CC8)cc7)cc6C5=O)cc4)c(C)c3)cc2C)cc1,0.242419906
*Cc1cccc(CNC(=O)CCCCC(=O)N*)c1,0.254557959
*c1ccc(Oc2ccc(Oc3ccc(N4C(=O)c5ccc(-c6cccc7c6C(=O)N(*)C7=O)cc5C4=O)cc3)cc2)cc1,0.253562737
*CC(*)C(=O)OCCCCCCCCCCCCCCCCCC,0.332315444
*CC(*)c1ccc(C(C)(C)O)cc1,0.268025613
*c1ccc2c(c1)C(=O)N(c1ccc(C(c3ccc(N4C(=O)c5ccc(C(*)(C(F)(F)F)C(F)(F)F)cc5C4=O)cc3)(C(F)(F)F)C(F)(F)F)cc1)C2=O,0.150988967
*C(F)(F)C(*)(F)OC(F)C(F)F,0.143872872
*c1ccc(Sc2ccc3c(c2)Sc2ccc(Sc4ccc(-n5c(=O)c6cc7c(=O)n(*)c(=O)c7cc6c5=O)cc4)cc2S3)cc1,0.199953659
*CC(*)Cc1cc(C)ccc1C,0.219339206
*CC(*)c1ccc(OC)cc1,0.215501326
*c1ccc2sc3ccc(-c4nc5cc(-c6ccc7[nH]c(*)nc7c6)ccc5[nH]4)cc3c2c1,0.263202779
*CC(*)C(=O)OCCCCCC,0.259092425
*CCOC(=O)c1ccc(-c2ccc(C(=O)O*)cc2)cc1,0.256386682
*CC(*)CCC(C)(C)C,0.249457925
*Oc1ccc(C(C)(C)c2ccc(C(C)(C)c3ccc(OC(*)=O)c(C)c3)cc2)cc1C,0.234165789
*CCCCCCCCNC(=O)CCCCCCCCC(=O)N*,0.269519554
*Oc1cccc2ccc(OC(=O)c3ccccc3/C=C/c3ccc(/C=C/c4ccccc4C(*)=O)cc3)cc12,0.204757868
*c1ccc(Oc2c(C)cc(C(c3cc(C)c(Oc4ccc(N5C(=O)c6ccc(-c7ccc8c(c7)C(=O)N(*)C8=O)cc6C5=O)cc4)c(C)c3)c3cccc4ccccc34)cc2C)cc1,0.261279179
*Oc1cccc(CCCCCCCCCCc2cccc(OC(*)=O)c2)c1,0.235809342
*C(C)C(*)OC,0.217127213
*CC(*)C(=O)OCC(F)(F)C(F)(F)C(F)(F)F,0.134586462
*CC(*)c1ccc(C#N)cc1,0.174135805
*CC(*)(C)C(=O)OCC,0.214601581
*CC(*)c1cccc(-c2ccc(-c3ccccc3)cc2)c1,0.222348269
*CCC=C(*)c1ccccc1,0.209330511
*C=CCCCCCC*,0.302191029
*CC(*)c1ccc(Br)cc1,0.124850886
*Oc1ccc(S(=O)(=O)c2ccc(Oc3ccc(C(C)(C)c4ccc(*)cc4)cc3)c([N+](=O)[O-])c2)cc1[N+](=O)[O-],0.200486029
*c1ccc(Sc2ccc(-n3c(=O)c4cc5c(=O)n(*)c(=O)c5cc4c3=O)cc2)cc1,0.277607792
*c1ccc(Oc2ccc(Oc3ccc(N4C(=O)c5ccc(Oc6ccc(C7(c8ccc(Oc9ccc%10c(c9)C(=O)N(*)C%10=O)cc8)CCC(C(C)(C)C)CC7)cc6)cc5C4=O)cc3)c(C(C)(C)C)c2)cc1,0.275312596
*CC(*)C(=O)OCCCCCCC,0.258296751
*CC(*)C(=O)OC,0.249473618
*CC(*)CNc1ccc([N+](=O)[O-])cc1C,0.245603324
*CC(*)CC1CCCCC1,0.229332958
*CC(*)c1ccccc1C(=O)OC,0.193160544
*CCCCCCCCCNC(=O)c1ccc(C(=O)N*)cc1,0.305511131
*CC(*)OC(=O)C(C)(C)CC(C)(C)C,0.214976534
*Oc1ccc(SC(=O)Sc2ccc(*)cc2)cc1,0.187987361
*CC(*)Cl,0.142730624
*c1ccc(Oc2ccc(N3C(=O)c4ccc(Oc5ccc6c(c5)C(=O)N(*)C6=O)cc4C3=O)cc2)cc1,0.318102166
*CC(*)c1ccccc1C(=O)OCCC,0.209516095
*CC(*)C(=O)N(C)C,0.254840576
*CCOC(=O)Nc1cccc(NC(=O)O*)c1,0.261495011
*CC(*)C1CCCC1,0.231107263
*CC(*)(C)C(=O)OC,0.214253377
*CC(*)(CC(=O)OCCCCCCC)C(=O)OCCCCCCC,0.268835353
*CC(*)C(=O)OC(C(F)(F)F)C(F)(F)F,0.132233355
*CC(*)CCCCCCCCCCCCC,0.349106811
*CC(*)c1ccccc1C(=O)OCCCCC,0.230202874
*OC1C(COC(C)=O)OC(*)C(OC(C)=O)C1OC(C)=O,0.20138397
*Nc1cccc(C(O)Cc2ccc(NC(=O)c3ccc(C(*)=O)cc3)cc2)c1,0.295623458
*c1cc(CCCC)c(*)s1,0.320117807
*CC1CCC(*)C1,0.316659421
*c1ccc(Oc2c(C)cc(Cc3cc(C)c(Oc4ccc(-n5c(=O)c6cc7c(=O)n(*)c(=O)c7cc6c5=O)cc4)c(C)c3)cc2C)cc1,0.252482603
*OC1C(CO)OC(*)C(N)C1O,0.348907876
*C(=O)c1ccc2c(c1)C(=O)N(c1ccc(-c3ccc(N4C(=O)c5ccc(*)cc5C4=O)cc3)cc1)C2=O,0.374004427
*CC(*)C(=O)OCc1ccccc1,0.203084164
*CC(*)c1cccc(C)n1,0.231875326
*c1ccc2c(c1)C(=O)N(c1ccc(Oc3ccc(N4C(=O)c5ccc(C(C)(C)CCCCC(*)(C)C)cc5C4=O)cc3)cc1)C2=O,0.234181621
*CCC(C)C(*)C,0.254887827
*CC(*)c1ccc(C(C)CC)cc1,0.23187009
*c1ccc(Oc2cccc(Oc3ccc(N4C(=O)c5ccc(Oc6ccc7c(c6)C(=O)N(*)C7=O)cc5C4=O)cc3)c2)cc1,0.239797409
*CC(*)OC(=O)CC,0.254353251
*Oc1ccc(Oc2ccc(C(=O)c3ccc(*)cc3)cc2)cc1,0.28329363
*CC(*)CC(C)C,0.240918065
*C(=O)c1ccc2c(c1)C(=O)N(c1ccc(Oc3ccc(-c4ccc(Oc5ccc(N6C(=O)c7ccc(*)cc7C6=O)cc5)cc4)cc3)cc1)C2=O,0.33194566
*Oc1cccc2c(OC(=O)Oc3ccc(OC(*)=O)cc3)cccc12,0.241562638
*CC(*)c1ccc(C(=O)CCN2CCCCC2)cc1,0.245284571
*CC(*)c1ccc(Cl)cc1,0.150273069
*CC(*)c1ccc(C(=O)CCCCCCC)cc1,0.271736697
*CC(*)CCCCCCCCC,0.296879704
*CC(*)P(=O)(c1ccccc1)c1ccccc1,0.152952702
*C(=O)NCCNC(=O)c1ccc(N2C(=O)c3ccc(*)cc3C2=O)cc1,0.262578056
*CC(*)OC(C)CC,0.235279019
*CC(*)C(=O)Oc1ccc(C(=O)OCC)cc1,0.254460099
*c1ccc(C(c2ccc(N3C(=O)c4cc5c(cc4C3=O)C(C(F)(F)F)(C(F)(F)F)c3cc4c(cc3O5)C(=O)N(*)C4=O)cc2)(C(F)(F)F)C(F)(F)F)cc1,0.206835687
*c1cccc(N2C(=O)c3ccc(Oc4ccc5c(c4)C4(CC(C)(C)c6ccc(Oc7ccc8c(c7)C(=O)N(*)C8=O)cc64)CC5(C)C)cc3C2=O)c1,0.195425517
*c1cccc(Oc2ccc(-n3c(=O)c4cc5c(=O)n(*)c(=O)c5cc4c3=O)cc2)c1,0.262134449
*c1ccc(Oc2ccc(Oc3ccc(N4C(=O)c5ccc(Oc6ccc7c(c6)C(=O)N(*)C7=O)cc5C4=O)cc3)cc2)cc1,0.260809088
*CC(*)C(=O)Oc1ccc(C(=O)OC)cc1,0.246881391
*CC(*)OC,0.262373678
*Oc1ccc(C(C)(C)c2ccc(OC(=O)SCCCCCCSC(*)=O)cc2)cc1,0.197531069
*CCCCCCOC(=O)CCCCCCCC(=O)O*,0.283677138
*c1cc(C(c2ccc(O)c(-n3c(=O)c4cc5c(=O)n(*)c(=O)c5cc4c3=O)c2)(C(F)(F)F)C(F)(F)F)ccc1O,0.188839787
*Oc1ccc(C(c2ccccc2)(c2ccccc2)c2ccc(OC(*)=O)cc2)cc1,0.211523164
*CC(*)c1ccc(C(=O)N2CCOCC2)cc1,0.22605657
*CC(*)(C)C(=O)OCc1ccc(Cl)cc1,0.167641229
