SMILES,eps
*CCC(=O)O*,3.39
*CC(=O)C(=S)C(*)=O,6.33
*CCC(=O)C(*)=S,4.76
*CCNc1ccc(*)s1,3.76
*C(=S)OC(=S)c1ccc(*)s1,6.22
*Nc1ccc(C(=O)O*)cc1,4.61
*CC(=O)Nc1ccc(*)cc1,4.03
*CC(=O)NC(*)=S,4.69
*CNCC(*)=S,3.85
*Cc1ccc(C(=O)C(*)=S)cc1,4.22
*Cc1ccc(OC(*)=S)s1,4.25
*CC(=O)Nc1ccc(*)s1,4.12
*Cc1ccc(-c2ccc(O*)s2)s1,4.19
*C(=S)Oc1ccc(-c2ccc(*)cc2)s1,5.67
*Cc1ccc(-c2ccc(-c3ccc(*)s3)cc2)cc1,4.21
*Nc1ccc(-c2ccc(C(*)=O)s2)s1,7.09
*OC(F)(F)c1ccc(C(*)(F)F)s1,3.93
*C(=O)c1ccc(C(=S)c2ccc(*)s2)s1,6.22
*CCC(=O)c1ccc(*)s1,4.12
*CNCCCOCO*,3.54
*CC(=S)OC(*)=S,4.36
*NC(=S)NO*,6.07
*CCCO*,3.03
*Oc1ccc(Oc2ccc(*)cc2)s1,3.82
*CCCCCOCO*,3.06
*Nc1ccc(-c2ccc(C(*)=S)cc2)s1,5.47
*Oc1ccc(C(=O)c2ccc(C(=O)NOC(*)=O)s2)cc1,4.55
*CC(=O)OC(*)=O,3.95
*CC(=S)NO*,5.15
*Cc1ccc(-c2ccc(O*)cc2)cc1,3.79
*c1ccc(-c2ccc(-c3ccc(-c4ccc(*)s4)s3)cc2)cc1,7.13
*Cc1ccc(CC(*)=S)cc1,3.68
*CC(=O)c1ccc(-c2ccc(*)cc2)s1,4.58
*NC(=O)c1ccc(-c2ccc(*)s2)cc1,5.23
*C(=S)C(F)(F)c1ccc(C(*)(F)F)cc1,3.7
*CCNC(*)=S,4.24
*CONC(*)=O,4.13
*Oc1ccc(C(F)(F)C(*)(F)F)cc1,3.63
*NC(=S)Nc1ccc(NC(=S)Nc2ccc(Cc3ccc(*)cc3)cc2)cc1,4.55
*Cc1ccc(Oc2ccc(*)s2)s1,3.63
*c1ccc(-c2nc3cc4nc(*)oc4cc3o2)cc1,5.68
*OC(=S)Oc1ccc(*)s1,4.48
*Cc1ccc(C(=O)N*)cc1,3.96
*OC(F)(F)c1ccc(C(*)(F)F)cc1,3.68
*Oc1ccc(-c2ccc(C(*)=O)s2)s1,5.23
*CCC(O*)(C(F)(F)F)C(F)(F)F,3.05
*CCOC(=S)NC(=S)c1ccc(N*)cc1,5.17
*C(=O)NC(=O)c1ccc(*)cc1,4.45
*C(=S)C(F)(F)CC(*)(F)F,3.78
*NC(=O)OC(*)=S,5.76
*c1ccc(NC(F)(F)C(*)(F)F)s1,4.5
*CO*,3.72
*CNCC(*)=O,3.5
*COc1ccc(O*)s1,3.85
*Cc1ccc(-c2ccc(N*)s2)s1,4.54
*Nc1ccc(-c2ccc(-c3ccc(*)s3)cc2)s1,6.83
*OCCCCONC(*)=O,3.69
*CNC(=S)O*,4.57
*CC(O*)C(F)(F)F,2.7
*C(F)C(*)(F)F,3.06
*OC(F)(F)NC(*)(F)F,4.04
*NCC(F)(F)C(*)(F)F,4.32
*CCCOC(=O)CCCCCCCCOC(=O)CCCOC(=O)CCCCCCCCOC(*)=O,3.05
*CCO*,3.15
*C(=O)c1ccc(C(=S)c2ccc(*)s2)cc1,5.13
*CC(=O)c1ccc(C(*)=O)cc1,4.2
*c1ccc(C(F)(F)NC(*)(F)F)cc1,3.77
*OCCC(=O)CC(=O)Oc1ccc(*)cc1,3.67
*NOC(F)(F)C(*)(F)F,3.73
*Oc1ccc(Oc2ccc(*)s2)s1,3.9
*CC(=O)Cc1ccc(*)s1,3.59
*CNC(=S)C(*)=O,5.35
*CCCC(*)=O,3.27
*Cc1ccc(C(=O)C(*)=S)s1,4.34
*Cc1ccc(-c2ccc(-c3ccc(*)s3)s2)s1,4.39
*CC(CC(CC(*)c1ccccn1)c1ccccn1)c1ccccn1,3.19
*c1ccc(-c2ccc(C(F)(F)C(*)(F)F)s2)s1,4.36
*CNc1ccc(C(*)=O)s1,5.29
*C(=O)C(F)(F)C(=O)C(*)(F)F,3.77
*NC(=O)c1ccc(NC(=S)c2ccc(Nc3ccc(*)cc3)cc2)s1,6.07
*NC(=O)NC(*)=O,5.39
*CONO*,4.25
*Oc1ccc(OC(*)=O)cc1,3.95
*c1ccc(NC(F)(F)C(*)(F)F)cc1,3.92
*CNOC(*)=S,3.89
*CCCCCCNC(=S)Nc1ccc(NC(=S)N*)cc1,4.17
*c1ccc(*)cc1,4.48
*c1ccc(C(F)(F)C(=O)C(*)(F)F)cc1,3.57
*CC(*)F,3.36
*CNCO*,3.53
*CCc1ccc(C(*)=S)s1,4.38
*OC(=S)c1ccc(C(*)=O)s1,5.45
*Nc1ccc(-c2ccc(-c3ccc(*)cc3)s2)cc1,5.91
*CC(=O)c1ccc(-c2ccc(*)s2)s1,4.89
*c1ccc(C(F)(F)c2ccc(C(*)(F)F)cc2)s1,4.0
*C(=O)c1ccc(C(=O)c2ccc(*)s2)s1,7.04
*c1ccc(CC(F)(F)C(*)(F)F)s1,3.59
*COC(=S)O*,4.34
*CCCc1ccc(*)s1,3.2
*CCc1ccc(-c2ccc(*)cc2)cc1,3.58
*Nc1ccc(Nc2ccc(*)s2)s1,4.34
*CNC(=O)ONC(=O)NO*,4.65
*c1ccc(-c2ccc(-c3ccc(-c4ccc(*)s4)cc3)cc2)cc1,5.39
*NCCCNC(=O)NC(*)=O,4.19
*Cc1ccc(CO*)s1,4.0
*NC(=S)Nc1ccc(NC(=S)Nc2ccc(Oc3ccc(*)cc3)cc2)cc1,5.43
*Cc1ccc(OC(*)=S)cc1,3.66
*Cc1ccc(Cc2ccc(*)cc2)cc1,3.41
*Nc1ccc(Oc2ccc(*)cc2)cc1,4.38
*CCCC(*)=S,3.29
*Oc1ccc(-c2ccc(C(*)=O)cc2)cc1,4.1
*Nc1ccc(C(=O)c2ccc(*)s2)s1,8.01
*OC(=S)Oc1ccc(*)cc1,4.1
*Nc1ccc(OC(*)=S)s1,5.02
*Cc1ccc(NC(*)=S)s1,4.42
*Nc1ccc(Oc2ccc(*)s2)s1,4.14
*CC(=O)CO*,3.7
*c1ccc(C(F)(F)C(=O)C(*)(F)F)s1,4.05
*CNc1ccc(O*)cc1,4.14
*Nc1ccc(-c2ccc(C(*)=S)s2)s1,8.62
*NC(=O)Oc1ccc(*)s1,4.64
*c1ccc(C(=S)c2ccc(-c3ccc(*)s3)s2)cc1,8.4
*Nc1ccc(NC(=O)NONC(*)=O)s1,6.1
*c1ccc(C(=O)C(F)(F)C(*)(F)F)s1,3.93
*NC(=S)c1ccc(C(*)=S)s1,6.57
*CC(=O)c1ccc(O*)s1,4.43
*CCOCCOC(=O)O*,3.32
*CNCN*,3.29
*CNCNC(=O)NC(=O)N*,3.92
*CNc1ccc(N*)s1,4.18
*CCC(=O)OC(=O)Cc1ccc(-c2ccc(*)cc2)cc1,3.47
*CC(=O)O*,3.99
*C(=O)c1ccc(Oc2ccc(*)s2)cc1,4.79
*C(=S)c1ccc(C(=S)c2ccc(*)cc2)cc1,3.8
*Cc1ccc(Nc2ccc(*)s2)cc1,4.02
*C(=O)c1ccc(C(=O)c2ccc(*)s2)cc1,4.76
*C(=O)Oc1ccc(C(*)=S)cc1,4.83
*Oc1ccc(C(=O)c2ccc(*)cc2)cc1,4.32
*CNCCNC(=O)OC*,3.67
*CC(=O)CC(*)=O,3.79
*NOC(=O)NCC(=O)NC(*)=O,5.02
*CCc1ccc(O*)cc1,3.46
*NC(=O)NO*,5.14
*CNC(=O)C(*)=S,5.23
*C(=O)C(F)(F)NC(*)(F)F,4.75
*C(=O)c1ccc(-c2ccc(C(*)=S)cc2)s1,5.9
*Cc1ccc(Cc2ccc(*)s2)s1,3.65
*Nc1ccc(NC(=O)NC(=O)NC(*)=O)s1,5.34
*Oc1ccc(OC(*)=O)s1,4.26
*NC(=O)Nc1ccc(*)s1,4.94
*C(=S)C(F)(F)c1ccc(C(*)(F)F)s1,3.9
*Oc1ccc(-c2ccc(-c3ccc(*)cc3)cc2)cc1,3.87
*C(=S)c1ccc(-c2ccc(-c3ccc(*)cc3)cc2)cc1,4.57
*CCOCCOC(=O)Nc1ccc(C)c(NC(=O)O*)c1,3.82
*C(=S)c1ccc(-c2ccc(-c3ccc(*)cc3)s2)cc1,5.87
*CNc1ccc(C(*)=S)s1,6.19
*Nc1ccc(C(=O)O*)s1,6.18
*NC(=O)Oc1ccc(*)cc1,4.54
*NC(=S)OC(*)=S,6.0
*CNc1ccc(-c2ccc(*)cc2)s1,4.18
*Cc1ccc(C*)cc1,3.97
*c1ccc(-c2ccc(C(F)(F)C(*)(F)F)cc2)s1,3.57
*NC(=O)Nc1ccc(*)cc1,4.69
*Oc1ccc(C(=S)c2ccc(*)cc2)cc1,4.95
*C(=S)CC(F)(F)C(*)(F)F,3.81
*CC(=S)c1ccc(C(*)=S)s1,6.4
*CCCCCC(=O)O*,3.12
*CC(=O)C(=S)c1ccc(*)cc1,4.62
*NC(=O)C(=S)c1ccc(*)cc1,5.85
*NC(=O)c1ccc(C(*)=O)s1,5.39
*CNCc1ccc(*)s1,3.53
*OC(=S)C(F)(F)C(*)(F)F,3.68
*CC(=S)CC(*)=S,3.96
*CCCCCCC(=O)N*,3.34
*NC(=O)c1ccc(-c2ccc(*)cc2)s1,5.9
*Nc1ccc(C(=S)c2ccc(*)cc2)s1,6.46
*NOc1ccc(O*)cc1,4.11
*Nc1ccc(C(=S)c2ccc(*)s2)s1,6.36
*Nc1ccc(NC(*)=S)s1,5.78
*c1ccc(C(F)(F)CC(*)(F)F)cc1,3.47
*CCCCCOC(=O)O*,3.09
*OC(F)(F)OC(*)(F)F,3.8
*C(=O)c1ccc(C(=S)c2ccc(*)cc2)cc1,4.98
*C(=S)OC(=S)c1ccc(*)cc1,5.52
*CC(=O)C(=S)c1ccc(*)s1,4.85
*c1ccc(CC(F)(F)C(*)(F)F)cc1,3.38
*OC(F)(F)C(=O)C(*)(F)F,3.55
*Cc1ccc(-c2ccc(C(*)=S)s2)s1,5.34
*Nc1ccc(-c2ccc(C(=S)c3ccc(-c4ccc(Nc5ccc(*)cc5)s4)s3)s2)s1,6.88
*Cc1ccc(Nc2ccc(*)cc2)cc1,3.94
*Cc1ccc(NO*)s1,4.04
*CCCCCOC(=O)Nc1ccc(C)c(NC(=O)O*)c1,3.72
*CC(=O)c1ccc(-c2ccc(*)cc2)cc1,3.96
*CC(=O)Cc1ccc(*)cc1,3.64
*NC(F)(F)CC(*)(F)F,3.9
*c1ccc(C(=O)C(F)(F)C(*)(F)F)cc1,3.85
*Cc1ccc(-c2ccc(C(*)=S)cc2)cc1,4.45
*CC(=S)NC(*)=S,5.73
*C(=O)Oc1ccc(C(*)=S)s1,5.33
*NCNC(=O)OC(=O)NC(*)=O,4.67
*CCOC(=O)c1ccc(C(=O)O*)cc1,3.82
*C(=O)NC(F)(F)C(*)(F)F,3.53
*Nc1ccc(-c2ccc(-c3ccc(*)s3)s2)cc1,4.74
*CC(=S)C(=O)O*,4.54
*Nc1ccc(C(=S)c2ccc(*)cc2)cc1,6.72
*CC(=O)CC(*)=S,3.82
*C(=O)c1ccc(C(=O)c2ccc(*)cc2)cc1,4.54
*C(=O)c1ccc(OC(*)=S)cc1,5.05
*C(=O)c1ccc(-c2ccc(-c3ccc(*)cc3)cc2)cc1,4.43
*Cc1ccc(-c2ccc(-c3ccc(*)s3)s2)cc1,4.02
*C(=S)C(F)(F)NC(*)(F)F,4.49
*Nc1ccc(Oc2ccc(*)s2)cc1,4.14
*NC(=S)c1ccc(O*)s1,5.61
*C(=O)c1ccc(Oc2ccc(*)s2)s1,5.0
*NC(F)(F)NC(*)(F)F,4.43
*c1ccc(C(F)(F)CC(*)(F)F)s1,3.75
*Nc1ccc(C(=O)C(*)=S)cc1,5.95
*c1ccc(C(F)(F)c2ccc(C(*)(F)F)cc2)cc1,3.82
*Cc1ccc(Oc2ccc(*)s2)cc1,3.59
*C(=O)c1ccc(-c2ccc(-c3ccc(*)s3)cc2)s1,7.44
*CNC(=S)c1ccc(*)s1,4.55
*c1ccc(C(F)(F)NC(*)(F)F)s1,4.48
*Cc1ccc(C(=S)O*)s1,4.71
*c1ccc(C(=S)c2ccc(C(=S)C(=O)Nc3ccc(-c4ccc(*)s4)cc3)s2)s1,7.03
*C(=O)c1ccc(-c2ccc(-c3ccc(*)cc3)s2)cc1,5.86
*OC(=S)c1ccc(-c2ccc(*)cc2)cc1,4.56
*Nc1ccc(-c2ccc(C(*)=S)cc2)cc1,4.84
*CCC(=O)c1ccc(*)cc1,3.81
*C(=S)Oc1ccc(-c2ccc(*)s2)s1,5.88
*COc1ccc(-c2ccc(*)cc2)s1,4.15
*C(=S)NC(F)(F)C(*)(F)F,3.81
*Cc1ccc(-c2ccc(-c3ccc(*)cc3)s2)cc1,3.99
*Oc1ccc(C(=S)c2ccc(*)cc2)s1,4.54
*COC(=O)O*,3.73
*CCON*,3.46
*OCC(=S)c1ccc(C(=S)Cc2ccc(-c3ccc(*)cc3)cc2)s1,4.62
*c1ccc(-c2ccc(-c3ccc(-c4ccc(*)s4)cc3)s2)cc1,4.25
*Cc1ccc(C(=O)c2ccc(*)cc2)cc1,3.96
*NC(=S)Nc1ccc(*)cc1,5.66
*CCCCOC(=O)c1ccc(C(=O)O*)cc1,3.59
*CNOc1ccc(*)s1,3.82
*Nc1ccc(OC(*)=S)cc1,4.5
*Oc1ccc(-c2ccc(-c3ccc(*)s3)s2)s1,5.59
*CC(=O)NC(*)=O,4.4
*Nc1ccc(*)cc1,5.52
*Oc1ccc(Cc2ccc(*)cc2)cc1,3.5
*CCc1ccc(C(*)=S)cc1,3.9
*Cc1ccc(C(=O)c2ccc(*)s2)s1,4.69
*c1ccc(-c2ccc(C(F)(F)C(*)(F)F)cc2)cc1,3.97
*c1ccc(C(F)(F)c2ccc(C(*)(F)F)s2)s1,4.41
*C(=O)c1ccc(OC(*)=S)s1,6.41
*CNOc1ccc(*)cc1,3.65
*Cc1ccc(-c2ccc(O*)cc2)s1,4.05
*OC(F)(F)C(=S)C(*)(F)F,3.6
*NC(=S)NC(*)=S,6.08
*CCOC(=O)NCCOCCOCCNC(=O)O*,3.53
*C(=S)c1ccc(C(F)(F)C(*)(F)F)s1,4.44
*Nc1ccc(-c2ccc(C(*)=S)s2)cc1,6.84
*OC(=S)c1ccc(C(*)=O)cc1,5.24
*Cc1ccc(C(=S)O*)cc1,3.95
*CC(=O)C(=S)O*,4.8
*Cc1ccc(C(=S)c2ccc(*)s2)cc1,4.17
*CC(=O)c1ccc(C(*)=S)s1,4.78
*CNc1ccc(-c2ccc(*)s2)cc1,4.42
*OC(F)(F)CC(*)(F)F,3.47
*CC(=O)c1ccc(-c2ccc(*)s2)cc1,4.71
*CCNc1ccc(*)cc1,3.54
*C(=O)c1ccc(-c2ccc(C(*)=S)s2)s1,6.5
*Cc1ccc(CC(*)=S)s1,3.57
*OC(=S)OC(*)=O,4.16
*Cc1ccc(C(=S)c2ccc(*)s2)s1,4.36
*NC(=O)NC(*)=S,7.36
*c1cccc(*)n1,4.35
*NC(=O)OC(*)=O,5.35
*Cc1ccc(NC(*)=S)cc1,4.11
*CCCN*,3.03
*C(=S)c1ccc(C(F)(F)C(*)(F)F)cc1,4.33
*Nc1ccc(-c2ccc(-c3ccc(*)s3)cc2)cc1,5.94
*Nc1ccc(Nc2ccc(*)s2)cc1,5.07
*CC(*)(F)F,3.37
*Nc1ccc(NO*)cc1,4.2
*CC(=O)N*,4.01
*Nc1cccc(C(*)=O)c1,4.43
*c1ccc(-c2ccc(C(=S)c3ccc(*)s3)s2)cc1,9.09
*CC(=S)c1ccc(N*)cc1,5.48
*CC(=S)c1ccc(O*)cc1,4.45
*C(=S)C(=O)CCNc1ccc(C(=S)c2ccc(*)cc2)cc1,6.47
*Oc1ccc(-c2ccc(C(*)=O)s2)cc1,5.45
*CNC(=S)c1ccc(*)cc1,3.99
*Cc1ccc(-c2ccc(C(*)=S)s2)cc1,4.61
*C(=O)c1ccc(-c2ccc(C(*)=S)cc2)cc1,5.49
*NC(=O)c1ccc(-c2ccc(*)cc2)cc1,4.85
*C(=S)c1ccc(C(=S)c2ccc(*)cc2)s1,6.78
*NC(=S)C(=O)O*,6.34
*CC(=S)C(=O)C(*)=S,5.61
*Oc1ccc(CC(*)=O)cc1,3.52
*C(=S)c1ccc(-c2ccc(-c3ccc(*)cc3)cc2)s1,6.66
*NC(=O)C(=S)O*,6.14
*Oc1ccc(-c2ccc(-c3ccc(*)cc3)s2)s1,5.17
*C(=O)C(F)(F)CC(*)(F)F,3.64
*NC(=S)c1ccc(O*)cc1,4.57
*C(=O)c1ccc(-c2ccc(-c3ccc(*)s3)cc2)cc1,6.15
*CNc1ccc(C(*)=O)cc1,4.8
*NC(=O)C(=S)C(*)=O,6.53
*CCc1ccc(-c2ccc(*)s2)s1,3.82
*Cc1ccc(C(=S)c2ccc(*)cc2)cc1,4.09
*CC(=O)OC(*)=S,3.78
*CCc1ccc(O*)s1,3.63
*CC(=S)c1ccc(O*)s1,5.64
*OCC(F)(F)C(*)(F)F,3.5
*CCCCCCN1C(=O)c2ccc(C(=O)c3ccc4c(c3)C(=O)N(*)C4=O)cc2C1=O,3.79
*OC(=O)c1ccc(C(*)=O)cc1,5.0
*CCOC(=O)CCCCCCC(=O)O*,3.16
*C(=O)c1ccc(-c2ccc(-c3ccc(*)s3)s2)s1,8.28
*Cc1ccc(C(=O)O*)cc1,4.03
*C(=O)c1ccc(NC(=S)Oc2ccc(Nc3ccc(*)s3)s2)s1,5.35
*C(=O)CC(F)(F)C(*)(F)F,3.37
*CCCc1ccc(*)cc1,3.14
*CCOC(=O)CCCCC(=O)O*,3.25
*OC1C(CO)OC(*)C(O)C1O,3.78
*CC(=O)c1ccc(C(*)=S)cc1,4.71
*CNc1ccc(O*)s1,4.2
*Cc1ccc(-c2ccc(C(*)=S)cc2)s1,4.8
*CC(CC(CC(CC(*)c1ccccc1)c1ccccc1)c1ccccc1)c1ccccc1,2.71
*Oc1ccc(C(F)(F)C(*)(F)F)s1,3.9
*NC(=S)Nc1ccc(Cc2ccc(*)cc2)cc1,4.19
*NC(=O)NC(=O)c1ccc(C(=S)c2ccc(-c3ccc(*)s3)s2)s1,6.31
*Nc1ccc(C(=O)C(*)=S)s1,7.64
*OC(=O)OC(*)=O,4.67
*Cc1ccc(Nc2ccc(*)s2)s1,3.83
*Nc1ccc(-c2ccc(O*)cc2)cc1,4.41
*CNC(=O)NCOCO*,4.22
*Sc1ccc(*)cc1,4.15
*CNC(=O)c1ccc(*)s1,4.11
*CCc1ccc(-c2ccc(*)s2)cc1,3.75
*Cc1ccc(-c2ccc(-c3ccc(*)s3)cc2)s1,3.91
*CCC(=O)N*,3.61
*CC(=S)CO*,4.16
*NC(=O)c1ccc(O*)s1,4.85
*Nc1ccc(C(=O)c2ccc(*)s2)cc1,6.11
*Oc1ccc(-c2ccc(-c3ccc(*)cc3)cc2)s1,5.01
*C(=O)c1ccc(C(=O)C(*)=S)cc1,5.0
*OC(=O)C(F)(F)C(*)(F)F,3.31
*C(=S)C(=O)C(F)(F)C(*)(F)F,4.75
*Cc1ccc(CO*)cc1,3.47
*NC(=O)c1ccc(O*)cc1,4.32
*NOC(=O)O*,4.3
*Nc1ccc(-c2ccc(-c3ccc(*)cc3)cc2)cc1,4.29
*COCOCCCO*,3.51
*CCC(=S)O*,3.71
*Cc1ccc(Cc2ccc(*)s2)cc1,3.4
*Cc1ccc(C(=O)c2ccc(*)s2)cc1,4.07
*CC(*)C,2.61
*CNON*,3.62
*OC(=O)c1ccc(C(*)=O)s1,4.57
*CCC(F)(F)C(*)(F)F,3.08
*C(=O)c1ccc(-c2ccc(-c3ccc(*)s3)s2)cc1,5.1
*Oc1ccc(C(=S)c2ccc(*)s2)s1,4.89
*CNc1ccc(N*)cc1,4.2
*CC(=O)c1ccc(O*)cc1,3.8
*CNC(=S)N*,5.58
*Nc1ccc(-c2ccc(-c3ccc(*)s3)s2)s1,7.17
*C(=O)c1ccc(-c2ccc(C(*)=S)s2)cc1,5.75
*Oc1ccc(-c2ccc(C(*)=O)cc2)s1,4.73
*C(=O)C(=S)OC(*)=S,6.46
*NC(=O)c1ccc(C(*)=S)cc1,5.0
*NC(=O)c1ccc(C(*)=S)s1,6.12
*NOC(=S)O*,5.13
*NC(=O)C(=S)c1ccc(*)s1,8.51
*Cc1ccc(C(=O)O*)s1,4.17
*C(=O)c1ccc(C(=O)C(*)=S)s1,6.61
*CC(=O)c1ccc(C(*)=O)s1,4.49
*c1ccc2oc(-c3ccc4nc(*)oc4c3)nc2c1,4.77
*c1ccc(-c2ccc(Oc3ccc(*)s3)s2)cc1,5.22
*c1ccc(OC(=S)c2ccc(*)s2)cc1,5.49
*CNCc1ccc(*)cc1,3.37
*Cc1ccc(-c2ccc(N*)cc2)cc1,4.35
*CC(=O)Oc1ccc(*)s1,3.92
*Cc1ccc(-c2ccc(-c3ccc(*)cc3)cc2)cc1,3.67
*COc1ccc(O*)cc1,3.8
*Oc1ccc(-c2ccc(-c3ccc(*)cc3)s2)cc1,4.91
*c1ccc(-c2ccc(-c3ccc(-c4ccc(*)s4)s3)s2)cc1,8.85
