SMILES,Xc
*CCCCCCCCCCOC(=O)CCCCCNC(=O)c1ccc(C(=O)NCCCCCC(=O)O*)cc1,24.04
*Oc1ccc(Oc2ccc(Oc3ccc(OC(=O)c4ccc(Oc5ccc(Oc6ccc(C(*)=O)cc6)cc5)cc4)cc3)cc2)cc1,76.73
*OC(CC(*)=O)C(Cl)(Cl)Cl,9.71
*c1ccc(Oc2ccc(-c3ccc(Oc4ccc(N5C(=O)c6ccc(Oc7ccc8c(c7)C(=O)N(*)C8=O)cc6C5=O)cc4)cc3)cc2)cc1,78.27
*CCCCCCCCCCOC(=O)CCCCCNC(=O)CCCCC(=O)NCCCCCC(=O)O*,19.33
*CCOCC(=O)O*,55.93
*CCCCCCCCCOC(=O)C(O)C(O)C(=O)O*,48.33
*CCCCCCCCCCCCCCOC(=O)CCCCCCC(=O)O*,87.94
*CCCCCCCCCOC(=O)CCC(=O)O*,49.36
*CC(C)(C)COC(=O)O*,26.11
*CCCCCCNC(=O)C(CCCCC)C(=O)N*,21.49
*CCOC(=O)CCCCC(=O)O*,69.34
*CC(*)C(=O)OCCCCCCCCCCCN1C(=O)c2ccc3c4ccc5c6c(ccc(c7ccc(c2c37)C1=O)c64)C(=O)N(C(CCCCCCC)CCCCCCC)C5=O,6.12
*Oc1ccc(Oc2ccc(C(=O)c3ccc(*)cc3)cc2)cc1,31.10578095
*Oc1ccc(Oc2cccc(C(=O)Oc3ccc(OC(=O)c4cccc(*)c4)cc3)c2)cc1,44.88
*CCCOC(=O)CCCC(=O)O*,24.04
*CCCCCCCC(*)C,31.47
*C=Cc1cccc(OC(=O)CCCCCCCCC(=O)Oc2ccc(-c3nnc(*)s3)cc2)c1,3.03
*CCCCCCNC(=O)C(CCCCCCCCCCCCCCCCC)C(=O)N*,53.53
*OC(CC)CC(*)=O,64.05
*CC(*)c1ccc(S(=O)(=O)O)cc1,11.0
*CC(*)CC(C)C,21.64
*CCCS*,98.81
*OC(=O)CNC(=O)CCCCCCCCC(=O)NCC(=O)OC1COC2C(*)COC12,33.84
*C(F)C(*)(F)F,72.97
*CCOCCOC(=O)c1ccc(C(=O)O*)cc1,38.53
*C=CCCC*,14.57
*CCCCCCCCCCCCCCCCCCCCC(*)COCCOCCOCCOCCOCc1ccc2ccc3cccc4ccc1c2c34,13.63
*C(=O)CCCCCCCCC(=O)N1CCN(*)CC1,52.64
*OC(=O)CNC(=O)CNC(=O)CCCCCCCCC(=O)NCC(=O)NCC(=O)OC1COC2C(*)COC12,19.94
*CCOCCOC(=O)NCCCCCCNC(=O)O*,56.78
*CCCCCCCCCCCCCCC(*)Cl,10.35
*CCOC(=O)c1ccc(NC(=O)CCCCCCCCCCC(=O)Nc2ccc(C(=O)O*)cc2)cc1,22.49
*CC(*)(C)C(=O)OCCCCCCCCCCCC,3.98
*CCCOC(=O)c1ccc(C(=O)O*)cc1,30.78
*CCCCCCNC(=O)CCCCCCCCC(=O)N*,39.56
*CCOC(=O)c1cccc(C(=O)O*)c1,40.99
*CCCCOC(=O)CCCCCNC(=O)c1ccc(C(=O)NCCCCCC(=O)O*)cc1,31.12
*CCCCCCNC(=O)C(CCCCCCCCCCCC)C(=O)N*,32.76
*CCN(*)C(=O)CCC(F)(F)C(F)(F)C(F)(F)C(F)(F)C(F)(F)C(F)(F)F,23.27
*NC(CCC(=O)OCCCCCCCCCCCCCCCC)C(*)=O,30.47
*CCCNC(=O)CNC(=O)C(Cc1ccccc1)NC(=O)CCCCCCCCC(=O)NC(Cc1ccccc1)C(=O)NCC(=O)NCCCOCCOCCO*,47.64
*CCCCCCCCCCCCC(=O)O*,74.44953187
*CCCCCCCCCCCCOC(=O)c1ccc(NC(=O)CCCCCCCCCCC(=O)Nc2ccc(C(=O)O*)cc2)cc1,16.42
*CCCCCCCCCCOC(=O)Nc1ccc(Cc2ccc(NC(=O)O*)cc2)cc1,23.4
*CC(=O)NCC(=O)O*,24.83
*NC(CCC(=O)OCCCCCCCCCCCCCC)C(*)=O,22.28
*CC(*)OC(=O)CCCCCCCCCCC,12.02
*OC(C)(CC(*)=O)C(F)(F)F,1.69
*CCCNC(=O)CNC(=O)C(NC(=O)C(Cc1ccccc1)NC(=O)CCCCCCCCC(=O)NC(Cc1ccccc1)C(=O)NC(C(=O)NCC(=O)NCCCOCCOCCO*)C(C)C)C(C)C,42.16
*CCCCCCCCOC(=O)CCCCCNC(=O)c1ccc(C(=O)NCCCCCC(=O)O*)cc1,27.1
*c1ccc(Oc2ccc(Oc3ccc(Oc4ccc(N5C(=O)c6ccc(-c7ccc8c(c7)C(=O)N(*)C8=O)cc6C5=O)cc4)cc3)cc2)cc1,72.34
*CCCCCCOC(=O)NCCCCCCNC(=O)O*,37.25
*CCCCCCCOC(=O)c1ccc(C(=O)O*)cc1,17.69
*Oc1cc(OC(=O)c2ccc(OC)cc2)c(OC(=O)CCCCCCCCCCCCCCC(*)=O)cc1OC(=O)c1ccc(OC)cc1,37.08
*C(F)(F)C(*)(F)Cl,77.15
*Oc1ccc(CCNC(=O)c2cccc(C(=O)NCCc3ccc(OC(=O)c4cccc(C(*)=O)c4)cc3)c2)cc1,44.38
*CCCCCCCCCCCCCCCCOC(=O)CCCCCCC(=O)O*,50.15
*CCCCCCCOC(=O)CCCCCCCCC(=O)O*,45.6
*CC(*)C(=O)NCCCCCCCCCCCCCCCC,16.73
*Oc1cccc(C(=O)c2ccc(*)cc2)c1,47.28
*c1cccc(OCCCCCCCCCCCOC(=O)c2cccc(C(=O)OCCCCCCCCCCCOc3cccc(-c4nnc(*)s4)c3)c2)c1,24.19
*C(=O)CCC=CCCC(=O)N1CCN(*)CC1,33.97
*CCCCCOC(=O)O*,15.11
*CC(*)(C)C(=O)NCCCCCCCCCCC(=O)NCCCCCCCCCCC(=O)O,12.52
*CO*,97.74314666
*OC(=O)CCCCC(*)=O,96.83
*CCN(*)C(=O)CCCCCCCCCCCCC,13.42
*CCOC(=O)CCCCCCCCC(=O)O*,60.1
*OC(CC(*)=O)C(C)(Cl)Cl,37.3
*CC(CS(=O)(=O)CCCCC)O*,0.44
*CCCNC(=O)O*,63.79
*CCCCCCCCCCNC(=O)C(CCCCCCCCCCCC)C(=O)N*,13.71
*CCCCNC(=O)CCC=CCCC(=O)N*,31.26
*CCO*,70.6655082
*Oc1cccc(Oc2ccc(C(=O)Oc3cccc(OC(=O)c4ccc(*)cc4)c3)cc2)c1,12.53
*CCOCO*,62.84
*Oc1ccc(Oc2ccc(OC(=O)c3ccc(Oc4ccc(Oc5ccc(C(*)=O)cc5)cc4)cc3)cc2)cc1,48.89
*CCCCNC(=O)C(CCCCCCCCCCCC)C(=O)N*,39.95
*CC(*)C(=O)NCCCCCCCCCCCC,1.76
*CCC(*)=O,93.5
*Oc1cc(C(=O)c2ccccc2)c(Oc2ccc(*)cc2)cc1C(=O)c1ccccc1,72.56
*CCCCOC(=O)c1ccc(C(=O)O*)cc1,34.54432121
*CC(*)c1ccc(C)cc1,18.59
*CCC1C(=O)N(CCCCCCCCCCCC)C(=O)C1*,5.94
*CC(*)c1ccc(O)cc1,11.0
*Oc1cc(OC(=O)c2ccc(OCCCCC)cc2)c(OC(=O)CCCCCCCCCCCCCCC(*)=O)cc1OC(=O)c1ccc(OCCCCC)cc1,16.08
*CCCCCCOC(=O)c1ccc(C(=O)O*)cc1,84.06
*CCCCCCNC(=O)C(CCCCCCCCCC)C(=O)N*,23.23
*CC(=O)NCCCCCCNC(=O)CO*,31.96
*c1cc(CCCCCCCCCCCC)c(*)s1,7.63
*CC(CS(=O)(=O)CCC)O*,0.16
*CCCCCCCCOC(=O)CCCCCNC(=O)CCCCC(=O)NCCCCCC(=O)O*,18.79
*CCCCCCO*,93.3
*Oc1cccc(OC(=O)c2ccc(C=Nc3ccc(OCCCCCCCCCCCCOc4ccc(N=Cc5ccc(C(*)=O)cc5)cc4Cl)c(Cl)c3)cc2)c1,17.81
*CCN(*)C(=O)c1ccc(OCCCSCC(=O)O)cc1,11.78
*CC(*)O,39.089205
*CCC=C(*)Cl,90.11
*C=Cc1ccc(OC(=O)CCCCCCCCC(=O)Oc2cccc(-c3nnc(*)s3)c2)cc1,10.77
*CC(C)(CO)CO*,41.42
*CCCCCCNC(=O)C(CCCCCCCCC)C(=O)N*,21.64
*CCCCCCCCCCCCOC(=O)CCCCCNC(=O)c1ccc(C(=O)NCCCCCC(=O)O*)cc1,21.84
*c1cc(CCCCCC)c(*)s1,10.8
*CC(CCl)O*,51.33
*CC(C)C=C(*)C,45.53
*Oc1ccc(C(C)(C)c2ccc(OC(*)=O)cc2)cc1,16.83
*CCCOC(=O)Nc1ccc(Cc2ccc(NC(=O)O*)cc2)cc1,47.76
*CCCCCCCCCCNC(=O)CCCCCCCC(=O)N*,50.69
*NC(CCC(=O)OCCCCCCCCCCCCCCCCCC)C(*)=O,36.87
*CCCCCCCC(=O)N*,48.41
*CCCCCCCCCCOC(=O)CCCCCCCCC(=O)O*,75.09
*Oc1ccc(N=Cc2ccc(Oc3ccc(C(C)(C)c4ccc(Oc5ccc(C=Nc6ccc(Oc7ccc(-c8ccc(*)cc8)cc7)cc6)cc5)cc4)cc3)cc2)cc1,9.78
*Oc1ccc(Oc2ccc(OC(=O)c3ccc(Oc4ccc(C(*)=O)cc4)cc3)cc2)cc1,55.4
*CCCCCCNC(=O)C(CCCCCC)C(=O)N*,17.72
*CCN(CCCCCCOc1ccc(C=Cc2ccc([N+](=O)[O-])cc2)cc1)CCOC(=O)NCCCCCCNC(=O)O*,7.55
*Oc1cc(OC(=O)c2ccc(OCC)cc2)c(OC(=O)CCCCCCCCCCCCCCC(*)=O)cc1OC(=O)c1ccc(OCC)cc1,34.21
*OC1CCC(OC(=O)CCCCC(*)=O)CC1,76.23
*CCCCCCCCCCCCCCOC(=O)CCCCC(=O)O*,88.39
*C=CCCCCCCCCCC(CCCCCCCCC*)COCCOCCOCCOCCOCCCCCC,8.9
*C=CCCCCCC*,22.67
*CCCCCCOC(=O)c1ccc(NC(=O)CCCCCCCCCCC(=O)Nc2ccc(C(=O)O*)cc2)cc1,20.19
*CCCCCCCCOC(=O)Nc1ccc(NC(=O)OCCCCCCCCOc2ccc(-c3ccc(O*)cc3)cc2)c(C)c1,11.3
*C(=O)OCCCCCCOC(=O)c1ccc(NC(=O)c2ccc(N3C(=O)c4ccc(*)cc4C3=O)cc2)cc1,18.18
*CCOC(=O)c1ccc2cc(C(=O)O*)ccc2c1,40.762904
*Oc1cc(OC(=O)c2ccc(C=Nc3ccc(OCCCCCCCCCCCCOc4ccc(N=Cc5ccc(C(*)=O)cc5)cc4)cc3)cc2)c(Cl)cc1Cl,39.32
*CCCCCCOC(=O)CC=CCC(=O)O*,77.09
*CCCCCCCCOC(=O)NCCCCCCNC(=O)O*,30.53
*CCCCOC(=O)Nc1ccc(Cc2ccc(NC(=O)O*)cc2)cc1,52.18
*CCCCCNC(=O)CCCCCC(=O)N*,38.39
*CCCCCCCCCCOC(=O)CC=CCC(=O)O*,84.02
*CCCOC(=O)CCCCCCC(=O)O*,92.48
*c1ccc(Oc2ccc(Oc3ccc(N4C(=O)c5ccc(-c6ccc7c(c6)C(=O)N(*)C7=O)cc5C4=O)cc3)cc2)cc1,81.52
*Oc1ccc(-c2ccc(OC(=O)c3cccc(Oc4cccc(C(*)=O)c4)c3)cc2)cc1,73.55
*C(=O)OCCCCCCCCOC(=O)c1ccc(NC(=O)c2ccc(N3C(=O)c4ccc(*)cc4C3=O)cc2)cc1,16.63
*CCCCOC(=O)CCCCC(=O)O*,63.01
*CCCCCCNC(=O)CCCCCCCCCCC(=O)N*,43.53
*Oc1cc(OC(=O)c2ccc(OCCC)cc2)c(OC(=O)CCCCCCCCCCCCCCC(*)=O)cc1OC(=O)c1ccc(OCCC)cc1,28.48
*c1cccc(OCCCCCCCCCCCOC(=O)c2ccc(C(=O)OCCCCCCCCCCCOc3cccc(-c4nnc(*)s4)c3)cc2)c1,17.01
*CCCCCOC(=O)NCCCCCCNC(=O)O*,27.33
*CC(CO*)(COC=O)COC=O,53.4
*CCCCCCNC(=O)C(CCCCCCCCCCCCCCC)C(=O)N*,42.36
*CCCCOC(=O)c1ccc(NC(=O)CCCCCCCCCCC(=O)Nc2ccc(C(=O)O*)cc2)cc1,21.52
*C/C=C\C*,25.58
*Oc1cccc(OC(=O)c2ccc(C=Nc3ccc(OCCCCCCOc4ccc(N=Cc5ccc(C(*)=O)cc5)cc4Cl)c(Cl)c3)cc2)c1,12.53
*CC(*)(F)F,41.3664625
*CCCCCCNC(=O)c1cccc(C(=O)N*)c1,53.05
*CCCCCCNC(=O)C(CCCCCCCC)C(=O)N*,21.95
*CC(*)OC(=O)CCCCCCCCCCCCCCC,33.35
*c1cc(CCCCCCCC)c(*)s1,9.05
*Oc1ccc(-c2ccc(Oc3ccc(C(=O)c4ccc(C(=O)c5ccc(*)cc5)cc4)cc3)cc2)cc1,63.91
*CCCCCCNC(=O)CCCCC(=O)NCC(=O)N*,35.31
*C=Nc1ccc(C(=O)OCCCCOCCCCOCCCCOC(=O)c2ccc(N=Cc3ccc(*)s3)cc2)cc1,6.58
*CCOCCOCCOCCOC(=O)NCCCCCCNC(=O)O*,25.61
*Oc1ccc(CCNC(=O)c2cccc(C(*)=O)c2)cc1,21.5
*CCCCCCCNC(=O)N*,33.27
*CCN(*)C(=O)CCCCCCCCC=C,17.53
*CC(*)(C)C#N,8.0
*CC(*)C(=O)OCCCCCCCCCCCC,17.77
*Oc1cccc(OC(=O)c2ccc(Oc3ccc(C(*)=O)cc3)cc2)c1,26.83
*CCCCCCNC(=O)CC(C)(C)c1ccc(C(C)(C)CC(=O)N*)cc1,4.38
*NC1CCC(CC2CCC(NC(=O)CCCCCCCCCCC(*)=O)CC2)CC1,25.59
*C([2H])([2H])C(*)([2H])Cl,15.78
*CC(*)CC,34.04
*CCCCCCCCOC(=O)c1ccc(NC(=O)CCCCCCCCCCC(=O)Nc2ccc(C(=O)O*)cc2)cc1,18.52
*CCCCCCCC(=O)O*,44.53
*CCCCCCCCCCOC(=O)c1ccc(NC(=O)CCCCCCCCCCC(=O)Nc2ccc(C(=O)O*)cc2)cc1,17.1
*Cc1cccc(CNC(=O)CCCCC(=O)N*)c1,25.87
*Oc1cccc(Oc2ccc(Oc3cccc(OC(=O)c4ccc(-c5ccc(C(*)=O)cc5)cc4)c3)cc2)c1,58.26
*CCOC(=O)NCCCCCCNC(=O)O*,21.16
*CC(C)(C)CO*,47.31
*CCCCCCCOC(=O)NCCCCCCNC(=O)O*,30.32
*CC(*)C(=O)NCCCCCCCCCCCCCCCCCCCCCC,35.71
*CCCCCCOC(=O)Nc1ccc(Cc2ccc(NC(=O)O*)cc2)cc1,32.31
*CC(*)(C)C(=O)OCCCCCCCCCCCCCCCC,17.37
*CCCCCCCCCCCC(=O)O*,59.84
*CCCCCCCOC(=O)Nc1ccc(Cc2ccc(NC(=O)O*)cc2)cc1,23.05
*CCCNC(=O)C(NC(=O)C(Cc1ccccc1)NC(=O)CCCCCCCCC(=O)NC(Cc1ccccc1)C(=O)NC(C(=O)NCCCOCCOCCO*)C(C)C)C(C)C,44.71
*CCCCCCCCCCOC(=O)c1ccc(C(=O)O*)cc1,79.26
*CCCOC(=O)NCCCCCCNC(=O)O*,28.37
*C=CCCCCCCCCCC(CCCCCCCCC*)COCCOCCOCCOCCOCCCCCCCCCCCCCC,20.64
*CCCCCCNC(=O)C(CCCCCCCCCCCCCC)C(=O)N*,30.58
*CCCCCCCCCCCCOC(=O)CCC=CCCC(=O)O*,93.31
*CCCCNC(=O)CCCCC(=O)N*,64.85
*CC(=O)NC(C)C(=O)O*,90.21
*CC(C)O*,77.61
*CCCC(=O)N*,38.13
*CCCCCCCCCCNC(=O)CCCCCCCCC(=O)N*,40.0
*CCCCCCOC(=O)Nc1ccc(NC(=O)OCCCCCCOc2ccc(-c3ccc(O*)cc3)cc2)c(C)c1,15.32
*CCCCOC(=O)NCCCCCCNC(=O)O*,44.03
*OC(CCCCCCC=C)CC(*)=O,13.86
*Oc1ccc(Oc2ccc(C(=O)c3cccc(C(=O)c4ccc(*)cc4)c3)cc2)cc1,72.53
*CCOC(=O)CCCCCCCC(=O)O*,57.8
*CCCCCCCNC(=O)C(CCCCCCCCCCCC)C(=O)N*,15.71
*CC(*)(Cl)Cl,67.76
*CCCCCCCCNC(=O)C(CCCCCCCCCCCC)C(=O)N*,13.79
*c1ccc(OCCCCCCCCCCCOC(=O)CCCCC(=O)OCCCCCCCCCCCOc2cccc(-c3nnc(*)s3)c2)cc1,30.69
*Oc1ccc(Oc2ccc(OC(=O)c3cccc(C(*)=O)c3)cc2)cc1,29.77
*CCOC(=O)c1ccc(O*)cc1,67.44
*OC(C)CC(*)=O,71.37270952
*CC(*)C(=O)OCCCCCCCCCCCCCCCCCC,39.64
*CCOC(=O)CCCCCNC(=O)CCCCC(=O)NCCCCCC(=O)O*,22.75
*CCCCCCNC(=O)CCCCC(=O)N*,40.61
*CCCCCCNC(=O)CCCCCCCC(=O)N*,22.04
*CCCCCCOC(=O)O*,31.95
*CCCCCCOC(=O)CCCCCNC(=O)c1ccc(C(=O)NCCCCCC(=O)O*)cc1,29.18
*Oc1cc(OCCOC)c(OC(=O)c2ccc(C(*)=O)cc2-c2ccccc2)cc1OCCOC,14.18
*CCCCCCNC(=O)C(CCCCCCCCCCCCCCCCCC)C(=O)N*,52.69
*CCCCOCCCCOCCCCOC(=O)c1ccc(N=Cc2cc(OCCC(C)CCCC(C)C)c(C=Nc3ccc(C(=O)O*)cc3)cc2OCCC(C)CCCC(C)C)cc1,37.44
*CCCCCC(=O)O*,44.91891622
*CCCOC(=O)CCCCC(=O)O*,26.74
*Oc1c(OC)cc(*)cc1OC,19.88
*CCCCCCNC(=O)N*,49.48
*Oc1ccc(C(C)=NN=C(C)c2ccc(OC(=O)OCCCCCCOC(*)=O)cc2)cc1,44.64
*CCCCCCCCCCCCCCC(=O)O*,60.3
*Oc1cccc(Oc2ccc(Oc3cccc(OC(=O)c4ccc(C(*)=O)cc4)c3)cc2)c1,18.79
*CCCCCCC(=O)N*,25.57
*Oc1ccc(OC(=O)CCCCC(*)=O)cc1,62.08
*CCCCCCNC(=O)C(CCCCCCCCCCCCC)C(=O)N*,33.12
*CCCCCCCCCCCCCCCCCCCCC(*)COCCOCCOCCOCCOCCCCCCCCCCCCCC,28.0
*CC(*)(C)C(=O)OC,12.63789474
*CC(CC)N(*)C(=O)CCCC,17.5
*CCCCOC(=O)CCC(=O)O*,56.84
*Oc1cc(OC(=O)c2ccc(C=Nc3ccc(OCCCCCCCCCCCCOc4ccc(N=Cc5ccc(C(*)=O)cc5)cc4Cl)c(Cl)c3)cc2)c(Cl)cc1Cl,10.75
*CCC1C(=O)N(CCCCCCCCCCCCCCCC)C(=O)C1*,8.58
*CCOCCOCCOc1ccc(NC(=O)c2ccc(C(=O)Nc3ccc(O*)cc3)cc2)cc1,55.55
*CCCCCCCCCCOC(=O)NCCCCCCNC(=O)O*,27.21
*Oc1ccc2cc(OC(=O)c3ccc(-c4ccc(C(*)=O)cc4)cc3)ccc2c1,34.61
*C(=O)c1ccc(N(*)CCC)cc1,38.13
*CCCCCCNC(=O)C(CCC)C(=O)N*,21.03
*NC1CCC(CC2CCC(NC(=O)CCCCCCCCCCCCC(*)=O)CC2)CC1,12.75
*C([2H])([2H])C(*)(F)F,48.0
*Oc1cccc(C(=O)c2ccc(Oc3ccc(C(=O)c4ccc(*)cc4)cc3)cc2)c1,92.57
*CCCCOC(=O)O*,64.6
*C(=O)c1ccc(N(*)CCCC)cc1,71.56
*CCCCCCNC(=O)CCCCCCC(=O)N*,62.18
*CCCCOC(=O)CCCCCNC(=O)CCCCC(=O)NCCCCCC(=O)O*,21.6
*CCOCCOCCOC(=O)NCCCCCCNC(=O)O*,35.73
*CCCCCOC(=O)CCCCCCCCC(=O)O*,37.28
*CCc1ccc(NC(=O)c2cccc(C(=O)Nc3ccc(CCOC(=O)c4cccc(C(=O)O*)c4)cc3)c2)cc1,57.22
*CCCCO*,17.54872941
*CCCCCCNC(=O)CCC(C)(C)c1ccc(C(C)(C)CCC(=O)N*)cc1,1.61
*CCCCCCCCCCCCOC(=O)CC=CCC(=O)O*,89.84
*CCCCCCCCCCC(=O)N*,24.27
*CC(C)C(C)COC(=O)c1ccc(C(=O)O*)cc1,14.88
*Oc1ccc(C(C)=NN=C(C)c2ccc(OC(=O)OCCCCCCCCCCCCOC(*)=O)cc2)cc1,23.17
*CCOC(=O)CCCCCNC(=O)c1ccc(C(=O)NCCCCCC(=O)O*)cc1,17.83
*CCN(*)C(=O)CCC(F)(F)C(F)(F)C(F)(F)C(F)(F)F,26.86
*Oc1c(-c2ccccc2)cc(*)cc1-c1ccccc1,73.4
*CCCCCCCCCOC(=O)Nc1ccc(Cc2ccc(NC(=O)O*)cc2)cc1,31.26
*CC1CCCC(CNC(=O)CCCCC(=O)N*)C1,5.67
*C(=O)Nc1ccc(Oc2ccc(N3C(=O)c4ccc(*)cc4C3=O)cc2)cc1,73.35
*CCCCCOC(=O)c1ccc(C(=O)O*)cc1,21.11
*Oc1ccc(C(*)=O)cc1CCC,32.4
*CC(*)(C)C(=O)OCCCCCCCCCCCCCCCCCC,21.64
*CC(*)CCC,20.01
*Oc1ccc(Oc2ccc(NC(=O)c3ccc(Oc4ccc(Oc5ccc(C(=O)Nc6ccc(*)cc6)cc5)cc4)cc3)cc2)cc1,60.74
*CC(CCCCCCCCCCCCCCCC)C1C(=O)N(CCCCNC(=O)C(F)(F)C(F)(F)C(F)(F)C(F)(F)C(F)(F)C(F)(F)C(F)(F)F)C(=O)C1*,2.98
*CCCCCCNC(=O)C(CCCCCCCCCCCCCCCC)C(=O)N*,38.94
*NC(CCC(=O)OCCCCCCCCCC)C(*)=O,2.92
*CCCCOC(=O)CCCC(=O)O*,31.41
*CCN(*)C(=O)CCCCCCCCCCO,28.17
*CCCCCCCCCCNC(=O)CCC=CCCC(=O)N*,32.24
*CC(*)(C)C(=O)NCCCCCCCCCCC(=O)NCCCCCCCCCCC(=O)OC,10.57
*Oc1cccc(Oc2ccc(C(=O)Oc3ccc(OC(=O)c4ccc(*)cc4)cc3)cc2)c1,43.84
*CC(*)(C)c1ccc(C)cc1,34.09
*CC(*)C(=O)NCCCCCCCCCCCCCCCCCC,21.61
*c1ccc(Oc2cccc(Oc3ccc(N4C(=O)c5ccc(-c6ccc7c(c6)C(=O)N(*)C7=O)cc5C4=O)cc3)c2)cc1,74.47
*Oc1cc(OC(=O)c2ccc(C=Nc3ccc(OCCCCCCCCCCCCOc4ccc(N=Cc5ccc(C(*)=O)cc5)cc4F)c(F)c3)cc2)c(Cl)cc1Cl,13.69
*CC(C)(CC)CO*,54.15
*OC(CCc1ccccc1)CC(*)=O,3.08
*CC(*)OC(=O)CCCCCCCCCCCCCCCCC,37.02
*c1ccc(OCCCCCCCCCCCOC(=O)CCCCCCCCC(=O)OCCCCCCCCCCCOc2cccc(-c3nnc(*)s3)c2)cc1,24.74
*CCCCCCCCCCCC(=O)N*,46.0
*CCN(*)C(=O)CCCCCCCC,16.86
*Oc1cc(OC(=O)c2ccc(C)cc2)c(OC(=O)CCCCCCCCCCCCCCC(*)=O)cc1OC(=O)c1ccc(C)cc1,35.53
*Oc1cc(OC(=O)c2ccc(OCCCC)cc2)c(OC(=O)CCCCCC(*)=O)cc1OC(=O)c1ccc(OCCCC)cc1,32.7
*CCN(*)C(=O)CCCCCCCCC,18.09
*CCCCCCS*,87.41
*CC(*)C(=O)OCCCCCCCCCCCCCCCCCCCCCC,43.74
*C(=O)OCCCCCOC(=O)c1ccc(NC(=O)c2ccc(N3C(=O)c4ccc(*)cc4C3=O)cc2)cc1,19.53
*c1cccc(Oc2ccc(-c3ccc(Oc4cccc(-n5c(=O)c6cc7c(=O)n(*)c(=O)c7cc6c5=O)c4)cc3)cc2)c1,90.18
*c1ccc(Oc2ccc(-c3ccc(Oc4ccc(N5C(=O)c6ccc(Oc7cccc(Oc8ccc9c(c8)C(=O)N(*)C9=O)c7)cc6C5=O)cc4)cc3)cc2)cc1,98.4
*CCCCOC(=O)CCCCCCCCC(=O)O*,44.62
*Oc1c(Cl)cc(C(C)(C)c2cc(Cl)c(OC(=O)CCCCC(*)=O)c(Cl)c2)cc1Cl,48.47
*Oc1cc(OCCOC)c(OC(=O)c2ccc(C(*)=O)cc2OCCOCC)cc1OCCOC,5.48
*NC(CCC(=O)OCCCCCCCCCCCC)C(*)=O,11.27
*CC(*)c1ccccc1,27.37
*CCC1CCC(*)C1,23.52
*CCCNC(=O)CCCCCCCCC(=O)NCCCOCCOCCO*,27.62
*Oc1ccc(Oc2ccc(C(=O)c3ccc(*)cc3)cc2)cc1C,30.95
*CCCOC(=O)c1ccc2cc(C(=O)O*)ccc2c1,18.1
*CC(*)C(=O)OC(C)C,53.86
*CCCCCCCCNC(=O)CCC=CCCC(=O)N*,22.55
*Oc1ccc(Oc2cccc(C(=O)Oc3ccc(-c4ccc(OC(=O)c5cccc(*)c5)cc4)cc3)c2)cc1,57.07
*C(=O)OCCCCOC(=O)c1ccc(NC(=O)c2ccc(N3C(=O)c4ccc(*)cc4C3=O)cc2)cc1,26.33
*Oc1ccc(C(C)=NN=C(C)c2ccc(OC(=O)OCCCCCCCCCCOC(*)=O)cc2)cc1,28.99
*CCCCCCCCCCCOC(=O)Nc1ccc(NC(=O)OCCCCCCCCCCCOc2ccc(-c3ccc(O*)cc3)cc2)c(C)c1,28.22
*CC(CC)(CC)CS*,42.66
*CCCCCCNC(=O)CCC=CCCC(=O)N*,24.7
*CCC(=O)O*,45.00978462
*CCCCCCCCO*,92.75
*CCCCCCOC(=O)CCCCCNC(=O)CCCCC(=O)NCCCCCC(=O)O*,20.69
*CCOc1ccc(C(=O)OCCOC(=O)c2ccc(O*)cc2)cc1,96.09
*Oc1cccc(OC(=O)c2ccc(C=Nc3ccc(OCCCCCCOc4ccc(N=Cc5ccc(C(*)=O)cc5)cc4F)c(F)c3)cc2)c1,17.55
*Oc1ccc(OC(=O)c2ccc(-c3ccc(C(*)=O)cc3)cc2)cc1,0.64
*CC(*)C,44.47
*CCCCCCCCCCOc1ccc(OC(=O)c2ccc(OCCOCCOCCOc3ccc(C(=O)Oc4ccc(O*)cc4)cc3)cc2)cc1,16.51
*CC(CO)(CO)CO*,90.22
*CC(CC)(CC)CO*,41.8
*OC(C)C(*)=O,57.62
*CCCCNC(=O)c1ccc(C(=O)N*)cc1,94.18
*CCOCCOCCOCCOCc1cc(CO*)cc(OCCCCCCCCCCCCCCCC)c1,26.35
*Oc1ccc(N=Cc2ccc(Oc3ccc(C(c4ccc(Oc5ccc(C=Nc6ccc(Oc7ccc(-c8ccc(*)cc8)cc7)cc6)cc5)cc4)(C(F)(F)F)C(F)(F)F)cc3)cc2)cc1,8.63
*CCCCOc1ccc(OC(=O)c2ccc(C(=O)Oc3ccc(O*)cc3)c(C(=O)OCC=C)c2)cc1,10.14
*CC(*)CCCCCC,75.06
*C=CCCCCCCCCCC(Cl)CCCCCCCCC*,27.65
*CCCC(C)CNC(=O)c1ccc(C(=O)N*)cc1,27.74
*CCCCCCCCCNC(=O)C(CCCCCCCCCCCC)C(=O)N*,14.55
*C=CCC*,13.1
*CCCCCOC(=O)Nc1ccc(Cc2ccc(NC(=O)O*)cc2)cc1,29.45
*CCCCCCCCOC(=O)Nc1ccc(Cc2ccc(NC(=O)O*)cc2)cc1,36.98
*c1cc(CCCC)c(*)s1,12.76
*CCCCCCCCCOC(=O)CCCCCCCC(=O)O*,73.07
*CCCCCC(=O)N*,35.23
*C=Cc1cc(OCCCC)c(C=Cc2ccc(*)cc2)cc1OCCCC,8.38
*Oc1ccc(C(C)=NN=C(C)c2ccc(OC(=O)OCCCCCCCCOC(*)=O)cc2)cc1,34.42
*Oc1ccc(Oc2ccc(Oc3ccc(Oc4ccc(OC(=O)c5ccc(Oc6ccc(Oc7ccc(C(*)=O)cc7)cc6)cc5)cc4)cc3)cc2)cc1,30.44
*Nc1cccc(NC(=O)CCCCC(*)=O)c1,46.36
*CCCCCCNC(=O)C(CCCCCCCCCCC)C(=O)N*,28.87
*O[Si](C)(C)CCCC(=O)Oc1ccc(C=Nc2ccc(N=Cc3ccc(OC(=O)CCC[Si](*)(C)C)cc3)cc2)cc1,29.05
*CCOC(=O)CCC(=O)O*,79.99
*CCCOC(=O)CCCCCCCCC(=O)O*,37.93
*CCN(*)C(=O)CCCCCCCCCCCCCCC,11.08
*CCCCCCCNC(=O)CCC=CCCC(=O)N*,28.31
*CCCCCCCCCCCCOC(=O)CCCCCNC(=O)CCCCC(=O)NCCCCCC(=O)O*,17.28
*Oc1ccc(OC(=O)c2cc(OCCCCCCCCCCC(F)(F)C(F)(F)C(F)(F)C(F)(F)C(F)(F)C(F)(F)C(F)(F)C(F)(F)C(F)(F)C(F)(F)F)cc(C(*)=O)c2)cc1,3.92
*CCCCCCCCCCC(=O)O*,48.08
*Oc1cccc(OC(=O)c2ccc(C=Nc3ccc(OCCCCCCCCCCCCOc4ccc(N=Cc5ccc(C(*)=O)cc5)cc4F)c(F)c3)cc2)c1,26.81
*CCCCCCCCCCCCCCOC(=O)CC=CCC(=O)O*,82.99
*CCCCCCCCCC(=O)O*,50.94
*C(=O)OCCCCCCCOC(=O)c1ccc(NC(=O)c2ccc(N3C(=O)c4ccc(*)cc4C3=O)cc2)cc1,20.25
*CCCCCCOC(=O)CCCCCCCCC(=O)O*,74.61
*C=CC1CC(*)C2CC=CC12,41.11
*Oc1ccc(C(C)(C)c2ccc(OC(=O)c3ccc(OCCCCCCCCCCOc4ccc(C(*)=O)cc4)cc3)cc2)cc1,22.1
*CCCCOC(=O)c1cccc(C(=O)O*)c1,18.14
*CC(C)(C)C(=O)N*,33.22
*CCCCCNC(=O)O*,73.38
*CCCCCCCCCCN1CCN(C(=O)CCCCCCCCC(=O)N2CCN(*)CC2)CC1,53.56
*CCCCC(=O)O*,44.85
*CC(*)C(=O)NCCCCCCCCCCCCCC,9.79
*CCCCCCCCCCOC(=O)CCCCCCCC(=O)O*,66.73
*Oc1cccc(OC(=O)c2ccc(C=Nc3ccc(OCCCCCCOc4ccc(N=Cc5ccc(C(*)=O)cc5)cc4)cc3)cc2)c1,4.37
*CCCCCCOC(=O)CCC=CCCC(=O)O*,63.8
*CCCNC(=O)C(Cc1ccccc1)NC(=O)CCCCCCCCC(=O)NC(Cc1ccccc1)C(=O)NCCCOCCOCCO*,46.76
*CCCCCCCCCOC(=O)NCCCCCCNC(=O)O*,30.17
*CCN(*)C(=O)CCCCCCCCCCCC,13.23
*CC(C)C(=O)O*,81.29
*CCCCOCO*,65.43
*CCCCCCNC(=O)CC(C)c1ccc(C(C)CC(=O)N*)cc1,11.87
*c1cc(-c2ccc(OCCCCCCCCCCS(=O)(=O)O)c(S(*)(=O)=O)c2)ccc1OCCCCCCCCCCS(=O)(=O)O,5.82
*CCC1CC(*)C2C3CCC(C3)C12,10.18
*CCCNC(=O)CCC=CCCC(=O)N*,35.72
*CCCCCCCCCCOC(=O)CCCCC(=O)O*,88.04
*CCN(*)C(=O)CCC(F)(F)C(F)(F)C(F)(F)C(F)(F)C(F)(F)C(F)(F)C(F)(F)C(F)(F)C(F)(F)C(F)(F)F,25.82
*CCCCCNC(=O)C(CCCCCCCCCCCC)C(=O)N*,19.52
*CC(CS(C)(=O)=O)O*,0.37
*C(=O)OCCCCCCCCCCCCOC(=O)c1ccc(NC(=O)c2ccc(N3C(=O)c4ccc(*)cc4C3=O)cc2)cc1,8.62
*Oc1ccc(OC(=O)c2cccc(C(*)=O)c2)cc1,77.61
*CCCCCCNC(=O)CCc1ccc(CCC(=O)N*)cc1,44.13
*CCCOC(=O)CCC(=O)O*,50.44
*CCN(*)C(=O)CCCCCCCCCC,15.83
*c1cccc(OCCCCCCCCCCCOC(=O)CCCCC(=O)OCCCCCCCCCCCOc2cccc(-c3nnc(*)s3)c2)c1,28.24
*CCCCCCNC(=O)C(CCCC)C(=O)N*,21.85
*CCCCCCCCCCCCCCCCCCCCC(*)Cl,41.96
*CCCCCCCCCCCCCCOC(=O)CCC=CCCC(=O)O*,81.89
*CCCCCCNC(=O)C(CCCCCCC)C(=O)N*,11.47
*Oc1ccc(OC(=O)c2cccc(Oc3ccc(-c4ccc(Oc5cccc(C(*)=O)c5)cc4)cc3)c2)cc1,56.34
*CCCCCCCCCCCCNC(=O)CCP(C)(=O)CCC(=O)N*,9.73
*CC(CS(=O)(=O)CCCC)O*,0.13
*CCC1CC(*)C2CCCC12,23.26
*CCCCCCOC(=O)Nc1ccc(C)c(NC(=O)OCCCCCCOc2ccc(-c3ccc(O*)cc3)cc2)c1,37.92
*Oc1cc(OC(=O)c2ccc(C=Nc3ccc(OCCCCCCOc4ccc(N=Cc5ccc(C(*)=O)cc5)cc4)cc3)cc2)c(Cl)cc1Cl,12.53
*Oc1ccc(Oc2ccc(Oc3ccc(Oc4ccc(OC(=O)c5ccc(Oc6ccc(C(*)=O)cc6)cc5)cc4)cc3)cc2)cc1,41.49
*CC(F)(F)C(F)(F)COC(=O)NCCCCCCNC(=O)O*,36.03
*CCCOC(=O)O*,10.25
*Oc1cccc(OC(=O)c2ccc(C=Nc3ccc(OCCCCCCCCCCCCOc4ccc(N=Cc5ccc(C(*)=O)cc5)cc4)cc3)cc2)c1,25.45
*C(*)(F)F,31.84
*CC(*)C(=O)OCCCCCCCCCCCCCC,27.01
*CCN(*)C(=O)CCC(F)(F)C(F)(F)C(F)(F)C(F)(F)C(F)(F)C(F)(F)C(F)(F)C(F)(F)C(F)(F)C(F)(F)C(F)(F)C(F)(F)F,37.92
*C=CCCCCCCC(Cl)CCCCCC*,11.79
*Oc1cc(OC(=O)c2ccc(OCCCC)cc2)c(OC(=O)CCCCCCCCCCCCCCC(*)=O)cc1OC(=O)c1ccc(OCCCC)cc1,19.6
*CCCCCCCCCCOC(=O)O*,44.07
*CCCCCCCCC(=O)O*,41.41
*C=CC(C)C*,62.19
*Oc1cccc(Oc2ccc(NC(=O)c3ccc(Oc4cccc(Oc5ccc(C(=O)Nc6ccc(*)cc6)cc5)c4)cc3)cc2)c1,40.05
*Oc1ccc(Oc2ccc(Oc3ccc(Oc4ccc(OC(=O)c5cccc(C(*)=O)c5)cc4)cc3)cc2)cc1,64.24
*CC(=O)OC(=O)c1ccc(C(=O)OC(=O)COc2ccc(O*)cc2)cc1,47.87
*CC(O*)C(C)(C)C,20.98
*CCC=C(*)C,52.26
*Oc1ccc(S(=O)(=O)c2ccc(Oc3ccc(C=Nc4ccc(Oc5ccc(-c6ccc(Oc7ccc(N=Cc8ccc(*)cc8)cc7)cc6)cc5)cc4)cc3)cc2)cc1,6.06
*C=Cc1ccc(OC(=O)CCCCCCCCC(=O)Oc2ccc(-c3nnc(*)s3)cc2)cc1,8.94
*CCN(*)C(=O)CCC(F)(F)C(F)(F)C(F)(F)C(F)(F)C(F)(F)C(F)(F)C(F)(F)C(F)(F)F,24.72
*C(=O)OCCCCCCCCCCOC(=O)c1ccc(NC(=O)c2ccc(N3C(=O)c4ccc(*)cc4C3=O)cc2)cc1,14.52
*CCCCCCNC(=O)C(=O)N*,62.02
*C(=O)OCCCCCCCCCOC(=O)c1ccc(NC(=O)c2ccc(N3C(=O)c4ccc(*)cc4C3=O)cc2)cc1,15.48
*c1cccc(OCCCCCCCCCCCOC(=O)CCCCCCCCC(=O)OCCCCCCCCCCCOc2cccc(-c3nnc(*)s3)c2)c1,23.02
*OC(=O)CCCCCCCCC(*)=O,83.87
*CCCCCCNC(=O)CCc1ccc(C(C)CC(=O)N*)cc1,22.96
*O[Si](C)(C)CCCC(=O)Oc1ccc(C=Nc2ccc(Cc3ccc(N=Cc4ccc(OC(=O)CCC[Si](*)(C)C)cc4)cc3)cc2)cc1,21.74
*Oc1cc(OC(=O)c2ccc(C=Nc3ccc(OCCCCCCOc4ccc(N=Cc5ccc(C(*)=O)cc5)cc4Cl)c(Cl)c3)cc2)c(Cl)cc1Cl,20.02
*CCOCCOCCOCCOCCOCCOC(=O)NCCCCCCNC(=O)O*,22.98
*CCN(*)C(=O)CCCCCCCCCCCCCC,12.58
*CCCCCCCCCCCCCCCCOC(=O)CCCCC(=O)O*,83.83
*CCCCCCCCCCCCCNC(=O)CCCCCCCCCCCC(=O)N*,30.22
*Oc1cc(OC(=O)c2ccc(C=Nc3ccc(OCCCCCCOc4ccc(N=Cc5ccc(C(*)=O)cc5)cc4F)c(F)c3)cc2)c(Cl)cc1Cl,19.01
*Oc1ccc(Oc2ccc(Oc3ccc(OC(=O)c4ccc(Oc5ccc(C(*)=O)cc5)cc4)cc3)cc2)cc1,79.04
*CCC(F)(F)C(*)(F)F,43.69
*Oc1c(C)cc(*)cc1C,62.833401
*CCCCCCC(=O)O*,40.25
*CCC1C(=O)N(CCCCNC(=O)C(F)(F)C(F)(F)C(F)(F)C(F)(F)C(F)(F)C(F)(F)C(F)(F)F)C(=O)C1*,3.16
*CCCCCNC(=O)CCC=CCCC(=O)N*,26.16
*C=Cc1cccc(OC(=O)CCCCCCCCC(=O)Oc2cccc(-c3nnc(*)s3)c2)c1,12.49
*CCCO*,55.46
*CCCCOC(=O)CCSCCCCCCSCCC(=O)O*,29.63
*CCOC(=O)c1ccc(C(=O)O*)cc1,31.7557344
*CCCCCOC(=O)CCCCC(=O)O*,34.68
*CCCCCCCCCNC(=O)CCC=CCCC(=O)N*,27.48
*CCOC(=O)CCCCCCC(=O)O*,57.21
*CC(CO*)(COCC)COCC,26.85
*Oc1cc(OC(=O)c2ccc(OCCCC)cc2)c(OC(=O)CCCCCCCC(*)=O)cc1OC(=O)c1ccc(OCCCC)cc1,29.15
*OC(CCCCC)CC(*)=O,50.92
*C*,47.8
