SMILES,Tg (C)
*OS(=O)(=O)c1ccc(Sc2ccc(S(=O)(=O)Oc3ccc(C4(c5ccc(*)cc5)CCCCC4)cc3)cc2)cc1,430.9604834
*Oc1ccc(S(=O)(=O)c2ccc(Oc3c(C)cc(C4CCC(C(C)(C)c5cc(C)c(*)c(C)c5)CC4C)cc3C)cc2)cc1,523.627212
*Nc1ccccc1NC(=O)c1ccc(C(*)=O)cc1,504.95809049999997
*Oc1ccc2c(c1)C(c1ccc(N(c3ccccc3)c3ccccc3)cc1)(c1ccc(N(c3ccccc3)c3ccccc3)cc1)c1cc(Oc3ccc(-c4c5ccccc5c(-c5ccc(*)cc5)c5ccc(CCC)cc45)cc3)ccc1-2,460.5441077
*Nc1cc(C(=O)O)c(*)cc1OC,366.33891585
*OC(=O)c1ccc(C(C)(C)c2ccc(C(*)=O)cc2)cc1,319.53999999999996
*=Nc1cccc(Oc2cccc(Oc3cccc(N=C4OC(=O)c5cc6c(cc54)C(=*)OC6=O)c3)c2)c1,405.6753262
*c1cc(COCCCCCCOc2ccc(-c3ccc(C#N)cc3)cc2)c(*)s1,333.03076612999996
*COc1ccc(C=C2CCC(=Cc3ccc(OCc4nnc(-c5ccc(-c6ccc(-c7nnc(*)n7-c7ccccc7)cc6)cc5)n4-c4ccccc4)cc3)C2=O)cc1,413.47641899999996
*CCN(*)C(=O)CCCCCCCC,223.59625617999998
*Nc1ccc(CC(*)=O)cc1,336.83828699
*c1cc(CC(=O)OCCCCCCCC)c(*)[nH]1,269.073036301
*c1ccc(-c2cc(CCCCCC)c(-c3ccc(-c4ccc5ccc6ccc(*)nc6c5n4)cc3)cc2CCCCCC)cc1,433.59
*Oc1ccc(-c2ccc(OC(=O)c3ccc(C(*)=O)cc3Oc3ccc(C(C)(C)c4ccccc4)cc3)cc2)cc1,408.1990958
*CCNC(=O)c1ccc(C(=O)NCCOC(=O)c2cccc(C(=O)O*)c2)cc1,394.27426099999997
*NNC(=O)c1cccc(C(*)=O)c1,505.3766265
*CCCCCCCCCOC(=O)CCCCCCCC(=O)O*,276.817443154
*CCC(C)=C(*)C,319.64641909
*C(=O)c1ccc(C(=O)N(CCC)c2ccc(Cc3ccc(N(*)CCC)cc3)cc2)cc1,446.8890032
*C(=O)c1ccc(C(=O)N(CCC)c2ccc(Cc3ccc(N(*)CCC)c(C)c3)cc2C)cc1,453.05238469999995
*CC(*)c1ccc(COCC(CC)CCCC)cc1,286.81
*Oc1ccc(OC(=O)c2ccc(OC(=O)CCCCCCC(*)=O)cc2)cc1,345.47081554
*CCCCCCCCCCOC(=O)c1ccc(C(=O)NCCCCCCNC(=O)c2ccc(C(=O)O*)cc2)cc1,252.48389003999998
*NC(C)C(=O)NCC(*)=O,293.11697332
*CCCCCCCCOC(=O)NCCCCCCCCCCNC(=O)O*,297.93605928
*CCCCCCCCCCCCCCOC(=O)C/C=C/CC(=O)O*,232.04841116999998
*c1ccc(-c2ccc(-c3ccc(*)n3C)n2C)cn1,529.7465093999999
*NC(CCCCNC(=O)NCCCCNC(*)=O)C(=O)OC,273.486556425
*Oc1ccc(OC(=O)c2ccc(NC(=O)c3ccc(C(*)=O)cc3)cc2)cc1,449.6886789
*/C=C/*,332.70883779999997
*c1ccc(C(=O)OCCCCCCOc2ccc(C=C3CCCC(=Cc4ccc(OCCCCCCOC(=O)c5ccc(-c6nnc(*)o6)cc5)cc4)C3=O)cc2)cc1,363.26
*C#CC#Cc1ccc(*)s1,322.28696662
*=C=C=C(COS(=O)(=O)c1ccc(C)cc1)C(=*)COS(=O)(=O)c1ccc(C)cc1,349.95290525999997
*N=Cc1ccc(-c2ccc(C=Nc3ccc4c(c3)c3cc(*)ccc3n4CCCCCC)s2)s1,368.22860424
*Oc1ccc(OC(=O)c2ccc(OC(=O)c3ccc(C(=O)Oc4ccc(C(=O)Oc5ccc(OC(=O)c6cccc(C(*)=O)c6)cc5)cc4)cc3)cc2)cc1,392.57388929999996
*c1ccc(Oc2c(F)c(F)c(C(=O)c3c(F)c(F)c(Oc4ccc(C5(*)OC(=O)c6ccccc65)cc4)c(F)c3F)c(F)c2F)cc1,549.49
*CCCCCCOc1ccc(C(=O)Nc2ccc(-c3ccc(NC(=O)c4ccc(O*)cc4)c(Cl)c3)cc2Cl)cc1,407.1366306
*Oc1ccc(C(C)c2ccc(OC(*)=S)cc2)cc1,374.21
*c1ccc(-c2ccc(*)nc2)cn1,411.39970689999996
*c1ccc(Cc2ccc(N3C(=O)c4ccc(Oc5ccc(C6(c7ccc(Oc8ccc9c(c8)C(=O)N(*)C9=O)cc7)CCC(c7ccccc7)CC6)cc5)cc4C3=O)cc2)cc1,522.2
*C(=O)NCCCCCCNC(=O)c1ccc(*)s1,316.05894132
*=Nc1ccc(N=C(C)Nc2ccc(-c3ccc(NC(=*)C)c(C(=O)O)c3)cc2C(=O)O)cc1,362.53045942999995
*Oc1ccc(C=Cc2ccc(C=Cc3ccc(OC(=O)CCCCCCCCC(*)=O)c(C)c3)cc2)cc1C,308.62523522
*CC(OC(C)=O)C1C(=O)N(c2ccccc2)C(=O)C1*,430.5259721
*c1ccc2c(c1)nc1c3cc4c(=O)n5c6cc(*)ccc6nc5c4cc3c(=O)n21,657.787936
*Oc1ccc(C=Nc2ccc(N=Cc3ccc(OC(=O)CCCCC(*)=O)c(OC)c3)cc2)cc1OC,231.29251530999997
*C(=O)N(*)CCCCCC,287.49014558
*c1ccc(-c2cnc3cc(Oc4ccc5nc(*)cnc5c4)ccc3n2)cc1,654.17
*C=Cc1cc(OCCCCCCOc2ccc(C3CCC(CCCCC)CC3)cc2)c(*)cc1OCCCCCCOc1ccc(C2CCC(CCCCC)CC2)cc1,309.82582944999996
*c1c(C)c(N2C(=O)c3ccc(Oc4ccc5c(c4)C(=O)N(*)C5=O)cc3C2=O)c(C)c2c1C(C)(C)CC2,598.4439228
*C(=O)N(*)CC=C,438.01390059999994
*C(=O)c1ccc(N=Nc2ccc(C(=O)N3C(=O)N(*)C(c4ccccc4)(c4ccccc4)C3=O)cc2)cc1,456.994758
*CCCCCCCCCCCCOC(=O)NCCCCCCNC(=O)O*,309.05999999999995
*CC(c1ccccc1)C1C(=O)N(CCCCCCCC)C(=O)C1*,378.8465321
*c1ccc(*)c2ccccc12,462.23218269999995
*C(=O)NCCCCCCCCCCNC(=O)c1cncc(*)c1,358.75365032999997
*Nc1cccc2c(NC(=O)c3cccc(C(*)=O)c3)cccc12,612.81
*Oc1ccc(OC(=O)CCCCCCCC(*)=O)cc1,267.091627394
*Nc1cccc(C#Cc2cccc(NC(=O)c3ccc(C(*)=O)cc3C(=O)O)c2)c1,460.76878709999994
*c1ccc(C(=O)CNc2ccc(NCC(=O)c3ccc(S(*)(=O)=O)cc3)cc2)cc1,472.0526743
*c1cc(-c2ccccc2)c(*)[nH]1,393.60034559999997
*CCCP(CCCNC(=O)CCCCCCCCC(=O)N*)c1ccccc1,329.35366061999997
*OC(=O)c1ccccc1NC(=O)c1ccc(C(=O)Nc2ccccc2C(=O)OC(=O)c2cccc(C(*)=O)c2)cc1,458.24990749999995
*CCOCCOCCOC(=O)c1ccc(C(=O)O*)cc1,309.21576581
*C(=O)OCCN(CCOC(=O)c1ccc2c(c1)C(=O)N(c1ccc(N3C(=O)c4ccc(*)cc4C3=O)cc1)C2=O)c1ccc(N=Nc2ccc([N+](=O)[O-])cc2)cc1,418.52511119999997
*Sc1ccc(-c2ccc(SC(=O)CCCCC(*)=O)cc2)cc1,286.4121556
*c1ccc(-c2nc3cc(-n4c(=O)c5cc6c(=O)n(*)c(=O)c6cc5c4=O)ccc3[nH]2)cc1,729.5
*c1ccc(-c2ccc(-c3sc(*)c(CCCCCCCCCCCC)c3CCCCCCCCCCCC)s2)s1,287.75597756999997
*CCCCCC(=O)NCCNC(=O)CCCCCOC(=O)c1ccc(C(=O)O*)cc1,354.80245915
*c1ccc(Oc2ccc(-c3csc(NC(=O)Nc4ccc(Cc5ccc(NC(=O)Nc6nc(*)cs6)cc5)cc4)n3)cc2)cc1,494.7798798
*C(=O)c1ccc2c(c1)C(=O)N(c1ccc(C(CCCCC)c3ccc(N4C(=O)c5ccc(*)cc5C4=O)cc3)cc1)C2=O,477.91406029999996
*CCCCCCCCCCCCCCCCC(=O)N*,288.53660593999996
*c1cccc(OCCCCCCCCCCCOC(=O)CCCCC(=O)OCCCCCCCCCCCOc2cccc(-c3nnc(*)s3)c2)c1,308.66374296
*CCCCCOc1ccc(OC(=O)c2ccc(C(=O)Oc3ccc(O*)cc3)cc2)cc1,363.07
*C=CC(C)C(*)C,351.32880502
*C(=O)OCCOC(=O)N1CC(C)N(*)CC1C,333.25633690999996
*CC(CCl)(CCl)COC(=O)CCCCC(=O)O*,275.98724036
*CCCP(CCCNC(=O)N*)c1ccccc1,223.95212701999998
*C(*)C(=O)OC(C)(C)C,285.88837737
*Oc1ccc(C(*)=O)cc1CCCCCC,358.20865655
*c1ccc(Cc2ccc(N3C(=O)CC(Nc4ccc(NC5CC(=O)N(*)C5=O)cc4)C3=O)cc2)cc1,521.6534267
*OC(C)COC(=O)CCCCC(*)=O,257.19481681999997
*CC(c1ccccc1)C1C(=O)N(c2ccc(Cl)cc2)C(=O)C1*,441.97584499999994
*CCCCc1nc2cc(NC(=NO)C(=NO)Nc3ccc4nc(*)[nH]c4c3)ccc2[nH]1,443.2630329
*Oc1ccc(Oc2ccc(Oc3cccc(*)n3)cc2)cc1,254.03056155999997
*Oc1cccc(OC(=O)c2ccc(C=Nc3ccc(OCCCCCCOc4ccc(N=Cc5ccc(C(*)=O)cc5)cc4)cc3)cc2)c1,356.98402436
*NC(C(*)=O)C(C)C,426.17787749999997
*CCCCCCCOc1ccc(C=C(C)c2ccc(O*)cc2)cc1,309.91976951
*c1cc(Br)c(OC(=O)c2cccc(C(=O)Oc3c(Br)cc(C4(*)OC(=O)c5ccccc54)cc3Br)c2)c(Br)c1,519.1168197
*Oc1ccc(C2(c3ccc(Oc4ccc(C(=O)c5ccc(C(=O)c6ccc(*)c(C(F)(F)F)c6)cc5)cc4C(F)(F)F)cc3)c3ccccc3-c3ccccc32)cc1,538.95
*c1ccc(NC(=O)c2cc(NC(=O)c3ccc(NC(=O)C(C)N4C(=O)c5ccccc5C4=O)cc3)cc(C(=O)Nc3ccc(S(*)(=O)=O)cc3)c2)cc1,545.8
*Cc1ccc(CN(CC)C(=O)CCCCCCCCCCCCCCCCC(=O)N(*)CC)cc1,277.429694171
*c1ccc(-c2ccc(N3C(=O)c4cc5c(cc4C3=O)C(C(F)(F)F)(C(F)(F)F)c3cc4c(cc3O5)C(=O)N(*)C4=O)cc2C(F)(F)F)c(C(F)(F)F)c1,745.4
*CCN1C(=O)C(=CC=C2SC(=S)N(*)C2=O)SC1=S,437.1640939
*=C=C=C(CCCCOC(=O)NC(=O)OCCCC)C(=*)CCCCOC(=O)NC(=O)OCCCC,300.66087357
*c1cccc(C(O[Si](C)(C)O[Si](C)(C)O[Si](C)(C)C)c2cccc(N3C(=O)c4ccc(Oc5ccc6c(c5)C(=O)N(*)C6=O)cc4C3=O)c2)c1,469.83
*C=Cc1ccc(C=Cc2cc(*)ncn2)cc1,357.95053451
*CC(*)(C)C(=O)OCCNC(=O)N(CCCCCC)CC(O)C(O)C(OC1OC(CO)C(O)C(O)C1O)C(O)CO,296.3902228
*CC(*)c1ccccc1C(=O)OCCC,408.36
*Oc1ccc(C(c2ccc(Oc3ccc(C(=O)c4ccc(*)cc4)cc3)cc2)c2ccccc2C(=O)O[Na])cc1,442.2841304
*C(=O)Nc1ccc(S(=O)(=O)c2ccc(NC(=O)c3ccc4c(c3)C(=O)N(c3ccc(OCCCOc5ccc(N6C(=O)c7ccc(*)cc7C6=O)cc5)cc3)C4=O)cc2)cc1,436.3329015
*C(C)C(=O)N1C(=O)N(C(=O)C(C)n2c(=O)c3cc4c(=O)n(*)c(=O)c4cc3c2=O)C(=O)C1(C)C,525.7365186
*c1ccc(-c2ccc(N3C(=O)c4ccc(-c5ccc6c(c5)C(=O)N(*)C6=O)cc4C3=O)cc2)cc1,695.1322435
*c1ccc(-c2nc3cc4nc(*)[nH]c4cc3[nH]2)cc1,613.7365983
*CCOCCOC(=O)c1ccc(-n2on2-c2ccc(C(=O)O*)cc2)cc1,288.49426557
*c1ccc(-c2ccc(-c3nc4cc5sc(*)nc5cc4s3)cc2)cc1,617.0530515
*c1ccc2c(c1)C(=O)N(c1ccc3c(c1)-c1cc(N4C(=O)c5ccc(C(*)(C(F)(F)F)C(F)(F)F)cc5C4=O)ccc1C3)C2=O,715.78
*CCCCCCCCCCCCCCCCCCCCOC(=O)CCC(=O)O*,240.38061087999998
*CCCCCCCCCCCCn1c(=O)c2cc3c(=O)n(*)c(=O)c3cc2c1=O,346.52639604
*/C=C/c1cc(CCCCCC)c(/C=C/c2ccc(*)cc2)cc1CCCCCC,324.19706134
*Oc1ccc(-c2ccc(OC(=O)c3cccc(Oc4ccc(C(*)=O)cc4)c3)cc2)cc1,362.7430824
*Oc1ccc(OC(=O)c2ccc(C(*)=O)cc2)cc1-c1ccccc1,339.03587861999995
*CC1CC1CO*,244.16418850999997
*C(=O)C1CC1C(=O)N1CCN(*)CC1,373.7340527
*Nc1cc(NC(=O)c2cccc(C(*)=O)c2)cc(C(=O)Nc2ccccc2)c1,506.74940499999997
*Nc1ccc(NC(=O)c2cc(C(*)=O)cc(C(F)(F)C(F)(F)C(F)(F)C(F)(F)F)c2)cc1,508.8395845
*C=Cc1ccc(*)n1CCCCCC,258.11030417999996
*Oc1ccc(C=C2CCCC(=Cc3ccc(OC(=O)c4ccc(C(*)=O)cc4)c(OC)c3)C2=O)cc1OC,378.3746285
*c1ccc(Oc2ccc(N3C(=O)c4c(F)c(F)c(Oc5c(F)c(F)c(Oc6c(F)c(F)c7c(c6F)C(=O)N(*)C7=O)c(F)c5F)c(F)c4C3=O)cc2)cc1,556.4196326
*c1ccc2c(c1)-c1cc(-c3nc4cc(-c5ccc6[nH]c(*)nc6c5)ccc4[nH]3)ccc1S2(=O)=O,628.6573659000001
*c1cc(OC)c(*)cc1OC,337.05036251999996
*CC(F)(F)C(F)(F)C(F)(F)CN(CC)C(=O)CCCCC(=O)N(*)CC,283.74395774
*O[Si](O[Si](O[Si](O[Si](CC[Si](C)(C)O[Si](C)(C)O[Si](C)(C)O[Si](C)(C)O[Si](C)(C)CC[Si](*)(c1ccccc1)c1ccccc1)(c1ccccc1)c1ccccc1)(c1ccccc1)c1ccccc1)(c1ccccc1)c1ccccc1)(c1ccccc1)c1ccccc1,284.77
*C(=O)N(*)c1ccccc1,423.8630657
*C#CC(CCCCOC(=O)NCC(=O)OCCCC)=C(*)c1cncnc1,347.14227071
*c1ccc(Oc2ccc(C(c3ccc(Oc4ccc(-c5nc(*)nc(-c6ccccc6)n5)cc4)cc3)(C(F)(F)F)C(F)(F)F)cc2)cc1,576.63
*Oc1cccc(Oc2ccc(Nc3ccc(Nc4ccc(Nc5ccc(Nc6ccc(*)cc6)cc5)cc4)cc3)cc2)c1C(=O)Nc1ccc(N=Nc2ccccc2)cc1,511.55948409999996
*C(=O)CCN1CCN(CCC(=O)N2CCN(*)CC2)CC1,313.73060093
*CCCCS(*)(=O)=O,258.73891008
*Cc1c(C)c(C)c(CSC(=O)c2ccc(C(=O)S*)cc2)c(C)c1C,401.0463011
*CCC(=O)OCCCC=CCCCOC(=O)CCC1NC(=O)C(*)NC1=O,298.52727632999995
*Oc1cccc(C(=O)Nc2ccc(Oc3ccc(NC(=O)c4cccc(Oc5nc(*)nc(Sc6ccccc6)n5)c4)cc3)cc2)c1,458.1015774
*C=CC1CC(*)C(C(F)(F)F)(C(F)(F)F)C1(F)F,436.86
*OC1CCC(OC(=O)CCCCCCC(*)=O)CC1,237.31035669
*C*,270.623317075
*CCCCCCCCCCOC(=O)c1cccc(-c2cccc(C(=O)O*)c2)c1,281.681981028
*c1cc(Br)c(Oc2c(Br)cc(N3C(=O)c4ccc(Oc5ccc6c(c5)C(=O)N(*)C6=O)cc4C3=O)cc2Br)c(Br)c1,575.41
*CC(*)c1ccccc1OC,433.25962
*c1ccc(-c2ccc(-c3ccc(-n4c(=O)c5cc6c(=O)n(*)c(=O)c6cc5c4=O)cc3)cc2)cc1,551.6721779
*C(=O)c1ccc(C(=O)N(CC)c2ccc(-c3ccc(N(*)CC)cc3)cc2)cc1,335.71896405999996
*c1ccc(Oc2ccc(-c3nc4ccc(S(=O)(=O)c5ccc6nc(*)[nH]c6c5)cc4[nH]3)cc2)cc1,588.2620806
*C=NCCN=Cc1ccc(Sc2ccc(*)o2)o1,368.77138549999995
*Oc1ccc(CC(NC(=O)CCc2ccc(OC(=O)CCCC(*)=O)cc2)C(=O)OCCOCCOCC)cc1,315.49
*C#CC(Cn1c2ccc(CCCCCCCCCCCCCCCC)cc2c2cc(CCCCCCCCCCCCCCCC)ccc21)=C(*)Cn1c2ccc(CCCCCCCCCCCCCCCC)cc2c2cc(CCCCCCCCCCCCCCCC)ccc21,270.912181516
*CC(c1ccccc1)C1C(=O)N(CCCCCCCCCCCC)C(=O)C1*,343.39
*Oc1ccc(C(=O)OCCCCOC(=O)c2ccc(OC(=O)c3ccc(C(*)=O)cc3)cc2)cc1,341.94315579
*Oc1ccc(OC(=O)c2ccc(OCCOc3ccc(C(*)=O)cc3)cc2)cc1C,341.16369706
*CC(*)(F)C(=O)OCC(F)(F)C(F)(F)C(F)(F)C(F)(F)C(F)(F)C(F)(F)C(F)(F)F,174.44527964999997
*C(=O)N1C(=O)N(C(=O)c2ccc3c(c2)C(=O)N(c2cccc(P(=O)(c4ccccc4)c4cccc(N5C(=O)c6ccc(*)cc6C5=O)c4)c2)C3=O)C(C)(C)C1=O,411.94036329999994
*C1=NC2=CC(*)C=CC2=C1,376.306476
*C(=O)NCCCCCCCCCCNC(=O)c1cccc(*)n1,322.74402876
*NNC(=O)c1ccc(NC(=O)c2cc(C(*)=O)cc(N3C(=O)c4c(Cl)c(Cl)c(Cl)c(Cl)c4C3=O)c2)cc1,406.30282909999994
*CCP(Cl)(Cl)=Nc1ccc(N=P(*)(Cl)Cl)cc1,245.80499747999997
*C(=O)Nc1cc(NC(=O)c2ccc3[nH]c(-c4cccc(-c5nc6cc(*)ccc6[nH]5)c4)nc3c2)cc(-c2nc3ccccc3[nH]2)c1,621.7
*CC1CCC(COC(=O)c2ccc(NC(=O)O*)cc2)CC1,422.00198779999994
*Oc1ccc(OC(=O)c2ccc(C(*)=O)cc2Sc2ccc(Cl)cc2)cc1,419.58
*CCCCCCCCCNC(=O)CCCCCCCC(=O)N*,283.054824538
*C#Cc1cc(OCCCCCCCCCC)c(*)cc1OCCCCCCCCCC,335.00443636
*CC(*)(C)C(=O)OCCCCCCCCOC(=O)OC1CCC2(C)C(=CCC3C2CCC2(C)C(C(C)CCCC(C)C)CCC32)C1,320.63888607999996
*CC1(CO*)CC2CCC1CC2,354.23225464999996
*Oc1ccc(C(=O)CCCCCCCCC(=O)c2ccc(OC(*)=O)cc2)cc1,279.718396994
*CC(*)c1ccc(C(=O)N(C)C)cc1,420.04999999999995
*CCCCOC(=O)CCCCC(=O)OCCCCOC(=O)c1ccc(C(=O)O*)cc1,306.78999999999996
*c1ccc(S(=O)(=O)NCCNS(*)(=O)=O)cc1,280.69081280999995
*OC(CC(*)=O)C(Cl)Cl,383.3826669
*NC(C)CNC(=O)NCCCCCCNC(*)=O,328.50434565
*c1ccc(-c2ccc(-n3c(=O)c4cc5c(=O)n(*)c(=O)c5cc4c3=O)c(C)c2)cc1C,544.4077887
*C(=O)CCCCC(=O)c1ccc(C=C2CCC(=Cc3ccc(*)cc3)C2=O)cc1,470.6039358
*Cc1ccc(CNC(=O)CCCCCC(=O)N*)cc1,334.88836641999995
*C#Cc1ccc(*)c(SCCCCCCCCCCCC)c1,326.56644401
*OS(=O)(=O)c1cccc(S(=O)(=O)Oc2cccc(*)c2)c1,302.34231194
*CCCCCCCCCCOC(=O)c1ccc(C(=O)NCCCNC(=O)c2ccc(C(=O)O*)cc2)cc1,349.87929425
*Oc1ccc(C(=O)OCCOCCOCCOC(=O)c2ccc(OC(=O)Nc3cc(NC(*)=O)ccc3C)cc2)cc1,373.5955143
*c1ccc(C(C)c2ccc(-n3c(=O)c4cc5c(=O)n(*)c(=O)c5cc4c3=O)cc2)cc1,580.4145731
*CC(*)(C)C(=O)Oc1ccc(C(=O)c2ccccc2)c(O)c1,459.59999999999997
*c1cccc(-c2nc3cc(-c4ccc5c(c4)nc(*)n5CCCS(=O)(=O)O)ccc3n2CCCS(=O)(=O)O)c1,481.7863648
*c1ccc(C(=O)OCCCCCCOC(=O)c2ccc(N3C(=O)CC(SCCOCCSC4CC(=O)N(*)C4=O)C3=O)cc2)cc1,292.57674541999995
*c1cc(OCCCCCCCCCC)c(*)cc1OCCCCCCCCCC,278.57311205499997
*C=C(*)C,277.17322139299995
*Nc1c(Cl)cc(*)cc1Cl,272.935718722
*Oc1ccc(S(=O)(=O)c2ccc(Oc3ccc(C(=O)NNC(=O)c4ccc(NC(=O)c5ccc(*)cc5)c(O)c4)cc3)cc2)cc1,384.607133
*/C(=C(/*)c1ccccc1)c1ccccc1,479.7198859
*CCCCCCCCc1nc2cc(-c3ccc4oc(*)nc4c3)ccc2o1,335.08714913
*OC(=O)CCSCCC(*)=O,280.100276755
*Oc1ccc(C(c2ccc(OC(=O)c3ccc(C(*)=O)cc3)cc2)(C(F)(F)F)C(F)(F)F)cc1,424.0511854
*CCCCCS*,217.77139038999997
*c1cc(O)c(O)cc1*,432.0671015
*Oc1ccc(CNC(=O)CCCCCCC(=O)NCc2ccc(OC3COC4C(*)COC34)cc2)cc1,294.73173133999995
*CC(C)(C)COC(=O)CCCCCCCC(=O)O*,290.16342592999996
*CCCCCCCCCCCCN1C(=O)c2ccc(Oc3ccc4c(c3)C(=O)N(*)C4=O)cc2C1=O,353.78
*CCN(*)C(=O)CCC(F)(F)C(F)(F)C(F)(F)C(F)(F)C(F)(F)C(F)(F)F,220.50174578999997
*CC(F)(F)C(F)(F)C(F)(F)C(F)(F)COC(=O)CCCC(=O)O*,209.03342840999997
*OC(=O)OC1CC2CC(*)CC(C1)O2,469.66999999999996
*Nc1ccc(*)cc1CC,435.33557039999994
*N=P(*)(OCCC(=O)C=C)OCCC(=O)C=C,231.02567989
*Cc1ccc(CN(C)C(=O)CCCCCCCCCCCCCCC(=O)N(*)C)cc1,258.82637459
*C([2H])([2H])C(*)(C([2H])([2H])[2H])C([2H])([2H])[2H],358.41711009999995
*CC(*)(C)C(=O)OCCCCCCCCCCOc1ccc(N2C(=O)C(=Cc3c(C)c4ccccc4n3C)C(=C(C)C)C2=O)cc1,255.18119040999997
*CCCC1CCN(C(=O)c2ccc(C(=O)C3CCN(*)CC3)c(Oc3ccccc3)c2)CC1,404.3321319
*C=C(*)c1cc(CO)c(OCc2ccc(CNC(C)COCCCCCCCC)cc2)c(CO)c1,338.93481038
*Nc1ccccc1CCc1ccccc1NC(*)=O,480.805323
*c1ccc(Oc2ccc(S(=O)(=O)c3ccc(Oc4ccc(-c5ncc(*)o5)cc4C(F)(F)F)cc3)cc2)c(C(F)(F)F)c1,540.21
*Nc1ccc(C(*)=O)cc1,365.20287264
*CC(CCCC)(CCCC)C(=O)O*,255.16437358
*C(=O)NNC(=O)c1ccc(*)nc1,408.3336518
*CCCCCCCCCCCCN1C(=O)c2ccc3c4c(ccc(c24)C1=O)C(=O)N(*)C3=O,374.56168649999995
*C(C)C(*)O,386.71655639999994
*CCC(=O)NNC(=O)c1cccc(C(=O)NNC(=O)c2cccc(O*)c2)c1,507.36334639999995
*CCCCCCCCNC(=O)CCC(=O)N*,342.37130195
*c1nc2cc3sc(-c4cc(OCCCCCC)c(*)cc4OCCCCCC)nc3cc2s1,441.6763131
*CC1CCCC(*)(CO)C1=O,344.85468572999997
*CCN(CCCCOc1ccc(N=Nc2ccc(CCCCCC)cc2)cc1)CCOC(=O)c1ccc(C(=O)O)c(C(=O)Nc2ccc(C(C)(C)c3ccc(C(C)(C)c4ccc(NC(=O)c5ccc(C(=O)O*)cc5C(=O)O)cc4)cc3)cc2)c1,355.33427932999996
*CC(*)(C)C(=O)OCCCCCCCCCCn1c2ccccc2c2cc(N=Nc3ccc([N+](=O)[O-])cc3)ccc21,333.96
*c1ccc(C(=O)c2ccc(-c3nc4cc(-c5ccc6nc(*)[nH]c6c5)ccc4[nH]3)cc2)cc1,574.0501313
*Oc1ccc(N=Cc2ccc(OC(=O)CCCCC(=O)Oc3ccc(C=Nc4ccc(*)cc4)cc3OC)c(OC)c2)cc1,320.53250675
*C=C(*)CNS(=O)(=O)CC,317.89824799999997
*Oc1ccc(Oc2ccc(C(C)=Nc3ccc(Oc4ccc(N=C(C)c5ccc(*)cc5)cc4)cc3)cc2)cc1,390.6582044
*Oc1ccccc1C(=O)Oc1ccc(OC(=O)c2ccccc2Oc2nc(*)nc(N(CC)c3ccccc3)n2)cc1,419.8865026
*CCNC(=O)CCP(C)(=O)CCC(=O)N*,416.9966204
*C=Cc1cc2c(cc1CCCCCC)c1cc(CCCCCC)c(*)cc1n2CCCCCCCC,318.60691414999997
*Oc1ccc(OC(=O)c2ccc(C(*)=O)cc2-c2ccccc2)cc1,500.850588
*CCCCCCOc1ccc(NC(=O)c2cc(C(=O)Nc3ccc(O*)cc3)cc(C(C)(C)C)c2)cc1,431.23
*/C=C/c1ccc(Oc2ccc(-c3ccc(-c4ccc(-c5ccc(Oc6ccc(/C=C/c7ccc8c(c7)c7cc(*)ccc7n8CC(CC)CCCC)cc6)c(C#N)c5)cc4)cc3)cc2C#N)cc1,402.37061029999995
*CCCCCCCC(=O)OCCOC(=O)CCCCCCCC1OCC(COCC2COC(*)O2)O1,270.596797358
*c1c(C)cc(C(c2cc(C)c(N3C(=O)c4ccc(-c5ccc6c(c5)C(=O)N(*)C6=O)cc4C3=O)c(C)c2)c2cccc3ccccc23)cc1C,642.15
*CC(=O)NNC(=O)c1ccc(C(=O)NNC(=O)CN2C(=O)c3ccc(C(c4ccc5c(c4)C(=O)N(*)C5=O)(C(F)(F)F)C(F)(F)F)cc3C2=O)cc1,499.9102549
*c1ccc(Oc2ccc(-c3csc(N=Cc4ccc(OCCCCOc5ccc(C=Nc6nc(*)cs6)cc5OC)c(OC)c4)n3)cc2)cc1,377.2126058
*c1ccc(*)n1CC,385.75543459999994
*C1C(=O)N(CCOc2ccc(-c3ccc(C#N)cc3)cc2)C(=O)C1*,431.51
*C=C(*)c1ccccc1C,534.8123551
*CC(*)C(=O)OCCN(C)S(=O)(=O)C(F)(F)C(F)(F)C(F)(F)C(F)(F)C(F)(F)C(F)(F)C(F)(F)C(F)(F)F,125.12026239999997
*CCN(CCCC(=O)Nc1ccc(N=Nc2ccccc2)cc1)CCOC(=O)Nc1ccc(Cc2ccc(NC(=O)O*)cc2)cc1,240.89210948999997
*CCNC(=S)C=Cc1ccc(Cc2ccc(C=CC(=S)N*)cc2)cc1,373.02529352
*C=CC1C=CC(*)c2ccc(CCCCCC)cc21,282.854073219
*c1ccc(-c2ccc(S(*)(=O)=O)cc2)cc1,502.2039301
*CCCC1CCN(SC(=O)OCCCCOC(=O)SN2CCC(*)CC2)CC1,267.117584977
*C=Nc1cccc(N=Cc2ccc(Sc3ccc(*)o3)o2)c1,395.73139929999996
*Nc1cccc(NC(=O)CCCCCCC(*)=O)c1,401.31999999999994
*CCCC(=O)NCCCCCCNC(=O)CCCOC(=O)c1ccc(C(=O)O*)cc1,333.17078862
*Oc1ccc(C(C)=Cc2ccc(OC(=O)CCCCCCCCCCC(*)=O)cc2)cc1,279.608707655
*CC(*)C(=O)N1CC[N+](C)(CCCCCCCCCCCC)CC1,191.76702615999997
*CCCCCCOC(=O)C(CCCCCCOc1ccc(-c2ccc(OCc3ccc([N+](=O)[O-])cc3)cc2)cc1)C(=O)O*,291.10743356999996
*Oc1ccc(-c2ccc(Oc3c(F)c(F)c(COC(c4cccc(C(OCc5c(F)c(F)c(*)c(F)c5F)(C(F)(F)F)C(F)(F)F)c4)(C(F)(F)F)C(F)(F)F)c(F)c3F)cc2)cc1,412.88
*CC(CCCCCCCCOc1ccc(C(=O)Oc2ccc(C(=O)OCC(C)CC)cc2)cc1)O*,272.97170183
*Oc1ccc(C2(c3ccc(OC(=O)CCCC(*)=O)cc3)c3cc(OC)ccc3-c3ccc([N+](=O)[O-])cc32)cc1,468.86
*Nc1cc(SCCC#N)c(NC(=O)c2cccc(C(*)=O)c2)cc1SCCC#N,311.31065966
*Nc1ccc(NC(=O)C2CC(C(CC(=O)O)C(*)=O)C=C(C)C2C(=O)O)cc1,422.9187276
*CCOC(=O)CC(=O)O*,182.62083958999997
*C(=O)Nc1cccc(NC(=O)c2cccc(C(=O)Nc3cccc(N4C(=O)c5ccc(*)cc5C4=O)c3)c2)c1,486.63937739999994
*C(=O)c1ccc2c(c1)C(=O)N(c1ccc(-c3ccc(-c4ccc(N5C(=O)c6ccc(*)cc6C5=O)cc4)cc3)cc1)C2=O,505.3809602
*=c1cc2ccc3cc(=c4c5ccccc5c(=*)c5ccccc45)cc4ccc(c1)c2c34,710.64
*CCCOCCOCCOC(=O)Nc1ccc(C)c(NC(=O)O*)c1,246.39168739
*CCCCCCNC(=O)NCCCCNC(=O)N*,333.25434296
*C1CCC1*,342.72488221
*c1ccc([Si](*)(OCC)OCC)cc1,280.17246836
*C(=O)OC(=O)COc1ccc(OCC(=O)OC(=O)c2ccc(*)nc2)cc1,429.12095669999997
*CCCCC(=O)NCCCCCCNC(=O)CCCCO*,216.65604016999998
*Oc1ccc(C(C)(CCCC)c2ccc(OC(*)=O)cc2)cc1,391.9861345
*NC(=O)c1cc(C(=O)Nc2nc(*)nc(-c3ccccc3)n2)c(C(=O)OC(=O)Nc2cc(NC(=O)OCCCCCCCC)ccc2C)cc1C(=O)O,271.458520959
*Oc1ccc(CC(NC(=O)Cc2ccc(OC(=O)CCCCCCC(*)=O)cc2)C(=O)OCC)cc1,339.54999999999995
*C(=O)N1C(=O)N(C(=O)c2ccc3c(c2)C(=O)N(c2ccc(Oc4ccc(N5C(=O)c6ccc(*)cc6C5=O)cc4)cc2)C3=O)C(C)=C(C(=O)OCC)C1c1ccc(Cl)cc1,443.4761787
*=C=C=C(COS(=O)(=O)c1ccc(OC)cc1)C(=*)COS(=O)(=O)c1ccc(OC)cc1,328.45555285
*c1ccc(*)n1C(C(=O)NO)n1ccc2ccccc21,453.45823269999994
*CCC(C)(C)CC(C)CNC(=O)CCCCC(=O)N*,327.96999999999997
*Oc1c(C(=O)Nc2ccc(NC(=O)c3ccc4ccccc4c3Oc3nc(*)nc(N4CCCCC4)n3)cc2)ccc2ccccc12,435.8171353
*CC(=O)C(*)c1ccc(C)cc1,340.72313464
*Oc1cccc(OC(=O)c2cc(C(C)(C)C)c(OC(=O)c3ccc(C(=O)Oc4c(C(C)(C)C)cc(C(*)=O)cc4C(C)(C)C)cc3)c(C(C)(C)C)c2)c1,408.3511857
*Nc1ccccc1NC(=O)CCCCCCC(*)=O,345.07438381
*CCOC(=O)Nc1ccc(NC(=O)O*)cc1,407.44089169999995
*CC(*)(F)C(=O)OCC,397.84
*CCCCCCCCCCOc1ccc(C=Cc2ccc(OCCCCCCCCCCOP(=O)(O*)OCCCCCCCCCCOc3ccc(N=Nc4ccc(C)cc4)cc3)cc2)cc1,278.967024886
*CC(*)CCCC(C)C,279.13030102299996
*NNC(=O)CCCCC(=O)NNC(=O)CCCCCCCC(*)=O,374.15226229999996
*CCC(O*)(C(F)(F)F)C(F)(F)F,265.123706912
*C(=O)Nc1nc(NC(=O)c2ccc3c(c2)C(=O)N(c2ccc(Oc4cccc5c(N6C(=O)c7ccc(*)cc7C6=O)cccc45)cc2)C3=O)nc(-c2ccccc2)n1,603.74
*CCCCCCCCCCOc1ccc(C=Cc2ccc(OCCCCCCCCCCOP(=O)(O*)OCCCCCCCCCCOc3ccc(N=Nc4ccc(F)cc4)cc3)cc2)cc1,265.9377305
*c1cccc(Oc2ccc(S(=O)(=O)c3ccc(Oc4cccc(N5C(=O)c6ccc(Oc7ccc8c(c7)C(=O)N(*)C8=O)cc6C5=O)c4)cc3)cc2)c1,472.81195479999997
*Oc1ccc2c(c1)C(C)(C)CC2(C)c1ccc(Oc2ccc(C3(C)CC(C)(C)c4ccc(*)cc43)cc2)cc1,581.6811608999999
*Nc1ccc(NC(=O)c2cc(SCCCCCCCC)c(C(*)=O)cc2SCCCCCCCC)cc1,342.82482712999996
*CC(*)OC(=O)c1ccccc1C,354.99
*C(=O)Oc1ccc(C(C)(C)c2ccc(OC(=O)c3ccc4c(c3)C(=O)N(c3ccc(-c5ccc(N6C(=O)c7ccc(*)cc7C6=O)c(C)c5)cc3C)C4=O)cc2)cc1,360.32702398
*c1ccc2c(c1)C(=O)N(c1c(C)cc(C)c(C(=O)c3cccc(N4C(=O)c5ccc(C(*)(C(F)(F)F)C(F)(F)F)cc5C4=O)c3)c1C)C2=O,553.24
*CC(*)OCC(C)(C)CC,285.34999999999997
*=C=C=C(COC(=O)NCC)C(=*)COC(=O)NCC,445.21338719999994
*CCCOC(=O)c1ccc(NC(=O)CCCCC(=O)Nc2ccc(C(=O)O*)cc2)cc1,357.14780358999997
*[Si](*)(CCCCCC)CCCCCC,261.77081892999996
*C(C)=C(*)[Si](C)(C)CC,430.25098629999997
*c1ccc(Oc2ccc(Oc3ccc(N4C(=O)c5ccc(Oc6ccc(Oc7ccc8c(c7)C(=O)N(*)C8=O)cc6)cc5C4=O)cc3)cc2)cc1,464.3804459
*Oc1ccc(S(=O)(=O)c2ccc(Oc3ccc(C(C)(C)c4ccc(*)cc4)cc3)cc2)c([N-][N+]#N)c1,469.4553138
*Nc1c(C)c(C)c(NC(=O)c2ccc(C(*)=O)cc2)c(C)c1C,478.8052433
*CC(CCCCCCOc1ccc(-c2ccc(C#N)cc2)cc1)COC(=O)N(C)c1ccc(N(C)C(=O)O*)cc1,351.26061669
*CC1(*)CC(=O)OC1=O,417.004555
*Cc1ccc(OCCOc2ccc(*)c3cccnc23)c2ncccc12,347.19018308
*CCCCCCCCCCOC(=O)CCC(=O)O*,274.93380613299996
*c1ccc(Sc2ccc(-c3nc(-c4cccc(-c5nnc(-c6ccccc6)c(*)n5)n4)nnc3-c3ccccc3)cc2)cc1,692.7281201999999
*CC(CCl)(CCl)COC(=O)c1ccc(C(=O)O*)cc1,284.61555203
*CCC(=O)NCC(=O)N*,343.57884183
*CCCCCC(=O)NCCc1ccc(CCNC(=O)CCCCCS*)cc1,255.13824537999997
*Oc1cccc(OC(=O)Oc2ccc(OC(*)=O)cc2)c1,168.81200679999998
*NNC(=O)CCC(=O)NNC(=O)CCCCCCCCC(*)=O,337.84850400999994
*OS(=O)(=O)c1ccc(*)cc1,413.78999999999996
*CCOC(=O)c1ccc(NC(=O)CCCCCCCCCCC(=O)Nc2ccc(C(=O)O*)cc2)cc1,287.23686283999996
*C(=O)SSCCCCSSC(=O)N1CCN(*)CC1,269.578025408
*C#CC#Cc1ccc2c3ccc(*)cc3n(CCCCCCCCCCCCCCCC)c2c1,341.50869686
*NC1CC(C)(C)CC(C)(CNC(=O)c2cc(NC(=O)c3ccc(NC(=O)C(CC(C)C)N4C(=O)c5ccccc5C4=O)cc3)cc(C(*)=O)c2)C1,468.4183571
*CCCCCCOC(=O)C1CC(=O)C(C(=O)O*)CC1=O,236.48554767999997
*c1ccc2c(c1)SC1=Nc3cc(-c4ccc5c(c4)N=C4Sc6cc(*)ccc6N=C4N5)ccc3NC1=N2,691.8399999999999
*N=P(*)(OCC(F)(F)C(F)(F)C(F)(F)F)OCC(F)(F)C(F)(F)C(F)(F)F,195.23892347999998
*CCOCCOCCOC(=O)CCC(=O)O*,287.36396213
*Oc1ccc(NC(=O)NCCCCCCNC(*)=O)cc1,395.5588725
*OC(=O)CCCCCCCC(*)=O,204.45567444
*CCCCOC(=O)c1ccccc1-c1ccccc1C(=O)O*,344.49273106
*c1ccc(*)nc1,595.2459561000001
*Oc1ccc(S(=O)(=O)c2cccc3c(S(=O)(=O)c4ccc(Oc5c(C)cc(-c6cc(C)c(*)c(C)c6C)c(C)c5C)cc4)cccc23)cc1,573.8454413
*Oc1ccc(-c2cc(OCCCCCC)c(-c3ccc(OC(=O)c4ccc(C(*)=O)cc4)cc3)cc2OCCCCCC)cc1,354.70306128
*CC(*)(C)C(=O)OCCOc1ccc(N=Nc2ccc(C#N)cc2)cc1,414.83
*Oc1ccc(SSCCCCSSc2ccc(*)cc2)cc1,375.41018599999995
*c1ccc([Si](*)(C)c2ccc(CN(C)C)cc2)cc1,286.05627628999997
*c1ccc(OCCCCCCCCCCCOC(=O)CCCCC(=O)OCCCCCCCCCCCOc2ccc3nc(*)sc3c2)cc1,255.93172584999996
*c1cccc(N2C(=O)c3ccc(-c4cccc5c4C(=O)N(*)C5=O)cc3C2=O)c1,621.43
*OC(C)CCC(C)OC(=O)CCCCCCCCC(*)=O,254.93999999999997
*C=Cc1cc(C=Cc2ccc(OCCC(C)CCCC(C)C)cc2)c(*)cc1C=Cc1ccc(OCCC(C)CCCC(C)C)cc1,276.018925186
*Oc1ccc(OC(=O)c2ccc(OC(=O)c3ccc(C(=O)Oc4ccc(C(*)=O)cc4)cc3)cc2)cc1C,354.30934241
*O[Si](C)(C)CCCN=C1c2ccccc2C(=NCCC[Si](*)(C)C)c2c(O)ccc(O)c21,324.45
*c1ccc(-c2cc(OCCCCCCCCCC)c(*)cc2OCCCCCCCCCC)cc1,334.22976291
*CCCCCCSSCCCCSS*,231.88327618999998
*Nc1c([2H])c([2H])c(*)c([2H])c1[2H],508.52082299999995
*c1ccc(-c2ccc(-c3ccc4c(c3)C(=O)N(c3ccc(Oc5ccc(N6C(=O)c7ccc(*)cc7C6=O)cc5)cc3)C4=O)cc2)cc1,630.4465064999999
*C=C(*)c1ccc(OCCCCCC(=O)Oc2c(F)c(F)c(F)c(F)c2F)cc1,346.98198457
*Oc1ccc2nc3c(nc2c1)Sc1cc(-c2ccc4c(c2)Sc2nc5cc(*)ccc5nc2N4)ccc1N3,656.55
*C=Nc1ccc(N=Cc2cccc(*)n2)cc1,412.2734551
*CCOC(=O)NCCNC(=O)O*,279.046093021
*C1C=CC(*)CC1,376.52734899999996
*Cc1ccc(OCc2ccc(COc3ccc(*)c4cccnc34)cc2)c2ncccc12,473.50385259999996
*Cc1ccc(-c2ccc(CSC(=O)CCCCC(=O)S*)cc2)cc1,258.82646803999995
*Oc1ccc(OC(=O)c2cc(NC(=O)c3ccc(NC(=O)C(C)N4C(=O)c5ccccc5C4=O)cc3)cc(C(*)=O)c2)cc1,331.8819127
*CCCCCCC(=O)NCCCCCCNC(=O)CCCO*,274.617345964
*CCSC(=O)CCCCC(=O)S*,251.23811111999999
*c1ccc(Oc2ccc(C(=O)c3cccc(C(=O)c4ccc(Oc5ccc(-c6c7c(c(*)c8ccccc68)C(=O)N(CCCCCCCCCCCC)C7=O)cc5)cc4)c3)cc2)cc1,435.05999999999995
*CCCCCCCCCCOC(=O)c1cccc(NC(=O)O*)c1,318.24440244
*C=C(*)c1ccc([N+](=O)[O-])cc1,260.54416254
*=C=C=C(CO)C(=*)CO,315.16413885
*N=Nc1ccc(*)cc1,417.84512329999995
*CC(*)S(=O)c1ccccc1,411.12055269999996
*CC(*)C(=O)NCC,328.25481693999996
*C(=O)Nc1ccc(NC(=O)c2ccc3c(c2)C(=O)N(c2ccc(Oc4ccc(N5C(=O)c6ccc(*)cc6C5=O)cc4)cc2)C3=O)cc1,321.35867336999996
*OC(C)CCOC(=O)c1cccc(C(*)=O)c1,230.86380666999997
*C(=O)C(*)(C)C,378.97925109999994
*Oc1ccc2c(c1)nc1n2C(=O)c2ccc(Oc3ccc4c(c3)C(=O)n3c-4nc4ccc(*)cc43)cc2-1,564.4318089999999
*CCCCCCSC(=O)CCCCCCCCC(=O)S*,234.01386223999998
*Cc1cc(C=O)c(O)c(Cc2cc(C=O)c(O)c(CNC(=O)NC(=O)N*)c2)c1,463.75721539999995
*c1ccc(NC(=O)c2ccc(C(=O)Nc3ccc(-c4nc5ccc(-c6ccc7nc(*)[nH]c7c6)cc5[nH]4)cc3)cc2)cc1,631.8172689999999
*CCCCCCCCCCOC(=O)CCCCSCCCCC(=O)O*,250.84935044999997
*CCCOC(=O)CCCCCC(=O)O*,201.86768386999998
*NC(CO)C(*)=O,357.72547927
*=Cc1ccc(C(=O)CCCCC(=O)c2ccc(C=C3CN(C)CC(=*)C3=O)o2)o1,368.29114512999996
*CC(C)(C)COC(=O)NC1CCC(CC2CCC(NC(=O)O*)CC2)CC1,289.1292949
*C(F)(F)C(F)(F)C(F)(F)C(*)(F)C(F)(F)F,186.26176371999998
*c1cc2sc(-c3sc(-c4cc(CCCCCCCCCCBr)c(*)s4)cc3CCCCCCCCCCBr)cc2s1,298.10900907999996
*c1ccc(Nc2cc(CCCCCCCC)c(*)s2)cc1,322.65827798
*Oc1cccc(C(F)(F)C(F)(F)C(F)(F)c2cccc(OC(=O)c3cccc(C(F)(F)C(F)(F)C(F)(F)c4cccc(C(*)=O)c4)c3)c2)c1,379.05999999999995
*Oc1ccc2cc(C(=O)Oc3ccccc3OC(=O)c3ccc4cc(Oc5nc(*)nc(N6CCN(C)CC6)n5)ccc4c3)ccc2c1,328.05728347999997
*CC(*)(CC(=O)OCCCc1ccccc1)C(=O)OCCCc1ccccc1,303.04999999999995
*Cc1cc(*)c(O)cc1C,285.55187976999997
*CC(*)c1cccc(Cl)c1,395.71999999999997
*CCCCCCOCCCCCCOCCCCCO*,201.13003480999998
*CCCCOC(=O)SSC(=O)O*,214.20421660999997
*CC(O)C(O)COC(=O)O*,371.53999999999996
*Oc1ccc(S(=O)(=O)c2ccc(Oc3ccc(C(C)(C)c4ccc(*)c([N-][N+]#N)c4)cc3[N-][N+]#N)cc2)cc1,454.3092195
*c1sc(*)c(OCCCCCCC)c1C,305.19437108
*CCCCCCN(C)C(=O)CCCCCCCCCCCCCCCCC(=O)N(*)C,322.49222835999996
*c1cc(CCCCCC)c(C=Cc2sc(C=Cc3sc(-c4ccc(*)c5nsnc45)cc3CCCCCC)c(CCCCCC)c2CCCCCC)s1,291.1042177
*CCCCCCOC(=O)Nc1cc(NC(=O)OCCCCOC(=O)Nc2ccc(C)c(NC(=O)OCCCCCCOc3ccc(-c4ccc(O*)cc4)cc3)c2)ccc1C,314.64405568999996
*CCCCCCOCO*,231.46535636
*Oc1ccc(Oc2ccc(C(=O)c3ccc(*)cc3)cc2)cc1CBr,371.46320425
*C1CC(*)OC(O)O1,409.2023749
*CCCCSC(=O)NCCCCCCNC(=O)S*,240.01202295999997
*c1cc(N=Nc2ccc([N+](=O)[O-])cc2)cc(*)c1O,438.83015349999994
*CCOC(=O)NCCSCCCCSCCNC(=O)O*,299.40521298
*CCCCCCN1C(=O)C(=Cc2ccc(C=C3SC(=S)N(*)C3=O)cc2)SC1=S,308.52444876
*N=C1C=CC(=NC2=CC(=O)C(*)=CC2=O)C=C1,486.1467182
*C(=O)c1ccc2c(c1)C(=O)N(c1ccc(Oc3ccc(Oc4ccc(Oc5ccc(N6C(=O)c7ccc(*)cc7C6=O)cc5)cc4)cc3)cc1)C2=O,399.4051791
*Oc1ccc(-c2ccc(OC(=O)c3cc(C(=O)OCCCCCC)c(C(*)=O)cc3C(=O)OCCCCCC)cc2)cc1,350.28970172
*CC(*)(C)C(=O)Oc1ccc(C)cc1,399.2654692
*CNC(=O)CCCCCCCCC(=O)N*,339.91854222999996
*CC#CC#CCOc1ccc(C(C)(C)c2ccc(O*)cc2)cc1,321.196331
*N=C1c2ccccc2C(=Nc2ccc(*)cc2)c2ccccc21,431.4079262
*C(=O)c1ccc2c(c1)C(=O)N(c1ccc(Oc3ccc(C(=O)c4cccc(C(=O)c5ccc(Oc6ccc(N7C(=O)c8ccc(*)cc8C7=O)cc6)cc5)c4)cc3)cc1)C2=O,513.5
*C(C(=O)OC)C(*)C(=O)OC(C)(C)C,421.91999999999996
*Oc1cccc(Oc2ccc(C(=O)Nc3ccc(Oc4ccc(NC(=O)c5ccc(*)cc5)cc4)cc3)cc2)c1C#N,434.0824159
*c1ccc(Oc2ccc(N3C(=O)c4cccc(Oc5c(Oc6cccc7c6C(=O)N(*)C7=O)cc(C(C)(C)C)cc5C(C)(C)C)c4C3=O)cc2)cc1,574.41
*OS(=O)(=O)c1ccc(Oc2ccc(S(=O)(=O)Oc3ccc(C4(c5ccc(*)cc5)CCCCC4)cc3)cc2)cc1,423.0571313
*Oc1c(C)cc(*)cc1C(C)CCCCCCCCCCCC,317.37
*Nc1ccc(NC(=O)c2ccc(NC(=O)C=Cc3ccc(C=CC(=O)Nc4ccc(C(*)=O)cc4)cc3)cc2)cc1,442.9259737
*Oc1ccc(OC(*)=O)cc1,378.1999992
*c1ccc(NC(=O)c2ccc(C(=O)Nc3ccc(C4(*)OC(=O)c5ccccc54)cc3)cc2)cc1,565.7425873
*CCCCCCCCCCCCCCCCCCNC(=O)NCc1ccc(CNC(=O)N*)cc1,335.54999999999995
*Cc1ccc(COC(=O)c2ccccc2C(=O)O*)cc1,368.48964688
*Oc1ccc(Oc2ccc(NC(=O)c3ccc(C(=O)Nc4ccc(*)cc4)cc3)cc2)cc1,476.7499878
*CCc1ccc(-n2on2-c2ccc(CCOC(=O)CCCCCCC(=O)O*)cc2)cc1,291.06289325
*CCCCOC(=O)CCCCCNC(=O)O*,320.43425166
*CCCCCCCCCCn1c(=O)c2cc3c(=O)n(*)c(=O)c3c(Br)c2c1=O,410.2587261
*C(=O)c1ccc(C(=O)N(C)c2ccc(Cc3ccc(N(*)C)c(C)c3)cc2C)cc1,441.11423189999994
*C(=O)c1ccc(C(=O)c2ccc(C=C3CCC(=Cc4ccc(*)cc4)C3=O)cc2)cc1,465.35968379999997
*Nc1ccc(Cc2ccc(NC(=O)Nc3ccc(CCc4ccc(NC(*)=O)cc4)cc3)cc2)cc1,456.34752979999996
*C1C(=O)N(c2ccccc2)C(=O)C1*,470.33213359999996
*C(=O)c1ccc(C(=O)c2ccc(C=C3CCCC(=Cc4ccc(*)cc4)C3=O)cc2)cc1,513.5298309
*c1ccc(Sc2cc3c(cc2Sc2ccc(N4C(=O)C5C6C=CC(C7C(=O)N(*)C(=O)C67)C5C4=O)cc2)C(=O)N(c2ccc(CC)cc2)C3=O)cc1,580.25
*c1ccc(C=C2CCCC(=Cc3ccc(-c4csc(NC(=O)NCCCCCCNC(=O)Nc5nc(*)cs5)n4)cc3)C2=O)cc1,320.17441211
*SCC(=O)NN=Cc1ccc(OCCCCOc2ccc(C=NNC(=O)CSc3nnc(*)s3)cc2)cc1,312.94677892
*c1ccc(-c2ccc(C(*)(C)C)cc2)cc1,484.09699689999997
*OCCOc1cc(*)nc2ccc(C)cc12,361.92435740999997
*C(=O)c1ccc2c(c1)C(=Nc1cccc(N=C3OC(=O)c4ccc(*)cc43)c1)OC2=O,519.8084182
*OS(=O)(=O)c1ccc(Oc2ccc(S(=O)(=O)Oc3ccc(-c4ccc(*)cc4)cc3)cc2)cc1,463.171745
*Oc1c(C(C)(C)C)cc(C(*)=O)cc1C(C)(C)C,479.9451116
*CCCCCCNC(=O)C(O)C(O)C(=O)N*,422.30533019999996
*CCCCCCCCc1nnc(*)n1N,231.22823970999997
*Oc1ccc(-n2on2-c2ccc(OC(=O)CCCCCCCCCCC(*)=O)cc2C)c(C)c1,323.82469491999996
*c1nc2cc(-c3ccc4[nH]c(-c5ccc(*)o5)nc4c3)ccc2[nH]1,693.13
*Nc1cc(SCCC#N)c(NC(=O)c2ccc(C(*)=O)cc2)cc1SCCC#N,487.8983216
*Sc1ccc(*)cc1,337.736946
*/C=C/c1ccc(Oc2ccc(-c3ccc(-c4ccc(-c5ccc(Oc6ccc(/C=C/c7ccc8c(c7)c7cc(*)ccc7n8CC(CC)CCCC)cc6)c(C(F)(F)F)c5)cc4)cc3)cc2C(F)(F)F)cc1,460.6126146
*CCCC(=O)NCc1ccc(CNC(=O)CCCOC(=O)c2ccc(C(=O)O*)cc2)cc1,326.70726117
*CC(*)OC(=O)CC(C)=O,282.969405608
*Cc1ccc(CSC(=O)Nc2ccc(Cc3ccc(NC(=O)S*)cc3)cc2)cc1,363.92725081
*CCCCCOc1ccc(CCCNC(=O)CCCCC(=O)NCCCc2ccc(O*)cc2)cc1,301.3711431
*Oc1ccc(Oc2ccc(C(=O)c3c(C(=O)c4ccc(*)cc4)c(-c4ccc(F)cc4)c(-c4ccc(F)cc4)c(-c4ccc(F)cc4)c3-c3ccc(F)cc3)cc2)cc1,525.71
*Nc1ccc(NC(=O)C=CC(*)=O)cc1,388.2755691
*NC(CC(=O)OCc1ccccc1)C(*)=O,343.25647362999996
*c1ccc(C(=O)NCCNC(=O)c2ccc(S(*)(=O)=O)cc2)cc1,478.2212987
*CCN(CCOC(=O)NCCCCCCNC(=O)O*)c1ccc(N=Nc2ccc(C)cc2)cc1,297.24354397999997
*C=CCCCCCCCC*,255.86797769999998
*C(=O)OCCOCCOCCOC(=O)c1ccc(N2C(=O)c3ccc(*)cc3C2=O)cc1,352.37
*Oc1ccc(Oc2ccc(Oc3ccc(-c4ccc(Oc5ccc(Oc6ccc(Oc7ccc(C(=O)c8ccc(*)c(S(=O)(=O)O)c8)cc7S(=O)(=O)O)cc6)cc5)cc4)cc3)cc2)cc1,424.8693386
*C(=O)c1ccc2nc(-c3ccccc3)c(-c3ccc(-c4nc5ccc(*)cc5nc4-c4ccccc4)cc3)nc2c1,599.42
*Cc1ccc(COC(=O)CCCCC(=O)O*)cc1,268.99156710299997
*CCCCCc1nc2cc3sc(*)nc3cc2s1,360.51313445
*C(=O)Oc1ccc(C2(c3ccc(OC(=O)c4ccc5c(c4)c4cc(*)ccc4n5C)cc3)OC(=O)c3ccccc32)cc1,535.7442507999999
*c1ccc(N(*)CCCCCC)cc1,144.52007579999997
*CC(*)OC(=O)C(CC)(CC)CC,293.56787386999997
*CCCCCCOC(=O)c1ccc(S(=O)(=O)CCCCCCS(=O)(=O)c2ccc(C(=O)O*)cc2)cc1,309.01441642
*c1ccc2c(c1)C(*)(C)CC2(C)C,534.56
*CCCCCCCCCCCCCCCCCCCCOC(=O)c1ccc(C(=O)O*)cc1,290.42783212999996
*Oc1ccc(C(=O)Oc2ccc(Cc3ccc(OC(=O)c4ccc(OC(=O)c5ccc(C(*)=O)cc5)cc4)cc3)cc2)cc1,361.31409458999997
*CC(CCl)O*,275.51
*CCCCOC(=O)NCCCCCCNC(=O)OCCCCOc1ccc(N=Cc2ccc(C(=O)Oc3ccc(C=Nc4ccc(O*)cc4)cc3)cc2)cc1,238.89344533999997
*CCc1ccc(*)c2cccnc12,344.08028063999996
*Nc1ccc(NC(=S)NC(=O)c2ccc(C(=O)NC(*)=S)cc2)cc1,493.96974379999995
*C(c1ccccc1)C(*)[N+](=O)[O-],447.1413454
*C(=O)N1C(=O)N(C(=O)c2ccc3c(c2)C(=O)N(c2ccc(S(=O)(=O)c4ccc(N5C(=O)c6ccc(*)cc6C5=O)cc4)cc2)C3=O)C(C)(CC)C1=O,515.8034046
*C(=O)c1cc(C(=O)c2ccc3[nH]c4ccc(*)cc4c3c2)c(C(=O)O)cc1C(=O)O,379.3295053
*CCCCCC(=O)Oc1ccc(-c2ccc(OC(=O)CCCCCn3c(=O)c4cc5c(=O)n(*)c(=O)c5cc4c3=O)cc2)cc1,333.56501018999995
*c1cccc(N2C(=O)c3ccc(Oc4ccc5c(c4)C(C)(c4ccc(Oc6ccc7c(c6)C(=O)N(c6cccc(N8C(=O)c9ccc(Oc%10ccc(C%11(C)CC(C)(C)c%12cc(Oc%13ccc%14c(c%13)C(=O)N(*)C%14=O)ccc%12%11)cc%10)cc9C8=O)c6)C7=O)cc4)CC5(C)C)cc3C2=O)c1,505.106044
*NNC(=O)CCCCCCCCC(=O)NNC(=S)c1cccc(C(*)=S)c1,305.5914411
*C=NN(CCCC)c1ccc(S(=O)(=O)c2ccc(N(CCCC)N=Cc3ccc4c(c3)c3cc(*)ccc3n4CC)cc2)cc1,412.75430199999994
*O[Si](*)(C)CCCCCOc1ccc(OC(=O)c2ccc(OCCCC)cc2)cc1,209.02433687999996
*c1cc(CCCCCC(F)(F)C(F)(F)C(F)(F)C(F)(F)F)c(-c2cc(CCCCCCCC)c(*)s2)s1,279.626080227
*CC1CCC(*)C1,315.50931484
*c1ccc(C(=O)Nc2ccc(NC(=O)c3ccc(-n4c(=O)c5sc6c(=O)n(*)c(=O)c6sc5c4=O)cc3)cc2)cc1,600.3941987000001
*CCCCCCCCOC(=O)NCc1ccc(CNC(=O)O*)cc1,247.83582764999997
*CC(*)C(=O)N(O)c1ccccc1,414.3332818
*c1ccc(Oc2ccc(Sc3ccc(Oc4ccc(N5C(=O)c6ccc(Oc7ccc(Oc8ccc(Oc9ccc%10c(c9)C(=O)N(*)C%10=O)cc8)cc7)cc6C5=O)cc4)cc3)cc2)cc1,498.48
*c1ccc2nc3c4cccc5c6nc7ccc(*)cc7nc6c6cccc(c3nc2c1)c6c45,685.12
*OC(c1ccccc1)C(C)(C)C(*)=O,338.57132156
*CC(*)C(=O)NCCCCCCCCCCCC,294.88577755
*CC(*)(OC(C)=O)c1ccc(OC(C)=O)cc1,348.00696517999995
*Cc1ccc2nc(-c3cc(-c4nc5ccc(*)cc5c(=O)o4)cc(N4C(=O)c5c(Cl)c(Cl)c(Cl)c(Cl)c5C4=O)c3)oc(=O)c2c1,652.0456296
*CCCCc1nc(-c2ccc(-c3csc(*)n3)cc2)cs1,383.6688915
*CC(*)C(=O)c1ccc(CC)cc1,341.57
*CC(*)C(=O)OC(C)CC(C)C,284.62675289
*c1cc(*)c(O)c(C=Nc2ccc(F)cc2)c1,151.62871589999997
*Oc1ccc(C(C)(C)c2ccc(Oc3nc(*)nc(OC)n3)cc2)cc1,394.3594568
*C(=O)c1ccc(N=Nc2ccc(C(=O)N3C(=O)N(*)C4(CCCC4)C3=O)cc2)cc1,290.40361376
*c1ccc(NC(=O)c2cccc(C(=O)Nc3ccc(N4C(=O)c5ccc(Oc6ccc7c(c6)C(=O)N(*)C7=O)cc5C4=O)cc3)c2)cc1,428.9875326
*C#CC(OS(=O)(=O)c1ccc(C)cc1)=C(*)OS(=O)(=O)c1ccc(C)cc1,437.2518919
*c1ccc2[nH]c3ccc(*)cc3c2c1,519.7398577
*CC(=O)OCCCCCCOC(=O)Cn1c(=O)c2cc3c(=O)n(*)c(=O)c3cc2c1=O,328.64864746
*CC(*)C(CC)CC,312.11888215
*C#CC(CCCCOC(=O)NCCCCCC)=C(*)CCCCOC(=O)NCCCCCC,278.36991328799996
*Oc1ccc(C(=O)Nc2ccc(NC(=O)c3ccc(*)cc3C(=O)O)cc2)c(C(=O)O)c1,489.77314709999996
*Oc1ccc(Oc2ccc(NC(=C(C#N)C#N)c3ccc(-c4ccc(C(Nc5ccc(*)cc5)=C(C#N)C#N)cc4)cc3)cc2)cc1,543.4405197
*C=CCC(C)(CC*)C(=O)OC,244.99782591999997
*CCCC1(C)CCN(C(=O)CC(C)C(=O)N2CCC(*)(C)CC2)CC1,385.09
*=Cc1ccc(C=C2SC(=S)N(c3ccc(N4C(=O)C(=*)SC4=S)cc3)C2=O)cc1,460.2536635
*Nc1ccc(NC(=O)c2cc(C(*)=O)c(C(=O)O)cc2C(=O)O)cc1S(=O)(=O)O[Na],403.120858
*/C=C/c1ccc(*)cc1,316.54307739999996
*OC(=O)CCC(=O)OC1COC2C(*)COC12,359.90999999999997
*CCOc1cccc(C(=O)OC(=O)c2cccc(O*)c2)c1,276.84754204899997
*CCCCSCS*,274.560869343
*CCC(=O)OC(=O)CCc1ccc(*)n1C,351.26959859
*CC(*)C(=O)NCCCC,188.42765332
*C(=O)Nc1ccc(-c2ccc(NC(=O)c3ccc4c(c3)C(=O)N(c3ccc(NC(=O)Nc5ccc(N6C(=O)c7ccc(*)cc7C6=O)cc5)cc3)C4=O)cc2)cc1,526.86
*CCCC(*)Cl,242.21341717999996
*Nc1ccc(NC(=O)c2cc(NC(=O)C(CCSC)N3C(=O)c4ccccc4C3=O)cc(C(*)=O)c2)cc1,503.4691562
*c1ccc([Si](C)(C)c2ccc([SiH](*)C)s2)s1,333.19219897
*NC(CCC(=O)OCCCCCCCCCCCC)C(*)=O,303.24586696999995
*CCCCCCCCc1nnc(*)o1,224.26583266999998
*c1ccc(C(c2ccccc2)c2ccc(N(*)c3ccc(C)cc3)cc2)cc1,536.31
*CCCCCCNC(=O)/C=C/CC/C=C/C(=O)N*,275.277453311
*Nc1ccc(C(C)(C)c2ccc(NC(=O)c3cc(C(*)=O)cc(N4C(=O)C5CC=CCC5C4=O)c3)cc2)cc1,631.68
*OS(=O)(=O)c1ccc(S(=O)(=O)c2ccc(S(=O)(=O)Oc3ccc(S(=O)(=O)c4ccc(*)cc4)cc3)cc2)cc1,467.4178014
*c1ccc(-c2cc(-c3ccc(OCC(CC)CCCC)cc3)cc(-c3ccc(-c4ccc5c(c4)C(CCCCCC)(CCCCCC)c4cc(*)ccc4-5)cc3)c2-c2ccc(OCC(CC)CCCC)cc2)cc1,396.66999999999996
*c1sc(*)c2sc(CCCCCCCCC)nc12,329.39069523999996
*CCCCOC(=O)COCC(=O)O*,300.37
*C1C(=O)N(c2ccc(COC(C)(C)C)cc2)C(=O)C1*,395.7373684
*CCCCCCCCCCNC(=O)c1ccc(C(=O)N*)cc1,323.26550139999995
*CC(*)(C)C(=O)OC(C)Oc1ccccc1,304.346908
*CC(*)(C)C(=O)OCCCCCCOc1ccc(C(=O)Oc2ccc3ccc(=O)oc3c2)cc1,392.10999999999996
*CCN(*)C(=O)c1ccc(C)cc1,360.45456889999997
*C=C1CCC(=Cc2ccc(Sc3ccc(*)o3)o2)C1=O,375.4383172
*NC(c1ccccc1)C(C)(C)C(*)=O,427.5095069
*CCCCCCCCOC(=O)Nc1ccc(C)c(NC(=O)O*)c1,390.4
*c1ccc(-c2ccc(S(=O)(=O)NCCNS(*)(=O)=O)cc2)cc1,446.39542439999997
*CCCCCCCCOc1c(OC)cc(C=Cc2ccc(C=Cc3cc(OC)c(O*)c(OC)c3)cc2)cc1OC,338.53999999999996
*N=Cc1ccc(C=Nc2sc(*)c(C#N)c2C#N)cc1,477.57717049999997
*C(*)C(=O)OC(C)(C)CC,409.71783359999995
*CCCCCCCCCCOc1cccc(OC(=O)c2ccc(C(=O)Oc3cccc(O*)c3)cc2)c1,294.07794041
*CCOC(=O)CC(=CC(=O)O*)c1ccc(OCC)cc1,274.28119173299996
*CCCCOc1ccc(C=C2CCC(=Cc3ccc(O*)c(OC)c3)C2=O)cc1OC,309.34808898999995
*CC(C)CCC(C)CNC(=O)c1cc(C(=O)N*)cc(C(C)(C)C)c1,430.52
*Oc1ccc(OC(=O)c2cc(OCCCCCCCCCCCCCCCC)c(C(*)=O)cc2OCCCCCCCCCCCCCCCC)cc1,351.13044591999994
*Oc1ccc(N=Nc2ccc(*)cc2)cc1,390.12594889999997
*CCCCCCOP(=O)(N=Nc1ccc(COC(=O)c2cc(C(=O)OCc3ccc(N=NP(=O)(O*)OC)cc3)cc(C(C)(C)C)c2)cc1)OC,335.53999999999996
*CCCCCNC(=O)O*,259.59912334999996
*CC(*)CCCCCCCCCCCCCCCCCCCC,294.92937997999996
*OC(C)CCC(C)OC(=O)Nc1ccc(Cc2ccc(NC(*)=O)cc2)cc1,336.73933789999995
*C(=O)N1C(=O)N(C(=O)c2ccc3c(c2)C(=O)N(c2ccc(Oc4ccc(N5C(=O)c6ccc(*)cc6C5=O)cc4)cc2)C3=O)C2(CCCCC2)C1=O,550.2292130999999
*O[Si](*)(C)CCC(F)(F)C(F)(F)C(F)(F)C(F)(F)C(F)(F)C(F)(F)F,204.27265541999998
*CCCCOC(=O)NC1CC1NC(=O)O*,320.46586772
*Oc1ccc2c(c1)nc1c3cc4c(=O)n5c6cc(*)ccc6nc5c4cc3c(=O)n21,689.68
*Nc1cccc(NC(=O)CCCCCC(*)=O)c1,261.07376360999996
*CCCCCCCCCCCCOC(=O)c1ccc(NC(=O)CCCCCCCCCCC(=O)Nc2ccc(C(=O)O*)cc2)cc1,247.02070773999998
*CC(*)C(=O)N(CC)CC,329.92009786
*Oc1ccc(C(C)(CC)c2ccc(OC(=O)c3cccc(C(*)=O)c3)cc2)cc1,467.3129808
*CCCCSSC(=O)N(C)c1ccc(Cc2ccc(N(C)C(=O)SS*)cc2)cc1,293.83923821999997
*CCCCOC(=O)Cc1ccc(CC(=O)O*)cc1,239.04341684999997
*C=C(*)c1nc2ccccc2n1C,267.045800165
*C#CC(CCCCOC(=O)NCCC)=C(*)CCCCOC(=O)NCCC,313.85123877999996
*CC(*)C(=O)OCCOC(F)(C(F)(F)F)C(F)(F)F,221.51278284999998
*=Nc1cccc(Oc2cccc(Oc3cccc(N=C4OC(=O)c5ccc(-c6ccc7c(c6)C(=O)OC7=*)cc54)c3)c2)c1,466.8856518
*CC(=O)OC(=O)c1ccc(C(=O)OC(=O)COc2ccc(O*)cc2)cc1,353.59433981999996
*CCCCCCCCCCOC(=O)c1ccc(C(=O)NCCNC(=O)c2ccc(C(=O)O*)cc2)cc1,277.40040260899997
*c1ccc2c(c1)C(CCCCCCCC)(CCCCCCCC)c1cc(-c3ccc4c(c3)C(CCCCCCCCCCCC)(CCCCCCCCCCCC)c3cc(*)ccc3-4)ccc1-2,310.66200969
*C(=O)Nc1ccc(NC(=O)c2ccc3[nH]c(-c4cccc(-c5nc6cc(*)ccc6[nH]5)c4)nc3c2)cc1,582.4874253
*Nc1cc(NC(=O)c2cc(OCCN(C)c3ccc(S(=O)(=O)C(F)(F)C(F)(F)C(F)(F)C(F)(F)C(F)(F)C(F)(F)C(F)(F)C(F)(F)F)cc3)cc(C(*)=O)c2)cc(C(=O)OCCN(C)c2ccc(S(=O)(=O)C(F)(F)C(F)(F)C(F)(F)C(F)(F)C(F)(F)C(F)(F)C(F)(F)C(F)(F)F)cc2)c1,445.8844272
*/C=C(\C#N)C(=O)Nc1cccc(NC(=O)/C(C#N)=C/c2ccc(/C=C/c3ccc(N(c4ccccc4)c4ccc(N(c5ccccc5)c5ccc(/C=C/c6ccc(*)s6)cc5)cc4)cc3)s2)c1,517.1392983
*Oc1ccc(-c2ccc(OC(=O)c3ccc(OC(=O)c4ccc(C(=O)Oc5ccc(C(*)=O)cc5)cc4)cc3)cc2)cc1,486.5633554
*=Cc1ccc(C2=CSC(=*)S2)cc1,378.48728159999996
*c1ccc(-c2c(-c3ccc(-c4ccccc4)cc3)cc(-c3ccc(-c4cc(-c5ccc(-c6ccccc6)cc5)c(-c5ccc(-n6c(=O)c7cc8c(=O)n(*)c(=O)c8cc7c6=O)cc5)c(-c5ccc(-c6ccccc6)cc5)c4)cc3)cc2-c2ccc(-c3ccccc3)cc2)cc1,708.15
*Oc1ccc(Oc2ccc(NC(=O)c3cc(C(=O)Nc4ccc(*)cc4)cc(N4C(=O)c5c(Cl)c(Cl)c(Cl)c(Cl)c5C4=O)c3)cc2)cc1,588.7411196
*c1ccc(Oc2ccc(N3C(=O)CC(Oc4ccc(C=Nc5ccc(OC6CC(=O)N(*)C6=O)cc5)cc4)C3=O)cc2)cc1,427.7842574
*CCc1ccc(*)c(C(C)=O)c1,282.147925789
*CC(*)C(=O)OCC1(C)COC(C)(C)OC1,368.89104893
*Oc1cccc(NC(=O)c2ccc(C(c3ccc(C(=O)Nc4ccc(*)cc4)cc3)(C(F)(F)F)C(F)(F)F)cc2)c1,430.7728264
*OS(=O)(=O)c1ccc(-c2ccc(S(=O)(=O)Oc3c(Br)cc(C4(c5cc(Br)c(*)c(Br)c5)CCCCC4)cc3Br)cc2)cc1,541.6147521
*Oc1c(C)c(C)c(Oc2ccc(NC(=O)c3ccc(C(=O)Nc4ccc(*)cc4)cc3)cc2)c(C)c1C,610.77
*Oc1ccc(OC(=O)Oc2ccc(OC(*)=O)cc2)cc1C,393.7020321
*CCCCCCCCCCOC(=O)CCCCS(=O)(=O)CCCCC(=O)O*,311.02494117
*Nc1cc(OC)c(*)cc1OC,441.40733709999995
*CCc1c(Cl)c(Cl)c(*)c(Cl)c1Cl,329.3487128
*CCC(F)(F)C(*)(F)Cl,231.30611774999997
*CC(*)n1c2ccc(Br)cc2c2cc(Br)ccc21,388.7670166
*CC(*)(CC(=O)OCCCCCCCCCC)C(=O)OCCCCCCCCCC,348.19044311
*N=P(*)(OCc1ccc(-c2ccccc2)cc1)OCc1ccc(-c2ccccc2)cc1,324.38
*C(=O)NCCC[Si](C)(C)O[Si](C)(C)CCCNC(=O)c1ccc2c(c1)C(=O)N(c1ccc(Oc3ccc(N4C(=O)c5ccc(*)cc5C4=O)cc3)cc1)C2=O,416.20022559999995
*Oc1c([2H])c([2H])c(C(c2c([2H])c([2H])c(OC(*)=O)c([2H])c2[2H])(C([2H])([2H])[2H])C([2H])([2H])[2H])c([2H])c1[2H],504.14138219999995
*CC(=O)NCCCCCCNC(=O)CS*,302.92999999999995
*CC(C)(C)C1C(=O)N(c2ccccc2C)C(=O)C1*,559.62
*CCc1ccc(CCNC(=O)CCCCCCCCCCCCCCC(=O)N*)cc1,338.40488595
*CC(CC(*)(C#N)C(=O)OC)c1ccccc1,400.16566049999994
*=CC#C[Si](C#CC=NN=*)(c1ccccc1)c1ccccc1,404.40774319999997
*c1ccc(C2C(C(=O)OCC)C(*)C2C(=O)OCC)cc1,437.47246309999997
*CC1CCCC(CNC(=O)CCCCCCCCCCC(=O)N*)C1,299.33556129
*Oc1ccc(Oc2ccc(Oc3ccc(OC(=O)c4ccc(C(*)=O)cc4)cc3)cc2)cc1,409.5218208
*NC(CC(*)=O)C(=O)OCCCCCC,273.86392434299995
*CCCCCCOc1ccc(C(=O)OC(=O)c2ccc(O*)cc2)cc1,337.88496740999994
*CC(*)C(=O)n1sc2ccccc2c1=O,321.82425788
*Oc1ccc(OC(=O)c2ccccc2C=Cc2ccc(C=Cc3ccccc3C(*)=O)cc2)cc1,360.00824280999996
*CC(*)(C)C(=O)OCCCCCCOc1ccc(C=Nc2ccc(CCCC)cc2)cc1,285.56121342
*CC(*)(C)C(=O)OCCCCCCOc1ccc(C(=O)Oc2ccc(OCCCCCC)cc2)cc1,287.82015774999996
*C(C)C=CC(C)S(*)(=O)=O,306.97674703999996
*CC(COc1ccc(C)cc1)O*,217.83303216
*C=CCCCC(Cl)CCC*,263.83
*Oc1c(Br)cc(C(C)(CCC(=O)O)c2cc(Br)c(OC(=O)c3cccc(C(*)=O)c3)c(Br)c2)cc1Br,448.37732789999995
*c1ccc2cc(*)ccc2c1,512.6902998
*CC(C)(C)COC(=O)NCCCCCCNC(=O)O*,320.75248847
*Oc1cc(OC(=O)c2ccc(C=Nc3ccc(OCCCCCCOc4ccc(N=Cc5ccc(C(*)=O)cc5)cc4Cl)c(Cl)c3)cc2)c(Cl)cc1Cl,355.21188226
*c1ccc(-c2nc3cc(S(=O)(=O)c4ccc5nc(-c6ccccc6)c(-c6ccc(N7C(=O)C8OC9C(=O)N(*)C(=O)C9C8C7=O)cc6)nc5c4)ccc3nc2-c2ccccc2)cc1,646.6262019999999
*Oc1ccc(C(C)c2ccc(OC(=O)c3ccc(Oc4ccc(C(*)=O)cc4)cc3)cc2)cc1,350.10210942
*Oc1c(C(=O)Oc2ccc(OC(=O)c3ccc4ccccc4c3Oc3nc(*)nc(N4CCCCC4)n3)cc2)ccc2ccccc12,561.8577709
*CC(*)C(=O)OCCOC(F)(F)C(F)F,284.31
*NC(CC(*)=O)c1ccccc1,242.35738682999997
*C=C(*)CCCCCCCCCCOc1ccc(-c2ccc(OCC(F)CCCCCC)cc2)cc1,300.49580481
*CC(*)(C)C(=O)OCCOC(=O)c1cc(OC(=O)c2ccc(N=Nc3ccc(OCCCCCCC)cc3)cc2)cc(OC(=O)c2ccc(N=Nc3ccc(OCCCCCCC)cc3)cc2)c1,282.164452923
*c1ccc(-c2nc3cc(-c4ccc5[nH]c(*)nc5c4)ccc3[nH]2)cc1,696.7841908
*Oc1ccc(S(=O)(=O)c2ccc(Oc3ccc(C(C)(c4ccc(*)cc4)c4ccc(O)cc4)cc3)cc2)cc1,528.67
*C=CC1CC(*)C(C(=O)OCCCCCOc2ccc(-c3ccc(C#N)cc3)cc2)C1C(=O)OCCCCCOc1ccc(-c2ccc(C#N)cc2)cc1,300.83661295999997
*C#Cc1cc(OC(COCCOCCOCCOC)COCCOCCOCCOC)c(C#Cc2cc(OCCOCCOCCOCCC(=O)O[Na])c(*)cc2OCCOCCOCCOCCC(=O)O[Na])cc1OC(COCCOCCOCCOC)COCCOCCOCCOC,229.78948805
*CCCCCCCCCCOc1ccc(C=Cc2ccc(OCCCCCCCCCCOP(=O)(O*)OCCCCCCCCCCOc3ccc(N=Nc4ccc(C#N)cc4)cc3)cc2)cc1,324.76
*Nc1ccc(Cc2ccc(NC(=O)c3cc(NC(=O)C(CC(C)C)N4C(=O)c5ccccc5C4=O)cc(C(*)=O)c3)cc2)cc1,310.02047273999995
*c1ccc2c(c1)C(=O)N(c1ccc(-c3ccc(-c4ccc(N5C(=O)c6ccc(C(*)(C(F)(F)F)C(F)(F)F)cc6C5=O)cc4)cc3)cc1)C2=O,575.802739
*c1ccc(-c2cc(Oc3ccc(S(=O)(=O)O[Na])cc3)c(*)cc2Oc2ccc(S(=O)(=O)O[Na])cc2)cc1,445.7217242
*Oc1ccc(NC(=O)c2c(F)c(F)c(C(=O)Nc3ccc(*)cc3)c(F)c2F)cc1,441.76688849999994
*C=C(*)c1cc(C(F)(F)F)sc1C(F)(F)F,327.72900551
*Oc1ccc(C(C)(CCC(=O)O)c2ccc(OC(=O)c3cccc(C(*)=O)c3)c([N+](=O)[O-])c2)cc1[N+](=O)[O-],400.22847219999994
*C(C)=C(*)[Si](C)(C)CCCC,425.6742236
*C(=O)c1ccc(N=Nc2ccc(C(=O)N3C(=O)N(*)C(C)(C)C3=O)cc2)cc1,575.5047996
*CCC(=O)N(CCN(C(=O)CCN1CCN(*)CC1)C(C)C)C(C)C,229.43406833999998
*Nc1ccc(CCc2ccc(NC(=O)c3ccc(C(*)=O)cc3)cc2)cc1,518.3914672
*CCCCCCCCCCNC(=O)C(CCCCCCCCCCCC)C(=O)N*,272.281734868
*Oc1ccc(OC(=O)c2ccc(C(*)=O)cc2)cc1Cl,392.77418409999996
*c1ccc(-n2c(=O)c3c(F)c4c(=O)n(*)c(=O)c4c(F)c3c2=O)cc1,610.966724
*SC(=O)OCCCCOC(=O)SN1CC(C)N(*)CC1C,242.637895
*CCCCCCNC(=O)CCP(CCC(=O)N*)c1ccccc1,282.72543239099997
*Oc1ccc(C(C)=Cc2ccc(OC(=O)OCCCCCOC(*)=O)cc2)cc1,312.53257392
*CCCCCCCCCCNC(=O)CCCCCCCCC(=O)NCCCCCCCCCCNC(=O)C(=O)N*,355.4177155
*N=Nc1ccc(NC(=O)CCC(=O)Nc2ccc(*)cc2)cc1,482.0
*Nc1ccc(NC(=O)c2cc(C(=O)O)c(C(*)=O)cc2C(=O)O)cc1,513.5436293
*c1ccc(*)n1C(C)C(=O)OC,552.5952403
*Cc1c(C)c(C)c(CSC(=O)CCCCC(=O)S*)c(C)c1C,317.95678229
*C(=O)c1ccc2c(c1)C(=O)N(c1ccc(CP(=O)(OCC)OCC)c(N3C(=O)c4ccc(*)cc4C3=O)c1)C2=O,537.21
*c1ccc2c(c1)c1cc(*)ccc1n2CC,479.80253589999995
*CC(*)(CO)C(=O)OCC,295.51004964
*Oc1ccc(C(=O)CNc2ccc(NCC(=O)c3ccc(*)cc3)cc2)cc1,431.8444649
*CC(*)(C)C(=O)OCCF,349.57
*CCOC(=O)N(C)c1ccc(C)c(N(C)C(=O)O*)c1,315.61691504
*c1ccc2c(c1)-c1nc3cc(Oc4ccc5c(c4)nc4n5C(=O)c5cc(C(*)(C(F)(F)F)C(F)(F)F)ccc5-4)ccc3n1C2=O,668.3
*Oc1ccc2ccc(Oc3ccc(C(=O)Nc4cccc(NC(=O)c5ccc(*)cc5)c4)cc3)cc2c1,477.62
*Oc1ccc(C(=O)c2ccc(Oc3ccc(C(=O)c4ccc(C(=O)c5ccc(*)cc5)cc4)cc3)cc2)cc1,411.98445319999996
*CCCCCCCOc1ccc(C=CC=Cc2ccc(O*)c(C)c2)cc1C,315.04270134
*NC(C)C(=O)NCC(=O)NCC(*)=O,481.7897491
*Nc1ccc(*)c(Cl)c1Cl,388.7262842
*CC1CC1COC(=O)c1cccc(C(=O)O*)c1,283.38490017
*CCCCCCCCCCOC(=O)C(=O)O*,208.06458181
*C(=O)Oc1ccc([Si](CC)(CC)c2ccc(OC(=O)c3ccc(*)s3)cc2)cc1,236.21999999999997
*OC(CC(*)=O)C(C)C,248.32560685999997
*C=C(*)c1ccccc1,339.27991425
*c1ccc(*)c2nccnc12,489.528732
*c1ccc(OCCCCCCCCCOc2ccc(N3C(=O)c4ccc(-c5cccc6c5C(=O)N(*)C6=O)cc4C3=O)cc2)cc1,321.13864594999995
*CCOC(=O)c1ccc(CCc2ccc(C(=O)O*)cc2)cc1,326.42955939999996
*CC1CCC(COC(=O)NCCSCCCCCSCCNC(=O)O*)CC1,350.99678314999994
*CCCCCCCCCCC1CC(CCC2CC(*)OC2=O)C(=O)O1,357.3073412
*c1ccc(Oc2ccc(S(=O)(=O)c3ccc(Oc4ccc(-c5c6c(c(*)c7ccccc57)C(=O)N(c5ccccc5F)C6=O)cc4)cc3)cc2)cc1,587.7099694999999
*c1ccc2c(c1)C(=O)N(c1c(F)c(F)c(N3C(=O)c4ccc(C(*)(C(F)(F)F)C(F)(F)F)cc4C3=O)c(F)c1F)C2=O,661.1637456
*c1ccc([Si](*)(C)C)cc1,399.8580905
*C(*)C,395.53676729999995
*=c1cc2ccc3cc(=c4oc(=*)c5ccc6cccc7c8cccc9ccc4c(c98)c5c67)cc4ccc(c1)c2c34,705.5799999999999
*Nc1ccc(NC(=O)c2ccc(NC(=O)CCCCCCCCCCC(=O)Nc3ccc(C(*)=O)cc3)cc2)cc1C(=O)OCCCCCCCCCCCCCCCC,460.58
*Oc1ccc(Oc2ccc(C(=O)Nc3ccc(Oc4ccc(-c5ccc(Oc6ccc(NC(=O)c7ccc(*)cc7)cc6)cc5)cc4)cc3)cc2)cc1,438.19282439999995
*c1ccc(N(*)CCCCCCC)cc1,383.86709629999996
*c1ccc(C(=O)Nc2ccc(Oc3ccc(Oc4ccc(NC(=O)c5ccc(N6C(=O)c7ccc(-c8cccc9c8C(=O)N(*)C9=O)cc7C6=O)cc5)cc4)cc3)cc2)cc1,451.7663373
*CCNC(=O)CCCCCCCC(=O)NCCNC(=O)C(=O)N*,385.67568429999994
*CCCCOC(=O)NCCSCCCCCSCCNC(=O)O*,276.15087214799996
*C(=O)Oc1ccc(OC(=O)c2ccc3c(c2)C(=O)N(c2ccc(N4C(=O)c5ccc(*)cc5C4=O)cc2)C3=O)cc1,201.46892858999996
*CCC(C)Oc1ccc(-c2ccc(C(=O)OCC(C)COC(=O)c3ccc(-c4ccc(O*)cc4)cc3)cc2)cc1,390.10999999999996
*CCCCCC(=O)Oc1ccc2cc(OC(=O)CCCCCn3c(=O)c4cc5c(=O)n(*)c(=O)c5cc4c3=O)ccc2c1,262.84585620999997
*CC(*)C(=O)Oc1ccc(C(=O)Oc2ccc(OC(=O)c3ccc(OCCCC)cc3)cc2)cc1,315.2
*Oc1ccc(Oc2ccc(C(=O)c3cccc(NC(=O)c4cccc(C(=O)Nc5cccc(C(=O)c6ccc(*)cc6)c5)c4)c3)cc2)cc1,495.37
*CC(*)(OC(C)=O)c1ccc(OC(=O)CC)cc1,275.312388076
*C=Nc1ccc(N=Cc2ccc(Sc3ccc(*)o3)o2)cc1,368.79631957
*CC(*)OCCC,255.98493062999998
*C(=O)Oc1ccc(C(C)(C)c2ccc(OC(=O)c3ccc4c(c3)c3cc(*)ccc3n4C)cc2)cc1,346.98261176
