SMILES,ROP
*OCCCC(C)C(*)=O,-13.0
*CC=CCC(*)OCc1ccccc1,-15.2803881
*CC=CCC(*)C(=O)O,-12.7810494
*OC(C)CC(CC(*)=O)OC(C)=O,-25.0
*CCC(C)CO*,-22.59
*CC(CC)(COCC=C)COC(=O)O*,-22.0
*C/C=C/C(C*)O[Si](C)(C)C,-12.7
*=CCC1CC(C=*)OC1=O,-19.8
*CCNC(=O)O*,-1.7
*CCCCC(C)(C)C*,21.76
*CCC(C)(C)C*,-85.35
*OC(C)CC(CC(*)=O)C(C)C,-16.8
*CCCCCCCC*,-34.7272
*CCSC(C)(C)C(=O)S*,-19.3
*OCC(C)(C)COC(=O)c1ccc(C(*)=O)cc1,-2.67
*CCO*,-94.0
*CCCC(C)C(=O)S*,-4.5
*CC=CCC(*)COCc1ccccc1,-17.5984707
*CCC*,-113.0
*NC1CCCC(C(*)=O)C1,-10.0
*OC(CCCCCCCCC)CCCC(*)=O,-16.8
*OC(CCCCC)CCCC(*)=O,-17.1
*OCc1ccccc1OC(C)(C)C(*)=O,-27.3
*OCCCCCCC(*)=O,-19.25
*CC=CCC(*)CO,-18.3999885
*CC=CCC(*)C(=O)OC,-14.83722525
*OCC(C)CCC(*)=O,-15.8
*OCC(C)COC(=O)c1ccc(C(*)=O)cc1,-1.07
*SC(C)(C)C(NC(=O)OCCOCCOCCOCC=C)C(*)=O,-9.4
*OCCCCC(*)=O,-8.4
*OCCOP(*)(=O)OC,-14.0
*NC1CCCC(C(*)=O)O1,-23.8
*CCCC(C)C*,-12.97
*NCC(C)(CCCC)C(*)=O,-79.84
*SC1CCC(C(*)=O)C1,-14.1
*CC=CCC(*)OC(=O)C(C)(C)Br,-22.6
*NCCCCCCC(*)=O,-21.8
*CC(CC)(CC)COC(=O)O*,-18.0
*=CCC(CC=*)c1ccccc1,-21.34
*CC=CCC(*)O,-11.5015876
*NCCCCCC(*)=O,-13.4
*CC=CCC(*)c1ccccc1,-21.358666
*OC(CCCCCC)CCCC(*)=O,-18.4
*OC1C=CCC(C(*)=O)C1,-34.7
*CCCCO*,-24.0
*CCCCCC*,2.9288
*OCCCC(=C)C(*)=O,-16.5
*CC(C)(C)COC(=O)O*,-21.0
*OCCCCCC(*)=O,-14.0
*CC(CC)(COC(=O)O*)c1ccccc1,-5.0
*SCCCC(Cc1cc([N+](=O)[O-])ccc1*)OC,-17.88
*OCCOCC(*)=O,-14.1
*CCCCC(C)C*,13.39
*=CCC[C@@H]1OC2(CCCCC2)O[C@H]1CCC=*,-11.7
*CCCCNC(=O)O*,-40.0
*=CCC[C@H]1[C@H](CCC=*)[C@@H]2C(=O)N(c3ccccc3)C(=O)[C@H]12,-11.7
*SC(C)C(=O)SC(C)C(*)=O,-4.92
*OCC(CCC(*)=O)C(=O)OC,-15.2
*OC(CCCC)CCCC(*)=O,-17.0
*=CCC[C@@H]1OC(C)O[C@H]1CCC=*,-10.9
*OCCOC(C)C(*)=O,-9.85
*OC1CCCC(C(*)=O)C1,-21.1
*OCCCCCCCCCCCCC(*)=O,-8.0
*CC(C)(COC(=O)O*)c1ccccc1,-16.0
*N[C@H]1CC[C@@H](C(*)=O)CO1,-23.8
*SCCC(CCCCC(=O)OCC)S*,-15.7
*=CCC[C@@H]1OC(CCCC)(CCCCC)O[C@H]1CCC=*,-13.8
*SCCCC(C)SC(*)=S,-18.11
*O[Si](C)(C)N(C)[Si](C)(C)O[Si](*)(C)C,-4.5
*CCCCC*,-21.2
*CCC(C)C*,-95.81
*CCCCCCC*,-21.7568
*CC=CCC(*)C(=O)OCc1ccccc1,-21.0207189
*CCCC*,-105.01
*OCCN(CC(*)=O)C(=O)OC(C)(C)C,-19.63
*=CCC[C@@H]1OCO[C@H]1CCC=*,-11.3
*=CCC[C@@H]1CCC[C@H]1CCC=*,-12.1
*OCCC(=C)C(*)=O,-5.9
*CC=CCC*,-16.8252222
*=CCC[C@@H]1OC(C)(C)O[C@H]1CCC=*,-13.4
*OCCCOC(*)=O,-26.0
*NCCCCCCCC(*)=O,-32.7
*C/C=C/C(C*)O[Si](C)(C)C(C)(C)C,-6.8
*OCCC(C)CC(*)=O,-13.8
*OCC1CCCCC1C(*)=O,-20.0
*CC=CCC(*)O[Si](C)(C)C(C)(C)C,-17.5751901
*OC(C)CCCC(*)=O,-13.8
*OCCC(*)=O,-81.0
*CCSC(C)C(=O)S*,-10.2
*=CCCOC=*,-20.9
*CC(C)(C)CNC(=O)O*,-4.0
*CCCCC(=O)S*,-5.4
*CC(C)(C)C*,-57.32
*=CCC[C@@H]1C(C(=O)OC)C(C(=O)OC)[C@H]1CCC=*,-7.1
*OC(C)OCCC(*)=O,-11.6
*OC(C)C(=O)OC(C)C(*)=O,-23.9
*CCCCCC(=S)O*,-24.23
*OC(CC)CCCC(*)=O,-16.4
*SCCC(CCCCC(=O)OC)S*,-17.9
*CC(C)C*,-100.83
*OCCCNC(*)=O,-18.0
*SC1CC(C(*)=O)N(C(=O)OC(C)(C)C)C1,-15.6
*OCCCC(*)=O,-5.4
*OC(CCCCCCC)CCCC(*)=O,-18.7
*OC(CCC(C)CC(*)=O)C(C)C,-16.8
*=CCC[C@@H]1CC[C@H]1CCC=*,-8.8
*C/C=C/C(C*)O[Si](CC)(CC)CC,-21.3
*CCCCC=*,-23.43
*CCCS(=O)(=O)O*,-23.012
*SCCSCC(*)=O,-9.5
*OC1CCCCC1CC(*)=O,-18.0
*CCCC(C)(C)C*,0.84
*OC1CCCCC1OC(*)=O,-23.0
*COCCO*,-20.0
*OC(CCC)CCCC(*)=O,-18.5
*NCCCCCCCCCCCC(*)=O,-5.9
