SMILES,nc
*CC(=S)C(=O)O*,1.92
*OCCC(=O)CC(=O)Oc1ccc(*)cc1,1.7251
*Oc1ccc(OC(*)=O)s1,1.8728
*Cc1ccc(C(=S)O*)s1,2.0221
*CNC(=S)c1ccc(*)cc1,1.8914
*OC(F)(F)C(=O)C(*)(F)F,1.5807
*Oc1ccc(C(=O)c2ccc(*)cc2)cc1,1.9173
*C(=S)C(F)(F)NC(*)(F)F,1.7879
*C(=O)c1ccc(-c2ccc(-c3ccc(*)cc3)s2)cc1,2.2925
*Cc1ccc(-c2ccc(-c3ccc(*)s3)s2)s1,2.0574
*C(=O)Oc1ccc(C(*)=S)cc1,2.0099
*Oc1ccc(C(F)(F)C(*)(F)F)s1,1.7924
*NOC(=O)O*,1.7479
*Oc1ccc(Cc2ccc(*)cc2)cc1,1.8035
*CCCOC(=O)CCCCCCCCOC(=O)CCCOC(=O)CCCCCCCCOC(*)=O,1.6306
*Oc1ccc(-c2ccc(-c3ccc(*)cc3)cc2)cc1,1.9034
*Nc1ccc(-c2ccc(C(*)=S)cc2)s1,2.2022
*CC(=S)C(=O)C(*)=S,2.1951
*Nc1ccc(C(=O)C(*)=S)s1,2.5145
*C(=O)c1ccc(OC(*)=S)s1,2.3124
*NC(=O)c1ccc(-c2ccc(*)cc2)cc1,2.0808
*C(=S)c1ccc(C(=S)c2ccc(*)cc2)s1,2.4956
*CCc1ccc(O*)s1,1.7996
*Nc1ccc(NC(=O)NONC(*)=O)s1,2.1192
*NC(=S)Nc1ccc(Cc2ccc(*)cc2)cc1,1.8992
*c1ccc(OC(=S)c2ccc(*)s2)cc1,2.2131
*CNCO*,1.6697
*NC(=O)c1ccc(C(*)=S)cc1,1.971
*Nc1ccc(-c2ccc(C(=S)c3ccc(-c4ccc(Nc5ccc(*)cc5)s4)s3)s2)s1,2.4299
*CCOC(=O)c1ccc(C(=O)O*)cc1,1.8075
*c1ccc(NC(F)(F)C(*)(F)F)cc1,1.7935
*c1ccc(-c2ccc(Oc3ccc(*)s3)s2)cc1,2.1868
*C(=O)c1ccc(-c2ccc(C(*)=S)s2)s1,2.3807
*Nc1ccc(C(=S)c2ccc(*)cc2)cc1,2.3239
*CNc1ccc(C(*)=O)cc1,1.9491
*NC(=O)OC(*)=O,1.7525
*NC(=S)NO*,2.0671
*Nc1ccc(Nc2ccc(*)s2)s1,1.9478
*CC(=O)N*,1.7337
*CC(=O)c1ccc(O*)s1,1.9109
*Nc1ccc(Nc2ccc(*)s2)cc1,1.9889
*NC(=O)OC(*)=S,1.9479
*CC(*)F,1.6305
*CC(*)(F)F,1.6122
*CCOCCOC(=O)Nc1ccc(C)c(NC(=O)O*)c1,1.7289
*NC(=S)Nc1ccc(NC(=S)Nc2ccc(Cc3ccc(*)cc3)cc2)cc1,1.9843
*Cc1ccc(Cc2ccc(*)s2)cc1,1.8173
*OC(=O)C(F)(F)C(*)(F)F,1.5879
*C(=O)NC(F)(F)C(*)(F)F,1.642
*c1ccc(C(=S)c2ccc(C(=S)C(=O)Nc3ccc(-c4ccc(*)s4)cc3)s2)s1,2.4376
*NOC(=S)O*,1.942
*Cc1ccc(-c2ccc(N*)s2)s1,1.9938
*CCC(=O)N*,1.7036
*Nc1ccc(C(=S)c2ccc(*)cc2)s1,2.2999
*c1ccc2oc(-c3ccc4nc(*)oc4c3)nc2c1,2.116
*Nc1ccc(*)cc1,2.124
*Oc1ccc(-c2ccc(-c3ccc(*)cc3)cc2)s1,2.1534
*c1ccc(*)cc1,2.0982
*CC(=S)c1ccc(C(*)=S)s1,2.4487
*NC(=O)NC(=O)c1ccc(C(=S)c2ccc(-c3ccc(*)s3)s2)s1,2.2382
*Cc1ccc(OC(*)=S)cc1,1.8273
*Cc1ccc(-c2ccc(-c3ccc(*)s3)cc2)cc1,2.0164
*CONO*,1.7417
*Oc1ccc(C(=S)c2ccc(*)s2)s1,2.0575
*c1ccc(C(F)(F)C(=O)C(*)(F)F)s1,1.8032
*c1ccc(C(F)(F)c2ccc(C(*)(F)F)s2)s1,1.899
*C(=S)c1ccc(C(F)(F)C(*)(F)F)cc1,1.9682
*Nc1ccc(Oc2ccc(*)s2)s1,1.9001
*NC(=S)OC(*)=S,2.157
*c1ccc(C(F)(F)c2ccc(C(*)(F)F)cc2)cc1,1.8364
*Nc1ccc(-c2ccc(C(*)=S)s2)cc1,2.4805
*Cc1ccc(Oc2ccc(*)s2)s1,1.8388
*Cc1ccc(-c2ccc(C(*)=S)cc2)s1,2.0986
*Nc1ccc(-c2ccc(-c3ccc(*)s3)cc2)s1,2.4847
*Nc1ccc(OC(*)=S)cc1,1.9514
*NC(=O)C(=S)O*,2.1173
*CC(=S)NC(*)=S,2.0504
*Oc1ccc(-c2ccc(C(*)=O)cc2)cc1,1.9035
*C(=S)OC(=S)c1ccc(*)s1,2.2971
*OC(=S)Oc1ccc(*)cc1,1.8793
*OC(=O)c1ccc(C(*)=O)cc1,1.869
*CC(=O)c1ccc(O*)cc1,1.7866
*CO*,1.6434
*c1ccc(-c2nc3cc4nc(*)oc4cc3o2)cc1,2.3284
*Cc1ccc(C(=O)N*)cc1,1.8171
*NC(=O)c1ccc(-c2ccc(*)s2)cc1,2.1305
*CC(=O)c1ccc(-c2ccc(*)s2)s1,2.0695
*CC(=S)c1ccc(N*)cc1,2.1325
*CCC(F)(F)C(*)(F)F,1.5774
*OC(=S)c1ccc(-c2ccc(*)cc2)cc1,2.0445
*Oc1ccc(-c2ccc(-c3ccc(*)cc3)s2)cc1,2.1267
*CC(=O)c1ccc(C(*)=S)cc1,2.0297
*Oc1ccc(-c2ccc(C(*)=O)s2)s1,2.0521
*OC(F)(F)c1ccc(C(*)(F)F)cc1,1.7269
*NC(=O)c1ccc(NC(=S)c2ccc(Nc3ccc(*)cc3)cc2)s1,2.2302
*Oc1ccc(CC(*)=O)cc1,1.7375
*Cc1ccc(CO*)cc1,1.7774
*NC(F)(F)NC(*)(F)F,1.6331
*CNC(=O)c1ccc(*)s1,1.8558
*C(=O)c1ccc(C(=O)c2ccc(*)s2)s1,2.0879
*Nc1ccc(C(=O)C(*)=S)cc1,2.2161
*c1ccc(-c2ccc(-c3ccc(-c4ccc(*)s4)cc3)cc2)cc1,2.2986
*C(=O)c1ccc(-c2ccc(-c3ccc(*)s3)cc2)s1,2.5812
*C(=O)C(F)(F)C(=O)C(*)(F)F,1.6328
*Cc1ccc(C(=S)O*)cc1,1.8934
*CCC(O*)(C(F)(F)F)C(F)(F)F,1.5724
*CNc1ccc(N*)cc1,1.8632
*c1ccc(-c2ccc(C(F)(F)C(*)(F)F)cc2)s1,1.7814
*CCC(=O)OC(=O)Cc1ccc(-c2ccc(*)cc2)cc1,1.7345
*CC(=O)c1ccc(-c2ccc(*)cc2)s1,2.0173
*CCC(=O)C(*)=S,1.9627
*Oc1ccc(Oc2ccc(*)cc2)s1,1.8525
*CC(=O)c1ccc(C(*)=S)s1,2.0669
*CCc1ccc(C(*)=S)cc1,1.9173
*CC(=S)c1ccc(O*)s1,2.1619
*Cc1ccc(NO*)s1,1.8806
*c1ccc(C(=S)c2ccc(-c3ccc(*)s3)s2)cc1,2.7768
*C(=O)c1ccc(Oc2ccc(*)s2)cc1,2.0027
*CCNC(*)=S,1.8641
*CCCCCCC(=O)N*,1.6565
*Cc1ccc(Cc2ccc(*)cc2)cc1,1.8203
*NC(=O)Oc1ccc(*)s1,1.9321
*NC(=S)c1ccc(O*)cc1,1.9858
*C(=O)c1ccc(NC(=S)Oc2ccc(Nc3ccc(*)s3)s2)s1,2.0222
*Cc1ccc(Nc2ccc(*)cc2)cc1,1.8879
*NC(=O)Nc1ccc(*)cc1,1.9598
*CNc1ccc(O*)cc1,1.8414
*COc1ccc(O*)cc1,1.7891
*NC(=O)c1ccc(O*)cc1,1.9128
*C(=O)c1ccc(C(=S)c2ccc(*)s2)cc1,2.1236
*CC(=O)OC(*)=S,1.7532
*CC(=O)Cc1ccc(*)cc1,1.7624
*c1ccc(C(F)(F)NC(*)(F)F)cc1,1.7422
*Cc1ccc(C(=S)c2ccc(*)s2)s1,2.0063
*Cc1ccc(C(=O)C(*)=S)s1,1.9676
*Nc1ccc(C(=O)c2ccc(*)s2)cc1,2.186
*c1ccc(C(F)(F)C(=O)C(*)(F)F)cc1,1.7375
*CNOC(*)=S,1.8633
*Oc1ccc(-c2ccc(-c3ccc(*)cc3)s2)s1,2.1712
*C(=S)C(F)(F)CC(*)(F)F,1.7605
*CC(=O)Nc1ccc(*)cc1,1.8294
*NC(=O)c1ccc(C(*)=O)s1,2.034
*Nc1ccc(NC(=O)NC(=O)NC(*)=O)s1,1.9797
*Cc1ccc(-c2ccc(O*)cc2)s1,1.9368
*CNC(=S)C(*)=O,2.0233
*CCNc1ccc(*)s1,1.8184
*CNC(=O)ONC(=O)NO*,1.7609
*CCCCCOCO*,1.6043
*OC(=O)OC(*)=O,1.5714
*C(=O)c1ccc(-c2ccc(C(*)=S)cc2)cc1,2.2139
*CNOc1ccc(*)cc1,1.8294
*c1ccc(NC(F)(F)C(*)(F)F)s1,1.862
*c1ccc(-c2ccc(C(=S)c3ccc(*)s3)s2)cc1,2.8943
*Cc1ccc(C(=S)c2ccc(*)cc2)cc1,1.9675
*CC(=O)NC(*)=O,1.7864
*CC(=O)CO*,1.6922
*NC(=O)c1ccc(O*)s1,1.969
*Cc1ccc(C(=O)O*)cc1,1.8426
*CCCCOC(=O)c1ccc(C(=O)O*)cc1,1.7603
*COc1ccc(O*)s1,1.795
*NC(=O)c1ccc(C(*)=S)s1,2.2308
*C(=O)c1ccc(C(=S)c2ccc(*)cc2)cc1,2.1209
*NC(=O)NC(*)=S,2.102
*CCCO*,1.6476
*Nc1ccc(-c2ccc(O*)cc2)cc1,1.9841
*COC(=O)O*,1.657
*CCc1ccc(-c2ccc(*)s2)cc1,1.9106
*NC(=S)c1ccc(C(*)=S)s1,2.3514
*CC(=O)c1ccc(C(*)=O)cc1,1.8797
*NC(=O)Oc1ccc(*)cc1,1.8802
*OC(F)(F)NC(*)(F)F,1.5936
*NC(=O)C(=S)c1ccc(*)cc1,2.1735
*CCC(=O)c1ccc(*)cc1,1.8245
*Cc1ccc(-c2ccc(C(*)=S)s2)s1,2.1956
*Nc1ccc(NC(*)=S)s1,2.19
*CCc1ccc(-c2ccc(*)cc2)cc1,1.872
*CCON*,1.7034
*C(=O)c1ccc(C(=S)c2ccc(*)s2)s1,2.2975
*CCC(=O)O*,1.6631
*CNc1ccc(N*)s1,1.8551
*CCc1ccc(C(*)=S)s1,2.0043
*CC(=O)Oc1ccc(*)s1,1.8447
*CC(=O)C(=S)c1ccc(*)cc1,2.03
*Cc1ccc(NC(*)=S)s1,1.9817
*c1ccc(C(F)(F)CC(*)(F)F)s1,1.7568
*C(=O)C(=S)OC(*)=S,2.3004
*CNOc1ccc(*)s1,1.8539
*CNCNC(=O)NC(=O)N*,1.6781
*CCCCCCNC(=S)Nc1ccc(NC(=S)N*)cc1,1.8822
*CONC(*)=O,1.7438
*Nc1ccc(Oc2ccc(*)s2)cc1,1.9073
*CCCN*,1.6776
*C(=O)CC(F)(F)C(*)(F)F,1.6044
*OCC(F)(F)C(*)(F)F,1.5633
*CCOC(=O)CCCCCCC(=O)O*,1.6577
*NOC(F)(F)C(*)(F)F,1.6008
*Nc1ccc(C(=O)O*)cc1,1.8988
*Oc1ccc(C(F)(F)C(*)(F)F)cc1,1.7437
*Cc1ccc(-c2ccc(-c3ccc(*)s3)s2)cc1,1.9768
*CCCc1ccc(*)cc1,1.7489
*CNC(=S)c1ccc(*)s1,1.9675
*CNCCNC(=O)OC*,1.6706
*OC(F)(F)OC(*)(F)F,1.5596
*CC(=O)OC(*)=O,1.7033
*Cc1ccc(C(=O)c2ccc(*)s2)cc1,1.9009
*CNc1ccc(C(*)=O)s1,2.0195
*C(=O)c1ccc(-c2ccc(-c3ccc(*)cc3)cc2)cc1,2.0217
*C(=S)C(=O)C(F)(F)C(*)(F)F,1.9833
*CCOC(=S)NC(=S)c1ccc(N*)cc1,2.0467
*Oc1ccc(-c2ccc(C(*)=O)cc2)s1,1.9796
*CC(=S)CO*,1.8843
*C(=O)c1ccc(C(=O)c2ccc(*)s2)cc1,2.003
*CCCC(*)=O,1.6556
*CNC(=S)O*,1.8672
*OC(F)(F)c1ccc(C(*)(F)F)s1,1.7563
*Cc1ccc(C*)cc1,1.9676
*CC(=O)O*,1.6701
*c1ccc(C(=O)C(F)(F)C(*)(F)F)cc1,1.8174
*Cc1ccc(-c2ccc(-c3ccc(*)cc3)cc2)cc1,1.8915
*Cc1ccc(C(=S)c2ccc(*)s2)cc1,1.9663
*Cc1ccc(-c2ccc(-c3ccc(*)s3)cc2)s1,1.9468
*CCC(=O)c1ccc(*)s1,1.8757
*NC(=S)c1ccc(O*)s1,2.1391
*Oc1ccc(C(=S)c2ccc(*)cc2)cc1,2.0867
*NC(=O)Nc1ccc(*)s1,2.0074
*CCNc1ccc(*)cc1,1.7816
*CCOC(=O)CCCCC(=O)O*,1.6581
*CNC(=S)N*,1.8071
*CC(=S)NO*,1.9431
*Nc1ccc(-c2ccc(-c3ccc(*)cc3)cc2)cc1,2.0006
*CNC(=O)NCOCO*,1.6883
*C(=O)c1ccc(-c2ccc(C(*)=S)s2)cc1,2.244
*OCCCCONC(*)=O,1.6747
*Cc1ccc(Cc2ccc(*)s2)s1,1.8382
*NC(=O)c1ccc(-c2ccc(*)cc2)s1,2.2535
*CCc1ccc(O*)cc1,1.7865
*OC(=S)c1ccc(C(*)=O)cc1,2.0397
*c1ccc(C(F)(F)c2ccc(C(*)(F)F)cc2)s1,1.8167
*C(=O)C(F)(F)NC(*)(F)F,1.6253
*NC(=O)NO*,1.8753
*Cc1ccc(C(=O)c2ccc(*)cc2)cc1,1.9018
*OC(=S)c1ccc(C(*)=O)s1,2.068
*Nc1ccc(-c2ccc(C(*)=S)cc2)cc1,2.1003
*Cc1ccc(Nc2ccc(*)s2)s1,1.8772
*C(=S)CC(F)(F)C(*)(F)F,1.767
*Nc1cccc(C(*)=O)c1,1.9618
*c1ccc(CC(F)(F)C(*)(F)F)s1,1.7679
*C(=O)c1ccc(-c2ccc(-c3ccc(*)s3)s2)s1,2.705
*C(=S)C(F)(F)c1ccc(C(*)(F)F)cc1,1.8005
*C(=S)OC(=S)c1ccc(*)cc1,2.1589
*CC(=O)c1ccc(C(*)=O)s1,1.9246
*Cc1ccc(CO*)s1,1.8606
*CCCCCOC(=O)O*,1.6374
*CCCC(*)=S,1.7702
*CCCCCOC(=O)Nc1ccc(C)c(NC(=O)O*)c1,1.7297
*CC(=O)NC(*)=S,1.9255
*Nc1ccc(C(=S)c2ccc(*)s2)s1,2.292
*c1ccc(-c2ccc(C(F)(F)C(*)(F)F)s2)s1,1.9785
*C(=O)NC(=O)c1ccc(*)cc1,1.8899
*NC(=O)C(=S)C(*)=O,2.263
*CNc1ccc(O*)s1,1.8497
*CC(*)C,1.6081
*C(=S)c1ccc(-c2ccc(-c3ccc(*)cc3)cc2)cc1,2.0777
*Cc1ccc(CC(*)=S)s1,1.8463
*Cc1ccc(Oc2ccc(*)s2)cc1,1.8289
*NC(=S)C(=O)O*,2.1342
*Nc1ccc(-c2ccc(-c3ccc(*)cc3)s2)cc1,2.3449
*CNCCCOCO*,1.6616
*NC(F)(F)CC(*)(F)F,1.6205
*CCCc1ccc(*)s1,1.7538
*CCOCCOC(=O)O*,1.6326
*Cc1ccc(-c2ccc(N*)cc2)cc1,1.9585
*Nc1ccc(OC(*)=S)s1,2.0409
*OCC(=S)c1ccc(C(=S)Cc2ccc(-c3ccc(*)cc3)cc2)s1,2.0738
*Nc1ccc(Oc2ccc(*)cc2)cc1,1.9297
*C(=O)c1ccc(-c2ccc(C(*)=S)cc2)s1,2.2782
*CC(=S)OC(*)=S,1.9523
*c1ccc(-c2ccc(-c3ccc(-c4ccc(*)s4)cc3)s2)cc1,2.033
*c1ccc(C(F)(F)NC(*)(F)F)s1,1.7771
*Cc1ccc(C(=O)C(*)=S)cc1,1.9454
*Oc1ccc(-c2ccc(-c3ccc(*)s3)s2)s1,2.2729
*c1ccc(-c2ccc(-c3ccc(-c4ccc(*)s4)s3)s2)cc1,2.9445
*CNON*,1.7453
*Sc1ccc(*)cc1,1.9808
*Oc1ccc(-c2ccc(C(*)=O)s2)cc1,2.1334
*c1ccc(-c2ccc(C(F)(F)C(*)(F)F)cc2)cc1,1.9016
*C(=S)c1ccc(-c2ccc(-c3ccc(*)cc3)s2)cc1,2.3194
*CC(=O)C(=S)O*,1.9836
*Cc1ccc(OC(*)=S)s1,1.9478
*CC(=S)c1ccc(O*)cc1,1.9879
*Oc1ccc(Oc2ccc(*)s2)s1,1.867
*C(=S)c1ccc(C(=S)c2ccc(*)cc2)cc1,1.8941
*CC(=O)Nc1ccc(*)s1,1.8784
*CCO*,1.6377
*CNCc1ccc(*)s1,1.7813
*CC(=O)C(=S)c1ccc(*)s1,2.0529
*C(=O)C(F)(F)CC(*)(F)F,1.6107
*CCOC(=O)NCCOCCOCCNC(=O)O*,1.6526
*NCNC(=O)OC(=O)NC(*)=O,1.7355
*Cc1ccc(CC(*)=S)cc1,1.8601
*Cc1ccc(-c2ccc(C(*)=S)cc2)cc1,2.0502
*Cc1ccc(NC(*)=S)cc1,1.9161
*NCCCNC(=O)NC(*)=O,1.7499
*Nc1ccc(-c2ccc(-c3ccc(*)s3)s2)cc1,2.0981
*Nc1ccc(NO*)cc1,1.8848
*NCC(F)(F)C(*)(F)F,1.5942
*CC(=S)CC(*)=S,1.9346
*CC(=O)C(=S)C(*)=O,2.1903
*C(=O)c1ccc(C(=O)C(*)=S)cc1,2.0994
*OC(=O)c1ccc(C(*)=O)s1,1.8811
*COC(=S)O*,1.8467
*Cc1ccc(-c2ccc(O*)cc2)cc1,1.8665
*Cc1ccc(Nc2ccc(*)s2)cc1,1.8937
*Nc1ccc(-c2ccc(-c3ccc(*)s3)s2)s1,2.5509
*Nc1ccc(-c2ccc(C(*)=S)s2)s1,2.7581
*CNC(=O)C(*)=S,1.9972
*OC(=S)Oc1ccc(*)s1,1.9459
*C(=O)c1ccc(OC(*)=S)cc1,2.0762
*Oc1ccc(OC(*)=O)cc1,1.7876
*C(=S)C(=O)CCNc1ccc(C(=S)c2ccc(*)cc2)cc1,2.3328
*Nc1ccc(C(=O)c2ccc(*)s2)s1,2.5062
*CNc1ccc(C(*)=S)s1,2.251
*COc1ccc(-c2ccc(*)cc2)s1,1.9391
*c1ccc(C(=O)C(F)(F)C(*)(F)F)s1,1.8316
*Oc1ccc(C(=O)c2ccc(C(=O)NOC(*)=O)s2)cc1,1.8941
*CC(CC(CC(*)c1ccccn1)c1ccccn1)c1ccccn1,1.7108
*C(=O)c1ccc(C(=O)C(*)=S)s1,2.3542
*c1cccc(*)n1,1.9952
*C(=O)c1ccc(-c2ccc(-c3ccc(*)s3)s2)cc1,2.1519
*CC(=O)Cc1ccc(*)s1,1.799
*CCC(=S)O*,1.8214
*C(=O)c1ccc(C(=O)c2ccc(*)cc2)cc1,1.9846
*C(=S)C(F)(F)c1ccc(C(*)(F)F)s1,1.8028
*OC1C(CO)OC(*)C(O)C1O,1.6879
*c1ccc(-c2ccc(-c3ccc(-c4ccc(*)s4)s3)cc2)cc1,2.646
*CC(CC(CC(CC(*)c1ccccc1)c1ccccc1)c1ccccc1)c1ccccc1,1.6244
*CC(=O)c1ccc(-c2ccc(*)s2)cc1,2.0511
*Nc1ccc(C(=O)O*)s1,2.0928
*NC(=S)Nc1ccc(NC(=S)Nc2ccc(Oc3ccc(*)cc3)cc2)cc1,2.0467
*CNCC(*)=O,1.7201
*C(=O)c1ccc(-c2ccc(-c3ccc(*)s3)cc2)cc1,2.3607
*CC(=O)CC(*)=O,1.7565
*OC(=S)C(F)(F)C(*)(F)F,1.7142
*OC(F)(F)CC(*)(F)F,1.5813
*Cc1ccc(C(=O)O*)s1,1.8582
*Cc1ccc(-c2ccc(-c3ccc(*)cc3)s2)cc1,1.9726
*CNCC(*)=S,1.8901
*NC(=O)NC(*)=O,1.8738
*c1ccc(CC(F)(F)C(*)(F)F)cc1,1.7264
*Cc1ccc(-c2ccc(O*)s2)s1,1.9533
*CNCc1ccc(*)cc1,1.7745
*CCc1ccc(-c2ccc(*)s2)s1,1.9248
*Cc1ccc(-c2ccc(C(*)=S)s2)cc1,2.0798
*C(=S)NC(F)(F)C(*)(F)F,1.765
*OC(=S)OC(*)=O,1.7396
*C(=O)Oc1ccc(C(*)=S)s1,2.0962
*CCCCCC(=O)O*,1.6432
*COCOCCCO*,1.6589
*C(=S)c1ccc(C(F)(F)C(*)(F)F)s1,1.985
*C(=O)c1ccc(Oc2ccc(*)s2)s1,2.0427
*CNCN*,1.7262
*CCCCCCN1C(=O)c2ccc(C(=O)c3ccc4c(c3)C(=O)N(*)C4=O)cc2C1=O,1.8137
*Nc1ccc(-c2ccc(-c3ccc(*)s3)cc2)cc1,2.339
*CC(=O)c1ccc(-c2ccc(*)cc2)cc1,1.9046
*Oc1ccc(C(=S)c2ccc(*)cc2)s1,2.0044
*C(=S)c1ccc(-c2ccc(-c3ccc(*)cc3)cc2)s1,2.5024
*CC(O*)C(F)(F)F,1.4843
*NC(=O)C(=S)c1ccc(*)s1,2.5744
*C(=S)Oc1ccc(-c2ccc(*)s2)s1,2.2317
*NOC(=O)NCC(=O)NC(*)=O,1.7831
*NC(=S)NC(*)=S,2.2528
*C(F)C(*)(F)F,1.5796
*NOc1ccc(O*)cc1,1.8691
*CNc1ccc(-c2ccc(*)cc2)s1,1.9424
*CNc1ccc(-c2ccc(*)s2)cc1,1.9541
*Cc1ccc(C(=O)c2ccc(*)s2)s1,2.0215
*NC(=S)Nc1ccc(*)cc1,2.0938
*OC(F)(F)C(=S)C(*)(F)F,1.6753
*Nc1ccc(-c2ccc(C(*)=O)s2)s1,2.393
*CC(=O)CC(*)=S,1.8167
*C(=S)Oc1ccc(-c2ccc(*)cc2)s1,2.1962
*c1ccc(C(F)(F)CC(*)(F)F)cc1,1.7249
